Statistic,Quarter,Item,value
"General Government Net Worth, Gross and Net Debt ESA 2010",2009Q1,"General Government net worth - Net Worth at market value, excluding pension liabilities - ESA2010 Code (NW)",75735
"General Government Net Worth, Gross and Net Debt ESA 2010",2009Q1,General Government net worth - Non-financial assets at market value - ESA2010 Code (NFA),99779
"General Government Net Worth, Gross and Net Debt ESA 2010",2009Q1,"General Government net worth - Financial net worth at market value, excluding pension liabilities - ESA2010 Code (FNW)",-24044
"General Government Net Worth, Gross and Net Debt ESA 2010",2009Q1,"Financial net worth at market value, excluding pension liabilities - Financial assets at market value - ESA2010 Code (FA)",71861
"General Government Net Worth, Gross and Net Debt ESA 2010",2009Q1,"Financial net worth at market value, excluding pension liabilities - EDP debt instruments (Asset) - ESA2010 Code (F2 + F3 + F4)",43264
"General Government Net Worth, Gross and Net Debt ESA 2010",2009Q1,"Financial net worth at market value, excluding pension liabilities - Equity and Investment Fund Shares (Asset) - ESA2010 Code (F5)",20658
"General Government Net Worth, Gross and Net Debt ESA 2010",2009Q1,"Financial net worth at market value, excluding pension liabilities - Other financial assets - ESA2010 Code (F6 + F7 + F8)",7940
"General Government Net Worth, Gross and Net Debt ESA 2010",2009Q1,"Financial net worth at market value, excluding pension liabilities - Liabilities at market value - ESA2010 Code (L)",95905
"General Government Net Worth, Gross and Net Debt ESA 2010",2009Q1,"Financial net worth at market value, excluding pension liabilities - EDP debt instruments (Liability) - ESA2010 Code (F2 + F3 + F4)",89907
"General Government Net Worth, Gross and Net Debt ESA 2010",2009Q1,"Financial net worth at market value, excluding pension liabilities - Other liabilities - ESA2010 Code (F5 + F6 + F7 + F8)",5998
"General Government Net Worth, Gross and Net Debt ESA 2010",2009Q1,Estimated pension liabilities of government,116000
"General Government Net Worth, Gross and Net Debt ESA 2010",2009Q1,"Net worth, including pension liabilities",-40265
"General Government Net Worth, Gross and Net Debt ESA 2010",2009Q1,Contingent liabilities,247424
"General Government Net Worth, Gross and Net Debt ESA 2010",2009Q1,"Net worth, including pension liabilities and contingent liabilities",-287690
"General Government Net Worth, Gross and Net Debt ESA 2010",2009Q1,General Government: changes in net worth - Opening net worth,80640
"General Government Net Worth, Gross and Net Debt ESA 2010",2009Q1,Change in net worth due to transactions,-3646
"General Government Net Worth, Gross and Net Debt ESA 2010",2009Q1,Change in net worth due to transactions - Net acquisition of non-financial assets - ESA2010 Code (P5 +NP - P51c),528
"General Government Net Worth, Gross and Net Debt ESA 2010",2009Q1,Change in net worth due to transactions - Net lending/net borrowing - ESA2010 Code (B9),-4173
"General Government Net Worth, Gross and Net Debt ESA 2010",2009Q1,Change in net worth due to other economic flows - ESA2010 Code (Kx),-1260
"General Government Net Worth, Gross and Net Debt ESA 2010",2009Q1,Change in net worth due to other economic flows - Other changes in non-financial assets,-3167
"General Government Net Worth, Gross and Net Debt ESA 2010",2009Q1,Change in net worth due to other economic flows - Other changes in financial assets,-785
"General Government Net Worth, Gross and Net Debt ESA 2010",2009Q1,Change in net worth due to other economic flows - Other changes in liabilities,2692
"General Government Net Worth, Gross and Net Debt ESA 2010",2009Q1,Closing net worth,75735
"General Government Net Worth, Gross and Net Debt ESA 2010",2009Q1,General Government Debt (GGDebt) - Debt instrument liabilities at market value - ESA2010 Code (F2 + F3 + F4),89907
"General Government Net Worth, Gross and Net Debt ESA 2010",2009Q1,General Government Debt (GGDebt) - Difference between EDP face value and market value,-370
"General Government Net Worth, Gross and Net Debt ESA 2010",2009Q1,Gross General Government Debt (EDP face value) - Gross General Government Debt - ESA2010 Code (GGDebt),89538
"General Government Net Worth, Gross and Net Debt ESA 2010",2009Q1,Gross General Government Debt (EDP face value) - EDP debt instrument assets - ESA2010 Code (F2 + F3 + F4),-43264
"General Government Net Worth, Gross and Net Debt ESA 2010",2009Q1,Gross General Government Debt (EDP face value) - Net General Government Debt - ESA2010 Code (GGNetDebt),46274
"General Government Net Worth, Gross and Net Debt ESA 2010",2009Q2,"General Government net worth - Net Worth at market value, excluding pension liabilities - ESA2010 Code (NW)",65626
"General Government Net Worth, Gross and Net Debt ESA 2010",2009Q2,General Government net worth - Non-financial assets at market value - ESA2010 Code (NFA),97185
"General Government Net Worth, Gross and Net Debt ESA 2010",2009Q2,"General Government net worth - Financial net worth at market value, excluding pension liabilities - ESA2010 Code (FNW)",-31559
"General Government Net Worth, Gross and Net Debt ESA 2010",2009Q2,"Financial net worth at market value, excluding pension liabilities - Financial assets at market value - ESA2010 Code (FA)",75566
"General Government Net Worth, Gross and Net Debt ESA 2010",2009Q2,"Financial net worth at market value, excluding pension liabilities - EDP debt instruments (Asset) - ESA2010 Code (F2 + F3 + F4)",46743
"General Government Net Worth, Gross and Net Debt ESA 2010",2009Q2,"Financial net worth at market value, excluding pension liabilities - Equity and Investment Fund Shares (Asset) - ESA2010 Code (F5)",20949
"General Government Net Worth, Gross and Net Debt ESA 2010",2009Q2,"Financial net worth at market value, excluding pension liabilities - Other financial assets - ESA2010 Code (F6 + F7 + F8)",7873
"General Government Net Worth, Gross and Net Debt ESA 2010",2009Q2,"Financial net worth at market value, excluding pension liabilities - Liabilities at market value - ESA2010 Code (L)",107125
"General Government Net Worth, Gross and Net Debt ESA 2010",2009Q2,"Financial net worth at market value, excluding pension liabilities - EDP debt instruments (Liability) - ESA2010 Code (F2 + F3 + F4)",100873
"General Government Net Worth, Gross and Net Debt ESA 2010",2009Q2,"Financial net worth at market value, excluding pension liabilities - Other liabilities - ESA2010 Code (F5 + F6 + F7 + F8)",6252
"General Government Net Worth, Gross and Net Debt ESA 2010",2009Q2,Estimated pension liabilities of government,116000
"General Government Net Worth, Gross and Net Debt ESA 2010",2009Q2,"Net worth, including pension liabilities",-50374
"General Government Net Worth, Gross and Net Debt ESA 2010",2009Q2,Contingent liabilities,247424
"General Government Net Worth, Gross and Net Debt ESA 2010",2009Q2,"Net worth, including pension liabilities and contingent liabilities",-297798
"General Government Net Worth, Gross and Net Debt ESA 2010",2009Q2,General Government: changes in net worth - Opening net worth,75735
"General Government Net Worth, Gross and Net Debt ESA 2010",2009Q2,Change in net worth due to transactions,-7496
"General Government Net Worth, Gross and Net Debt ESA 2010",2009Q2,Change in net worth due to transactions - Net acquisition of non-financial assets - ESA2010 Code (P5 +NP - P51c),574
"General Government Net Worth, Gross and Net Debt ESA 2010",2009Q2,Change in net worth due to transactions - Net lending/net borrowing - ESA2010 Code (B9),-8069
"General Government Net Worth, Gross and Net Debt ESA 2010",2009Q2,Change in net worth due to other economic flows - ESA2010 Code (Kx),-2613
"General Government Net Worth, Gross and Net Debt ESA 2010",2009Q2,Change in net worth due to other economic flows - Other changes in non-financial assets,-3167
"General Government Net Worth, Gross and Net Debt ESA 2010",2009Q2,Change in net worth due to other economic flows - Other changes in financial assets,687
"General Government Net Worth, Gross and Net Debt ESA 2010",2009Q2,Change in net worth due to other economic flows - Other changes in liabilities,-133
"General Government Net Worth, Gross and Net Debt ESA 2010",2009Q2,Closing net worth,65626
"General Government Net Worth, Gross and Net Debt ESA 2010",2009Q2,General Government Debt (GGDebt) - Debt instrument liabilities at market value - ESA2010 Code (F2 + F3 + F4),100873
"General Government Net Worth, Gross and Net Debt ESA 2010",2009Q2,General Government Debt (GGDebt) - Difference between EDP face value and market value,404
"General Government Net Worth, Gross and Net Debt ESA 2010",2009Q2,Gross General Government Debt (EDP face value) - Gross General Government Debt - ESA2010 Code (GGDebt),101277
"General Government Net Worth, Gross and Net Debt ESA 2010",2009Q2,Gross General Government Debt (EDP face value) - EDP debt instrument assets - ESA2010 Code (F2 + F3 + F4),-46743
"General Government Net Worth, Gross and Net Debt ESA 2010",2009Q2,Gross General Government Debt (EDP face value) - Net General Government Debt - ESA2010 Code (GGNetDebt),54533
"General Government Net Worth, Gross and Net Debt ESA 2010",2009Q3,"General Government net worth - Net Worth at market value, excluding pension liabilities - ESA2010 Code (NW)",55681
"General Government Net Worth, Gross and Net Debt ESA 2010",2009Q3,General Government net worth - Non-financial assets at market value - ESA2010 Code (NFA),94958
"General Government Net Worth, Gross and Net Debt ESA 2010",2009Q3,"General Government net worth - Financial net worth at market value, excluding pension liabilities - ESA2010 Code (FNW)",-39277
"General Government Net Worth, Gross and Net Debt ESA 2010",2009Q3,"Financial net worth at market value, excluding pension liabilities - Financial assets at market value - ESA2010 Code (FA)",73462
"General Government Net Worth, Gross and Net Debt ESA 2010",2009Q3,"Financial net worth at market value, excluding pension liabilities - EDP debt instruments (Asset) - ESA2010 Code (F2 + F3 + F4)",44350
"General Government Net Worth, Gross and Net Debt ESA 2010",2009Q3,"Financial net worth at market value, excluding pension liabilities - Equity and Investment Fund Shares (Asset) - ESA2010 Code (F5)",21575
"General Government Net Worth, Gross and Net Debt ESA 2010",2009Q3,"Financial net worth at market value, excluding pension liabilities - Other financial assets - ESA2010 Code (F6 + F7 + F8)",7537
"General Government Net Worth, Gross and Net Debt ESA 2010",2009Q3,"Financial net worth at market value, excluding pension liabilities - Liabilities at market value - ESA2010 Code (L)",112739
"General Government Net Worth, Gross and Net Debt ESA 2010",2009Q3,"Financial net worth at market value, excluding pension liabilities - EDP debt instruments (Liability) - ESA2010 Code (F2 + F3 + F4)",106252
"General Government Net Worth, Gross and Net Debt ESA 2010",2009Q3,"Financial net worth at market value, excluding pension liabilities - Other liabilities - ESA2010 Code (F5 + F6 + F7 + F8)",6487
"General Government Net Worth, Gross and Net Debt ESA 2010",2009Q3,Estimated pension liabilities of government,116000
"General Government Net Worth, Gross and Net Debt ESA 2010",2009Q3,"Net worth, including pension liabilities",-60319
"General Government Net Worth, Gross and Net Debt ESA 2010",2009Q3,Contingent liabilities,247424
"General Government Net Worth, Gross and Net Debt ESA 2010",2009Q3,"Net worth, including pension liabilities and contingent liabilities",-307744
"General Government Net Worth, Gross and Net Debt ESA 2010",2009Q3,General Government: changes in net worth - Opening net worth,65626
"General Government Net Worth, Gross and Net Debt ESA 2010",2009Q3,Change in net worth due to transactions,-5526
"General Government Net Worth, Gross and Net Debt ESA 2010",2009Q3,Change in net worth due to transactions - Net acquisition of non-financial assets - ESA2010 Code (P5 +NP - P51c),940
"General Government Net Worth, Gross and Net Debt ESA 2010",2009Q3,Change in net worth due to transactions - Net lending/net borrowing - ESA2010 Code (B9),-6466
"General Government Net Worth, Gross and Net Debt ESA 2010",2009Q3,Change in net worth due to other economic flows - ESA2010 Code (Kx),-4419
"General Government Net Worth, Gross and Net Debt ESA 2010",2009Q3,Change in net worth due to other economic flows - Other changes in non-financial assets,-3167
"General Government Net Worth, Gross and Net Debt ESA 2010",2009Q3,Change in net worth due to other economic flows - Other changes in financial assets,1558
"General Government Net Worth, Gross and Net Debt ESA 2010",2009Q3,Change in net worth due to other economic flows - Other changes in liabilities,-2810
"General Government Net Worth, Gross and Net Debt ESA 2010",2009Q3,Closing net worth,55681
"General Government Net Worth, Gross and Net Debt ESA 2010",2009Q3,General Government Debt (GGDebt) - Debt instrument liabilities at market value - ESA2010 Code (F2 + F3 + F4),106252
"General Government Net Worth, Gross and Net Debt ESA 2010",2009Q3,General Government Debt (GGDebt) - Difference between EDP face value and market value,-3139
"General Government Net Worth, Gross and Net Debt ESA 2010",2009Q3,Gross General Government Debt (EDP face value) - Gross General Government Debt - ESA2010 Code (GGDebt),103113
"General Government Net Worth, Gross and Net Debt ESA 2010",2009Q3,Gross General Government Debt (EDP face value) - EDP debt instrument assets - ESA2010 Code (F2 + F3 + F4),-44350
"General Government Net Worth, Gross and Net Debt ESA 2010",2009Q3,Gross General Government Debt (EDP face value) - Net General Government Debt - ESA2010 Code (GGNetDebt),58763
"General Government Net Worth, Gross and Net Debt ESA 2010",2009Q4,"General Government net worth - Net Worth at market value, excluding pension liabilities - ESA2010 Code (NW)",51216
"General Government Net Worth, Gross and Net Debt ESA 2010",2009Q4,General Government net worth - Non-financial assets at market value - ESA2010 Code (NFA),92919
"General Government Net Worth, Gross and Net Debt ESA 2010",2009Q4,"General Government net worth - Financial net worth at market value, excluding pension liabilities - ESA2010 Code (FNW)",-41702
"General Government Net Worth, Gross and Net Debt ESA 2010",2009Q4,"Financial net worth at market value, excluding pension liabilities - Financial assets at market value - ESA2010 Code (FA)",72689
"General Government Net Worth, Gross and Net Debt ESA 2010",2009Q4,"Financial net worth at market value, excluding pension liabilities - EDP debt instruments (Asset) - ESA2010 Code (F2 + F3 + F4)",42051
"General Government Net Worth, Gross and Net Debt ESA 2010",2009Q4,"Financial net worth at market value, excluding pension liabilities - Equity and Investment Fund Shares (Asset) - ESA2010 Code (F5)",21699
"General Government Net Worth, Gross and Net Debt ESA 2010",2009Q4,"Financial net worth at market value, excluding pension liabilities - Other financial assets - ESA2010 Code (F6 + F7 + F8)",8939
"General Government Net Worth, Gross and Net Debt ESA 2010",2009Q4,"Financial net worth at market value, excluding pension liabilities - Liabilities at market value - ESA2010 Code (L)",114391
"General Government Net Worth, Gross and Net Debt ESA 2010",2009Q4,"Financial net worth at market value, excluding pension liabilities - EDP debt instruments (Liability) - ESA2010 Code (F2 + F3 + F4)",107837
"General Government Net Worth, Gross and Net Debt ESA 2010",2009Q4,"Financial net worth at market value, excluding pension liabilities - Other liabilities - ESA2010 Code (F5 + F6 + F7 + F8)",6555
"General Government Net Worth, Gross and Net Debt ESA 2010",2009Q4,Estimated pension liabilities of government,116000
"General Government Net Worth, Gross and Net Debt ESA 2010",2009Q4,"Net worth, including pension liabilities",-64784
"General Government Net Worth, Gross and Net Debt ESA 2010",2009Q4,Contingent liabilities,247424
"General Government Net Worth, Gross and Net Debt ESA 2010",2009Q4,"Net worth, including pension liabilities and contingent liabilities",-312208
"General Government Net Worth, Gross and Net Debt ESA 2010",2009Q4,General Government: changes in net worth - Opening net worth,55681
"General Government Net Worth, Gross and Net Debt ESA 2010",2009Q4,Change in net worth due to transactions,-3716
"General Government Net Worth, Gross and Net Debt ESA 2010",2009Q4,Change in net worth due to transactions - Net acquisition of non-financial assets - ESA2010 Code (P5 +NP - P51c),1127
"General Government Net Worth, Gross and Net Debt ESA 2010",2009Q4,Change in net worth due to transactions - Net lending/net borrowing - ESA2010 Code (B9),-4844
"General Government Net Worth, Gross and Net Debt ESA 2010",2009Q4,Change in net worth due to other economic flows - ESA2010 Code (Kx),-748
"General Government Net Worth, Gross and Net Debt ESA 2010",2009Q4,Change in net worth due to other economic flows - Other changes in non-financial assets,-3167
"General Government Net Worth, Gross and Net Debt ESA 2010",2009Q4,Change in net worth due to other economic flows - Other changes in financial assets,1470
"General Government Net Worth, Gross and Net Debt ESA 2010",2009Q4,Change in net worth due to other economic flows - Other changes in liabilities,949
"General Government Net Worth, Gross and Net Debt ESA 2010",2009Q4,Closing net worth,51217
"General Government Net Worth, Gross and Net Debt ESA 2010",2009Q4,General Government Debt (GGDebt) - Debt instrument liabilities at market value - ESA2010 Code (F2 + F3 + F4),107837
"General Government Net Worth, Gross and Net Debt ESA 2010",2009Q4,General Government Debt (GGDebt) - Difference between EDP face value and market value,-3133
"General Government Net Worth, Gross and Net Debt ESA 2010",2009Q4,Gross General Government Debt (EDP face value) - Gross General Government Debt - ESA2010 Code (GGDebt),104703
"General Government Net Worth, Gross and Net Debt ESA 2010",2009Q4,Gross General Government Debt (EDP face value) - EDP debt instrument assets - ESA2010 Code (F2 + F3 + F4),-42051
"General Government Net Worth, Gross and Net Debt ESA 2010",2009Q4,Gross General Government Debt (EDP face value) - Net General Government Debt - ESA2010 Code (GGNetDebt),62652
"General Government Net Worth, Gross and Net Debt ESA 2010",2010Q1,"General Government net worth - Net Worth at market value, excluding pension liabilities - ESA2010 Code (NW)",33845
"General Government Net Worth, Gross and Net Debt ESA 2010",2010Q1,General Government net worth - Non-financial assets at market value - ESA2010 Code (NFA),91660
"General Government Net Worth, Gross and Net Debt ESA 2010",2010Q1,"General Government net worth - Financial net worth at market value, excluding pension liabilities - ESA2010 Code (FNW)",-57815
"General Government Net Worth, Gross and Net Debt ESA 2010",2010Q1,"Financial net worth at market value, excluding pension liabilities - Financial assets at market value - ESA2010 Code (FA)",79375
"General Government Net Worth, Gross and Net Debt ESA 2010",2010Q1,"Financial net worth at market value, excluding pension liabilities - EDP debt instruments (Asset) - ESA2010 Code (F2 + F3 + F4)",47297
"General Government Net Worth, Gross and Net Debt ESA 2010",2010Q1,"Financial net worth at market value, excluding pension liabilities - Equity and Investment Fund Shares (Asset) - ESA2010 Code (F5)",23308
"General Government Net Worth, Gross and Net Debt ESA 2010",2010Q1,"Financial net worth at market value, excluding pension liabilities - Other financial assets - ESA2010 Code (F6 + F7 + F8)",8770
"General Government Net Worth, Gross and Net Debt ESA 2010",2010Q1,"Financial net worth at market value, excluding pension liabilities - Liabilities at market value - ESA2010 Code (L)",137190
"General Government Net Worth, Gross and Net Debt ESA 2010",2010Q1,"Financial net worth at market value, excluding pension liabilities - EDP debt instruments (Liability) - ESA2010 Code (F2 + F3 + F4)",129627
"General Government Net Worth, Gross and Net Debt ESA 2010",2010Q1,"Financial net worth at market value, excluding pension liabilities - Other liabilities - ESA2010 Code (F5 + F6 + F7 + F8)",7563
"General Government Net Worth, Gross and Net Debt ESA 2010",2010Q1,Estimated pension liabilities of government,116000
"General Government Net Worth, Gross and Net Debt ESA 2010",2010Q1,"Net worth, including pension liabilities",-82155
"General Government Net Worth, Gross and Net Debt ESA 2010",2010Q1,Contingent liabilities,149151
"General Government Net Worth, Gross and Net Debt ESA 2010",2010Q1,"Net worth, including pension liabilities and contingent liabilities",-231306
"General Government Net Worth, Gross and Net Debt ESA 2010",2010Q1,General Government: changes in net worth - Opening net worth,51217
"General Government Net Worth, Gross and Net Debt ESA 2010",2010Q1,Change in net worth due to transactions,-15449
"General Government Net Worth, Gross and Net Debt ESA 2010",2010Q1,Change in net worth due to transactions - Net acquisition of non-financial assets - ESA2010 Code (P5 +NP - P51c),410
"General Government Net Worth, Gross and Net Debt ESA 2010",2010Q1,Change in net worth due to transactions - Net lending/net borrowing - ESA2010 Code (B9),-15859
"General Government Net Worth, Gross and Net Debt ESA 2010",2010Q1,Change in net worth due to other economic flows - ESA2010 Code (Kx),-1922
"General Government Net Worth, Gross and Net Debt ESA 2010",2010Q1,Change in net worth due to other economic flows - Other changes in non-financial assets,-1669
"General Government Net Worth, Gross and Net Debt ESA 2010",2010Q1,Change in net worth due to other economic flows - Other changes in financial assets,1642
"General Government Net Worth, Gross and Net Debt ESA 2010",2010Q1,Change in net worth due to other economic flows - Other changes in liabilities,-1896
"General Government Net Worth, Gross and Net Debt ESA 2010",2010Q1,Closing net worth,33845
"General Government Net Worth, Gross and Net Debt ESA 2010",2010Q1,General Government Debt (GGDebt) - Debt instrument liabilities at market value - ESA2010 Code (F2 + F3 + F4),129627
"General Government Net Worth, Gross and Net Debt ESA 2010",2010Q1,General Government Debt (GGDebt) - Difference between EDP face value and market value,-5314
"General Government Net Worth, Gross and Net Debt ESA 2010",2010Q1,Gross General Government Debt (EDP face value) - Gross General Government Debt - ESA2010 Code (GGDebt),124312
"General Government Net Worth, Gross and Net Debt ESA 2010",2010Q1,Gross General Government Debt (EDP face value) - EDP debt instrument assets - ESA2010 Code (F2 + F3 + F4),-47297
"General Government Net Worth, Gross and Net Debt ESA 2010",2010Q1,Gross General Government Debt (EDP face value) - Net General Government Debt - ESA2010 Code (GGNetDebt),77015
"General Government Net Worth, Gross and Net Debt ESA 2010",2010Q2,"General Government net worth - Net Worth at market value, excluding pension liabilities - ESA2010 Code (NW)",29173
"General Government Net Worth, Gross and Net Debt ESA 2010",2010Q2,General Government net worth - Non-financial assets at market value - ESA2010 Code (NFA),90272
"General Government Net Worth, Gross and Net Debt ESA 2010",2010Q2,"General Government net worth - Financial net worth at market value, excluding pension liabilities - ESA2010 Code (FNW)",-61099
"General Government Net Worth, Gross and Net Debt ESA 2010",2010Q2,"Financial net worth at market value, excluding pension liabilities - Financial assets at market value - ESA2010 Code (FA)",70667
"General Government Net Worth, Gross and Net Debt ESA 2010",2010Q2,"Financial net worth at market value, excluding pension liabilities - EDP debt instruments (Asset) - ESA2010 Code (F2 + F3 + F4)",38007
"General Government Net Worth, Gross and Net Debt ESA 2010",2010Q2,"Financial net worth at market value, excluding pension liabilities - Equity and Investment Fund Shares (Asset) - ESA2010 Code (F5)",24127
"General Government Net Worth, Gross and Net Debt ESA 2010",2010Q2,"Financial net worth at market value, excluding pension liabilities - Other financial assets - ESA2010 Code (F6 + F7 + F8)",8532
"General Government Net Worth, Gross and Net Debt ESA 2010",2010Q2,"Financial net worth at market value, excluding pension liabilities - Liabilities at market value - ESA2010 Code (L)",131765
"General Government Net Worth, Gross and Net Debt ESA 2010",2010Q2,"Financial net worth at market value, excluding pension liabilities - EDP debt instruments (Liability) - ESA2010 Code (F2 + F3 + F4)",123676
"General Government Net Worth, Gross and Net Debt ESA 2010",2010Q2,"Financial net worth at market value, excluding pension liabilities - Other liabilities - ESA2010 Code (F5 + F6 + F7 + F8)",8089
"General Government Net Worth, Gross and Net Debt ESA 2010",2010Q2,Estimated pension liabilities of government,116000
"General Government Net Worth, Gross and Net Debt ESA 2010",2010Q2,"Net worth, including pension liabilities",-86827
"General Government Net Worth, Gross and Net Debt ESA 2010",2010Q2,Contingent liabilities,149151
"General Government Net Worth, Gross and Net Debt ESA 2010",2010Q2,"Net worth, including pension liabilities and contingent liabilities",-235978
"General Government Net Worth, Gross and Net Debt ESA 2010",2010Q2,General Government: changes in net worth - Opening net worth,33845
"General Government Net Worth, Gross and Net Debt ESA 2010",2010Q2,Change in net worth due to transactions,-6176
"General Government Net Worth, Gross and Net Debt ESA 2010",2010Q2,Change in net worth due to transactions - Net acquisition of non-financial assets - ESA2010 Code (P5 +NP - P51c),281
"General Government Net Worth, Gross and Net Debt ESA 2010",2010Q2,Change in net worth due to transactions - Net lending/net borrowing - ESA2010 Code (B9),-6457
"General Government Net Worth, Gross and Net Debt ESA 2010",2010Q2,Change in net worth due to other economic flows - ESA2010 Code (Kx),1504
"General Government Net Worth, Gross and Net Debt ESA 2010",2010Q2,Change in net worth due to other economic flows - Other changes in non-financial assets,-1669
"General Government Net Worth, Gross and Net Debt ESA 2010",2010Q2,Change in net worth due to other economic flows - Other changes in financial assets,-1616
"General Government Net Worth, Gross and Net Debt ESA 2010",2010Q2,Change in net worth due to other economic flows - Other changes in liabilities,4789
"General Government Net Worth, Gross and Net Debt ESA 2010",2010Q2,Closing net worth,29174
"General Government Net Worth, Gross and Net Debt ESA 2010",2010Q2,General Government Debt (GGDebt) - Debt instrument liabilities at market value - ESA2010 Code (F2 + F3 + F4),123676
"General Government Net Worth, Gross and Net Debt ESA 2010",2010Q2,General Government Debt (GGDebt) - Difference between EDP face value and market value,46
"General Government Net Worth, Gross and Net Debt ESA 2010",2010Q2,Gross General Government Debt (EDP face value) - Gross General Government Debt - ESA2010 Code (GGDebt),123722
"General Government Net Worth, Gross and Net Debt ESA 2010",2010Q2,Gross General Government Debt (EDP face value) - EDP debt instrument assets - ESA2010 Code (F2 + F3 + F4),-38007
"General Government Net Worth, Gross and Net Debt ESA 2010",2010Q2,Gross General Government Debt (EDP face value) - Net General Government Debt - ESA2010 Code (GGNetDebt),85715
"General Government Net Worth, Gross and Net Debt ESA 2010",2010Q3,"General Government net worth - Net Worth at market value, excluding pension liabilities - ESA2010 Code (NW)",18867
"General Government Net Worth, Gross and Net Debt ESA 2010",2010Q3,General Government net worth - Non-financial assets at market value - ESA2010 Code (NFA),88848
"General Government Net Worth, Gross and Net Debt ESA 2010",2010Q3,"General Government net worth - Financial net worth at market value, excluding pension liabilities - ESA2010 Code (FNW)",-69981
"General Government Net Worth, Gross and Net Debt ESA 2010",2010Q3,"Financial net worth at market value, excluding pension liabilities - Financial assets at market value - ESA2010 Code (FA)",73733
"General Government Net Worth, Gross and Net Debt ESA 2010",2010Q3,"Financial net worth at market value, excluding pension liabilities - EDP debt instruments (Asset) - ESA2010 Code (F2 + F3 + F4)",40488
"General Government Net Worth, Gross and Net Debt ESA 2010",2010Q3,"Financial net worth at market value, excluding pension liabilities - Equity and Investment Fund Shares (Asset) - ESA2010 Code (F5)",24942
"General Government Net Worth, Gross and Net Debt ESA 2010",2010Q3,"Financial net worth at market value, excluding pension liabilities - Other financial assets - ESA2010 Code (F6 + F7 + F8)",8303
"General Government Net Worth, Gross and Net Debt ESA 2010",2010Q3,"Financial net worth at market value, excluding pension liabilities - Liabilities at market value - ESA2010 Code (L)",143714
"General Government Net Worth, Gross and Net Debt ESA 2010",2010Q3,"Financial net worth at market value, excluding pension liabilities - EDP debt instruments (Liability) - ESA2010 Code (F2 + F3 + F4)",135578
"General Government Net Worth, Gross and Net Debt ESA 2010",2010Q3,"Financial net worth at market value, excluding pension liabilities - Other liabilities - ESA2010 Code (F5 + F6 + F7 + F8)",8136
"General Government Net Worth, Gross and Net Debt ESA 2010",2010Q3,Estimated pension liabilities of government,116000
"General Government Net Worth, Gross and Net Debt ESA 2010",2010Q3,"Net worth, including pension liabilities",-97133
"General Government Net Worth, Gross and Net Debt ESA 2010",2010Q3,Contingent liabilities,149151
"General Government Net Worth, Gross and Net Debt ESA 2010",2010Q3,"Net worth, including pension liabilities and contingent liabilities",-246284
"General Government Net Worth, Gross and Net Debt ESA 2010",2010Q3,General Government: changes in net worth - Opening net worth,29174
"General Government Net Worth, Gross and Net Debt ESA 2010",2010Q3,Change in net worth due to transactions,-13548
"General Government Net Worth, Gross and Net Debt ESA 2010",2010Q3,Change in net worth due to transactions - Net acquisition of non-financial assets - ESA2010 Code (P5 +NP - P51c),245
"General Government Net Worth, Gross and Net Debt ESA 2010",2010Q3,Change in net worth due to transactions - Net lending/net borrowing - ESA2010 Code (B9),-13793
"General Government Net Worth, Gross and Net Debt ESA 2010",2010Q3,Change in net worth due to other economic flows - ESA2010 Code (Kx),3242
"General Government Net Worth, Gross and Net Debt ESA 2010",2010Q3,Change in net worth due to other economic flows - Other changes in non-financial assets,-1669
"General Government Net Worth, Gross and Net Debt ESA 2010",2010Q3,Change in net worth due to other economic flows - Other changes in financial assets,36
"General Government Net Worth, Gross and Net Debt ESA 2010",2010Q3,Change in net worth due to other economic flows - Other changes in liabilities,4875
"General Government Net Worth, Gross and Net Debt ESA 2010",2010Q3,Closing net worth,18868
"General Government Net Worth, Gross and Net Debt ESA 2010",2010Q3,General Government Debt (GGDebt) - Debt instrument liabilities at market value - ESA2010 Code (F2 + F3 + F4),135578
"General Government Net Worth, Gross and Net Debt ESA 2010",2010Q3,General Government Debt (GGDebt) - Difference between EDP face value and market value,3663
"General Government Net Worth, Gross and Net Debt ESA 2010",2010Q3,Gross General Government Debt (EDP face value) - Gross General Government Debt - ESA2010 Code (GGDebt),139241
"General Government Net Worth, Gross and Net Debt ESA 2010",2010Q3,Gross General Government Debt (EDP face value) - EDP debt instrument assets - ESA2010 Code (F2 + F3 + F4),-40488
"General Government Net Worth, Gross and Net Debt ESA 2010",2010Q3,Gross General Government Debt (EDP face value) - Net General Government Debt - ESA2010 Code (GGNetDebt),98753
"General Government Net Worth, Gross and Net Debt ESA 2010",2010Q4,"General Government net worth - Net Worth at market value, excluding pension liabilities - ESA2010 Code (NW)",10572
"General Government Net Worth, Gross and Net Debt ESA 2010",2010Q4,General Government net worth - Non-financial assets at market value - ESA2010 Code (NFA),88743
"General Government Net Worth, Gross and Net Debt ESA 2010",2010Q4,"General Government net worth - Financial net worth at market value, excluding pension liabilities - ESA2010 Code (FNW)",-78172
"General Government Net Worth, Gross and Net Debt ESA 2010",2010Q4,"Financial net worth at market value, excluding pension liabilities - Financial assets at market value - ESA2010 Code (FA)",61439
"General Government Net Worth, Gross and Net Debt ESA 2010",2010Q4,"Financial net worth at market value, excluding pension liabilities - EDP debt instruments (Asset) - ESA2010 Code (F2 + F3 + F4)",32744
"General Government Net Worth, Gross and Net Debt ESA 2010",2010Q4,"Financial net worth at market value, excluding pension liabilities - Equity and Investment Fund Shares (Asset) - ESA2010 Code (F5)",20247
"General Government Net Worth, Gross and Net Debt ESA 2010",2010Q4,"Financial net worth at market value, excluding pension liabilities - Other financial assets - ESA2010 Code (F6 + F7 + F8)",8449
"General Government Net Worth, Gross and Net Debt ESA 2010",2010Q4,"Financial net worth at market value, excluding pension liabilities - Liabilities at market value - ESA2010 Code (L)",139611
"General Government Net Worth, Gross and Net Debt ESA 2010",2010Q4,"Financial net worth at market value, excluding pension liabilities - EDP debt instruments (Liability) - ESA2010 Code (F2 + F3 + F4)",131912
"General Government Net Worth, Gross and Net Debt ESA 2010",2010Q4,"Financial net worth at market value, excluding pension liabilities - Other liabilities - ESA2010 Code (F5 + F6 + F7 + F8)",7699
"General Government Net Worth, Gross and Net Debt ESA 2010",2010Q4,Estimated pension liabilities of government,116000
"General Government Net Worth, Gross and Net Debt ESA 2010",2010Q4,"Net worth, including pension liabilities",-105428
"General Government Net Worth, Gross and Net Debt ESA 2010",2010Q4,Contingent liabilities,149151
"General Government Net Worth, Gross and Net Debt ESA 2010",2010Q4,"Net worth, including pension liabilities and contingent liabilities",-254580
"General Government Net Worth, Gross and Net Debt ESA 2010",2010Q4,General Government: changes in net worth - Opening net worth,18868
"General Government Net Worth, Gross and Net Debt ESA 2010",2010Q4,Change in net worth due to transactions,-16085
"General Government Net Worth, Gross and Net Debt ESA 2010",2010Q4,Change in net worth due to transactions - Net acquisition of non-financial assets - ESA2010 Code (P5 +NP - P51c),1564
"General Government Net Worth, Gross and Net Debt ESA 2010",2010Q4,Change in net worth due to transactions - Net lending/net borrowing - ESA2010 Code (B9),-17648
"General Government Net Worth, Gross and Net Debt ESA 2010",2010Q4,Change in net worth due to other economic flows - ESA2010 Code (Kx),7789
"General Government Net Worth, Gross and Net Debt ESA 2010",2010Q4,Change in net worth due to other economic flows - Other changes in non-financial assets,-1669
"General Government Net Worth, Gross and Net Debt ESA 2010",2010Q4,Change in net worth due to other economic flows - Other changes in financial assets,664
"General Government Net Worth, Gross and Net Debt ESA 2010",2010Q4,Change in net worth due to other economic flows - Other changes in liabilities,8794
"General Government Net Worth, Gross and Net Debt ESA 2010",2010Q4,Closing net worth,10572
"General Government Net Worth, Gross and Net Debt ESA 2010",2010Q4,General Government Debt (GGDebt) - Debt instrument liabilities at market value - ESA2010 Code (F2 + F3 + F4),131912
"General Government Net Worth, Gross and Net Debt ESA 2010",2010Q4,General Government Debt (GGDebt) - Difference between EDP face value and market value,12314
"General Government Net Worth, Gross and Net Debt ESA 2010",2010Q4,Gross General Government Debt (EDP face value) - Gross General Government Debt - ESA2010 Code (GGDebt),144227
"General Government Net Worth, Gross and Net Debt ESA 2010",2010Q4,Gross General Government Debt (EDP face value) - EDP debt instrument assets - ESA2010 Code (F2 + F3 + F4),-32744
"General Government Net Worth, Gross and Net Debt ESA 2010",2010Q4,Gross General Government Debt (EDP face value) - Net General Government Debt - ESA2010 Code (GGNetDebt),111483
"General Government Net Worth, Gross and Net Debt ESA 2010",2011Q1,"General Government net worth - Net Worth at market value, excluding pension liabilities - ESA2010 Code (NW)",13142
"General Government Net Worth, Gross and Net Debt ESA 2010",2011Q1,General Government net worth - Non-financial assets at market value - ESA2010 Code (NFA),88251
"General Government Net Worth, Gross and Net Debt ESA 2010",2011Q1,"General Government net worth - Financial net worth at market value, excluding pension liabilities - ESA2010 Code (FNW)",-75109
"General Government Net Worth, Gross and Net Debt ESA 2010",2011Q1,"Financial net worth at market value, excluding pension liabilities - Financial assets at market value - ESA2010 Code (FA)",72343
"General Government Net Worth, Gross and Net Debt ESA 2010",2011Q1,"Financial net worth at market value, excluding pension liabilities - EDP debt instruments (Asset) - ESA2010 Code (F2 + F3 + F4)",42152
"General Government Net Worth, Gross and Net Debt ESA 2010",2011Q1,"Financial net worth at market value, excluding pension liabilities - Equity and Investment Fund Shares (Asset) - ESA2010 Code (F5)",20032
"General Government Net Worth, Gross and Net Debt ESA 2010",2011Q1,"Financial net worth at market value, excluding pension liabilities - Other financial assets - ESA2010 Code (F6 + F7 + F8)",10159
"General Government Net Worth, Gross and Net Debt ESA 2010",2011Q1,"Financial net worth at market value, excluding pension liabilities - Liabilities at market value - ESA2010 Code (L)",147452
"General Government Net Worth, Gross and Net Debt ESA 2010",2011Q1,"Financial net worth at market value, excluding pension liabilities - EDP debt instruments (Liability) - ESA2010 Code (F2 + F3 + F4)",138666
"General Government Net Worth, Gross and Net Debt ESA 2010",2011Q1,"Financial net worth at market value, excluding pension liabilities - Other liabilities - ESA2010 Code (F5 + F6 + F7 + F8)",8786
"General Government Net Worth, Gross and Net Debt ESA 2010",2011Q1,Estimated pension liabilities of government,116000
"General Government Net Worth, Gross and Net Debt ESA 2010",2011Q1,"Net worth, including pension liabilities",-102858
"General Government Net Worth, Gross and Net Debt ESA 2010",2011Q1,Contingent liabilities,141994
"General Government Net Worth, Gross and Net Debt ESA 2010",2011Q1,"Net worth, including pension liabilities and contingent liabilities",-244852
"General Government Net Worth, Gross and Net Debt ESA 2010",2011Q1,General Government: changes in net worth - Opening net worth,10572
"General Government Net Worth, Gross and Net Debt ESA 2010",2011Q1,Change in net worth due to transactions,-4103
"General Government Net Worth, Gross and Net Debt ESA 2010",2011Q1,Change in net worth due to transactions - Net acquisition of non-financial assets - ESA2010 Code (P5 +NP - P51c),-38
"General Government Net Worth, Gross and Net Debt ESA 2010",2011Q1,Change in net worth due to transactions - Net lending/net borrowing - ESA2010 Code (B9),-4064
"General Government Net Worth, Gross and Net Debt ESA 2010",2011Q1,Change in net worth due to other economic flows - ESA2010 Code (Kx),6673
"General Government Net Worth, Gross and Net Debt ESA 2010",2011Q1,Change in net worth due to other economic flows - Other changes in non-financial assets,-454
"General Government Net Worth, Gross and Net Debt ESA 2010",2011Q1,Change in net worth due to other economic flows - Other changes in financial assets,2288
"General Government Net Worth, Gross and Net Debt ESA 2010",2011Q1,Change in net worth due to other economic flows - Other changes in liabilities,4839
"General Government Net Worth, Gross and Net Debt ESA 2010",2011Q1,Closing net worth,13142
"General Government Net Worth, Gross and Net Debt ESA 2010",2011Q1,General Government Debt (GGDebt) - Debt instrument liabilities at market value - ESA2010 Code (F2 + F3 + F4),138666
"General Government Net Worth, Gross and Net Debt ESA 2010",2011Q1,General Government Debt (GGDebt) - Difference between EDP face value and market value,17166
"General Government Net Worth, Gross and Net Debt ESA 2010",2011Q1,Gross General Government Debt (EDP face value) - Gross General Government Debt - ESA2010 Code (GGDebt),155832
"General Government Net Worth, Gross and Net Debt ESA 2010",2011Q1,Gross General Government Debt (EDP face value) - EDP debt instrument assets - ESA2010 Code (F2 + F3 + F4),-42152
"General Government Net Worth, Gross and Net Debt ESA 2010",2011Q1,Gross General Government Debt (EDP face value) - Net General Government Debt - ESA2010 Code (GGNetDebt),113680
"General Government Net Worth, Gross and Net Debt ESA 2010",2011Q2,"General Government net worth - Net Worth at market value, excluding pension liabilities - ESA2010 Code (NW)",12573
"General Government Net Worth, Gross and Net Debt ESA 2010",2011Q2,General Government net worth - Non-financial assets at market value - ESA2010 Code (NFA),87820
"General Government Net Worth, Gross and Net Debt ESA 2010",2011Q2,"General Government net worth - Financial net worth at market value, excluding pension liabilities - ESA2010 Code (FNW)",-75247
"General Government Net Worth, Gross and Net Debt ESA 2010",2011Q2,"Financial net worth at market value, excluding pension liabilities - Financial assets at market value - ESA2010 Code (FA)",69584
"General Government Net Worth, Gross and Net Debt ESA 2010",2011Q2,"Financial net worth at market value, excluding pension liabilities - EDP debt instruments (Asset) - ESA2010 Code (F2 + F3 + F4)",40413
"General Government Net Worth, Gross and Net Debt ESA 2010",2011Q2,"Financial net worth at market value, excluding pension liabilities - Equity and Investment Fund Shares (Asset) - ESA2010 Code (F5)",19936
"General Government Net Worth, Gross and Net Debt ESA 2010",2011Q2,"Financial net worth at market value, excluding pension liabilities - Other financial assets - ESA2010 Code (F6 + F7 + F8)",9235
"General Government Net Worth, Gross and Net Debt ESA 2010",2011Q2,"Financial net worth at market value, excluding pension liabilities - Liabilities at market value - ESA2010 Code (L)",144831
"General Government Net Worth, Gross and Net Debt ESA 2010",2011Q2,"Financial net worth at market value, excluding pension liabilities - EDP debt instruments (Liability) - ESA2010 Code (F2 + F3 + F4)",136313
"General Government Net Worth, Gross and Net Debt ESA 2010",2011Q2,"Financial net worth at market value, excluding pension liabilities - Other liabilities - ESA2010 Code (F5 + F6 + F7 + F8)",8518
"General Government Net Worth, Gross and Net Debt ESA 2010",2011Q2,Estimated pension liabilities of government,116000
"General Government Net Worth, Gross and Net Debt ESA 2010",2011Q2,"Net worth, including pension liabilities",-103427
"General Government Net Worth, Gross and Net Debt ESA 2010",2011Q2,Contingent liabilities,141994
"General Government Net Worth, Gross and Net Debt ESA 2010",2011Q2,"Net worth, including pension liabilities and contingent liabilities",-245421
"General Government Net Worth, Gross and Net Debt ESA 2010",2011Q2,General Government: changes in net worth - Opening net worth,13142
"General Government Net Worth, Gross and Net Debt ESA 2010",2011Q2,Change in net worth due to transactions,-3450
"General Government Net Worth, Gross and Net Debt ESA 2010",2011Q2,Change in net worth due to transactions - Net acquisition of non-financial assets - ESA2010 Code (P5 +NP - P51c),23
"General Government Net Worth, Gross and Net Debt ESA 2010",2011Q2,Change in net worth due to transactions - Net lending/net borrowing - ESA2010 Code (B9),-3473
"General Government Net Worth, Gross and Net Debt ESA 2010",2011Q2,Change in net worth due to other economic flows - ESA2010 Code (Kx),2881
"General Government Net Worth, Gross and Net Debt ESA 2010",2011Q2,Change in net worth due to other economic flows - Other changes in non-financial assets,-454
"General Government Net Worth, Gross and Net Debt ESA 2010",2011Q2,Change in net worth due to other economic flows - Other changes in financial assets,-1112
"General Government Net Worth, Gross and Net Debt ESA 2010",2011Q2,Change in net worth due to other economic flows - Other changes in liabilities,4447
"General Government Net Worth, Gross and Net Debt ESA 2010",2011Q2,Closing net worth,12573
"General Government Net Worth, Gross and Net Debt ESA 2010",2011Q2,General Government Debt (GGDebt) - Debt instrument liabilities at market value - ESA2010 Code (F2 + F3 + F4),136313
"General Government Net Worth, Gross and Net Debt ESA 2010",2011Q2,General Government Debt (GGDebt) - Difference between EDP face value and market value,22355
"General Government Net Worth, Gross and Net Debt ESA 2010",2011Q2,Gross General Government Debt (EDP face value) - Gross General Government Debt - ESA2010 Code (GGDebt),158668
"General Government Net Worth, Gross and Net Debt ESA 2010",2011Q2,Gross General Government Debt (EDP face value) - EDP debt instrument assets - ESA2010 Code (F2 + F3 + F4),-40413
"General Government Net Worth, Gross and Net Debt ESA 2010",2011Q2,Gross General Government Debt (EDP face value) - Net General Government Debt - ESA2010 Code (GGNetDebt),118255
"General Government Net Worth, Gross and Net Debt ESA 2010",2011Q3,"General Government net worth - Net Worth at market value, excluding pension liabilities - ESA2010 Code (NW)",-13691
"General Government Net Worth, Gross and Net Debt ESA 2010",2011Q3,General Government net worth - Non-financial assets at market value - ESA2010 Code (NFA),87576
"General Government Net Worth, Gross and Net Debt ESA 2010",2011Q3,"General Government net worth - Financial net worth at market value, excluding pension liabilities - ESA2010 Code (FNW)",-101267
"General Government Net Worth, Gross and Net Debt ESA 2010",2011Q3,"Financial net worth at market value, excluding pension liabilities - Financial assets at market value - ESA2010 Code (FA)",92816
"General Government Net Worth, Gross and Net Debt ESA 2010",2011Q3,"Financial net worth at market value, excluding pension liabilities - EDP debt instruments (Asset) - ESA2010 Code (F2 + F3 + F4)",57326
"General Government Net Worth, Gross and Net Debt ESA 2010",2011Q3,"Financial net worth at market value, excluding pension liabilities - Equity and Investment Fund Shares (Asset) - ESA2010 Code (F5)",24615
"General Government Net Worth, Gross and Net Debt ESA 2010",2011Q3,"Financial net worth at market value, excluding pension liabilities - Other financial assets - ESA2010 Code (F6 + F7 + F8)",10875
"General Government Net Worth, Gross and Net Debt ESA 2010",2011Q3,"Financial net worth at market value, excluding pension liabilities - Liabilities at market value - ESA2010 Code (L)",194082
"General Government Net Worth, Gross and Net Debt ESA 2010",2011Q3,"Financial net worth at market value, excluding pension liabilities - EDP debt instruments (Liability) - ESA2010 Code (F2 + F3 + F4)",182674
"General Government Net Worth, Gross and Net Debt ESA 2010",2011Q3,"Financial net worth at market value, excluding pension liabilities - Other liabilities - ESA2010 Code (F5 + F6 + F7 + F8)",11409
"General Government Net Worth, Gross and Net Debt ESA 2010",2011Q3,Estimated pension liabilities of government,116000
"General Government Net Worth, Gross and Net Debt ESA 2010",2011Q3,"Net worth, including pension liabilities",-129691
"General Government Net Worth, Gross and Net Debt ESA 2010",2011Q3,Contingent liabilities,141994
"General Government Net Worth, Gross and Net Debt ESA 2010",2011Q3,"Net worth, including pension liabilities and contingent liabilities",-271685
"General Government Net Worth, Gross and Net Debt ESA 2010",2011Q3,General Government: changes in net worth - Opening net worth,12573
"General Government Net Worth, Gross and Net Debt ESA 2010",2011Q3,Change in net worth due to transactions,-10152
"General Government Net Worth, Gross and Net Debt ESA 2010",2011Q3,Change in net worth due to transactions - Net acquisition of non-financial assets - ESA2010 Code (P5 +NP - P51c),209
"General Government Net Worth, Gross and Net Debt ESA 2010",2011Q3,Change in net worth due to transactions - Net lending/net borrowing - ESA2010 Code (B9),-10361
"General Government Net Worth, Gross and Net Debt ESA 2010",2011Q3,Change in net worth due to other economic flows - ESA2010 Code (Kx),-16112
"General Government Net Worth, Gross and Net Debt ESA 2010",2011Q3,Change in net worth due to other economic flows - Other changes in non-financial assets,-454
"General Government Net Worth, Gross and Net Debt ESA 2010",2011Q3,Change in net worth due to other economic flows - Other changes in financial assets,23224
"General Government Net Worth, Gross and Net Debt ESA 2010",2011Q3,Change in net worth due to other economic flows - Other changes in liabilities,-38882
"General Government Net Worth, Gross and Net Debt ESA 2010",2011Q3,Closing net worth,-13691
"General Government Net Worth, Gross and Net Debt ESA 2010",2011Q3,General Government Debt (GGDebt) - Debt instrument liabilities at market value - ESA2010 Code (F2 + F3 + F4),182674
"General Government Net Worth, Gross and Net Debt ESA 2010",2011Q3,General Government Debt (GGDebt) - Difference between EDP face value and market value,5217
"General Government Net Worth, Gross and Net Debt ESA 2010",2011Q3,Gross General Government Debt (EDP face value) - Gross General Government Debt - ESA2010 Code (GGDebt),187891
"General Government Net Worth, Gross and Net Debt ESA 2010",2011Q3,Gross General Government Debt (EDP face value) - EDP debt instrument assets - ESA2010 Code (F2 + F3 + F4),-57326
"General Government Net Worth, Gross and Net Debt ESA 2010",2011Q3,Gross General Government Debt (EDP face value) - Net General Government Debt - ESA2010 Code (GGNetDebt),130565
"General Government Net Worth, Gross and Net Debt ESA 2010",2011Q4,"General Government net worth - Net Worth at market value, excluding pension liabilities - ESA2010 Code (NW)",-17889
"General Government Net Worth, Gross and Net Debt ESA 2010",2011Q4,General Government net worth - Non-financial assets at market value - ESA2010 Code (NFA),88150
"General Government Net Worth, Gross and Net Debt ESA 2010",2011Q4,"General Government net worth - Financial net worth at market value, excluding pension liabilities - ESA2010 Code (FNW)",-106039
"General Government Net Worth, Gross and Net Debt ESA 2010",2011Q4,"Financial net worth at market value, excluding pension liabilities - Financial assets at market value - ESA2010 Code (FA)",87253
"General Government Net Worth, Gross and Net Debt ESA 2010",2011Q4,"Financial net worth at market value, excluding pension liabilities - EDP debt instruments (Asset) - ESA2010 Code (F2 + F3 + F4)",53665
"General Government Net Worth, Gross and Net Debt ESA 2010",2011Q4,"Financial net worth at market value, excluding pension liabilities - Equity and Investment Fund Shares (Asset) - ESA2010 Code (F5)",22902
"General Government Net Worth, Gross and Net Debt ESA 2010",2011Q4,"Financial net worth at market value, excluding pension liabilities - Other financial assets - ESA2010 Code (F6 + F7 + F8)",10685
"General Government Net Worth, Gross and Net Debt ESA 2010",2011Q4,"Financial net worth at market value, excluding pension liabilities - Liabilities at market value - ESA2010 Code (L)",193292
"General Government Net Worth, Gross and Net Debt ESA 2010",2011Q4,"Financial net worth at market value, excluding pension liabilities - EDP debt instruments (Liability) - ESA2010 Code (F2 + F3 + F4)",182166
"General Government Net Worth, Gross and Net Debt ESA 2010",2011Q4,"Financial net worth at market value, excluding pension liabilities - Other liabilities - ESA2010 Code (F5 + F6 + F7 + F8)",11126
"General Government Net Worth, Gross and Net Debt ESA 2010",2011Q4,Estimated pension liabilities of government,116000
"General Government Net Worth, Gross and Net Debt ESA 2010",2011Q4,"Net worth, including pension liabilities",-133889
"General Government Net Worth, Gross and Net Debt ESA 2010",2011Q4,Contingent liabilities,141994
"General Government Net Worth, Gross and Net Debt ESA 2010",2011Q4,"Net worth, including pension liabilities and contingent liabilities",-275883
"General Government Net Worth, Gross and Net Debt ESA 2010",2011Q4,General Government: changes in net worth - Opening net worth,-13691
"General Government Net Worth, Gross and Net Debt ESA 2010",2011Q4,Change in net worth due to transactions,-2768
"General Government Net Worth, Gross and Net Debt ESA 2010",2011Q4,Change in net worth due to transactions - Net acquisition of non-financial assets - ESA2010 Code (P5 +NP - P51c),1028
"General Government Net Worth, Gross and Net Debt ESA 2010",2011Q4,Change in net worth due to transactions - Net lending/net borrowing - ESA2010 Code (B9),-3796
"General Government Net Worth, Gross and Net Debt ESA 2010",2011Q4,Change in net worth due to other economic flows - ESA2010 Code (Kx),-1431
"General Government Net Worth, Gross and Net Debt ESA 2010",2011Q4,Change in net worth due to other economic flows - Other changes in non-financial assets,-454
"General Government Net Worth, Gross and Net Debt ESA 2010",2011Q4,Change in net worth due to other economic flows - Other changes in financial assets,-2266
"General Government Net Worth, Gross and Net Debt ESA 2010",2011Q4,Change in net worth due to other economic flows - Other changes in liabilities,1290
"General Government Net Worth, Gross and Net Debt ESA 2010",2011Q4,Closing net worth,-17889
"General Government Net Worth, Gross and Net Debt ESA 2010",2011Q4,General Government Debt (GGDebt) - Debt instrument liabilities at market value - ESA2010 Code (F2 + F3 + F4),182166
"General Government Net Worth, Gross and Net Debt ESA 2010",2011Q4,General Government Debt (GGDebt) - Difference between EDP face value and market value,7558
"General Government Net Worth, Gross and Net Debt ESA 2010",2011Q4,Gross General Government Debt (EDP face value) - Gross General Government Debt - ESA2010 Code (GGDebt),189724
"General Government Net Worth, Gross and Net Debt ESA 2010",2011Q4,Gross General Government Debt (EDP face value) - EDP debt instrument assets - ESA2010 Code (F2 + F3 + F4),-53665
"General Government Net Worth, Gross and Net Debt ESA 2010",2011Q4,Gross General Government Debt (EDP face value) - Net General Government Debt - ESA2010 Code (GGNetDebt),136058
"General Government Net Worth, Gross and Net Debt ESA 2010",2012Q1,"General Government net worth - Net Worth at market value, excluding pension liabilities - ESA2010 Code (NW)",-28918
"General Government Net Worth, Gross and Net Debt ESA 2010",2012Q1,General Government net worth - Non-financial assets at market value - ESA2010 Code (NFA),89133
"General Government Net Worth, Gross and Net Debt ESA 2010",2012Q1,"General Government net worth - Financial net worth at market value, excluding pension liabilities - ESA2010 Code (FNW)",-118051
"General Government Net Worth, Gross and Net Debt ESA 2010",2012Q1,"Financial net worth at market value, excluding pension liabilities - Financial assets at market value - ESA2010 Code (FA)",86615
"General Government Net Worth, Gross and Net Debt ESA 2010",2012Q1,"Financial net worth at market value, excluding pension liabilities - EDP debt instruments (Asset) - ESA2010 Code (F2 + F3 + F4)",54241
"General Government Net Worth, Gross and Net Debt ESA 2010",2012Q1,"Financial net worth at market value, excluding pension liabilities - Equity and Investment Fund Shares (Asset) - ESA2010 Code (F5)",23397
"General Government Net Worth, Gross and Net Debt ESA 2010",2012Q1,"Financial net worth at market value, excluding pension liabilities - Other financial assets - ESA2010 Code (F6 + F7 + F8)",8977
"General Government Net Worth, Gross and Net Debt ESA 2010",2012Q1,"Financial net worth at market value, excluding pension liabilities - Liabilities at market value - ESA2010 Code (L)",204666
"General Government Net Worth, Gross and Net Debt ESA 2010",2012Q1,"Financial net worth at market value, excluding pension liabilities - EDP debt instruments (Liability) - ESA2010 Code (F2 + F3 + F4)",194080
"General Government Net Worth, Gross and Net Debt ESA 2010",2012Q1,"Financial net worth at market value, excluding pension liabilities - Other liabilities - ESA2010 Code (F5 + F6 + F7 + F8)",10585
"General Government Net Worth, Gross and Net Debt ESA 2010",2012Q1,Estimated pension liabilities of government,98000
"General Government Net Worth, Gross and Net Debt ESA 2010",2012Q1,"Net worth, including pension liabilities",-126918
"General Government Net Worth, Gross and Net Debt ESA 2010",2012Q1,Contingent liabilities,118926
"General Government Net Worth, Gross and Net Debt ESA 2010",2012Q1,"Net worth, including pension liabilities and contingent liabilities",-245844
"General Government Net Worth, Gross and Net Debt ESA 2010",2012Q1,General Government: changes in net worth - Opening net worth,-17889
"General Government Net Worth, Gross and Net Debt ESA 2010",2012Q1,Change in net worth due to transactions,-4057
"General Government Net Worth, Gross and Net Debt ESA 2010",2012Q1,Change in net worth due to transactions - Net acquisition of non-financial assets - ESA2010 Code (P5 +NP - P51c),462
"General Government Net Worth, Gross and Net Debt ESA 2010",2012Q1,Change in net worth due to transactions - Net lending/net borrowing - ESA2010 Code (B9),-4519
"General Government Net Worth, Gross and Net Debt ESA 2010",2012Q1,Change in net worth due to other economic flows - ESA2010 Code (Kx),-6971
"General Government Net Worth, Gross and Net Debt ESA 2010",2012Q1,Change in net worth due to other economic flows - Other changes in non-financial assets,521
"General Government Net Worth, Gross and Net Debt ESA 2010",2012Q1,Change in net worth due to other economic flows - Other changes in financial assets,-486
"General Government Net Worth, Gross and Net Debt ESA 2010",2012Q1,Change in net worth due to other economic flows - Other changes in liabilities,-7006
"General Government Net Worth, Gross and Net Debt ESA 2010",2012Q1,Closing net worth,-28917
"General Government Net Worth, Gross and Net Debt ESA 2010",2012Q1,General Government Debt (GGDebt) - Debt instrument liabilities at market value - ESA2010 Code (F2 + F3 + F4),194080
"General Government Net Worth, Gross and Net Debt ESA 2010",2012Q1,General Government Debt (GGDebt) - Difference between EDP face value and market value,190
"General Government Net Worth, Gross and Net Debt ESA 2010",2012Q1,Gross General Government Debt (EDP face value) - Gross General Government Debt - ESA2010 Code (GGDebt),194270
"General Government Net Worth, Gross and Net Debt ESA 2010",2012Q1,Gross General Government Debt (EDP face value) - EDP debt instrument assets - ESA2010 Code (F2 + F3 + F4),-54241
"General Government Net Worth, Gross and Net Debt ESA 2010",2012Q1,Gross General Government Debt (EDP face value) - Net General Government Debt - ESA2010 Code (GGNetDebt),140030
"General Government Net Worth, Gross and Net Debt ESA 2010",2012Q2,"General Government net worth - Net Worth at market value, excluding pension liabilities - ESA2010 Code (NW)",-35662
"General Government Net Worth, Gross and Net Debt ESA 2010",2012Q2,General Government net worth - Non-financial assets at market value - ESA2010 Code (NFA),90136
"General Government Net Worth, Gross and Net Debt ESA 2010",2012Q2,"General Government net worth - Financial net worth at market value, excluding pension liabilities - ESA2010 Code (FNW)",-125798
"General Government Net Worth, Gross and Net Debt ESA 2010",2012Q2,"Financial net worth at market value, excluding pension liabilities - Financial assets at market value - ESA2010 Code (FA)",85743
"General Government Net Worth, Gross and Net Debt ESA 2010",2012Q2,"Financial net worth at market value, excluding pension liabilities - EDP debt instruments (Asset) - ESA2010 Code (F2 + F3 + F4)",53293
"General Government Net Worth, Gross and Net Debt ESA 2010",2012Q2,"Financial net worth at market value, excluding pension liabilities - Equity and Investment Fund Shares (Asset) - ESA2010 Code (F5)",23652
"General Government Net Worth, Gross and Net Debt ESA 2010",2012Q2,"Financial net worth at market value, excluding pension liabilities - Other financial assets - ESA2010 Code (F6 + F7 + F8)",8798
"General Government Net Worth, Gross and Net Debt ESA 2010",2012Q2,"Financial net worth at market value, excluding pension liabilities - Liabilities at market value - ESA2010 Code (L)",211541
"General Government Net Worth, Gross and Net Debt ESA 2010",2012Q2,"Financial net worth at market value, excluding pension liabilities - EDP debt instruments (Liability) - ESA2010 Code (F2 + F3 + F4)",201276
"General Government Net Worth, Gross and Net Debt ESA 2010",2012Q2,"Financial net worth at market value, excluding pension liabilities - Other liabilities - ESA2010 Code (F5 + F6 + F7 + F8)",10265
"General Government Net Worth, Gross and Net Debt ESA 2010",2012Q2,Estimated pension liabilities of government,98000
"General Government Net Worth, Gross and Net Debt ESA 2010",2012Q2,"Net worth, including pension liabilities",-133662
"General Government Net Worth, Gross and Net Debt ESA 2010",2012Q2,Contingent liabilities,118926
"General Government Net Worth, Gross and Net Debt ESA 2010",2012Q2,"Net worth, including pension liabilities and contingent liabilities",-252588
"General Government Net Worth, Gross and Net Debt ESA 2010",2012Q2,General Government: changes in net worth - Opening net worth,-28917
"General Government Net Worth, Gross and Net Debt ESA 2010",2012Q2,Change in net worth due to transactions,-3905
"General Government Net Worth, Gross and Net Debt ESA 2010",2012Q2,Change in net worth due to transactions - Net acquisition of non-financial assets - ESA2010 Code (P5 +NP - P51c),482
"General Government Net Worth, Gross and Net Debt ESA 2010",2012Q2,Change in net worth due to transactions - Net lending/net borrowing - ESA2010 Code (B9),-4387
"General Government Net Worth, Gross and Net Debt ESA 2010",2012Q2,Change in net worth due to other economic flows - ESA2010 Code (Kx),-2840
"General Government Net Worth, Gross and Net Debt ESA 2010",2012Q2,Change in net worth due to other economic flows - Other changes in non-financial assets,521
"General Government Net Worth, Gross and Net Debt ESA 2010",2012Q2,Change in net worth due to other economic flows - Other changes in financial assets,-1705
"General Government Net Worth, Gross and Net Debt ESA 2010",2012Q2,Change in net worth due to other economic flows - Other changes in liabilities,-1655
"General Government Net Worth, Gross and Net Debt ESA 2010",2012Q2,Closing net worth,-35662
"General Government Net Worth, Gross and Net Debt ESA 2010",2012Q2,General Government Debt (GGDebt) - Debt instrument liabilities at market value - ESA2010 Code (F2 + F3 + F4),201276
"General Government Net Worth, Gross and Net Debt ESA 2010",2012Q2,General Government Debt (GGDebt) - Difference between EDP face value and market value,-1523
"General Government Net Worth, Gross and Net Debt ESA 2010",2012Q2,Gross General Government Debt (EDP face value) - Gross General Government Debt - ESA2010 Code (GGDebt),199753
"General Government Net Worth, Gross and Net Debt ESA 2010",2012Q2,Gross General Government Debt (EDP face value) - EDP debt instrument assets - ESA2010 Code (F2 + F3 + F4),-53293
"General Government Net Worth, Gross and Net Debt ESA 2010",2012Q2,Gross General Government Debt (EDP face value) - Net General Government Debt - ESA2010 Code (GGNetDebt),146460
"General Government Net Worth, Gross and Net Debt ESA 2010",2012Q3,"General Government net worth - Net Worth at market value, excluding pension liabilities - ESA2010 Code (NW)",-42234
"General Government Net Worth, Gross and Net Debt ESA 2010",2012Q3,General Government net worth - Non-financial assets at market value - ESA2010 Code (NFA),90112
"General Government Net Worth, Gross and Net Debt ESA 2010",2012Q3,"General Government net worth - Financial net worth at market value, excluding pension liabilities - ESA2010 Code (FNW)",-132347
"General Government Net Worth, Gross and Net Debt ESA 2010",2012Q3,"Financial net worth at market value, excluding pension liabilities - Financial assets at market value - ESA2010 Code (FA)",94782
"General Government Net Worth, Gross and Net Debt ESA 2010",2012Q3,"Financial net worth at market value, excluding pension liabilities - EDP debt instruments (Asset) - ESA2010 Code (F2 + F3 + F4)",62185
"General Government Net Worth, Gross and Net Debt ESA 2010",2012Q3,"Financial net worth at market value, excluding pension liabilities - Equity and Investment Fund Shares (Asset) - ESA2010 Code (F5)",23852
"General Government Net Worth, Gross and Net Debt ESA 2010",2012Q3,"Financial net worth at market value, excluding pension liabilities - Other financial assets - ESA2010 Code (F6 + F7 + F8)",8745
"General Government Net Worth, Gross and Net Debt ESA 2010",2012Q3,"Financial net worth at market value, excluding pension liabilities - Liabilities at market value - ESA2010 Code (L)",227129
"General Government Net Worth, Gross and Net Debt ESA 2010",2012Q3,"Financial net worth at market value, excluding pension liabilities - EDP debt instruments (Liability) - ESA2010 Code (F2 + F3 + F4)",216729
"General Government Net Worth, Gross and Net Debt ESA 2010",2012Q3,"Financial net worth at market value, excluding pension liabilities - Other liabilities - ESA2010 Code (F5 + F6 + F7 + F8)",10400
"General Government Net Worth, Gross and Net Debt ESA 2010",2012Q3,Estimated pension liabilities of government,98000
"General Government Net Worth, Gross and Net Debt ESA 2010",2012Q3,"Net worth, including pension liabilities",-140234
"General Government Net Worth, Gross and Net Debt ESA 2010",2012Q3,Contingent liabilities,118926
"General Government Net Worth, Gross and Net Debt ESA 2010",2012Q3,"Net worth, including pension liabilities and contingent liabilities",-259160
"General Government Net Worth, Gross and Net Debt ESA 2010",2012Q3,General Government: changes in net worth - Opening net worth,-35662
"General Government Net Worth, Gross and Net Debt ESA 2010",2012Q3,Change in net worth due to transactions,-3235
"General Government Net Worth, Gross and Net Debt ESA 2010",2012Q3,Change in net worth due to transactions - Net acquisition of non-financial assets - ESA2010 Code (P5 +NP - P51c),-544
"General Government Net Worth, Gross and Net Debt ESA 2010",2012Q3,Change in net worth due to transactions - Net lending/net borrowing - ESA2010 Code (B9),-2691
"General Government Net Worth, Gross and Net Debt ESA 2010",2012Q3,Change in net worth due to other economic flows - ESA2010 Code (Kx),-3337
"General Government Net Worth, Gross and Net Debt ESA 2010",2012Q3,Change in net worth due to other economic flows - Other changes in non-financial assets,521
"General Government Net Worth, Gross and Net Debt ESA 2010",2012Q3,Change in net worth due to other economic flows - Other changes in financial assets,519
"General Government Net Worth, Gross and Net Debt ESA 2010",2012Q3,Change in net worth due to other economic flows - Other changes in liabilities,-4377
"General Government Net Worth, Gross and Net Debt ESA 2010",2012Q3,Closing net worth,-42234
"General Government Net Worth, Gross and Net Debt ESA 2010",2012Q3,General Government Debt (GGDebt) - Debt instrument liabilities at market value - ESA2010 Code (F2 + F3 + F4),216729
"General Government Net Worth, Gross and Net Debt ESA 2010",2012Q3,General Government Debt (GGDebt) - Difference between EDP face value and market value,-6301
"General Government Net Worth, Gross and Net Debt ESA 2010",2012Q3,Gross General Government Debt (EDP face value) - Gross General Government Debt - ESA2010 Code (GGDebt),210428
"General Government Net Worth, Gross and Net Debt ESA 2010",2012Q3,Gross General Government Debt (EDP face value) - EDP debt instrument assets - ESA2010 Code (F2 + F3 + F4),-62185
"General Government Net Worth, Gross and Net Debt ESA 2010",2012Q3,Gross General Government Debt (EDP face value) - Net General Government Debt - ESA2010 Code (GGNetDebt),148242
"General Government Net Worth, Gross and Net Debt ESA 2010",2012Q4,"General Government net worth - Net Worth at market value, excluding pension liabilities - ESA2010 Code (NW)",-47251
"General Government Net Worth, Gross and Net Debt ESA 2010",2012Q4,General Government net worth - Non-financial assets at market value - ESA2010 Code (NFA),90710
"General Government Net Worth, Gross and Net Debt ESA 2010",2012Q4,"General Government net worth - Financial net worth at market value, excluding pension liabilities - ESA2010 Code (FNW)",-137961
"General Government Net Worth, Gross and Net Debt ESA 2010",2012Q4,"Financial net worth at market value, excluding pension liabilities - Financial assets at market value - ESA2010 Code (FA)",91508
"General Government Net Worth, Gross and Net Debt ESA 2010",2012Q4,"Financial net worth at market value, excluding pension liabilities - EDP debt instruments (Asset) - ESA2010 Code (F2 + F3 + F4)",56838
"General Government Net Worth, Gross and Net Debt ESA 2010",2012Q4,"Financial net worth at market value, excluding pension liabilities - Equity and Investment Fund Shares (Asset) - ESA2010 Code (F5)",25056
"General Government Net Worth, Gross and Net Debt ESA 2010",2012Q4,"Financial net worth at market value, excluding pension liabilities - Other financial assets - ESA2010 Code (F6 + F7 + F8)",9614
"General Government Net Worth, Gross and Net Debt ESA 2010",2012Q4,"Financial net worth at market value, excluding pension liabilities - Liabilities at market value - ESA2010 Code (L)",229469
"General Government Net Worth, Gross and Net Debt ESA 2010",2012Q4,"Financial net worth at market value, excluding pension liabilities - EDP debt instruments (Liability) - ESA2010 Code (F2 + F3 + F4)",218423
"General Government Net Worth, Gross and Net Debt ESA 2010",2012Q4,"Financial net worth at market value, excluding pension liabilities - Other liabilities - ESA2010 Code (F5 + F6 + F7 + F8)",11046
"General Government Net Worth, Gross and Net Debt ESA 2010",2012Q4,Estimated pension liabilities of government,98000
"General Government Net Worth, Gross and Net Debt ESA 2010",2012Q4,"Net worth, including pension liabilities",-145251
"General Government Net Worth, Gross and Net Debt ESA 2010",2012Q4,Contingent liabilities,118926
"General Government Net Worth, Gross and Net Debt ESA 2010",2012Q4,"Net worth, including pension liabilities and contingent liabilities",-264177
"General Government Net Worth, Gross and Net Debt ESA 2010",2012Q4,General Government: changes in net worth - Opening net worth,-42234
"General Government Net Worth, Gross and Net Debt ESA 2010",2012Q4,Change in net worth due to transactions,-3480
"General Government Net Worth, Gross and Net Debt ESA 2010",2012Q4,Change in net worth due to transactions - Net acquisition of non-financial assets - ESA2010 Code (P5 +NP - P51c),77
"General Government Net Worth, Gross and Net Debt ESA 2010",2012Q4,Change in net worth due to transactions - Net lending/net borrowing - ESA2010 Code (B9),-3557
"General Government Net Worth, Gross and Net Debt ESA 2010",2012Q4,Change in net worth due to other economic flows - ESA2010 Code (Kx),-1537
"General Government Net Worth, Gross and Net Debt ESA 2010",2012Q4,Change in net worth due to other economic flows - Other changes in non-financial assets,521
"General Government Net Worth, Gross and Net Debt ESA 2010",2012Q4,Change in net worth due to other economic flows - Other changes in financial assets,509
"General Government Net Worth, Gross and Net Debt ESA 2010",2012Q4,Change in net worth due to other economic flows - Other changes in liabilities,-2567
"General Government Net Worth, Gross and Net Debt ESA 2010",2012Q4,Closing net worth,-47250
"General Government Net Worth, Gross and Net Debt ESA 2010",2012Q4,General Government Debt (GGDebt) - Debt instrument liabilities at market value - ESA2010 Code (F2 + F3 + F4),218423
"General Government Net Worth, Gross and Net Debt ESA 2010",2012Q4,General Government Debt (GGDebt) - Difference between EDP face value and market value,-8400
"General Government Net Worth, Gross and Net Debt ESA 2010",2012Q4,Gross General Government Debt (EDP face value) - Gross General Government Debt - ESA2010 Code (GGDebt),210023
"General Government Net Worth, Gross and Net Debt ESA 2010",2012Q4,Gross General Government Debt (EDP face value) - EDP debt instrument assets - ESA2010 Code (F2 + F3 + F4),-56838
"General Government Net Worth, Gross and Net Debt ESA 2010",2012Q4,Gross General Government Debt (EDP face value) - Net General Government Debt - ESA2010 Code (GGNetDebt),153185
"General Government Net Worth, Gross and Net Debt ESA 2010",2013Q1,"General Government net worth - Net Worth at market value, excluding pension liabilities - ESA2010 Code (NW)",-50734
"General Government Net Worth, Gross and Net Debt ESA 2010",2013Q1,General Government net worth - Non-financial assets at market value - ESA2010 Code (NFA),91914
"General Government Net Worth, Gross and Net Debt ESA 2010",2013Q1,"General Government net worth - Financial net worth at market value, excluding pension liabilities - ESA2010 Code (FNW)",-142648
"General Government Net Worth, Gross and Net Debt ESA 2010",2013Q1,"Financial net worth at market value, excluding pension liabilities - Financial assets at market value - ESA2010 Code (FA)",96865
"General Government Net Worth, Gross and Net Debt ESA 2010",2013Q1,"Financial net worth at market value, excluding pension liabilities - EDP debt instruments (Asset) - ESA2010 Code (F2 + F3 + F4)",61941
"General Government Net Worth, Gross and Net Debt ESA 2010",2013Q1,"Financial net worth at market value, excluding pension liabilities - Equity and Investment Fund Shares (Asset) - ESA2010 Code (F5)",26526
"General Government Net Worth, Gross and Net Debt ESA 2010",2013Q1,"Financial net worth at market value, excluding pension liabilities - Other financial assets - ESA2010 Code (F6 + F7 + F8)",8399
"General Government Net Worth, Gross and Net Debt ESA 2010",2013Q1,"Financial net worth at market value, excluding pension liabilities - Liabilities at market value - ESA2010 Code (L)",239513
"General Government Net Worth, Gross and Net Debt ESA 2010",2013Q1,"Financial net worth at market value, excluding pension liabilities - EDP debt instruments (Liability) - ESA2010 Code (F2 + F3 + F4)",230012
"General Government Net Worth, Gross and Net Debt ESA 2010",2013Q1,"Financial net worth at market value, excluding pension liabilities - Other liabilities - ESA2010 Code (F5 + F6 + F7 + F8)",9501
"General Government Net Worth, Gross and Net Debt ESA 2010",2013Q1,Estimated pension liabilities of government,98000
"General Government Net Worth, Gross and Net Debt ESA 2010",2013Q1,"Net worth, including pension liabilities",-148734
"General Government Net Worth, Gross and Net Debt ESA 2010",2013Q1,Contingent liabilities,59522
"General Government Net Worth, Gross and Net Debt ESA 2010",2013Q1,"Net worth, including pension liabilities and contingent liabilities",-208256
"General Government Net Worth, Gross and Net Debt ESA 2010",2013Q1,General Government: changes in net worth - Opening net worth,-47250
"General Government Net Worth, Gross and Net Debt ESA 2010",2013Q1,Change in net worth due to transactions,-3072
"General Government Net Worth, Gross and Net Debt ESA 2010",2013Q1,Change in net worth due to transactions - Net acquisition of non-financial assets - ESA2010 Code (P5 +NP - P51c),612
"General Government Net Worth, Gross and Net Debt ESA 2010",2013Q1,Change in net worth due to transactions - Net lending/net borrowing - ESA2010 Code (B9),-3683
"General Government Net Worth, Gross and Net Debt ESA 2010",2013Q1,Change in net worth due to other economic flows - ESA2010 Code (Kx),-411
"General Government Net Worth, Gross and Net Debt ESA 2010",2013Q1,Change in net worth due to other economic flows - Other changes in non-financial assets,592
"General Government Net Worth, Gross and Net Debt ESA 2010",2013Q1,Change in net worth due to other economic flows - Other changes in financial assets,-144
"General Government Net Worth, Gross and Net Debt ESA 2010",2013Q1,Change in net worth due to other economic flows - Other changes in liabilities,-860
"General Government Net Worth, Gross and Net Debt ESA 2010",2013Q1,Closing net worth,-50733
"General Government Net Worth, Gross and Net Debt ESA 2010",2013Q1,General Government Debt (GGDebt) - Debt instrument liabilities at market value - ESA2010 Code (F2 + F3 + F4),230012
"General Government Net Worth, Gross and Net Debt ESA 2010",2013Q1,General Government Debt (GGDebt) - Difference between EDP face value and market value,-11746
"General Government Net Worth, Gross and Net Debt ESA 2010",2013Q1,Gross General Government Debt (EDP face value) - Gross General Government Debt - ESA2010 Code (GGDebt),218266
"General Government Net Worth, Gross and Net Debt ESA 2010",2013Q1,Gross General Government Debt (EDP face value) - EDP debt instrument assets - ESA2010 Code (F2 + F3 + F4),-61941
"General Government Net Worth, Gross and Net Debt ESA 2010",2013Q1,Gross General Government Debt (EDP face value) - Net General Government Debt - ESA2010 Code (GGNetDebt),156325
"General Government Net Worth, Gross and Net Debt ESA 2010",2013Q2,"General Government net worth - Net Worth at market value, excluding pension liabilities - ESA2010 Code (NW)",-52137
"General Government Net Worth, Gross and Net Debt ESA 2010",2013Q2,General Government net worth - Non-financial assets at market value - ESA2010 Code (NFA),92157
"General Government Net Worth, Gross and Net Debt ESA 2010",2013Q2,"General Government net worth - Financial net worth at market value, excluding pension liabilities - ESA2010 Code (FNW)",-144293
"General Government Net Worth, Gross and Net Debt ESA 2010",2013Q2,"Financial net worth at market value, excluding pension liabilities - Financial assets at market value - ESA2010 Code (FA)",93730
"General Government Net Worth, Gross and Net Debt ESA 2010",2013Q2,"Financial net worth at market value, excluding pension liabilities - EDP debt instruments (Asset) - ESA2010 Code (F2 + F3 + F4)",58941
"General Government Net Worth, Gross and Net Debt ESA 2010",2013Q2,"Financial net worth at market value, excluding pension liabilities - Equity and Investment Fund Shares (Asset) - ESA2010 Code (F5)",26816
"General Government Net Worth, Gross and Net Debt ESA 2010",2013Q2,"Financial net worth at market value, excluding pension liabilities - Other financial assets - ESA2010 Code (F6 + F7 + F8)",7974
"General Government Net Worth, Gross and Net Debt ESA 2010",2013Q2,"Financial net worth at market value, excluding pension liabilities - Liabilities at market value - ESA2010 Code (L)",238024
"General Government Net Worth, Gross and Net Debt ESA 2010",2013Q2,"Financial net worth at market value, excluding pension liabilities - EDP debt instruments (Liability) - ESA2010 Code (F2 + F3 + F4)",228949
"General Government Net Worth, Gross and Net Debt ESA 2010",2013Q2,"Financial net worth at market value, excluding pension liabilities - Other liabilities - ESA2010 Code (F5 + F6 + F7 + F8)",9075
"General Government Net Worth, Gross and Net Debt ESA 2010",2013Q2,Estimated pension liabilities of government,98000
"General Government Net Worth, Gross and Net Debt ESA 2010",2013Q2,"Net worth, including pension liabilities",-150137
"General Government Net Worth, Gross and Net Debt ESA 2010",2013Q2,Contingent liabilities,59522
"General Government Net Worth, Gross and Net Debt ESA 2010",2013Q2,"Net worth, including pension liabilities and contingent liabilities",-209659
"General Government Net Worth, Gross and Net Debt ESA 2010",2013Q2,General Government: changes in net worth - Opening net worth,-50733
"General Government Net Worth, Gross and Net Debt ESA 2010",2013Q2,Change in net worth due to transactions,-2117
"General Government Net Worth, Gross and Net Debt ESA 2010",2013Q2,Change in net worth due to transactions - Net acquisition of non-financial assets - ESA2010 Code (P5 +NP - P51c),-350
"General Government Net Worth, Gross and Net Debt ESA 2010",2013Q2,Change in net worth due to transactions - Net lending/net borrowing - ESA2010 Code (B9),-1767
"General Government Net Worth, Gross and Net Debt ESA 2010",2013Q2,Change in net worth due to other economic flows - ESA2010 Code (Kx),714
"General Government Net Worth, Gross and Net Debt ESA 2010",2013Q2,Change in net worth due to other economic flows - Other changes in non-financial assets,592
"General Government Net Worth, Gross and Net Debt ESA 2010",2013Q2,Change in net worth due to other economic flows - Other changes in financial assets,-610
"General Government Net Worth, Gross and Net Debt ESA 2010",2013Q2,Change in net worth due to other economic flows - Other changes in liabilities,731
"General Government Net Worth, Gross and Net Debt ESA 2010",2013Q2,Closing net worth,-52136
"General Government Net Worth, Gross and Net Debt ESA 2010",2013Q2,General Government Debt (GGDebt) - Debt instrument liabilities at market value - ESA2010 Code (F2 + F3 + F4),228949
"General Government Net Worth, Gross and Net Debt ESA 2010",2013Q2,General Government Debt (GGDebt) - Difference between EDP face value and market value,-10571
"General Government Net Worth, Gross and Net Debt ESA 2010",2013Q2,Gross General Government Debt (EDP face value) - Gross General Government Debt - ESA2010 Code (GGDebt),218378
"General Government Net Worth, Gross and Net Debt ESA 2010",2013Q2,Gross General Government Debt (EDP face value) - EDP debt instrument assets - ESA2010 Code (F2 + F3 + F4),-58941
"General Government Net Worth, Gross and Net Debt ESA 2010",2013Q2,Gross General Government Debt (EDP face value) - Net General Government Debt - ESA2010 Code (GGNetDebt),159437
"General Government Net Worth, Gross and Net Debt ESA 2010",2013Q3,"General Government net worth - Net Worth at market value, excluding pension liabilities - ESA2010 Code (NW)",-55276
"General Government Net Worth, Gross and Net Debt ESA 2010",2013Q3,General Government net worth - Non-financial assets at market value - ESA2010 Code (NFA),92252
"General Government Net Worth, Gross and Net Debt ESA 2010",2013Q3,"General Government net worth - Financial net worth at market value, excluding pension liabilities - ESA2010 Code (FNW)",-147528
"General Government Net Worth, Gross and Net Debt ESA 2010",2013Q3,"Financial net worth at market value, excluding pension liabilities - Financial assets at market value - ESA2010 Code (FA)",92018
"General Government Net Worth, Gross and Net Debt ESA 2010",2013Q3,"Financial net worth at market value, excluding pension liabilities - EDP debt instruments (Asset) - ESA2010 Code (F2 + F3 + F4)",58660
"General Government Net Worth, Gross and Net Debt ESA 2010",2013Q3,"Financial net worth at market value, excluding pension liabilities - Equity and Investment Fund Shares (Asset) - ESA2010 Code (F5)",25047
"General Government Net Worth, Gross and Net Debt ESA 2010",2013Q3,"Financial net worth at market value, excluding pension liabilities - Other financial assets - ESA2010 Code (F6 + F7 + F8)",8312
"General Government Net Worth, Gross and Net Debt ESA 2010",2013Q3,"Financial net worth at market value, excluding pension liabilities - Liabilities at market value - ESA2010 Code (L)",239546
"General Government Net Worth, Gross and Net Debt ESA 2010",2013Q3,"Financial net worth at market value, excluding pension liabilities - EDP debt instruments (Liability) - ESA2010 Code (F2 + F3 + F4)",230440
"General Government Net Worth, Gross and Net Debt ESA 2010",2013Q3,"Financial net worth at market value, excluding pension liabilities - Other liabilities - ESA2010 Code (F5 + F6 + F7 + F8)",9106
"General Government Net Worth, Gross and Net Debt ESA 2010",2013Q3,Estimated pension liabilities of government,98000
"General Government Net Worth, Gross and Net Debt ESA 2010",2013Q3,"Net worth, including pension liabilities",-153276
"General Government Net Worth, Gross and Net Debt ESA 2010",2013Q3,Contingent liabilities,59522
"General Government Net Worth, Gross and Net Debt ESA 2010",2013Q3,"Net worth, including pension liabilities and contingent liabilities",-212798
"General Government Net Worth, Gross and Net Debt ESA 2010",2013Q3,General Government: changes in net worth - Opening net worth,-52136
"General Government Net Worth, Gross and Net Debt ESA 2010",2013Q3,Change in net worth due to transactions,-3503
"General Government Net Worth, Gross and Net Debt ESA 2010",2013Q3,Change in net worth due to transactions - Net acquisition of non-financial assets - ESA2010 Code (P5 +NP - P51c),-497
"General Government Net Worth, Gross and Net Debt ESA 2010",2013Q3,Change in net worth due to transactions - Net lending/net borrowing - ESA2010 Code (B9),-3006
"General Government Net Worth, Gross and Net Debt ESA 2010",2013Q3,Change in net worth due to other economic flows - ESA2010 Code (Kx),363
"General Government Net Worth, Gross and Net Debt ESA 2010",2013Q3,Change in net worth due to other economic flows - Other changes in non-financial assets,592
"General Government Net Worth, Gross and Net Debt ESA 2010",2013Q3,Change in net worth due to other economic flows - Other changes in financial assets,52
"General Government Net Worth, Gross and Net Debt ESA 2010",2013Q3,Change in net worth due to other economic flows - Other changes in liabilities,-281
"General Government Net Worth, Gross and Net Debt ESA 2010",2013Q3,Closing net worth,-55276
"General Government Net Worth, Gross and Net Debt ESA 2010",2013Q3,General Government Debt (GGDebt) - Debt instrument liabilities at market value - ESA2010 Code (F2 + F3 + F4),230440
"General Government Net Worth, Gross and Net Debt ESA 2010",2013Q3,General Government Debt (GGDebt) - Difference between EDP face value and market value,-11996
"General Government Net Worth, Gross and Net Debt ESA 2010",2013Q3,Gross General Government Debt (EDP face value) - Gross General Government Debt - ESA2010 Code (GGDebt),218444
"General Government Net Worth, Gross and Net Debt ESA 2010",2013Q3,Gross General Government Debt (EDP face value) - EDP debt instrument assets - ESA2010 Code (F2 + F3 + F4),-58660
"General Government Net Worth, Gross and Net Debt ESA 2010",2013Q3,Gross General Government Debt (EDP face value) - Net General Government Debt - ESA2010 Code (GGNetDebt),159785
"General Government Net Worth, Gross and Net Debt ESA 2010",2013Q4,"General Government net worth - Net Worth at market value, excluding pension liabilities - ESA2010 Code (NW)",-54199
"General Government Net Worth, Gross and Net Debt ESA 2010",2013Q4,General Government net worth - Non-financial assets at market value - ESA2010 Code (NFA),93537
"General Government Net Worth, Gross and Net Debt ESA 2010",2013Q4,"General Government net worth - Financial net worth at market value, excluding pension liabilities - ESA2010 Code (FNW)",-147736
"General Government Net Worth, Gross and Net Debt ESA 2010",2013Q4,"Financial net worth at market value, excluding pension liabilities - Financial assets at market value - ESA2010 Code (FA)",93089
"General Government Net Worth, Gross and Net Debt ESA 2010",2013Q4,"Financial net worth at market value, excluding pension liabilities - EDP debt instruments (Asset) - ESA2010 Code (F2 + F3 + F4)",52554
"General Government Net Worth, Gross and Net Debt ESA 2010",2013Q4,"Financial net worth at market value, excluding pension liabilities - Equity and Investment Fund Shares (Asset) - ESA2010 Code (F5)",30791
"General Government Net Worth, Gross and Net Debt ESA 2010",2013Q4,"Financial net worth at market value, excluding pension liabilities - Other financial assets - ESA2010 Code (F6 + F7 + F8)",9744
"General Government Net Worth, Gross and Net Debt ESA 2010",2013Q4,"Financial net worth at market value, excluding pension liabilities - Liabilities at market value - ESA2010 Code (L)",240825
"General Government Net Worth, Gross and Net Debt ESA 2010",2013Q4,"Financial net worth at market value, excluding pension liabilities - EDP debt instruments (Liability) - ESA2010 Code (F2 + F3 + F4)",231605
"General Government Net Worth, Gross and Net Debt ESA 2010",2013Q4,"Financial net worth at market value, excluding pension liabilities - Other liabilities - ESA2010 Code (F5 + F6 + F7 + F8)",9220
"General Government Net Worth, Gross and Net Debt ESA 2010",2013Q4,Estimated pension liabilities of government,98000
"General Government Net Worth, Gross and Net Debt ESA 2010",2013Q4,"Net worth, including pension liabilities",-152199
"General Government Net Worth, Gross and Net Debt ESA 2010",2013Q4,Contingent liabilities,59522
"General Government Net Worth, Gross and Net Debt ESA 2010",2013Q4,"Net worth, including pension liabilities and contingent liabilities",-211721
"General Government Net Worth, Gross and Net Debt ESA 2010",2013Q4,General Government: changes in net worth - Opening net worth,-55276
"General Government Net Worth, Gross and Net Debt ESA 2010",2013Q4,Change in net worth due to transactions,-2258
"General Government Net Worth, Gross and Net Debt ESA 2010",2013Q4,Change in net worth due to transactions - Net acquisition of non-financial assets - ESA2010 Code (P5 +NP - P51c),692
"General Government Net Worth, Gross and Net Debt ESA 2010",2013Q4,Change in net worth due to transactions - Net lending/net borrowing - ESA2010 Code (B9),-2950
"General Government Net Worth, Gross and Net Debt ESA 2010",2013Q4,Change in net worth due to other economic flows - ESA2010 Code (Kx),3335
"General Government Net Worth, Gross and Net Debt ESA 2010",2013Q4,Change in net worth due to other economic flows - Other changes in non-financial assets,592
"General Government Net Worth, Gross and Net Debt ESA 2010",2013Q4,Change in net worth due to other economic flows - Other changes in financial assets,8128
"General Government Net Worth, Gross and Net Debt ESA 2010",2013Q4,Change in net worth due to other economic flows - Other changes in liabilities,-5385
"General Government Net Worth, Gross and Net Debt ESA 2010",2013Q4,Closing net worth,-54199
"General Government Net Worth, Gross and Net Debt ESA 2010",2013Q4,General Government Debt (GGDebt) - Debt instrument liabilities at market value - ESA2010 Code (F2 + F3 + F4),231605
"General Government Net Worth, Gross and Net Debt ESA 2010",2013Q4,General Government Debt (GGDebt) - Difference between EDP face value and market value,-16366
"General Government Net Worth, Gross and Net Debt ESA 2010",2013Q4,Gross General Government Debt (EDP face value) - Gross General Government Debt - ESA2010 Code (GGDebt),215239
"General Government Net Worth, Gross and Net Debt ESA 2010",2013Q4,Gross General Government Debt (EDP face value) - EDP debt instrument assets - ESA2010 Code (F2 + F3 + F4),-52554
"General Government Net Worth, Gross and Net Debt ESA 2010",2013Q4,Gross General Government Debt (EDP face value) - Net General Government Debt - ESA2010 Code (GGNetDebt),162685
"General Government Net Worth, Gross and Net Debt ESA 2010",2014Q1,"General Government net worth - Net Worth at market value, excluding pension liabilities - ESA2010 Code (NW)",-56983
"General Government Net Worth, Gross and Net Debt ESA 2010",2014Q1,General Government net worth - Non-financial assets at market value - ESA2010 Code (NFA),94888
"General Government Net Worth, Gross and Net Debt ESA 2010",2014Q1,"General Government net worth - Financial net worth at market value, excluding pension liabilities - ESA2010 Code (FNW)",-151871
"General Government Net Worth, Gross and Net Debt ESA 2010",2014Q1,"Financial net worth at market value, excluding pension liabilities - Financial assets at market value - ESA2010 Code (FA)",92354
"General Government Net Worth, Gross and Net Debt ESA 2010",2014Q1,"Financial net worth at market value, excluding pension liabilities - EDP debt instruments (Asset) - ESA2010 Code (F2 + F3 + F4)",51980
"General Government Net Worth, Gross and Net Debt ESA 2010",2014Q1,"Financial net worth at market value, excluding pension liabilities - Equity and Investment Fund Shares (Asset) - ESA2010 Code (F5)",31694
"General Government Net Worth, Gross and Net Debt ESA 2010",2014Q1,"Financial net worth at market value, excluding pension liabilities - Other financial assets - ESA2010 Code (F6 + F7 + F8)",8680
"General Government Net Worth, Gross and Net Debt ESA 2010",2014Q1,"Financial net worth at market value, excluding pension liabilities - Liabilities at market value - ESA2010 Code (L)",244225
"General Government Net Worth, Gross and Net Debt ESA 2010",2014Q1,"Financial net worth at market value, excluding pension liabilities - EDP debt instruments (Liability) - ESA2010 Code (F2 + F3 + F4)",234753
"General Government Net Worth, Gross and Net Debt ESA 2010",2014Q1,"Financial net worth at market value, excluding pension liabilities - Other liabilities - ESA2010 Code (F5 + F6 + F7 + F8)",9472
"General Government Net Worth, Gross and Net Debt ESA 2010",2014Q1,Estimated pension liabilities of government,98000
"General Government Net Worth, Gross and Net Debt ESA 2010",2014Q1,"Net worth, including pension liabilities",-154983
"General Government Net Worth, Gross and Net Debt ESA 2010",2014Q1,Contingent liabilities,29412
"General Government Net Worth, Gross and Net Debt ESA 2010",2014Q1,"Net worth, including pension liabilities and contingent liabilities",-184395
"General Government Net Worth, Gross and Net Debt ESA 2010",2014Q1,General Government: changes in net worth - Opening net worth,-54199
"General Government Net Worth, Gross and Net Debt ESA 2010",2014Q1,Change in net worth due to transactions,-2866
"General Government Net Worth, Gross and Net Debt ESA 2010",2014Q1,Change in net worth due to transactions - Net acquisition of non-financial assets - ESA2010 Code (P5 +NP - P51c),239
"General Government Net Worth, Gross and Net Debt ESA 2010",2014Q1,Change in net worth due to transactions - Net lending/net borrowing - ESA2010 Code (B9),-3105
"General Government Net Worth, Gross and Net Debt ESA 2010",2014Q1,Change in net worth due to other economic flows - ESA2010 Code (Kx),82
"General Government Net Worth, Gross and Net Debt ESA 2010",2014Q1,Change in net worth due to other economic flows - Other changes in non-financial assets,1112
"General Government Net Worth, Gross and Net Debt ESA 2010",2014Q1,Change in net worth due to other economic flows - Other changes in financial assets,2049
"General Government Net Worth, Gross and Net Debt ESA 2010",2014Q1,Change in net worth due to other economic flows - Other changes in liabilities,-3078
"General Government Net Worth, Gross and Net Debt ESA 2010",2014Q1,Closing net worth,-56983
"General Government Net Worth, Gross and Net Debt ESA 2010",2014Q1,General Government Debt (GGDebt) - Debt instrument liabilities at market value - ESA2010 Code (F2 + F3 + F4),234753
"General Government Net Worth, Gross and Net Debt ESA 2010",2014Q1,General Government Debt (GGDebt) - Difference between EDP face value and market value,-19752
"General Government Net Worth, Gross and Net Debt ESA 2010",2014Q1,Gross General Government Debt (EDP face value) - Gross General Government Debt - ESA2010 Code (GGDebt),215001
"General Government Net Worth, Gross and Net Debt ESA 2010",2014Q1,Gross General Government Debt (EDP face value) - EDP debt instrument assets - ESA2010 Code (F2 + F3 + F4),-51980
"General Government Net Worth, Gross and Net Debt ESA 2010",2014Q1,Gross General Government Debt (EDP face value) - Net General Government Debt - ESA2010 Code (GGNetDebt),163021
"General Government Net Worth, Gross and Net Debt ESA 2010",2014Q2,"General Government net worth - Net Worth at market value, excluding pension liabilities - ESA2010 Code (NW)",-61098
"General Government Net Worth, Gross and Net Debt ESA 2010",2014Q2,General Government net worth - Non-financial assets at market value - ESA2010 Code (NFA),96256
"General Government Net Worth, Gross and Net Debt ESA 2010",2014Q2,"General Government net worth - Financial net worth at market value, excluding pension liabilities - ESA2010 Code (FNW)",-157354
"General Government Net Worth, Gross and Net Debt ESA 2010",2014Q2,"Financial net worth at market value, excluding pension liabilities - Financial assets at market value - ESA2010 Code (FA)",84452
"General Government Net Worth, Gross and Net Debt ESA 2010",2014Q2,"Financial net worth at market value, excluding pension liabilities - EDP debt instruments (Asset) - ESA2010 Code (F2 + F3 + F4)",44303
"General Government Net Worth, Gross and Net Debt ESA 2010",2014Q2,"Financial net worth at market value, excluding pension liabilities - Equity and Investment Fund Shares (Asset) - ESA2010 Code (F5)",31524
"General Government Net Worth, Gross and Net Debt ESA 2010",2014Q2,"Financial net worth at market value, excluding pension liabilities - Other financial assets - ESA2010 Code (F6 + F7 + F8)",8625
"General Government Net Worth, Gross and Net Debt ESA 2010",2014Q2,"Financial net worth at market value, excluding pension liabilities - Liabilities at market value - ESA2010 Code (L)",241805
"General Government Net Worth, Gross and Net Debt ESA 2010",2014Q2,"Financial net worth at market value, excluding pension liabilities - EDP debt instruments (Liability) - ESA2010 Code (F2 + F3 + F4)",232120
"General Government Net Worth, Gross and Net Debt ESA 2010",2014Q2,"Financial net worth at market value, excluding pension liabilities - Other liabilities - ESA2010 Code (F5 + F6 + F7 + F8)",9685
"General Government Net Worth, Gross and Net Debt ESA 2010",2014Q2,Estimated pension liabilities of government,98000
"General Government Net Worth, Gross and Net Debt ESA 2010",2014Q2,"Net worth, including pension liabilities",-159098
"General Government Net Worth, Gross and Net Debt ESA 2010",2014Q2,Contingent liabilities,29412
"General Government Net Worth, Gross and Net Debt ESA 2010",2014Q2,"Net worth, including pension liabilities and contingent liabilities",-188509
"General Government Net Worth, Gross and Net Debt ESA 2010",2014Q2,General Government: changes in net worth - Opening net worth,-56983
"General Government Net Worth, Gross and Net Debt ESA 2010",2014Q2,Change in net worth due to transactions,-1054
"General Government Net Worth, Gross and Net Debt ESA 2010",2014Q2,Change in net worth due to transactions - Net acquisition of non-financial assets - ESA2010 Code (P5 +NP - P51c),256
"General Government Net Worth, Gross and Net Debt ESA 2010",2014Q2,Change in net worth due to transactions - Net lending/net borrowing - ESA2010 Code (B9),-1310
"General Government Net Worth, Gross and Net Debt ESA 2010",2014Q2,Change in net worth due to other economic flows - ESA2010 Code (Kx),-3060
"General Government Net Worth, Gross and Net Debt ESA 2010",2014Q2,Change in net worth due to other economic flows - Other changes in non-financial assets,1112
"General Government Net Worth, Gross and Net Debt ESA 2010",2014Q2,Change in net worth due to other economic flows - Other changes in financial assets,-839
"General Government Net Worth, Gross and Net Debt ESA 2010",2014Q2,Change in net worth due to other economic flows - Other changes in liabilities,-3334
"General Government Net Worth, Gross and Net Debt ESA 2010",2014Q2,Closing net worth,-61097
"General Government Net Worth, Gross and Net Debt ESA 2010",2014Q2,General Government Debt (GGDebt) - Debt instrument liabilities at market value - ESA2010 Code (F2 + F3 + F4),232120
"General Government Net Worth, Gross and Net Debt ESA 2010",2014Q2,General Government Debt (GGDebt) - Difference between EDP face value and market value,-22659
"General Government Net Worth, Gross and Net Debt ESA 2010",2014Q2,Gross General Government Debt (EDP face value) - Gross General Government Debt - ESA2010 Code (GGDebt),209461
"General Government Net Worth, Gross and Net Debt ESA 2010",2014Q2,Gross General Government Debt (EDP face value) - EDP debt instrument assets - ESA2010 Code (F2 + F3 + F4),-44303
"General Government Net Worth, Gross and Net Debt ESA 2010",2014Q2,Gross General Government Debt (EDP face value) - Net General Government Debt - ESA2010 Code (GGNetDebt),165158
"General Government Net Worth, Gross and Net Debt ESA 2010",2014Q3,"General Government net worth - Net Worth at market value, excluding pension liabilities - ESA2010 Code (NW)",-65309
"General Government Net Worth, Gross and Net Debt ESA 2010",2014Q3,General Government net worth - Non-financial assets at market value - ESA2010 Code (NFA),97255
"General Government Net Worth, Gross and Net Debt ESA 2010",2014Q3,"General Government net worth - Financial net worth at market value, excluding pension liabilities - ESA2010 Code (FNW)",-162563
"General Government Net Worth, Gross and Net Debt ESA 2010",2014Q3,"Financial net worth at market value, excluding pension liabilities - Financial assets at market value - ESA2010 Code (FA)",83002
"General Government Net Worth, Gross and Net Debt ESA 2010",2014Q3,"Financial net worth at market value, excluding pension liabilities - EDP debt instruments (Asset) - ESA2010 Code (F2 + F3 + F4)",41766
"General Government Net Worth, Gross and Net Debt ESA 2010",2014Q3,"Financial net worth at market value, excluding pension liabilities - Equity and Investment Fund Shares (Asset) - ESA2010 Code (F5)",33373
"General Government Net Worth, Gross and Net Debt ESA 2010",2014Q3,"Financial net worth at market value, excluding pension liabilities - Other financial assets - ESA2010 Code (F6 + F7 + F8)",7863
"General Government Net Worth, Gross and Net Debt ESA 2010",2014Q3,"Financial net worth at market value, excluding pension liabilities - Liabilities at market value - ESA2010 Code (L)",245565
"General Government Net Worth, Gross and Net Debt ESA 2010",2014Q3,"Financial net worth at market value, excluding pension liabilities - EDP debt instruments (Liability) - ESA2010 Code (F2 + F3 + F4)",235134
"General Government Net Worth, Gross and Net Debt ESA 2010",2014Q3,"Financial net worth at market value, excluding pension liabilities - Other liabilities - ESA2010 Code (F5 + F6 + F7 + F8)",10432
"General Government Net Worth, Gross and Net Debt ESA 2010",2014Q3,Estimated pension liabilities of government,98000
"General Government Net Worth, Gross and Net Debt ESA 2010",2014Q3,"Net worth, including pension liabilities",-163309
"General Government Net Worth, Gross and Net Debt ESA 2010",2014Q3,Contingent liabilities,29412
"General Government Net Worth, Gross and Net Debt ESA 2010",2014Q3,"Net worth, including pension liabilities and contingent liabilities",-192720
"General Government Net Worth, Gross and Net Debt ESA 2010",2014Q3,General Government: changes in net worth - Opening net worth,-61097
"General Government Net Worth, Gross and Net Debt ESA 2010",2014Q3,Change in net worth due to transactions,-2524
"General Government Net Worth, Gross and Net Debt ESA 2010",2014Q3,Change in net worth due to transactions - Net acquisition of non-financial assets - ESA2010 Code (P5 +NP - P51c),-113
"General Government Net Worth, Gross and Net Debt ESA 2010",2014Q3,Change in net worth due to transactions - Net lending/net borrowing - ESA2010 Code (B9),-2412
"General Government Net Worth, Gross and Net Debt ESA 2010",2014Q3,Change in net worth due to other economic flows - ESA2010 Code (Kx),-1686
"General Government Net Worth, Gross and Net Debt ESA 2010",2014Q3,Change in net worth due to other economic flows - Other changes in non-financial assets,1112
"General Government Net Worth, Gross and Net Debt ESA 2010",2014Q3,Change in net worth due to other economic flows - Other changes in financial assets,1185
"General Government Net Worth, Gross and Net Debt ESA 2010",2014Q3,Change in net worth due to other economic flows - Other changes in liabilities,-3983
"General Government Net Worth, Gross and Net Debt ESA 2010",2014Q3,Closing net worth,-65308
"General Government Net Worth, Gross and Net Debt ESA 2010",2014Q3,General Government Debt (GGDebt) - Debt instrument liabilities at market value - ESA2010 Code (F2 + F3 + F4),235134
"General Government Net Worth, Gross and Net Debt ESA 2010",2014Q3,General Government Debt (GGDebt) - Difference between EDP face value and market value,-26908
"General Government Net Worth, Gross and Net Debt ESA 2010",2014Q3,Gross General Government Debt (EDP face value) - Gross General Government Debt - ESA2010 Code (GGDebt),208225
"General Government Net Worth, Gross and Net Debt ESA 2010",2014Q3,Gross General Government Debt (EDP face value) - EDP debt instrument assets - ESA2010 Code (F2 + F3 + F4),-41766
"General Government Net Worth, Gross and Net Debt ESA 2010",2014Q3,Gross General Government Debt (EDP face value) - Net General Government Debt - ESA2010 Code (GGNetDebt),166460
"General Government Net Worth, Gross and Net Debt ESA 2010",2014Q4,"General Government net worth - Net Worth at market value, excluding pension liabilities - ESA2010 Code (NW)",-64990
"General Government Net Worth, Gross and Net Debt ESA 2010",2014Q4,General Government net worth - Non-financial assets at market value - ESA2010 Code (NFA),98883
"General Government Net Worth, Gross and Net Debt ESA 2010",2014Q4,"General Government net worth - Financial net worth at market value, excluding pension liabilities - ESA2010 Code (FNW)",-163873
"General Government Net Worth, Gross and Net Debt ESA 2010",2014Q4,"Financial net worth at market value, excluding pension liabilities - Financial assets at market value - ESA2010 Code (FA)",82553
"General Government Net Worth, Gross and Net Debt ESA 2010",2014Q4,"Financial net worth at market value, excluding pension liabilities - EDP debt instruments (Asset) - ESA2010 Code (F2 + F3 + F4)",34867
"General Government Net Worth, Gross and Net Debt ESA 2010",2014Q4,"Financial net worth at market value, excluding pension liabilities - Equity and Investment Fund Shares (Asset) - ESA2010 Code (F5)",37925
"General Government Net Worth, Gross and Net Debt ESA 2010",2014Q4,"Financial net worth at market value, excluding pension liabilities - Other financial assets - ESA2010 Code (F6 + F7 + F8)",9761
"General Government Net Worth, Gross and Net Debt ESA 2010",2014Q4,"Financial net worth at market value, excluding pension liabilities - Liabilities at market value - ESA2010 Code (L)",246425
"General Government Net Worth, Gross and Net Debt ESA 2010",2014Q4,"Financial net worth at market value, excluding pension liabilities - EDP debt instruments (Liability) - ESA2010 Code (F2 + F3 + F4)",236949
"General Government Net Worth, Gross and Net Debt ESA 2010",2014Q4,"Financial net worth at market value, excluding pension liabilities - Other liabilities - ESA2010 Code (F5 + F6 + F7 + F8)",9477
"General Government Net Worth, Gross and Net Debt ESA 2010",2014Q4,Estimated pension liabilities of government,109800
"General Government Net Worth, Gross and Net Debt ESA 2010",2014Q4,"Net worth, including pension liabilities",-174790
"General Government Net Worth, Gross and Net Debt ESA 2010",2014Q4,Contingent liabilities,29412
"General Government Net Worth, Gross and Net Debt ESA 2010",2014Q4,"Net worth, including pension liabilities and contingent liabilities",-204202
"General Government Net Worth, Gross and Net Debt ESA 2010",2014Q4,General Government: changes in net worth - Opening net worth,-65308
"General Government Net Worth, Gross and Net Debt ESA 2010",2014Q4,Change in net worth due to transactions,-44
"General Government Net Worth, Gross and Net Debt ESA 2010",2014Q4,Change in net worth due to transactions - Net acquisition of non-financial assets - ESA2010 Code (P5 +NP - P51c),516
"General Government Net Worth, Gross and Net Debt ESA 2010",2014Q4,Change in net worth due to transactions - Net lending/net borrowing - ESA2010 Code (B9),-560
"General Government Net Worth, Gross and Net Debt ESA 2010",2014Q4,Change in net worth due to other economic flows - ESA2010 Code (Kx),363
"General Government Net Worth, Gross and Net Debt ESA 2010",2014Q4,Change in net worth due to other economic flows - Other changes in non-financial assets,1112
"General Government Net Worth, Gross and Net Debt ESA 2010",2014Q4,Change in net worth due to other economic flows - Other changes in financial assets,5853
"General Government Net Worth, Gross and Net Debt ESA 2010",2014Q4,Change in net worth due to other economic flows - Other changes in liabilities,-6602
"General Government Net Worth, Gross and Net Debt ESA 2010",2014Q4,Closing net worth,-64990
"General Government Net Worth, Gross and Net Debt ESA 2010",2014Q4,General Government Debt (GGDebt) - Debt instrument liabilities at market value - ESA2010 Code (F2 + F3 + F4),236949
"General Government Net Worth, Gross and Net Debt ESA 2010",2014Q4,General Government Debt (GGDebt) - Difference between EDP face value and market value,-33571
"General Government Net Worth, Gross and Net Debt ESA 2010",2014Q4,Gross General Government Debt (EDP face value) - Gross General Government Debt - ESA2010 Code (GGDebt),203378
"General Government Net Worth, Gross and Net Debt ESA 2010",2014Q4,Gross General Government Debt (EDP face value) - EDP debt instrument assets - ESA2010 Code (F2 + F3 + F4),-34867
"General Government Net Worth, Gross and Net Debt ESA 2010",2014Q4,Gross General Government Debt (EDP face value) - Net General Government Debt - ESA2010 Code (GGNetDebt),168512
"General Government Net Worth, Gross and Net Debt ESA 2010",2015Q1,"General Government net worth - Net Worth at market value, excluding pension liabilities - ESA2010 Code (NW)",-62074
"General Government Net Worth, Gross and Net Debt ESA 2010",2015Q1,General Government net worth - Non-financial assets at market value - ESA2010 Code (NFA),100428
"General Government Net Worth, Gross and Net Debt ESA 2010",2015Q1,"General Government net worth - Financial net worth at market value, excluding pension liabilities - ESA2010 Code (FNW)",-162501
"General Government Net Worth, Gross and Net Debt ESA 2010",2015Q1,"Financial net worth at market value, excluding pension liabilities - Financial assets at market value - ESA2010 Code (FA)",87736
"General Government Net Worth, Gross and Net Debt ESA 2010",2015Q1,"Financial net worth at market value, excluding pension liabilities - EDP debt instruments (Asset) - ESA2010 Code (F2 + F3 + F4)",34484
"General Government Net Worth, Gross and Net Debt ESA 2010",2015Q1,"Financial net worth at market value, excluding pension liabilities - Equity and Investment Fund Shares (Asset) - ESA2010 Code (F5)",43889
"General Government Net Worth, Gross and Net Debt ESA 2010",2015Q1,"Financial net worth at market value, excluding pension liabilities - Other financial assets - ESA2010 Code (F6 + F7 + F8)",9364
"General Government Net Worth, Gross and Net Debt ESA 2010",2015Q1,"Financial net worth at market value, excluding pension liabilities - Liabilities at market value - ESA2010 Code (L)",250237
"General Government Net Worth, Gross and Net Debt ESA 2010",2015Q1,"Financial net worth at market value, excluding pension liabilities - EDP debt instruments (Liability) - ESA2010 Code (F2 + F3 + F4)",239720
"General Government Net Worth, Gross and Net Debt ESA 2010",2015Q1,"Financial net worth at market value, excluding pension liabilities - Other liabilities - ESA2010 Code (F5 + F6 + F7 + F8)",10517
"General Government Net Worth, Gross and Net Debt ESA 2010",2015Q1,Estimated pension liabilities of government,109800
"General Government Net Worth, Gross and Net Debt ESA 2010",2015Q1,"Net worth, including pension liabilities",-171874
"General Government Net Worth, Gross and Net Debt ESA 2010",2015Q1,Contingent liabilities,15955
"General Government Net Worth, Gross and Net Debt ESA 2010",2015Q1,"Net worth, including pension liabilities and contingent liabilities",-187829
"General Government Net Worth, Gross and Net Debt ESA 2010",2015Q1,General Government: changes in net worth - Opening net worth,-64990
"General Government Net Worth, Gross and Net Debt ESA 2010",2015Q1,Change in net worth due to transactions,-1179
"General Government Net Worth, Gross and Net Debt ESA 2010",2015Q1,Change in net worth due to transactions - Net acquisition of non-financial assets - ESA2010 Code (P5 +NP - P51c),328
"General Government Net Worth, Gross and Net Debt ESA 2010",2015Q1,Change in net worth due to transactions - Net lending/net borrowing - ESA2010 Code (B9),-1507
"General Government Net Worth, Gross and Net Debt ESA 2010",2015Q1,Change in net worth due to other economic flows - ESA2010 Code (Kx),4095
"General Government Net Worth, Gross and Net Debt ESA 2010",2015Q1,Change in net worth due to other economic flows - Other changes in non-financial assets,1217
"General Government Net Worth, Gross and Net Debt ESA 2010",2015Q1,Change in net worth due to other economic flows - Other changes in financial assets,7782
"General Government Net Worth, Gross and Net Debt ESA 2010",2015Q1,Change in net worth due to other economic flows - Other changes in liabilities,-4904
"General Government Net Worth, Gross and Net Debt ESA 2010",2015Q1,Closing net worth,-62074
"General Government Net Worth, Gross and Net Debt ESA 2010",2015Q1,General Government Debt (GGDebt) - Debt instrument liabilities at market value - ESA2010 Code (F2 + F3 + F4),239720
"General Government Net Worth, Gross and Net Debt ESA 2010",2015Q1,General Government Debt (GGDebt) - Difference between EDP face value and market value,-36128
"General Government Net Worth, Gross and Net Debt ESA 2010",2015Q1,Gross General Government Debt (EDP face value) - Gross General Government Debt - ESA2010 Code (GGDebt),203593
"General Government Net Worth, Gross and Net Debt ESA 2010",2015Q1,Gross General Government Debt (EDP face value) - EDP debt instrument assets - ESA2010 Code (F2 + F3 + F4),-34484
"General Government Net Worth, Gross and Net Debt ESA 2010",2015Q1,Gross General Government Debt (EDP face value) - Net General Government Debt - ESA2010 Code (GGNetDebt),169109
"General Government Net Worth, Gross and Net Debt ESA 2010",2015Q2,"General Government net worth - Net Worth at market value, excluding pension liabilities - ESA2010 Code (NW)",-58746
"General Government Net Worth, Gross and Net Debt ESA 2010",2015Q2,General Government net worth - Non-financial assets at market value - ESA2010 Code (NFA),101895
"General Government Net Worth, Gross and Net Debt ESA 2010",2015Q2,"General Government net worth - Financial net worth at market value, excluding pension liabilities - ESA2010 Code (FNW)",-160641
"General Government Net Worth, Gross and Net Debt ESA 2010",2015Q2,"Financial net worth at market value, excluding pension liabilities - Financial assets at market value - ESA2010 Code (FA)",82936
"General Government Net Worth, Gross and Net Debt ESA 2010",2015Q2,"Financial net worth at market value, excluding pension liabilities - EDP debt instruments (Asset) - ESA2010 Code (F2 + F3 + F4)",36349
"General Government Net Worth, Gross and Net Debt ESA 2010",2015Q2,"Financial net worth at market value, excluding pension liabilities - Equity and Investment Fund Shares (Asset) - ESA2010 Code (F5)",37630
"General Government Net Worth, Gross and Net Debt ESA 2010",2015Q2,"Financial net worth at market value, excluding pension liabilities - Other financial assets - ESA2010 Code (F6 + F7 + F8)",8956
"General Government Net Worth, Gross and Net Debt ESA 2010",2015Q2,"Financial net worth at market value, excluding pension liabilities - Liabilities at market value - ESA2010 Code (L)",243576
"General Government Net Worth, Gross and Net Debt ESA 2010",2015Q2,"Financial net worth at market value, excluding pension liabilities - EDP debt instruments (Liability) - ESA2010 Code (F2 + F3 + F4)",232879
"General Government Net Worth, Gross and Net Debt ESA 2010",2015Q2,"Financial net worth at market value, excluding pension liabilities - Other liabilities - ESA2010 Code (F5 + F6 + F7 + F8)",10698
"General Government Net Worth, Gross and Net Debt ESA 2010",2015Q2,Estimated pension liabilities of government,109800
"General Government Net Worth, Gross and Net Debt ESA 2010",2015Q2,"Net worth, including pension liabilities",-168546
"General Government Net Worth, Gross and Net Debt ESA 2010",2015Q2,Contingent liabilities,15955
"General Government Net Worth, Gross and Net Debt ESA 2010",2015Q2,"Net worth, including pension liabilities and contingent liabilities",-184501
"General Government Net Worth, Gross and Net Debt ESA 2010",2015Q2,General Government: changes in net worth - Opening net worth,-62074
"General Government Net Worth, Gross and Net Debt ESA 2010",2015Q2,Change in net worth due to transactions,252
"General Government Net Worth, Gross and Net Debt ESA 2010",2015Q2,Change in net worth due to transactions - Net acquisition of non-financial assets - ESA2010 Code (P5 +NP - P51c),250
"General Government Net Worth, Gross and Net Debt ESA 2010",2015Q2,Change in net worth due to transactions - Net lending/net borrowing - ESA2010 Code (B9),1
"General Government Net Worth, Gross and Net Debt ESA 2010",2015Q2,Change in net worth due to other economic flows - ESA2010 Code (Kx),3076
"General Government Net Worth, Gross and Net Debt ESA 2010",2015Q2,Change in net worth due to other economic flows - Other changes in non-financial assets,1217
"General Government Net Worth, Gross and Net Debt ESA 2010",2015Q2,Change in net worth due to other economic flows - Other changes in financial assets,-5255
"General Government Net Worth, Gross and Net Debt ESA 2010",2015Q2,Change in net worth due to other economic flows - Other changes in liabilities,7114
"General Government Net Worth, Gross and Net Debt ESA 2010",2015Q2,Closing net worth,-58745
"General Government Net Worth, Gross and Net Debt ESA 2010",2015Q2,General Government Debt (GGDebt) - Debt instrument liabilities at market value - ESA2010 Code (F2 + F3 + F4),232879
"General Government Net Worth, Gross and Net Debt ESA 2010",2015Q2,General Government Debt (GGDebt) - Difference between EDP face value and market value,-28764
"General Government Net Worth, Gross and Net Debt ESA 2010",2015Q2,Gross General Government Debt (EDP face value) - Gross General Government Debt - ESA2010 Code (GGDebt),204115
"General Government Net Worth, Gross and Net Debt ESA 2010",2015Q2,Gross General Government Debt (EDP face value) - EDP debt instrument assets - ESA2010 Code (F2 + F3 + F4),-36349
"General Government Net Worth, Gross and Net Debt ESA 2010",2015Q2,Gross General Government Debt (EDP face value) - Net General Government Debt - ESA2010 Code (GGNetDebt),167766
"General Government Net Worth, Gross and Net Debt ESA 2010",2015Q3,"General Government net worth - Net Worth at market value, excluding pension liabilities - ESA2010 Code (NW)",-58574
"General Government Net Worth, Gross and Net Debt ESA 2010",2015Q3,General Government net worth - Non-financial assets at market value - ESA2010 Code (NFA),103247
"General Government Net Worth, Gross and Net Debt ESA 2010",2015Q3,"General Government net worth - Financial net worth at market value, excluding pension liabilities - ESA2010 Code (FNW)",-161821
"General Government Net Worth, Gross and Net Debt ESA 2010",2015Q3,"Financial net worth at market value, excluding pension liabilities - Financial assets at market value - ESA2010 Code (FA)",83914
"General Government Net Worth, Gross and Net Debt ESA 2010",2015Q3,"Financial net worth at market value, excluding pension liabilities - EDP debt instruments (Asset) - ESA2010 Code (F2 + F3 + F4)",36572
"General Government Net Worth, Gross and Net Debt ESA 2010",2015Q3,"Financial net worth at market value, excluding pension liabilities - Equity and Investment Fund Shares (Asset) - ESA2010 Code (F5)",38659
"General Government Net Worth, Gross and Net Debt ESA 2010",2015Q3,"Financial net worth at market value, excluding pension liabilities - Other financial assets - ESA2010 Code (F6 + F7 + F8)",8683
"General Government Net Worth, Gross and Net Debt ESA 2010",2015Q3,"Financial net worth at market value, excluding pension liabilities - Liabilities at market value - ESA2010 Code (L)",245735
"General Government Net Worth, Gross and Net Debt ESA 2010",2015Q3,"Financial net worth at market value, excluding pension liabilities - EDP debt instruments (Liability) - ESA2010 Code (F2 + F3 + F4)",234928
"General Government Net Worth, Gross and Net Debt ESA 2010",2015Q3,"Financial net worth at market value, excluding pension liabilities - Other liabilities - ESA2010 Code (F5 + F6 + F7 + F8)",10807
"General Government Net Worth, Gross and Net Debt ESA 2010",2015Q3,Estimated pension liabilities of government,109800
"General Government Net Worth, Gross and Net Debt ESA 2010",2015Q3,"Net worth, including pension liabilities",-168374
"General Government Net Worth, Gross and Net Debt ESA 2010",2015Q3,Contingent liabilities,15955
"General Government Net Worth, Gross and Net Debt ESA 2010",2015Q3,"Net worth, including pension liabilities and contingent liabilities",-184329
"General Government Net Worth, Gross and Net Debt ESA 2010",2015Q3,General Government: changes in net worth - Opening net worth,-58745
"General Government Net Worth, Gross and Net Debt ESA 2010",2015Q3,Change in net worth due to transactions,-483
"General Government Net Worth, Gross and Net Debt ESA 2010",2015Q3,Change in net worth due to transactions - Net acquisition of non-financial assets - ESA2010 Code (P5 +NP - P51c),135
"General Government Net Worth, Gross and Net Debt ESA 2010",2015Q3,Change in net worth due to transactions - Net lending/net borrowing - ESA2010 Code (B9),-618
"General Government Net Worth, Gross and Net Debt ESA 2010",2015Q3,Change in net worth due to other economic flows - ESA2010 Code (Kx),655
"General Government Net Worth, Gross and Net Debt ESA 2010",2015Q3,Change in net worth due to other economic flows - Other changes in non-financial assets,1217
"General Government Net Worth, Gross and Net Debt ESA 2010",2015Q3,Change in net worth due to other economic flows - Other changes in financial assets,986
"General Government Net Worth, Gross and Net Debt ESA 2010",2015Q3,Change in net worth due to other economic flows - Other changes in liabilities,-1549
"General Government Net Worth, Gross and Net Debt ESA 2010",2015Q3,Closing net worth,-58574
"General Government Net Worth, Gross and Net Debt ESA 2010",2015Q3,General Government Debt (GGDebt) - Debt instrument liabilities at market value - ESA2010 Code (F2 + F3 + F4),234928
"General Government Net Worth, Gross and Net Debt ESA 2010",2015Q3,General Government Debt (GGDebt) - Difference between EDP face value and market value,-31350
"General Government Net Worth, Gross and Net Debt ESA 2010",2015Q3,Gross General Government Debt (EDP face value) - Gross General Government Debt - ESA2010 Code (GGDebt),203577
"General Government Net Worth, Gross and Net Debt ESA 2010",2015Q3,Gross General Government Debt (EDP face value) - EDP debt instrument assets - ESA2010 Code (F2 + F3 + F4),-36572
"General Government Net Worth, Gross and Net Debt ESA 2010",2015Q3,Gross General Government Debt (EDP face value) - Net General Government Debt - ESA2010 Code (GGNetDebt),167005
"General Government Net Worth, Gross and Net Debt ESA 2010",2015Q4,"General Government net worth - Net Worth at market value, excluding pension liabilities - ESA2010 Code (NW)",-56692
"General Government Net Worth, Gross and Net Debt ESA 2010",2015Q4,General Government net worth - Non-financial assets at market value - ESA2010 Code (NFA),104752
"General Government Net Worth, Gross and Net Debt ESA 2010",2015Q4,"General Government net worth - Financial net worth at market value, excluding pension liabilities - ESA2010 Code (FNW)",-161444
"General Government Net Worth, Gross and Net Debt ESA 2010",2015Q4,"Financial net worth at market value, excluding pension liabilities - Financial assets at market value - ESA2010 Code (FA)",83069
"General Government Net Worth, Gross and Net Debt ESA 2010",2015Q4,"Financial net worth at market value, excluding pension liabilities - EDP debt instruments (Asset) - ESA2010 Code (F2 + F3 + F4)",28056
"General Government Net Worth, Gross and Net Debt ESA 2010",2015Q4,"Financial net worth at market value, excluding pension liabilities - Equity and Investment Fund Shares (Asset) - ESA2010 Code (F5)",44947
"General Government Net Worth, Gross and Net Debt ESA 2010",2015Q4,"Financial net worth at market value, excluding pension liabilities - Other financial assets - ESA2010 Code (F6 + F7 + F8)",10066
"General Government Net Worth, Gross and Net Debt ESA 2010",2015Q4,"Financial net worth at market value, excluding pension liabilities - Liabilities at market value - ESA2010 Code (L)",244513
"General Government Net Worth, Gross and Net Debt ESA 2010",2015Q4,"Financial net worth at market value, excluding pension liabilities - EDP debt instruments (Liability) - ESA2010 Code (F2 + F3 + F4)",233755
"General Government Net Worth, Gross and Net Debt ESA 2010",2015Q4,"Financial net worth at market value, excluding pension liabilities - Other liabilities - ESA2010 Code (F5 + F6 + F7 + F8)",10758
"General Government Net Worth, Gross and Net Debt ESA 2010",2015Q4,Estimated pension liabilities of government,114500
"General Government Net Worth, Gross and Net Debt ESA 2010",2015Q4,"Net worth, including pension liabilities",-171192
"General Government Net Worth, Gross and Net Debt ESA 2010",2015Q4,Contingent liabilities,15955
"General Government Net Worth, Gross and Net Debt ESA 2010",2015Q4,"Net worth, including pension liabilities and contingent liabilities",-187147
"General Government Net Worth, Gross and Net Debt ESA 2010",2015Q4,General Government: changes in net worth - Opening net worth,-58574
"General Government Net Worth, Gross and Net Debt ESA 2010",2015Q4,Change in net worth due to transactions,-3513
"General Government Net Worth, Gross and Net Debt ESA 2010",2015Q4,Change in net worth due to transactions - Net acquisition of non-financial assets - ESA2010 Code (P5 +NP - P51c),288
"General Government Net Worth, Gross and Net Debt ESA 2010",2015Q4,Change in net worth due to transactions - Net lending/net borrowing - ESA2010 Code (B9),-3801
"General Government Net Worth, Gross and Net Debt ESA 2010",2015Q4,Change in net worth due to other economic flows - ESA2010 Code (Kx),5396
"General Government Net Worth, Gross and Net Debt ESA 2010",2015Q4,Change in net worth due to other economic flows - Other changes in non-financial assets,1217
"General Government Net Worth, Gross and Net Debt ESA 2010",2015Q4,Change in net worth due to other economic flows - Other changes in financial assets,5417
"General Government Net Worth, Gross and Net Debt ESA 2010",2015Q4,Change in net worth due to other economic flows - Other changes in liabilities,-1238
"General Government Net Worth, Gross and Net Debt ESA 2010",2015Q4,Closing net worth,-56691
"General Government Net Worth, Gross and Net Debt ESA 2010",2015Q4,General Government Debt (GGDebt) - Debt instrument liabilities at market value - ESA2010 Code (F2 + F3 + F4),233755
"General Government Net Worth, Gross and Net Debt ESA 2010",2015Q4,General Government Debt (GGDebt) - Difference between EDP face value and market value,-32180
"General Government Net Worth, Gross and Net Debt ESA 2010",2015Q4,Gross General Government Debt (EDP face value) - Gross General Government Debt - ESA2010 Code (GGDebt),201575
"General Government Net Worth, Gross and Net Debt ESA 2010",2015Q4,Gross General Government Debt (EDP face value) - EDP debt instrument assets - ESA2010 Code (F2 + F3 + F4),-28056
"General Government Net Worth, Gross and Net Debt ESA 2010",2015Q4,Gross General Government Debt (EDP face value) - Net General Government Debt - ESA2010 Code (GGNetDebt),173519
"General Government Net Worth, Gross and Net Debt ESA 2010",2016Q1,"General Government net worth - Net Worth at market value, excluding pension liabilities - ESA2010 Code (NW)",-56865
"General Government Net Worth, Gross and Net Debt ESA 2010",2016Q1,General Government net worth - Non-financial assets at market value - ESA2010 Code (NFA),106316
"General Government Net Worth, Gross and Net Debt ESA 2010",2016Q1,"General Government net worth - Financial net worth at market value, excluding pension liabilities - ESA2010 Code (FNW)",-163181
"General Government Net Worth, Gross and Net Debt ESA 2010",2016Q1,"Financial net worth at market value, excluding pension liabilities - Financial assets at market value - ESA2010 Code (FA)",87838
"General Government Net Worth, Gross and Net Debt ESA 2010",2016Q1,"Financial net worth at market value, excluding pension liabilities - EDP debt instruments (Asset) - ESA2010 Code (F2 + F3 + F4)",32009
"General Government Net Worth, Gross and Net Debt ESA 2010",2016Q1,"Financial net worth at market value, excluding pension liabilities - Equity and Investment Fund Shares (Asset) - ESA2010 Code (F5)",47148
"General Government Net Worth, Gross and Net Debt ESA 2010",2016Q1,"Financial net worth at market value, excluding pension liabilities - Other financial assets - ESA2010 Code (F6 + F7 + F8)",8681
"General Government Net Worth, Gross and Net Debt ESA 2010",2016Q1,"Financial net worth at market value, excluding pension liabilities - Liabilities at market value - ESA2010 Code (L)",251019
"General Government Net Worth, Gross and Net Debt ESA 2010",2016Q1,"Financial net worth at market value, excluding pension liabilities - EDP debt instruments (Liability) - ESA2010 Code (F2 + F3 + F4)",239942
"General Government Net Worth, Gross and Net Debt ESA 2010",2016Q1,"Financial net worth at market value, excluding pension liabilities - Other liabilities - ESA2010 Code (F5 + F6 + F7 + F8)",11077
"General Government Net Worth, Gross and Net Debt ESA 2010",2016Q1,Estimated pension liabilities of government,114500
"General Government Net Worth, Gross and Net Debt ESA 2010",2016Q1,"Net worth, including pension liabilities",-171365
"General Government Net Worth, Gross and Net Debt ESA 2010",2016Q1,Contingent liabilities,9751
"General Government Net Worth, Gross and Net Debt ESA 2010",2016Q1,"Net worth, including pension liabilities and contingent liabilities",-181116
"General Government Net Worth, Gross and Net Debt ESA 2010",2016Q1,General Government: changes in net worth - Opening net worth,-56691
"General Government Net Worth, Gross and Net Debt ESA 2010",2016Q1,Change in net worth due to transactions,-781
"General Government Net Worth, Gross and Net Debt ESA 2010",2016Q1,Change in net worth due to transactions - Net acquisition of non-financial assets - ESA2010 Code (P5 +NP - P51c),270
"General Government Net Worth, Gross and Net Debt ESA 2010",2016Q1,Change in net worth due to transactions - Net lending/net borrowing - ESA2010 Code (B9),-1051
"General Government Net Worth, Gross and Net Debt ESA 2010",2016Q1,Change in net worth due to other economic flows - ESA2010 Code (Kx),608
"General Government Net Worth, Gross and Net Debt ESA 2010",2016Q1,Change in net worth due to other economic flows - Other changes in non-financial assets,1294
"General Government Net Worth, Gross and Net Debt ESA 2010",2016Q1,Change in net worth due to other economic flows - Other changes in financial assets,904
"General Government Net Worth, Gross and Net Debt ESA 2010",2016Q1,Change in net worth due to other economic flows - Other changes in liabilities,-1591
"General Government Net Worth, Gross and Net Debt ESA 2010",2016Q1,Closing net worth,-56865
"General Government Net Worth, Gross and Net Debt ESA 2010",2016Q1,General Government Debt (GGDebt) - Debt instrument liabilities at market value - ESA2010 Code (F2 + F3 + F4),239942
"General Government Net Worth, Gross and Net Debt ESA 2010",2016Q1,General Government Debt (GGDebt) - Difference between EDP face value and market value,-32830
"General Government Net Worth, Gross and Net Debt ESA 2010",2016Q1,Gross General Government Debt (EDP face value) - Gross General Government Debt - ESA2010 Code (GGDebt),207112
"General Government Net Worth, Gross and Net Debt ESA 2010",2016Q1,Gross General Government Debt (EDP face value) - EDP debt instrument assets - ESA2010 Code (F2 + F3 + F4),-32009
"General Government Net Worth, Gross and Net Debt ESA 2010",2016Q1,Gross General Government Debt (EDP face value) - Net General Government Debt - ESA2010 Code (GGNetDebt),175103
"General Government Net Worth, Gross and Net Debt ESA 2010",2016Q2,"General Government net worth - Net Worth at market value, excluding pension liabilities - ESA2010 Code (NW)",-55629
"General Government Net Worth, Gross and Net Debt ESA 2010",2016Q2,General Government net worth - Non-financial assets at market value - ESA2010 Code (NFA),108080
"General Government Net Worth, Gross and Net Debt ESA 2010",2016Q2,"General Government net worth - Financial net worth at market value, excluding pension liabilities - ESA2010 Code (FNW)",-163709
"General Government Net Worth, Gross and Net Debt ESA 2010",2016Q2,"Financial net worth at market value, excluding pension liabilities - Financial assets at market value - ESA2010 Code (FA)",80473
"General Government Net Worth, Gross and Net Debt ESA 2010",2016Q2,"Financial net worth at market value, excluding pension liabilities - EDP debt instruments (Asset) - ESA2010 Code (F2 + F3 + F4)",25920
"General Government Net Worth, Gross and Net Debt ESA 2010",2016Q2,"Financial net worth at market value, excluding pension liabilities - Equity and Investment Fund Shares (Asset) - ESA2010 Code (F5)",46114
"General Government Net Worth, Gross and Net Debt ESA 2010",2016Q2,"Financial net worth at market value, excluding pension liabilities - Other financial assets - ESA2010 Code (F6 + F7 + F8)",8440
"General Government Net Worth, Gross and Net Debt ESA 2010",2016Q2,"Financial net worth at market value, excluding pension liabilities - Liabilities at market value - ESA2010 Code (L)",244183
"General Government Net Worth, Gross and Net Debt ESA 2010",2016Q2,"Financial net worth at market value, excluding pension liabilities - EDP debt instruments (Liability) - ESA2010 Code (F2 + F3 + F4)",233281
"General Government Net Worth, Gross and Net Debt ESA 2010",2016Q2,"Financial net worth at market value, excluding pension liabilities - Other liabilities - ESA2010 Code (F5 + F6 + F7 + F8)",10902
"General Government Net Worth, Gross and Net Debt ESA 2010",2016Q2,Estimated pension liabilities of government,114500
"General Government Net Worth, Gross and Net Debt ESA 2010",2016Q2,"Net worth, including pension liabilities",-170129
"General Government Net Worth, Gross and Net Debt ESA 2010",2016Q2,Contingent liabilities,9751
"General Government Net Worth, Gross and Net Debt ESA 2010",2016Q2,"Net worth, including pension liabilities and contingent liabilities",-179880
"General Government Net Worth, Gross and Net Debt ESA 2010",2016Q2,General Government: changes in net worth - Opening net worth,-56865
"General Government Net Worth, Gross and Net Debt ESA 2010",2016Q2,Change in net worth due to transactions,-312
"General Government Net Worth, Gross and Net Debt ESA 2010",2016Q2,Change in net worth due to transactions - Net acquisition of non-financial assets - ESA2010 Code (P5 +NP - P51c),470
"General Government Net Worth, Gross and Net Debt ESA 2010",2016Q2,Change in net worth due to transactions - Net lending/net borrowing - ESA2010 Code (B9),-782
"General Government Net Worth, Gross and Net Debt ESA 2010",2016Q2,Change in net worth due to other economic flows - ESA2010 Code (Kx),1549
"General Government Net Worth, Gross and Net Debt ESA 2010",2016Q2,Change in net worth due to other economic flows - Other changes in non-financial assets,1294
"General Government Net Worth, Gross and Net Debt ESA 2010",2016Q2,Change in net worth due to other economic flows - Other changes in financial assets,568
"General Government Net Worth, Gross and Net Debt ESA 2010",2016Q2,Change in net worth due to other economic flows - Other changes in liabilities,-313
"General Government Net Worth, Gross and Net Debt ESA 2010",2016Q2,Closing net worth,-55629
"General Government Net Worth, Gross and Net Debt ESA 2010",2016Q2,General Government Debt (GGDebt) - Debt instrument liabilities at market value - ESA2010 Code (F2 + F3 + F4),233281
"General Government Net Worth, Gross and Net Debt ESA 2010",2016Q2,General Government Debt (GGDebt) - Difference between EDP face value and market value,-32983
"General Government Net Worth, Gross and Net Debt ESA 2010",2016Q2,Gross General Government Debt (EDP face value) - Gross General Government Debt - ESA2010 Code (GGDebt),200298
"General Government Net Worth, Gross and Net Debt ESA 2010",2016Q2,Gross General Government Debt (EDP face value) - EDP debt instrument assets - ESA2010 Code (F2 + F3 + F4),-25920
"General Government Net Worth, Gross and Net Debt ESA 2010",2016Q2,Gross General Government Debt (EDP face value) - Net General Government Debt - ESA2010 Code (GGNetDebt),174378
"General Government Net Worth, Gross and Net Debt ESA 2010",2016Q3,"General Government net worth - Net Worth at market value, excluding pension liabilities - ESA2010 Code (NW)",-55963
"General Government Net Worth, Gross and Net Debt ESA 2010",2016Q3,General Government net worth - Non-financial assets at market value - ESA2010 Code (NFA),109719
"General Government Net Worth, Gross and Net Debt ESA 2010",2016Q3,"General Government net worth - Financial net worth at market value, excluding pension liabilities - ESA2010 Code (FNW)",-165682
"General Government Net Worth, Gross and Net Debt ESA 2010",2016Q3,"Financial net worth at market value, excluding pension liabilities - Financial assets at market value - ESA2010 Code (FA)",81489
"General Government Net Worth, Gross and Net Debt ESA 2010",2016Q3,"Financial net worth at market value, excluding pension liabilities - EDP debt instruments (Asset) - ESA2010 Code (F2 + F3 + F4)",27057
"General Government Net Worth, Gross and Net Debt ESA 2010",2016Q3,"Financial net worth at market value, excluding pension liabilities - Equity and Investment Fund Shares (Asset) - ESA2010 Code (F5)",46236
"General Government Net Worth, Gross and Net Debt ESA 2010",2016Q3,"Financial net worth at market value, excluding pension liabilities - Other financial assets - ESA2010 Code (F6 + F7 + F8)",8195
"General Government Net Worth, Gross and Net Debt ESA 2010",2016Q3,"Financial net worth at market value, excluding pension liabilities - Liabilities at market value - ESA2010 Code (L)",247170
"General Government Net Worth, Gross and Net Debt ESA 2010",2016Q3,"Financial net worth at market value, excluding pension liabilities - EDP debt instruments (Liability) - ESA2010 Code (F2 + F3 + F4)",236847
"General Government Net Worth, Gross and Net Debt ESA 2010",2016Q3,"Financial net worth at market value, excluding pension liabilities - Other liabilities - ESA2010 Code (F5 + F6 + F7 + F8)",10323
"General Government Net Worth, Gross and Net Debt ESA 2010",2016Q3,Estimated pension liabilities of government,114500
"General Government Net Worth, Gross and Net Debt ESA 2010",2016Q3,"Net worth, including pension liabilities",-170463
"General Government Net Worth, Gross and Net Debt ESA 2010",2016Q3,Contingent liabilities,9751
"General Government Net Worth, Gross and Net Debt ESA 2010",2016Q3,"Net worth, including pension liabilities and contingent liabilities",-180213
"General Government Net Worth, Gross and Net Debt ESA 2010",2016Q3,General Government: changes in net worth - Opening net worth,-55629
"General Government Net Worth, Gross and Net Debt ESA 2010",2016Q3,Change in net worth due to transactions,-238
"General Government Net Worth, Gross and Net Debt ESA 2010",2016Q3,Change in net worth due to transactions - Net acquisition of non-financial assets - ESA2010 Code (P5 +NP - P51c),345
"General Government Net Worth, Gross and Net Debt ESA 2010",2016Q3,Change in net worth due to transactions - Net lending/net borrowing - ESA2010 Code (B9),-583
"General Government Net Worth, Gross and Net Debt ESA 2010",2016Q3,Change in net worth due to other economic flows - ESA2010 Code (Kx),-96
"General Government Net Worth, Gross and Net Debt ESA 2010",2016Q3,Change in net worth due to other economic flows - Other changes in non-financial assets,1294
"General Government Net Worth, Gross and Net Debt ESA 2010",2016Q3,Change in net worth due to other economic flows - Other changes in financial assets,-323
"General Government Net Worth, Gross and Net Debt ESA 2010",2016Q3,Change in net worth due to other economic flows - Other changes in liabilities,-1067
"General Government Net Worth, Gross and Net Debt ESA 2010",2016Q3,Closing net worth,-55962
"General Government Net Worth, Gross and Net Debt ESA 2010",2016Q3,General Government Debt (GGDebt) - Debt instrument liabilities at market value - ESA2010 Code (F2 + F3 + F4),236847
"General Government Net Worth, Gross and Net Debt ESA 2010",2016Q3,General Government Debt (GGDebt) - Difference between EDP face value and market value,-34476
"General Government Net Worth, Gross and Net Debt ESA 2010",2016Q3,Gross General Government Debt (EDP face value) - Gross General Government Debt - ESA2010 Code (GGDebt),202371
"General Government Net Worth, Gross and Net Debt ESA 2010",2016Q3,Gross General Government Debt (EDP face value) - EDP debt instrument assets - ESA2010 Code (F2 + F3 + F4),-27057
"General Government Net Worth, Gross and Net Debt ESA 2010",2016Q3,Gross General Government Debt (EDP face value) - Net General Government Debt - ESA2010 Code (GGNetDebt),175314
"General Government Net Worth, Gross and Net Debt ESA 2010",2016Q4,"General Government net worth - Net Worth at market value, excluding pension liabilities - ESA2010 Code (NW)",-51416
"General Government Net Worth, Gross and Net Debt ESA 2010",2016Q4,General Government net worth - Non-financial assets at market value - ESA2010 Code (NFA),111439
"General Government Net Worth, Gross and Net Debt ESA 2010",2016Q4,"General Government net worth - Financial net worth at market value, excluding pension liabilities - ESA2010 Code (FNW)",-162855
"General Government Net Worth, Gross and Net Debt ESA 2010",2016Q4,"Financial net worth at market value, excluding pension liabilities - Financial assets at market value - ESA2010 Code (FA)",79043
"General Government Net Worth, Gross and Net Debt ESA 2010",2016Q4,"Financial net worth at market value, excluding pension liabilities - EDP debt instruments (Asset) - ESA2010 Code (F2 + F3 + F4)",23695
"General Government Net Worth, Gross and Net Debt ESA 2010",2016Q4,"Financial net worth at market value, excluding pension liabilities - Equity and Investment Fund Shares (Asset) - ESA2010 Code (F5)",45557
"General Government Net Worth, Gross and Net Debt ESA 2010",2016Q4,"Financial net worth at market value, excluding pension liabilities - Other financial assets - ESA2010 Code (F6 + F7 + F8)",9791
"General Government Net Worth, Gross and Net Debt ESA 2010",2016Q4,"Financial net worth at market value, excluding pension liabilities - Liabilities at market value - ESA2010 Code (L)",241898
"General Government Net Worth, Gross and Net Debt ESA 2010",2016Q4,"Financial net worth at market value, excluding pension liabilities - EDP debt instruments (Liability) - ESA2010 Code (F2 + F3 + F4)",231663
"General Government Net Worth, Gross and Net Debt ESA 2010",2016Q4,"Financial net worth at market value, excluding pension liabilities - Other liabilities - ESA2010 Code (F5 + F6 + F7 + F8)",10235
"General Government Net Worth, Gross and Net Debt ESA 2010",2016Q4,Estimated pension liabilities of government,114500
"General Government Net Worth, Gross and Net Debt ESA 2010",2016Q4,"Net worth, including pension liabilities",-165916
"General Government Net Worth, Gross and Net Debt ESA 2010",2016Q4,Contingent liabilities,9751
"General Government Net Worth, Gross and Net Debt ESA 2010",2016Q4,"Net worth, including pension liabilities and contingent liabilities",-175667
"General Government Net Worth, Gross and Net Debt ESA 2010",2016Q4,General Government: changes in net worth - Opening net worth,-55962
"General Government Net Worth, Gross and Net Debt ESA 2010",2016Q4,Change in net worth due to transactions,818
"General Government Net Worth, Gross and Net Debt ESA 2010",2016Q4,Change in net worth due to transactions - Net acquisition of non-financial assets - ESA2010 Code (P5 +NP - P51c),426
"General Government Net Worth, Gross and Net Debt ESA 2010",2016Q4,Change in net worth due to transactions - Net lending/net borrowing - ESA2010 Code (B9),392
"General Government Net Worth, Gross and Net Debt ESA 2010",2016Q4,Change in net worth due to other economic flows - ESA2010 Code (Kx),3728
"General Government Net Worth, Gross and Net Debt ESA 2010",2016Q4,Change in net worth due to other economic flows - Other changes in non-financial assets,1294
"General Government Net Worth, Gross and Net Debt ESA 2010",2016Q4,Change in net worth due to other economic flows - Other changes in financial assets,-456
"General Government Net Worth, Gross and Net Debt ESA 2010",2016Q4,Change in net worth due to other economic flows - Other changes in liabilities,2890
"General Government Net Worth, Gross and Net Debt ESA 2010",2016Q4,Closing net worth,-51416
"General Government Net Worth, Gross and Net Debt ESA 2010",2016Q4,General Government Debt (GGDebt) - Debt instrument liabilities at market value - ESA2010 Code (F2 + F3 + F4),231663
"General Government Net Worth, Gross and Net Debt ESA 2010",2016Q4,General Government Debt (GGDebt) - Difference between EDP face value and market value,-31106
"General Government Net Worth, Gross and Net Debt ESA 2010",2016Q4,Gross General Government Debt (EDP face value) - Gross General Government Debt - ESA2010 Code (GGDebt),200557
"General Government Net Worth, Gross and Net Debt ESA 2010",2016Q4,Gross General Government Debt (EDP face value) - EDP debt instrument assets - ESA2010 Code (F2 + F3 + F4),-23695
"General Government Net Worth, Gross and Net Debt ESA 2010",2016Q4,Gross General Government Debt (EDP face value) - Net General Government Debt - ESA2010 Code (GGNetDebt),176862
"General Government Net Worth, Gross and Net Debt ESA 2010",2017Q1,"General Government net worth - Net Worth at market value, excluding pension liabilities - ESA2010 Code (NW)",-50558
"General Government Net Worth, Gross and Net Debt ESA 2010",2017Q1,General Government net worth - Non-financial assets at market value - ESA2010 Code (NFA),113273
"General Government Net Worth, Gross and Net Debt ESA 2010",2017Q1,"General Government net worth - Financial net worth at market value, excluding pension liabilities - ESA2010 Code (FNW)",-163832
"General Government Net Worth, Gross and Net Debt ESA 2010",2017Q1,"Financial net worth at market value, excluding pension liabilities - Financial assets at market value - ESA2010 Code (FA)",82807
"General Government Net Worth, Gross and Net Debt ESA 2010",2017Q1,"Financial net worth at market value, excluding pension liabilities - EDP debt instruments (Asset) - ESA2010 Code (F2 + F3 + F4)",30707
"General Government Net Worth, Gross and Net Debt ESA 2010",2017Q1,"Financial net worth at market value, excluding pension liabilities - Equity and Investment Fund Shares (Asset) - ESA2010 Code (F5)",43983
"General Government Net Worth, Gross and Net Debt ESA 2010",2017Q1,"Financial net worth at market value, excluding pension liabilities - Other financial assets - ESA2010 Code (F6 + F7 + F8)",8117
"General Government Net Worth, Gross and Net Debt ESA 2010",2017Q1,"Financial net worth at market value, excluding pension liabilities - Liabilities at market value - ESA2010 Code (L)",246639
"General Government Net Worth, Gross and Net Debt ESA 2010",2017Q1,"Financial net worth at market value, excluding pension liabilities - EDP debt instruments (Liability) - ESA2010 Code (F2 + F3 + F4)",236527
"General Government Net Worth, Gross and Net Debt ESA 2010",2017Q1,"Financial net worth at market value, excluding pension liabilities - Other liabilities - ESA2010 Code (F5 + F6 + F7 + F8)",10112
"General Government Net Worth, Gross and Net Debt ESA 2010",2017Q1,Estimated pension liabilities of government,114500
"General Government Net Worth, Gross and Net Debt ESA 2010",2017Q1,"Net worth, including pension liabilities",-165058
"General Government Net Worth, Gross and Net Debt ESA 2010",2017Q1,Contingent liabilities,5315
"General Government Net Worth, Gross and Net Debt ESA 2010",2017Q1,"Net worth, including pension liabilities and contingent liabilities",-170373
"General Government Net Worth, Gross and Net Debt ESA 2010",2017Q1,General Government: changes in net worth - Opening net worth,-51416
"General Government Net Worth, Gross and Net Debt ESA 2010",2017Q1,Change in net worth due to transactions,-1589
"General Government Net Worth, Gross and Net Debt ESA 2010",2017Q1,Change in net worth due to transactions - Net acquisition of non-financial assets - ESA2010 Code (P5 +NP - P51c),519
"General Government Net Worth, Gross and Net Debt ESA 2010",2017Q1,Change in net worth due to transactions - Net lending/net borrowing - ESA2010 Code (B9),-2108
"General Government Net Worth, Gross and Net Debt ESA 2010",2017Q1,Change in net worth due to other economic flows - ESA2010 Code (Kx),2447
"General Government Net Worth, Gross and Net Debt ESA 2010",2017Q1,Change in net worth due to other economic flows - Other changes in non-financial assets,1315
"General Government Net Worth, Gross and Net Debt ESA 2010",2017Q1,Change in net worth due to other economic flows - Other changes in financial assets,-1538
"General Government Net Worth, Gross and Net Debt ESA 2010",2017Q1,Change in net worth due to other economic flows - Other changes in liabilities,2669
"General Government Net Worth, Gross and Net Debt ESA 2010",2017Q1,Closing net worth,-50558
"General Government Net Worth, Gross and Net Debt ESA 2010",2017Q1,General Government Debt (GGDebt) - Debt instrument liabilities at market value - ESA2010 Code (F2 + F3 + F4),236527
"General Government Net Worth, Gross and Net Debt ESA 2010",2017Q1,General Government Debt (GGDebt) - Difference between EDP face value and market value,-28001
"General Government Net Worth, Gross and Net Debt ESA 2010",2017Q1,Gross General Government Debt (EDP face value) - Gross General Government Debt - ESA2010 Code (GGDebt),208527
"General Government Net Worth, Gross and Net Debt ESA 2010",2017Q1,Gross General Government Debt (EDP face value) - EDP debt instrument assets - ESA2010 Code (F2 + F3 + F4),-30707
"General Government Net Worth, Gross and Net Debt ESA 2010",2017Q1,Gross General Government Debt (EDP face value) - Net General Government Debt - ESA2010 Code (GGNetDebt),177820
"General Government Net Worth, Gross and Net Debt ESA 2010",2017Q2,"General Government net worth - Net Worth at market value, excluding pension liabilities - ESA2010 Code (NW)",-46400
"General Government Net Worth, Gross and Net Debt ESA 2010",2017Q2,General Government net worth - Non-financial assets at market value - ESA2010 Code (NFA),114933
"General Government Net Worth, Gross and Net Debt ESA 2010",2017Q2,"General Government net worth - Financial net worth at market value, excluding pension liabilities - ESA2010 Code (FNW)",-161332
"General Government Net Worth, Gross and Net Debt ESA 2010",2017Q2,"Financial net worth at market value, excluding pension liabilities - Financial assets at market value - ESA2010 Code (FA)",87026
"General Government Net Worth, Gross and Net Debt ESA 2010",2017Q2,"Financial net worth at market value, excluding pension liabilities - EDP debt instruments (Asset) - ESA2010 Code (F2 + F3 + F4)",37626
"General Government Net Worth, Gross and Net Debt ESA 2010",2017Q2,"Financial net worth at market value, excluding pension liabilities - Equity and Investment Fund Shares (Asset) - ESA2010 Code (F5)",41195
"General Government Net Worth, Gross and Net Debt ESA 2010",2017Q2,"Financial net worth at market value, excluding pension liabilities - Other financial assets - ESA2010 Code (F6 + F7 + F8)",8205
"General Government Net Worth, Gross and Net Debt ESA 2010",2017Q2,"Financial net worth at market value, excluding pension liabilities - Liabilities at market value - ESA2010 Code (L)",248359
"General Government Net Worth, Gross and Net Debt ESA 2010",2017Q2,"Financial net worth at market value, excluding pension liabilities - EDP debt instruments (Liability) - ESA2010 Code (F2 + F3 + F4)",238451
"General Government Net Worth, Gross and Net Debt ESA 2010",2017Q2,"Financial net worth at market value, excluding pension liabilities - Other liabilities - ESA2010 Code (F5 + F6 + F7 + F8)",9907
"General Government Net Worth, Gross and Net Debt ESA 2010",2017Q2,Estimated pension liabilities of government,114500
"General Government Net Worth, Gross and Net Debt ESA 2010",2017Q2,"Net worth, including pension liabilities",-160900
"General Government Net Worth, Gross and Net Debt ESA 2010",2017Q2,Contingent liabilities,5315
"General Government Net Worth, Gross and Net Debt ESA 2010",2017Q2,"Net worth, including pension liabilities and contingent liabilities",-166214
"General Government Net Worth, Gross and Net Debt ESA 2010",2017Q2,General Government: changes in net worth - Opening net worth,-50558
"General Government Net Worth, Gross and Net Debt ESA 2010",2017Q2,Change in net worth due to transactions,458
"General Government Net Worth, Gross and Net Debt ESA 2010",2017Q2,Change in net worth due to transactions - Net acquisition of non-financial assets - ESA2010 Code (P5 +NP - P51c),344
"General Government Net Worth, Gross and Net Debt ESA 2010",2017Q2,Change in net worth due to transactions - Net lending/net borrowing - ESA2010 Code (B9),114
"General Government Net Worth, Gross and Net Debt ESA 2010",2017Q2,Change in net worth due to other economic flows - ESA2010 Code (Kx),3701
"General Government Net Worth, Gross and Net Debt ESA 2010",2017Q2,Change in net worth due to other economic flows - Other changes in non-financial assets,1315
"General Government Net Worth, Gross and Net Debt ESA 2010",2017Q2,Change in net worth due to other economic flows - Other changes in financial assets,1923
"General Government Net Worth, Gross and Net Debt ESA 2010",2017Q2,Change in net worth due to other economic flows - Other changes in liabilities,463
"General Government Net Worth, Gross and Net Debt ESA 2010",2017Q2,Closing net worth,-46399
"General Government Net Worth, Gross and Net Debt ESA 2010",2017Q2,General Government Debt (GGDebt) - Debt instrument liabilities at market value - ESA2010 Code (F2 + F3 + F4),238451
"General Government Net Worth, Gross and Net Debt ESA 2010",2017Q2,General Government Debt (GGDebt) - Difference between EDP face value and market value,-27289
"General Government Net Worth, Gross and Net Debt ESA 2010",2017Q2,Gross General Government Debt (EDP face value) - Gross General Government Debt - ESA2010 Code (GGDebt),211162
"General Government Net Worth, Gross and Net Debt ESA 2010",2017Q2,Gross General Government Debt (EDP face value) - EDP debt instrument assets - ESA2010 Code (F2 + F3 + F4),-37626
"General Government Net Worth, Gross and Net Debt ESA 2010",2017Q2,Gross General Government Debt (EDP face value) - Net General Government Debt - ESA2010 Code (GGNetDebt),173536
"General Government Net Worth, Gross and Net Debt ESA 2010",2017Q3,"General Government net worth - Net Worth at market value, excluding pension liabilities - ESA2010 Code (NW)",-45834
"General Government Net Worth, Gross and Net Debt ESA 2010",2017Q3,General Government net worth - Non-financial assets at market value - ESA2010 Code (NFA),116717
"General Government Net Worth, Gross and Net Debt ESA 2010",2017Q3,"General Government net worth - Financial net worth at market value, excluding pension liabilities - ESA2010 Code (FNW)",-162551
"General Government Net Worth, Gross and Net Debt ESA 2010",2017Q3,"Financial net worth at market value, excluding pension liabilities - Financial assets at market value - ESA2010 Code (FA)",86594
"General Government Net Worth, Gross and Net Debt ESA 2010",2017Q3,"Financial net worth at market value, excluding pension liabilities - EDP debt instruments (Asset) - ESA2010 Code (F2 + F3 + F4)",36760
"General Government Net Worth, Gross and Net Debt ESA 2010",2017Q3,"Financial net worth at market value, excluding pension liabilities - Equity and Investment Fund Shares (Asset) - ESA2010 Code (F5)",41590
"General Government Net Worth, Gross and Net Debt ESA 2010",2017Q3,"Financial net worth at market value, excluding pension liabilities - Other financial assets - ESA2010 Code (F6 + F7 + F8)",8244
"General Government Net Worth, Gross and Net Debt ESA 2010",2017Q3,"Financial net worth at market value, excluding pension liabilities - Liabilities at market value - ESA2010 Code (L)",249145
"General Government Net Worth, Gross and Net Debt ESA 2010",2017Q3,"Financial net worth at market value, excluding pension liabilities - EDP debt instruments (Liability) - ESA2010 Code (F2 + F3 + F4)",239193
"General Government Net Worth, Gross and Net Debt ESA 2010",2017Q3,"Financial net worth at market value, excluding pension liabilities - Other liabilities - ESA2010 Code (F5 + F6 + F7 + F8)",9952
"General Government Net Worth, Gross and Net Debt ESA 2010",2017Q3,Estimated pension liabilities of government,114500
"General Government Net Worth, Gross and Net Debt ESA 2010",2017Q3,"Net worth, including pension liabilities",-160334
"General Government Net Worth, Gross and Net Debt ESA 2010",2017Q3,Contingent liabilities,5315
"General Government Net Worth, Gross and Net Debt ESA 2010",2017Q3,"Net worth, including pension liabilities and contingent liabilities",-165649
"General Government Net Worth, Gross and Net Debt ESA 2010",2017Q3,General Government: changes in net worth - Opening net worth,-46399
"General Government Net Worth, Gross and Net Debt ESA 2010",2017Q3,Change in net worth due to transactions,-206
"General Government Net Worth, Gross and Net Debt ESA 2010",2017Q3,Change in net worth due to transactions - Net acquisition of non-financial assets - ESA2010 Code (P5 +NP - P51c),469
"General Government Net Worth, Gross and Net Debt ESA 2010",2017Q3,Change in net worth due to transactions - Net lending/net borrowing - ESA2010 Code (B9),-675
"General Government Net Worth, Gross and Net Debt ESA 2010",2017Q3,Change in net worth due to other economic flows - ESA2010 Code (Kx),771
"General Government Net Worth, Gross and Net Debt ESA 2010",2017Q3,Change in net worth due to other economic flows - Other changes in non-financial assets,1315
"General Government Net Worth, Gross and Net Debt ESA 2010",2017Q3,Change in net worth due to other economic flows - Other changes in financial assets,563
"General Government Net Worth, Gross and Net Debt ESA 2010",2017Q3,Change in net worth due to other economic flows - Other changes in liabilities,-1107
"General Government Net Worth, Gross and Net Debt ESA 2010",2017Q3,Closing net worth,-45834
"General Government Net Worth, Gross and Net Debt ESA 2010",2017Q3,General Government Debt (GGDebt) - Debt instrument liabilities at market value - ESA2010 Code (F2 + F3 + F4),239193
"General Government Net Worth, Gross and Net Debt ESA 2010",2017Q3,General Government Debt (GGDebt) - Difference between EDP face value and market value,-28361
"General Government Net Worth, Gross and Net Debt ESA 2010",2017Q3,Gross General Government Debt (EDP face value) - Gross General Government Debt - ESA2010 Code (GGDebt),210832
"General Government Net Worth, Gross and Net Debt ESA 2010",2017Q3,Gross General Government Debt (EDP face value) - EDP debt instrument assets - ESA2010 Code (F2 + F3 + F4),-36760
"General Government Net Worth, Gross and Net Debt ESA 2010",2017Q3,Gross General Government Debt (EDP face value) - Net General Government Debt - ESA2010 Code (GGNetDebt),174072
"General Government Net Worth, Gross and Net Debt ESA 2010",2017Q4,"General Government net worth - Net Worth at market value, excluding pension liabilities - ESA2010 Code (NW)",-40373
"General Government Net Worth, Gross and Net Debt ESA 2010",2017Q4,General Government net worth - Non-financial assets at market value - ESA2010 Code (NFA),118110
"General Government Net Worth, Gross and Net Debt ESA 2010",2017Q4,"General Government net worth - Financial net worth at market value, excluding pension liabilities - ESA2010 Code (FNW)",-158483
"General Government Net Worth, Gross and Net Debt ESA 2010",2017Q4,"Financial net worth at market value, excluding pension liabilities - Financial assets at market value - ESA2010 Code (FA)",78418
"General Government Net Worth, Gross and Net Debt ESA 2010",2017Q4,"Financial net worth at market value, excluding pension liabilities - EDP debt instruments (Asset) - ESA2010 Code (F2 + F3 + F4)",25625
"General Government Net Worth, Gross and Net Debt ESA 2010",2017Q4,"Financial net worth at market value, excluding pension liabilities - Equity and Investment Fund Shares (Asset) - ESA2010 Code (F5)",42753
"General Government Net Worth, Gross and Net Debt ESA 2010",2017Q4,"Financial net worth at market value, excluding pension liabilities - Other financial assets - ESA2010 Code (F6 + F7 + F8)",10040
"General Government Net Worth, Gross and Net Debt ESA 2010",2017Q4,"Financial net worth at market value, excluding pension liabilities - Liabilities at market value - ESA2010 Code (L)",236901
"General Government Net Worth, Gross and Net Debt ESA 2010",2017Q4,"Financial net worth at market value, excluding pension liabilities - EDP debt instruments (Liability) - ESA2010 Code (F2 + F3 + F4)",226939
"General Government Net Worth, Gross and Net Debt ESA 2010",2017Q4,"Financial net worth at market value, excluding pension liabilities - Other liabilities - ESA2010 Code (F5 + F6 + F7 + F8)",9962
"General Government Net Worth, Gross and Net Debt ESA 2010",2017Q4,Estimated pension liabilities of government,143700
"General Government Net Worth, Gross and Net Debt ESA 2010",2017Q4,"Net worth, including pension liabilities",-184073
"General Government Net Worth, Gross and Net Debt ESA 2010",2017Q4,Contingent liabilities,5315
"General Government Net Worth, Gross and Net Debt ESA 2010",2017Q4,"Net worth, including pension liabilities and contingent liabilities",-189387
"General Government Net Worth, Gross and Net Debt ESA 2010",2017Q4,General Government: changes in net worth - Opening net worth,-45834
"General Government Net Worth, Gross and Net Debt ESA 2010",2017Q4,Change in net worth due to transactions,662
"General Government Net Worth, Gross and Net Debt ESA 2010",2017Q4,Change in net worth due to transactions - Net acquisition of non-financial assets - ESA2010 Code (P5 +NP - P51c),78
"General Government Net Worth, Gross and Net Debt ESA 2010",2017Q4,Change in net worth due to transactions - Net lending/net borrowing - ESA2010 Code (B9),584
"General Government Net Worth, Gross and Net Debt ESA 2010",2017Q4,Change in net worth due to other economic flows - ESA2010 Code (Kx),4800
"General Government Net Worth, Gross and Net Debt ESA 2010",2017Q4,Change in net worth due to other economic flows - Other changes in non-financial assets,1315
"General Government Net Worth, Gross and Net Debt ESA 2010",2017Q4,Change in net worth due to other economic flows - Other changes in financial assets,1489
"General Government Net Worth, Gross and Net Debt ESA 2010",2017Q4,Change in net worth due to other economic flows - Other changes in liabilities,1996
"General Government Net Worth, Gross and Net Debt ESA 2010",2017Q4,Closing net worth,-40372
"General Government Net Worth, Gross and Net Debt ESA 2010",2017Q4,General Government Debt (GGDebt) - Debt instrument liabilities at market value - ESA2010 Code (F2 + F3 + F4),226939
"General Government Net Worth, Gross and Net Debt ESA 2010",2017Q4,General Government Debt (GGDebt) - Difference between EDP face value and market value,-25817
"General Government Net Worth, Gross and Net Debt ESA 2010",2017Q4,Gross General Government Debt (EDP face value) - Gross General Government Debt - ESA2010 Code (GGDebt),201122
"General Government Net Worth, Gross and Net Debt ESA 2010",2017Q4,Gross General Government Debt (EDP face value) - EDP debt instrument assets - ESA2010 Code (F2 + F3 + F4),-25625
"General Government Net Worth, Gross and Net Debt ESA 2010",2017Q4,Gross General Government Debt (EDP face value) - Net General Government Debt - ESA2010 Code (GGNetDebt),175497
"General Government Net Worth, Gross and Net Debt ESA 2010",2018Q1,"General Government net worth - Net Worth at market value, excluding pension liabilities - ESA2010 Code (NW)",-39331
"General Government Net Worth, Gross and Net Debt ESA 2010",2018Q1,General Government net worth - Non-financial assets at market value - ESA2010 Code (NFA),120521
"General Government Net Worth, Gross and Net Debt ESA 2010",2018Q1,"General Government net worth - Financial net worth at market value, excluding pension liabilities - ESA2010 Code (FNW)",-159852
"General Government Net Worth, Gross and Net Debt ESA 2010",2018Q1,"Financial net worth at market value, excluding pension liabilities - Financial assets at market value - ESA2010 Code (FA)",85122
"General Government Net Worth, Gross and Net Debt ESA 2010",2018Q1,"Financial net worth at market value, excluding pension liabilities - EDP debt instruments (Asset) - ESA2010 Code (F2 + F3 + F4)",32697
"General Government Net Worth, Gross and Net Debt ESA 2010",2018Q1,"Financial net worth at market value, excluding pension liabilities - Equity and Investment Fund Shares (Asset) - ESA2010 Code (F5)",43253
"General Government Net Worth, Gross and Net Debt ESA 2010",2018Q1,"Financial net worth at market value, excluding pension liabilities - Other financial assets - ESA2010 Code (F6 + F7 + F8)",9173
"General Government Net Worth, Gross and Net Debt ESA 2010",2018Q1,"Financial net worth at market value, excluding pension liabilities - Liabilities at market value - ESA2010 Code (L)",244974
"General Government Net Worth, Gross and Net Debt ESA 2010",2018Q1,"Financial net worth at market value, excluding pension liabilities - EDP debt instruments (Liability) - ESA2010 Code (F2 + F3 + F4)",235029
"General Government Net Worth, Gross and Net Debt ESA 2010",2018Q1,"Financial net worth at market value, excluding pension liabilities - Other liabilities - ESA2010 Code (F5 + F6 + F7 + F8)",9945
"General Government Net Worth, Gross and Net Debt ESA 2010",2018Q1,Estimated pension liabilities of government,143700
"General Government Net Worth, Gross and Net Debt ESA 2010",2018Q1,"Net worth, including pension liabilities",-183031
"General Government Net Worth, Gross and Net Debt ESA 2010",2018Q1,Contingent liabilities,5066
"General Government Net Worth, Gross and Net Debt ESA 2010",2018Q1,"Net worth, including pension liabilities and contingent liabilities",-188096
"General Government Net Worth, Gross and Net Debt ESA 2010",2018Q1,General Government: changes in net worth - Opening net worth,-40372
"General Government Net Worth, Gross and Net Debt ESA 2010",2018Q1,Change in net worth due to transactions,-188
"General Government Net Worth, Gross and Net Debt ESA 2010",2018Q1,Change in net worth due to transactions - Net acquisition of non-financial assets - ESA2010 Code (P5 +NP - P51c),583
"General Government Net Worth, Gross and Net Debt ESA 2010",2018Q1,Change in net worth due to transactions - Net lending/net borrowing - ESA2010 Code (B9),-771
"General Government Net Worth, Gross and Net Debt ESA 2010",2018Q1,Change in net worth due to other economic flows - ESA2010 Code (Kx),1230
"General Government Net Worth, Gross and Net Debt ESA 2010",2018Q1,Change in net worth due to other economic flows - Other changes in non-financial assets,1828
"General Government Net Worth, Gross and Net Debt ESA 2010",2018Q1,Change in net worth due to other economic flows - Other changes in financial assets,125
"General Government Net Worth, Gross and Net Debt ESA 2010",2018Q1,Change in net worth due to other economic flows - Other changes in liabilities,-723
"General Government Net Worth, Gross and Net Debt ESA 2010",2018Q1,Closing net worth,-39330
"General Government Net Worth, Gross and Net Debt ESA 2010",2018Q1,General Government Debt (GGDebt) - Debt instrument liabilities at market value - ESA2010 Code (F2 + F3 + F4),235029
"General Government Net Worth, Gross and Net Debt ESA 2010",2018Q1,General Government Debt (GGDebt) - Difference between EDP face value and market value,-24944
"General Government Net Worth, Gross and Net Debt ESA 2010",2018Q1,Gross General Government Debt (EDP face value) - Gross General Government Debt - ESA2010 Code (GGDebt),210084
"General Government Net Worth, Gross and Net Debt ESA 2010",2018Q1,Gross General Government Debt (EDP face value) - EDP debt instrument assets - ESA2010 Code (F2 + F3 + F4),-32697
"General Government Net Worth, Gross and Net Debt ESA 2010",2018Q1,Gross General Government Debt (EDP face value) - Net General Government Debt - ESA2010 Code (GGNetDebt),177388
"General Government Net Worth, Gross and Net Debt ESA 2010",2018Q2,"General Government net worth - Net Worth at market value, excluding pension liabilities - ESA2010 Code (NW)",-39063
"General Government Net Worth, Gross and Net Debt ESA 2010",2018Q2,General Government net worth - Non-financial assets at market value - ESA2010 Code (NFA),123007
"General Government Net Worth, Gross and Net Debt ESA 2010",2018Q2,"General Government net worth - Financial net worth at market value, excluding pension liabilities - ESA2010 Code (FNW)",-162069
"General Government Net Worth, Gross and Net Debt ESA 2010",2018Q2,"Financial net worth at market value, excluding pension liabilities - Financial assets at market value - ESA2010 Code (FA)",91374
"General Government Net Worth, Gross and Net Debt ESA 2010",2018Q2,"Financial net worth at market value, excluding pension liabilities - EDP debt instruments (Asset) - ESA2010 Code (F2 + F3 + F4)",37597
"General Government Net Worth, Gross and Net Debt ESA 2010",2018Q2,"Financial net worth at market value, excluding pension liabilities - Equity and Investment Fund Shares (Asset) - ESA2010 Code (F5)",40153
"General Government Net Worth, Gross and Net Debt ESA 2010",2018Q2,"Financial net worth at market value, excluding pension liabilities - Other financial assets - ESA2010 Code (F6 + F7 + F8)",13624
"General Government Net Worth, Gross and Net Debt ESA 2010",2018Q2,"Financial net worth at market value, excluding pension liabilities - Liabilities at market value - ESA2010 Code (L)",253443
"General Government Net Worth, Gross and Net Debt ESA 2010",2018Q2,"Financial net worth at market value, excluding pension liabilities - EDP debt instruments (Liability) - ESA2010 Code (F2 + F3 + F4)",238666
"General Government Net Worth, Gross and Net Debt ESA 2010",2018Q2,"Financial net worth at market value, excluding pension liabilities - Other liabilities - ESA2010 Code (F5 + F6 + F7 + F8)",14777
"General Government Net Worth, Gross and Net Debt ESA 2010",2018Q2,Estimated pension liabilities of government,143700
"General Government Net Worth, Gross and Net Debt ESA 2010",2018Q2,"Net worth, including pension liabilities",-182763
"General Government Net Worth, Gross and Net Debt ESA 2010",2018Q2,Contingent liabilities,5066
"General Government Net Worth, Gross and Net Debt ESA 2010",2018Q2,"Net worth, including pension liabilities and contingent liabilities",-187828
"General Government Net Worth, Gross and Net Debt ESA 2010",2018Q2,General Government: changes in net worth - Opening net worth,-39330
"General Government Net Worth, Gross and Net Debt ESA 2010",2018Q2,Change in net worth due to transactions,-292
"General Government Net Worth, Gross and Net Debt ESA 2010",2018Q2,Change in net worth due to transactions - Net acquisition of non-financial assets - ESA2010 Code (P5 +NP - P51c),657
"General Government Net Worth, Gross and Net Debt ESA 2010",2018Q2,Change in net worth due to transactions - Net lending/net borrowing - ESA2010 Code (B9),-950
"General Government Net Worth, Gross and Net Debt ESA 2010",2018Q2,Change in net worth due to other economic flows - ESA2010 Code (Kx),560
"General Government Net Worth, Gross and Net Debt ESA 2010",2018Q2,Change in net worth due to other economic flows - Other changes in non-financial assets,1828
"General Government Net Worth, Gross and Net Debt ESA 2010",2018Q2,Change in net worth due to other economic flows - Other changes in financial assets,-1623
"General Government Net Worth, Gross and Net Debt ESA 2010",2018Q2,Change in net worth due to other economic flows - Other changes in liabilities,356
"General Government Net Worth, Gross and Net Debt ESA 2010",2018Q2,Closing net worth,-39063
"General Government Net Worth, Gross and Net Debt ESA 2010",2018Q2,General Government Debt (GGDebt) - Debt instrument liabilities at market value - ESA2010 Code (F2 + F3 + F4),238666
"General Government Net Worth, Gross and Net Debt ESA 2010",2018Q2,General Government Debt (GGDebt) - Difference between EDP face value and market value,-24299
"General Government Net Worth, Gross and Net Debt ESA 2010",2018Q2,Gross General Government Debt (EDP face value) - Gross General Government Debt - ESA2010 Code (GGDebt),214367
"General Government Net Worth, Gross and Net Debt ESA 2010",2018Q2,Gross General Government Debt (EDP face value) - EDP debt instrument assets - ESA2010 Code (F2 + F3 + F4),-37597
"General Government Net Worth, Gross and Net Debt ESA 2010",2018Q2,Gross General Government Debt (EDP face value) - Net General Government Debt - ESA2010 Code (GGNetDebt),176770
"General Government Net Worth, Gross and Net Debt ESA 2010",2018Q3,"General Government net worth - Net Worth at market value, excluding pension liabilities - ESA2010 Code (NW)",-38853
"General Government Net Worth, Gross and Net Debt ESA 2010",2018Q3,General Government net worth - Non-financial assets at market value - ESA2010 Code (NFA),125248
"General Government Net Worth, Gross and Net Debt ESA 2010",2018Q3,"General Government net worth - Financial net worth at market value, excluding pension liabilities - ESA2010 Code (FNW)",-164100
"General Government Net Worth, Gross and Net Debt ESA 2010",2018Q3,"Financial net worth at market value, excluding pension liabilities - Financial assets at market value - ESA2010 Code (FA)",99784
"General Government Net Worth, Gross and Net Debt ESA 2010",2018Q3,"Financial net worth at market value, excluding pension liabilities - EDP debt instruments (Asset) - ESA2010 Code (F2 + F3 + F4)",37821
"General Government Net Worth, Gross and Net Debt ESA 2010",2018Q3,"Financial net worth at market value, excluding pension liabilities - Equity and Investment Fund Shares (Asset) - ESA2010 Code (F5)",38462
"General Government Net Worth, Gross and Net Debt ESA 2010",2018Q3,"Financial net worth at market value, excluding pension liabilities - Other financial assets - ESA2010 Code (F6 + F7 + F8)",23502
"General Government Net Worth, Gross and Net Debt ESA 2010",2018Q3,"Financial net worth at market value, excluding pension liabilities - Liabilities at market value - ESA2010 Code (L)",263885
"General Government Net Worth, Gross and Net Debt ESA 2010",2018Q3,"Financial net worth at market value, excluding pension liabilities - EDP debt instruments (Liability) - ESA2010 Code (F2 + F3 + F4)",239506
"General Government Net Worth, Gross and Net Debt ESA 2010",2018Q3,"Financial net worth at market value, excluding pension liabilities - Other liabilities - ESA2010 Code (F5 + F6 + F7 + F8)",24378
"General Government Net Worth, Gross and Net Debt ESA 2010",2018Q3,Estimated pension liabilities of government,143700
"General Government Net Worth, Gross and Net Debt ESA 2010",2018Q3,"Net worth, including pension liabilities",-182553
"General Government Net Worth, Gross and Net Debt ESA 2010",2018Q3,Contingent liabilities,5066
"General Government Net Worth, Gross and Net Debt ESA 2010",2018Q3,"Net worth, including pension liabilities and contingent liabilities",-187618
"General Government Net Worth, Gross and Net Debt ESA 2010",2018Q3,General Government: changes in net worth - Opening net worth,-39063
"General Government Net Worth, Gross and Net Debt ESA 2010",2018Q3,Change in net worth due to transactions,-404
"General Government Net Worth, Gross and Net Debt ESA 2010",2018Q3,Change in net worth due to transactions - Net acquisition of non-financial assets - ESA2010 Code (P5 +NP - P51c),413
"General Government Net Worth, Gross and Net Debt ESA 2010",2018Q3,Change in net worth due to transactions - Net lending/net borrowing - ESA2010 Code (B9),-817
"General Government Net Worth, Gross and Net Debt ESA 2010",2018Q3,Change in net worth due to other economic flows - ESA2010 Code (Kx),614
"General Government Net Worth, Gross and Net Debt ESA 2010",2018Q3,Change in net worth due to other economic flows - Other changes in non-financial assets,1828
"General Government Net Worth, Gross and Net Debt ESA 2010",2018Q3,Change in net worth due to other economic flows - Other changes in financial assets,-1675
"General Government Net Worth, Gross and Net Debt ESA 2010",2018Q3,Change in net worth due to other economic flows - Other changes in liabilities,461
"General Government Net Worth, Gross and Net Debt ESA 2010",2018Q3,Closing net worth,-38852
"General Government Net Worth, Gross and Net Debt ESA 2010",2018Q3,General Government Debt (GGDebt) - Debt instrument liabilities at market value - ESA2010 Code (F2 + F3 + F4),239506
"General Government Net Worth, Gross and Net Debt ESA 2010",2018Q3,General Government Debt (GGDebt) - Difference between EDP face value and market value,-23945
"General Government Net Worth, Gross and Net Debt ESA 2010",2018Q3,Gross General Government Debt (EDP face value) - Gross General Government Debt - ESA2010 Code (GGDebt),215561
"General Government Net Worth, Gross and Net Debt ESA 2010",2018Q3,Gross General Government Debt (EDP face value) - EDP debt instrument assets - ESA2010 Code (F2 + F3 + F4),-37821
"General Government Net Worth, Gross and Net Debt ESA 2010",2018Q3,Gross General Government Debt (EDP face value) - Net General Government Debt - ESA2010 Code (GGNetDebt),177740
"General Government Net Worth, Gross and Net Debt ESA 2010",2018Q4,"General Government net worth - Net Worth at market value, excluding pension liabilities - ESA2010 Code (NW)",-31813
"General Government Net Worth, Gross and Net Debt ESA 2010",2018Q4,General Government net worth - Non-financial assets at market value - ESA2010 Code (NFA),127788
"General Government Net Worth, Gross and Net Debt ESA 2010",2018Q4,"General Government net worth - Financial net worth at market value, excluding pension liabilities - ESA2010 Code (FNW)",-159601
"General Government Net Worth, Gross and Net Debt ESA 2010",2018Q4,"Financial net worth at market value, excluding pension liabilities - Financial assets at market value - ESA2010 Code (FA)",90136
"General Government Net Worth, Gross and Net Debt ESA 2010",2018Q4,"Financial net worth at market value, excluding pension liabilities - EDP debt instruments (Asset) - ESA2010 Code (F2 + F3 + F4)",28920
"General Government Net Worth, Gross and Net Debt ESA 2010",2018Q4,"Financial net worth at market value, excluding pension liabilities - Equity and Investment Fund Shares (Asset) - ESA2010 Code (F5)",36607
"General Government Net Worth, Gross and Net Debt ESA 2010",2018Q4,"Financial net worth at market value, excluding pension liabilities - Other financial assets - ESA2010 Code (F6 + F7 + F8)",24609
"General Government Net Worth, Gross and Net Debt ESA 2010",2018Q4,"Financial net worth at market value, excluding pension liabilities - Liabilities at market value - ESA2010 Code (L)",249737
"General Government Net Worth, Gross and Net Debt ESA 2010",2018Q4,"Financial net worth at market value, excluding pension liabilities - EDP debt instruments (Liability) - ESA2010 Code (F2 + F3 + F4)",225052
"General Government Net Worth, Gross and Net Debt ESA 2010",2018Q4,"Financial net worth at market value, excluding pension liabilities - Other liabilities - ESA2010 Code (F5 + F6 + F7 + F8)",24684
"General Government Net Worth, Gross and Net Debt ESA 2010",2018Q4,Estimated pension liabilities of government,149600
"General Government Net Worth, Gross and Net Debt ESA 2010",2018Q4,"Net worth, including pension liabilities",-181413
"General Government Net Worth, Gross and Net Debt ESA 2010",2018Q4,Contingent liabilities,5066
"General Government Net Worth, Gross and Net Debt ESA 2010",2018Q4,"Net worth, including pension liabilities and contingent liabilities",-186478
"General Government Net Worth, Gross and Net Debt ESA 2010",2018Q4,General Government: changes in net worth - Opening net worth,-38852
"General Government Net Worth, Gross and Net Debt ESA 2010",2018Q4,Change in net worth due to transactions,2941
"General Government Net Worth, Gross and Net Debt ESA 2010",2018Q4,Change in net worth due to transactions - Net acquisition of non-financial assets - ESA2010 Code (P5 +NP - P51c),713
"General Government Net Worth, Gross and Net Debt ESA 2010",2018Q4,Change in net worth due to transactions - Net lending/net borrowing - ESA2010 Code (B9),2228
"General Government Net Worth, Gross and Net Debt ESA 2010",2018Q4,Change in net worth due to other economic flows - ESA2010 Code (Kx),4099
"General Government Net Worth, Gross and Net Debt ESA 2010",2018Q4,Change in net worth due to other economic flows - Other changes in non-financial assets,1828
"General Government Net Worth, Gross and Net Debt ESA 2010",2018Q4,Change in net worth due to other economic flows - Other changes in financial assets,-1679
"General Government Net Worth, Gross and Net Debt ESA 2010",2018Q4,Change in net worth due to other economic flows - Other changes in liabilities,3950
"General Government Net Worth, Gross and Net Debt ESA 2010",2018Q4,Closing net worth,-31813
"General Government Net Worth, Gross and Net Debt ESA 2010",2018Q4,General Government Debt (GGDebt) - Debt instrument liabilities at market value - ESA2010 Code (F2 + F3 + F4),225052
"General Government Net Worth, Gross and Net Debt ESA 2010",2018Q4,General Government Debt (GGDebt) - Difference between EDP face value and market value,-19487
"General Government Net Worth, Gross and Net Debt ESA 2010",2018Q4,Gross General Government Debt (EDP face value) - Gross General Government Debt - ESA2010 Code (GGDebt),205566
"General Government Net Worth, Gross and Net Debt ESA 2010",2018Q4,Gross General Government Debt (EDP face value) - EDP debt instrument assets - ESA2010 Code (F2 + F3 + F4),-28920
"General Government Net Worth, Gross and Net Debt ESA 2010",2018Q4,Gross General Government Debt (EDP face value) - Net General Government Debt - ESA2010 Code (GGNetDebt),176646
"General Government Net Worth, Gross and Net Debt ESA 2010",2019Q1,"General Government net worth - Net Worth at market value, excluding pension liabilities - ESA2010 Code (NW)",-32036
"General Government Net Worth, Gross and Net Debt ESA 2010",2019Q1,General Government net worth - Non-financial assets at market value - ESA2010 Code (NFA),130028
"General Government Net Worth, Gross and Net Debt ESA 2010",2019Q1,"General Government net worth - Financial net worth at market value, excluding pension liabilities - ESA2010 Code (FNW)",-162065
"General Government Net Worth, Gross and Net Debt ESA 2010",2019Q1,"Financial net worth at market value, excluding pension liabilities - Financial assets at market value - ESA2010 Code (FA)",100620
"General Government Net Worth, Gross and Net Debt ESA 2010",2019Q1,"Financial net worth at market value, excluding pension liabilities - EDP debt instruments (Asset) - ESA2010 Code (F2 + F3 + F4)",36692
"General Government Net Worth, Gross and Net Debt ESA 2010",2019Q1,"Financial net worth at market value, excluding pension liabilities - Equity and Investment Fund Shares (Asset) - ESA2010 Code (F5)",39870
"General Government Net Worth, Gross and Net Debt ESA 2010",2019Q1,"Financial net worth at market value, excluding pension liabilities - Other financial assets - ESA2010 Code (F6 + F7 + F8)",24058
"General Government Net Worth, Gross and Net Debt ESA 2010",2019Q1,"Financial net worth at market value, excluding pension liabilities - Liabilities at market value - ESA2010 Code (L)",262685
"General Government Net Worth, Gross and Net Debt ESA 2010",2019Q1,"Financial net worth at market value, excluding pension liabilities - EDP debt instruments (Liability) - ESA2010 Code (F2 + F3 + F4)",238094
"General Government Net Worth, Gross and Net Debt ESA 2010",2019Q1,"Financial net worth at market value, excluding pension liabilities - Other liabilities - ESA2010 Code (F5 + F6 + F7 + F8)",24591
"General Government Net Worth, Gross and Net Debt ESA 2010",2019Q1,Estimated pension liabilities of government,149600
"General Government Net Worth, Gross and Net Debt ESA 2010",2019Q1,"Net worth, including pension liabilities",-181636
"General Government Net Worth, Gross and Net Debt ESA 2010",2019Q1,Contingent liabilities,5314
"General Government Net Worth, Gross and Net Debt ESA 2010",2019Q1,"Net worth, including pension liabilities and contingent liabilities",-186951
"General Government Net Worth, Gross and Net Debt ESA 2010",2019Q1,General Government: changes in net worth - Opening net worth,-31813
"General Government Net Worth, Gross and Net Debt ESA 2010",2019Q1,Change in net worth due to transactions,-332
"General Government Net Worth, Gross and Net Debt ESA 2010",2019Q1,Change in net worth due to transactions - Net acquisition of non-financial assets - ESA2010 Code (P5 +NP - P51c),912
"General Government Net Worth, Gross and Net Debt ESA 2010",2019Q1,Change in net worth due to transactions - Net lending/net borrowing - ESA2010 Code (B9),-1244
"General Government Net Worth, Gross and Net Debt ESA 2010",2019Q1,Change in net worth due to other economic flows - ESA2010 Code (Kx),109
"General Government Net Worth, Gross and Net Debt ESA 2010",2019Q1,Change in net worth due to other economic flows - Other changes in non-financial assets,1329
"General Government Net Worth, Gross and Net Debt ESA 2010",2019Q1,Change in net worth due to other economic flows - Other changes in financial assets,3161
"General Government Net Worth, Gross and Net Debt ESA 2010",2019Q1,Change in net worth due to other economic flows - Other changes in liabilities,-4381
"General Government Net Worth, Gross and Net Debt ESA 2010",2019Q1,Closing net worth,-32036
"General Government Net Worth, Gross and Net Debt ESA 2010",2019Q1,General Government Debt (GGDebt) - Debt instrument liabilities at market value - ESA2010 Code (F2 + F3 + F4),238094
"General Government Net Worth, Gross and Net Debt ESA 2010",2019Q1,General Government Debt (GGDebt) - Difference between EDP face value and market value,-23376
"General Government Net Worth, Gross and Net Debt ESA 2010",2019Q1,Gross General Government Debt (EDP face value) - Gross General Government Debt - ESA2010 Code (GGDebt),214717
"General Government Net Worth, Gross and Net Debt ESA 2010",2019Q1,Gross General Government Debt (EDP face value) - EDP debt instrument assets - ESA2010 Code (F2 + F3 + F4),-36692
"General Government Net Worth, Gross and Net Debt ESA 2010",2019Q1,Gross General Government Debt (EDP face value) - Net General Government Debt - ESA2010 Code (GGNetDebt),178025
"General Government Net Worth, Gross and Net Debt ESA 2010",2019Q2,"General Government net worth - Net Worth at market value, excluding pension liabilities - ESA2010 Code (NW)",-31038
"General Government Net Worth, Gross and Net Debt ESA 2010",2019Q2,General Government net worth - Non-financial assets at market value - ESA2010 Code (NFA),132189
"General Government Net Worth, Gross and Net Debt ESA 2010",2019Q2,"General Government net worth - Financial net worth at market value, excluding pension liabilities - ESA2010 Code (FNW)",-163227
"General Government Net Worth, Gross and Net Debt ESA 2010",2019Q2,"Financial net worth at market value, excluding pension liabilities - Financial assets at market value - ESA2010 Code (FA)",99283
"General Government Net Worth, Gross and Net Debt ESA 2010",2019Q2,"Financial net worth at market value, excluding pension liabilities - EDP debt instruments (Asset) - ESA2010 Code (F2 + F3 + F4)",38520
"General Government Net Worth, Gross and Net Debt ESA 2010",2019Q2,"Financial net worth at market value, excluding pension liabilities - Equity and Investment Fund Shares (Asset) - ESA2010 Code (F5)",36547
"General Government Net Worth, Gross and Net Debt ESA 2010",2019Q2,"Financial net worth at market value, excluding pension liabilities - Other financial assets - ESA2010 Code (F6 + F7 + F8)",24216
"General Government Net Worth, Gross and Net Debt ESA 2010",2019Q2,"Financial net worth at market value, excluding pension liabilities - Liabilities at market value - ESA2010 Code (L)",262510
"General Government Net Worth, Gross and Net Debt ESA 2010",2019Q2,"Financial net worth at market value, excluding pension liabilities - EDP debt instruments (Liability) - ESA2010 Code (F2 + F3 + F4)",237891
"General Government Net Worth, Gross and Net Debt ESA 2010",2019Q2,"Financial net worth at market value, excluding pension liabilities - Other liabilities - ESA2010 Code (F5 + F6 + F7 + F8)",24619
"General Government Net Worth, Gross and Net Debt ESA 2010",2019Q2,Estimated pension liabilities of government,149600
"General Government Net Worth, Gross and Net Debt ESA 2010",2019Q2,"Net worth, including pension liabilities",-180638
"General Government Net Worth, Gross and Net Debt ESA 2010",2019Q2,Contingent liabilities,5314
"General Government Net Worth, Gross and Net Debt ESA 2010",2019Q2,"Net worth, including pension liabilities and contingent liabilities",-185953
"General Government Net Worth, Gross and Net Debt ESA 2010",2019Q2,General Government: changes in net worth - Opening net worth,-32036
"General Government Net Worth, Gross and Net Debt ESA 2010",2019Q2,Change in net worth due to transactions,1606
"General Government Net Worth, Gross and Net Debt ESA 2010",2019Q2,Change in net worth due to transactions - Net acquisition of non-financial assets - ESA2010 Code (P5 +NP - P51c),832
"General Government Net Worth, Gross and Net Debt ESA 2010",2019Q2,Change in net worth due to transactions - Net lending/net borrowing - ESA2010 Code (B9),774
"General Government Net Worth, Gross and Net Debt ESA 2010",2019Q2,Change in net worth due to other economic flows - ESA2010 Code (Kx),-608
"General Government Net Worth, Gross and Net Debt ESA 2010",2019Q2,Change in net worth due to other economic flows - Other changes in non-financial assets,1329
"General Government Net Worth, Gross and Net Debt ESA 2010",2019Q2,Change in net worth due to other economic flows - Other changes in financial assets,-727
"General Government Net Worth, Gross and Net Debt ESA 2010",2019Q2,Change in net worth due to other economic flows - Other changes in liabilities,-1210
"General Government Net Worth, Gross and Net Debt ESA 2010",2019Q2,Closing net worth,-31038
"General Government Net Worth, Gross and Net Debt ESA 2010",2019Q2,General Government Debt (GGDebt) - Debt instrument liabilities at market value - ESA2010 Code (F2 + F3 + F4),237891
"General Government Net Worth, Gross and Net Debt ESA 2010",2019Q2,General Government Debt (GGDebt) - Difference between EDP face value and market value,-24440
"General Government Net Worth, Gross and Net Debt ESA 2010",2019Q2,Gross General Government Debt (EDP face value) - Gross General Government Debt - ESA2010 Code (GGDebt),213451
"General Government Net Worth, Gross and Net Debt ESA 2010",2019Q2,Gross General Government Debt (EDP face value) - EDP debt instrument assets - ESA2010 Code (F2 + F3 + F4),-38520
"General Government Net Worth, Gross and Net Debt ESA 2010",2019Q2,Gross General Government Debt (EDP face value) - Net General Government Debt - ESA2010 Code (GGNetDebt),174931
"General Government Net Worth, Gross and Net Debt ESA 2010",2019Q3,"General Government net worth - Net Worth at market value, excluding pension liabilities - ESA2010 Code (NW)",-32777
"General Government Net Worth, Gross and Net Debt ESA 2010",2019Q3,General Government net worth - Non-financial assets at market value - ESA2010 Code (NFA),134231
"General Government Net Worth, Gross and Net Debt ESA 2010",2019Q3,"General Government net worth - Financial net worth at market value, excluding pension liabilities - ESA2010 Code (FNW)",-167008
"General Government Net Worth, Gross and Net Debt ESA 2010",2019Q3,"Financial net worth at market value, excluding pension liabilities - Financial assets at market value - ESA2010 Code (FA)",96406
"General Government Net Worth, Gross and Net Debt ESA 2010",2019Q3,"Financial net worth at market value, excluding pension liabilities - EDP debt instruments (Asset) - ESA2010 Code (F2 + F3 + F4)",37967
"General Government Net Worth, Gross and Net Debt ESA 2010",2019Q3,"Financial net worth at market value, excluding pension liabilities - Equity and Investment Fund Shares (Asset) - ESA2010 Code (F5)",34677
"General Government Net Worth, Gross and Net Debt ESA 2010",2019Q3,"Financial net worth at market value, excluding pension liabilities - Other financial assets - ESA2010 Code (F6 + F7 + F8)",23762
"General Government Net Worth, Gross and Net Debt ESA 2010",2019Q3,"Financial net worth at market value, excluding pension liabilities - Liabilities at market value - ESA2010 Code (L)",263414
"General Government Net Worth, Gross and Net Debt ESA 2010",2019Q3,"Financial net worth at market value, excluding pension liabilities - EDP debt instruments (Liability) - ESA2010 Code (F2 + F3 + F4)",238916
"General Government Net Worth, Gross and Net Debt ESA 2010",2019Q3,"Financial net worth at market value, excluding pension liabilities - Other liabilities - ESA2010 Code (F5 + F6 + F7 + F8)",24499
"General Government Net Worth, Gross and Net Debt ESA 2010",2019Q3,Estimated pension liabilities of government,149600
"General Government Net Worth, Gross and Net Debt ESA 2010",2019Q3,"Net worth, including pension liabilities",-182377
"General Government Net Worth, Gross and Net Debt ESA 2010",2019Q3,Contingent liabilities,5314
"General Government Net Worth, Gross and Net Debt ESA 2010",2019Q3,"Net worth, including pension liabilities and contingent liabilities",-187691
"General Government Net Worth, Gross and Net Debt ESA 2010",2019Q3,General Government: changes in net worth - Opening net worth,-31038
"General Government Net Worth, Gross and Net Debt ESA 2010",2019Q3,Change in net worth due to transactions,579
"General Government Net Worth, Gross and Net Debt ESA 2010",2019Q3,Change in net worth due to transactions - Net acquisition of non-financial assets - ESA2010 Code (P5 +NP - P51c),714
"General Government Net Worth, Gross and Net Debt ESA 2010",2019Q3,Change in net worth due to transactions - Net lending/net borrowing - ESA2010 Code (B9),-135
"General Government Net Worth, Gross and Net Debt ESA 2010",2019Q3,Change in net worth due to other economic flows - ESA2010 Code (Kx),-2318
"General Government Net Worth, Gross and Net Debt ESA 2010",2019Q3,Change in net worth due to other economic flows - Other changes in non-financial assets,1329
"General Government Net Worth, Gross and Net Debt ESA 2010",2019Q3,Change in net worth due to other economic flows - Other changes in financial assets,-2115
"General Government Net Worth, Gross and Net Debt ESA 2010",2019Q3,Change in net worth due to other economic flows - Other changes in liabilities,-1531
"General Government Net Worth, Gross and Net Debt ESA 2010",2019Q3,Closing net worth,-32777
"General Government Net Worth, Gross and Net Debt ESA 2010",2019Q3,General Government Debt (GGDebt) - Debt instrument liabilities at market value - ESA2010 Code (F2 + F3 + F4),238916
"General Government Net Worth, Gross and Net Debt ESA 2010",2019Q3,General Government Debt (GGDebt) - Difference between EDP face value and market value,-26195
"General Government Net Worth, Gross and Net Debt ESA 2010",2019Q3,Gross General Government Debt (EDP face value) - Gross General Government Debt - ESA2010 Code (GGDebt),212721
"General Government Net Worth, Gross and Net Debt ESA 2010",2019Q3,Gross General Government Debt (EDP face value) - EDP debt instrument assets - ESA2010 Code (F2 + F3 + F4),-37967
"General Government Net Worth, Gross and Net Debt ESA 2010",2019Q3,Gross General Government Debt (EDP face value) - Net General Government Debt - ESA2010 Code (GGNetDebt),174753
"General Government Net Worth, Gross and Net Debt ESA 2010",2019Q4,"General Government net worth - Net Worth at market value, excluding pension liabilities - ESA2010 Code (NW)",-21424
"General Government Net Worth, Gross and Net Debt ESA 2010",2019Q4,General Government net worth - Non-financial assets at market value - ESA2010 Code (NFA),136505
"General Government Net Worth, Gross and Net Debt ESA 2010",2019Q4,"General Government net worth - Financial net worth at market value, excluding pension liabilities - ESA2010 Code (FNW)",-157928
"General Government Net Worth, Gross and Net Debt ESA 2010",2019Q4,"Financial net worth at market value, excluding pension liabilities - Financial assets at market value - ESA2010 Code (FA)",92433
"General Government Net Worth, Gross and Net Debt ESA 2010",2019Q4,"Financial net worth at market value, excluding pension liabilities - EDP debt instruments (Asset) - ESA2010 Code (F2 + F3 + F4)",30147
"General Government Net Worth, Gross and Net Debt ESA 2010",2019Q4,"Financial net worth at market value, excluding pension liabilities - Equity and Investment Fund Shares (Asset) - ESA2010 Code (F5)",37401
"General Government Net Worth, Gross and Net Debt ESA 2010",2019Q4,"Financial net worth at market value, excluding pension liabilities - Other financial assets - ESA2010 Code (F6 + F7 + F8)",24885
"General Government Net Worth, Gross and Net Debt ESA 2010",2019Q4,"Financial net worth at market value, excluding pension liabilities - Liabilities at market value - ESA2010 Code (L)",250361
"General Government Net Worth, Gross and Net Debt ESA 2010",2019Q4,"Financial net worth at market value, excluding pension liabilities - EDP debt instruments (Liability) - ESA2010 Code (F2 + F3 + F4)",225921
"General Government Net Worth, Gross and Net Debt ESA 2010",2019Q4,"Financial net worth at market value, excluding pension liabilities - Other liabilities - ESA2010 Code (F5 + F6 + F7 + F8)",24440
"General Government Net Worth, Gross and Net Debt ESA 2010",2019Q4,Estimated pension liabilities of government,149600
"General Government Net Worth, Gross and Net Debt ESA 2010",2019Q4,"Net worth, including pension liabilities",-171024
"General Government Net Worth, Gross and Net Debt ESA 2010",2019Q4,Contingent liabilities,5314
"General Government Net Worth, Gross and Net Debt ESA 2010",2019Q4,"Net worth, including pension liabilities and contingent liabilities",-176338
"General Government Net Worth, Gross and Net Debt ESA 2010",2019Q4,General Government: changes in net worth - Opening net worth,-32777
"General Government Net Worth, Gross and Net Debt ESA 2010",2019Q4,Change in net worth due to transactions,4898
"General Government Net Worth, Gross and Net Debt ESA 2010",2019Q4,Change in net worth due to transactions - Net acquisition of non-financial assets - ESA2010 Code (P5 +NP - P51c),944
"General Government Net Worth, Gross and Net Debt ESA 2010",2019Q4,Change in net worth due to transactions - Net lending/net borrowing - ESA2010 Code (B9),3953
"General Government Net Worth, Gross and Net Debt ESA 2010",2019Q4,Change in net worth due to other economic flows - ESA2010 Code (Kx),6455
"General Government Net Worth, Gross and Net Debt ESA 2010",2019Q4,Change in net worth due to other economic flows - Other changes in non-financial assets,1329
"General Government Net Worth, Gross and Net Debt ESA 2010",2019Q4,Change in net worth due to other economic flows - Other changes in financial assets,2401
"General Government Net Worth, Gross and Net Debt ESA 2010",2019Q4,Change in net worth due to other economic flows - Other changes in liabilities,2725
"General Government Net Worth, Gross and Net Debt ESA 2010",2019Q4,Closing net worth,-21424
"General Government Net Worth, Gross and Net Debt ESA 2010",2019Q4,General Government Debt (GGDebt) - Debt instrument liabilities at market value - ESA2010 Code (F2 + F3 + F4),225921
"General Government Net Worth, Gross and Net Debt ESA 2010",2019Q4,General Government Debt (GGDebt) - Difference between EDP face value and market value,-22985
"General Government Net Worth, Gross and Net Debt ESA 2010",2019Q4,Gross General Government Debt (EDP face value) - Gross General Government Debt - ESA2010 Code (GGDebt),202936
"General Government Net Worth, Gross and Net Debt ESA 2010",2019Q4,Gross General Government Debt (EDP face value) - EDP debt instrument assets - ESA2010 Code (F2 + F3 + F4),-30147
"General Government Net Worth, Gross and Net Debt ESA 2010",2019Q4,Gross General Government Debt (EDP face value) - Net General Government Debt - ESA2010 Code (GGNetDebt),172788
"General Government Net Worth, Gross and Net Debt ESA 2010",2020Q1,"General Government net worth - Net Worth at market value, excluding pension liabilities - ESA2010 Code (NW)",-30019
"General Government Net Worth, Gross and Net Debt ESA 2010",2020Q1,General Government net worth - Non-financial assets at market value - ESA2010 Code (NFA),139119
"General Government Net Worth, Gross and Net Debt ESA 2010",2020Q1,"General Government net worth - Financial net worth at market value, excluding pension liabilities - ESA2010 Code (FNW)",-169138
"General Government Net Worth, Gross and Net Debt ESA 2010",2020Q1,"Financial net worth at market value, excluding pension liabilities - Financial assets at market value - ESA2010 Code (FA)",92259
"General Government Net Worth, Gross and Net Debt ESA 2010",2020Q1,"Financial net worth at market value, excluding pension liabilities - EDP debt instruments (Asset) - ESA2010 Code (F2 + F3 + F4)",36678
"General Government Net Worth, Gross and Net Debt ESA 2010",2020Q1,"Financial net worth at market value, excluding pension liabilities - Equity and Investment Fund Shares (Asset) - ESA2010 Code (F5)",32969
"General Government Net Worth, Gross and Net Debt ESA 2010",2020Q1,"Financial net worth at market value, excluding pension liabilities - Other financial assets - ESA2010 Code (F6 + F7 + F8)",22612
"General Government Net Worth, Gross and Net Debt ESA 2010",2020Q1,"Financial net worth at market value, excluding pension liabilities - Liabilities at market value - ESA2010 Code (L)",261397
"General Government Net Worth, Gross and Net Debt ESA 2010",2020Q1,"Financial net worth at market value, excluding pension liabilities - EDP debt instruments (Liability) - ESA2010 Code (F2 + F3 + F4)",236207
"General Government Net Worth, Gross and Net Debt ESA 2010",2020Q1,"Financial net worth at market value, excluding pension liabilities - Other liabilities - ESA2010 Code (F5 + F6 + F7 + F8)",25190
"General Government Net Worth, Gross and Net Debt ESA 2010",2020Q1,Estimated pension liabilities of government,149600
"General Government Net Worth, Gross and Net Debt ESA 2010",2020Q1,"Net worth, including pension liabilities",-179619
"General Government Net Worth, Gross and Net Debt ESA 2010",2020Q1,Contingent liabilities,6185
"General Government Net Worth, Gross and Net Debt ESA 2010",2020Q1,"Net worth, including pension liabilities and contingent liabilities",-185804
"General Government Net Worth, Gross and Net Debt ESA 2010",2020Q1,General Government: changes in net worth - Opening net worth,-21424
"General Government Net Worth, Gross and Net Debt ESA 2010",2020Q1,Change in net worth due to transactions,-5543
"General Government Net Worth, Gross and Net Debt ESA 2010",2020Q1,Change in net worth due to transactions - Net acquisition of non-financial assets - ESA2010 Code (P5 +NP - P51c),1312
"General Government Net Worth, Gross and Net Debt ESA 2010",2020Q1,Change in net worth due to transactions - Net lending/net borrowing - ESA2010 Code (B9),-6855
"General Government Net Worth, Gross and Net Debt ESA 2010",2020Q1,Change in net worth due to other economic flows - ESA2010 Code (Kx),-3051
"General Government Net Worth, Gross and Net Debt ESA 2010",2020Q1,Change in net worth due to other economic flows - Other changes in non-financial assets,1303
"General Government Net Worth, Gross and Net Debt ESA 2010",2020Q1,Change in net worth due to other economic flows - Other changes in financial assets,-4394
"General Government Net Worth, Gross and Net Debt ESA 2010",2020Q1,Change in net worth due to other economic flows - Other changes in liabilities,40
"General Government Net Worth, Gross and Net Debt ESA 2010",2020Q1,Closing net worth,-30018
"General Government Net Worth, Gross and Net Debt ESA 2010",2020Q1,General Government Debt (GGDebt) - Debt instrument liabilities at market value - ESA2010 Code (F2 + F3 + F4),236207
"General Government Net Worth, Gross and Net Debt ESA 2010",2020Q1,General Government Debt (GGDebt) - Difference between EDP face value and market value,-23046
"General Government Net Worth, Gross and Net Debt ESA 2010",2020Q1,Gross General Government Debt (EDP face value) - Gross General Government Debt - ESA2010 Code (GGDebt),213161
"General Government Net Worth, Gross and Net Debt ESA 2010",2020Q1,Gross General Government Debt (EDP face value) - EDP debt instrument assets - ESA2010 Code (F2 + F3 + F4),-36678
"General Government Net Worth, Gross and Net Debt ESA 2010",2020Q1,Gross General Government Debt (EDP face value) - Net General Government Debt - ESA2010 Code (GGNetDebt),176483
"General Government Net Worth, Gross and Net Debt ESA 2010",2020Q2,"General Government net worth - Net Worth at market value, excluding pension liabilities - ESA2010 Code (NW)",-31231
"General Government Net Worth, Gross and Net Debt ESA 2010",2020Q2,General Government net worth - Non-financial assets at market value - ESA2010 Code (NFA),141267
"General Government Net Worth, Gross and Net Debt ESA 2010",2020Q2,"General Government net worth - Financial net worth at market value, excluding pension liabilities - ESA2010 Code (FNW)",-172498
"General Government Net Worth, Gross and Net Debt ESA 2010",2020Q2,"Financial net worth at market value, excluding pension liabilities - Financial assets at market value - ESA2010 Code (FA)",103833
"General Government Net Worth, Gross and Net Debt ESA 2010",2020Q2,"Financial net worth at market value, excluding pension liabilities - EDP debt instruments (Asset) - ESA2010 Code (F2 + F3 + F4)",48749
"General Government Net Worth, Gross and Net Debt ESA 2010",2020Q2,"Financial net worth at market value, excluding pension liabilities - Equity and Investment Fund Shares (Asset) - ESA2010 Code (F5)",31725
"General Government Net Worth, Gross and Net Debt ESA 2010",2020Q2,"Financial net worth at market value, excluding pension liabilities - Other financial assets - ESA2010 Code (F6 + F7 + F8)",23359
"General Government Net Worth, Gross and Net Debt ESA 2010",2020Q2,"Financial net worth at market value, excluding pension liabilities - Liabilities at market value - ESA2010 Code (L)",276331
"General Government Net Worth, Gross and Net Debt ESA 2010",2020Q2,"Financial net worth at market value, excluding pension liabilities - EDP debt instruments (Liability) - ESA2010 Code (F2 + F3 + F4)",250414
"General Government Net Worth, Gross and Net Debt ESA 2010",2020Q2,"Financial net worth at market value, excluding pension liabilities - Other liabilities - ESA2010 Code (F5 + F6 + F7 + F8)",25918
"General Government Net Worth, Gross and Net Debt ESA 2010",2020Q2,Estimated pension liabilities of government,149600
"General Government Net Worth, Gross and Net Debt ESA 2010",2020Q2,"Net worth, including pension liabilities",-180831
"General Government Net Worth, Gross and Net Debt ESA 2010",2020Q2,Contingent liabilities,6185
"General Government Net Worth, Gross and Net Debt ESA 2010",2020Q2,"Net worth, including pension liabilities and contingent liabilities",-187016
"General Government Net Worth, Gross and Net Debt ESA 2010",2020Q2,General Government: changes in net worth - Opening net worth,-30018
"General Government Net Worth, Gross and Net Debt ESA 2010",2020Q2,Change in net worth due to transactions,-4372
"General Government Net Worth, Gross and Net Debt ESA 2010",2020Q2,Change in net worth due to transactions - Net acquisition of non-financial assets - ESA2010 Code (P5 +NP - P51c),845
"General Government Net Worth, Gross and Net Debt ESA 2010",2020Q2,Change in net worth due to transactions - Net lending/net borrowing - ESA2010 Code (B9),-5217
"General Government Net Worth, Gross and Net Debt ESA 2010",2020Q2,Change in net worth due to other economic flows - ESA2010 Code (Kx),3159
"General Government Net Worth, Gross and Net Debt ESA 2010",2020Q2,Change in net worth due to other economic flows - Other changes in non-financial assets,1303
"General Government Net Worth, Gross and Net Debt ESA 2010",2020Q2,Change in net worth due to other economic flows - Other changes in financial assets,3527
"General Government Net Worth, Gross and Net Debt ESA 2010",2020Q2,Change in net worth due to other economic flows - Other changes in liabilities,-1671
"General Government Net Worth, Gross and Net Debt ESA 2010",2020Q2,Closing net worth,-31231
"General Government Net Worth, Gross and Net Debt ESA 2010",2020Q2,General Government Debt (GGDebt) - Debt instrument liabilities at market value - ESA2010 Code (F2 + F3 + F4),250414
"General Government Net Worth, Gross and Net Debt ESA 2010",2020Q2,General Government Debt (GGDebt) - Difference between EDP face value and market value,-25094
"General Government Net Worth, Gross and Net Debt ESA 2010",2020Q2,Gross General Government Debt (EDP face value) - Gross General Government Debt - ESA2010 Code (GGDebt),225320
"General Government Net Worth, Gross and Net Debt ESA 2010",2020Q2,Gross General Government Debt (EDP face value) - EDP debt instrument assets - ESA2010 Code (F2 + F3 + F4),-48749
"General Government Net Worth, Gross and Net Debt ESA 2010",2020Q2,Gross General Government Debt (EDP face value) - Net General Government Debt - ESA2010 Code (GGNetDebt),176571
"General Government Net Worth, Gross and Net Debt ESA 2010",2020Q3,"General Government net worth - Net Worth at market value, excluding pension liabilities - ESA2010 Code (NW)",-34605
"General Government Net Worth, Gross and Net Debt ESA 2010",2020Q3,General Government net worth - Non-financial assets at market value - ESA2010 Code (NFA),143880
"General Government Net Worth, Gross and Net Debt ESA 2010",2020Q3,"General Government net worth - Financial net worth at market value, excluding pension liabilities - ESA2010 Code (FNW)",-178484
"General Government Net Worth, Gross and Net Debt ESA 2010",2020Q3,"Financial net worth at market value, excluding pension liabilities - Financial assets at market value - ESA2010 Code (FA)",101436
"General Government Net Worth, Gross and Net Debt ESA 2010",2020Q3,"Financial net worth at market value, excluding pension liabilities - EDP debt instruments (Asset) - ESA2010 Code (F2 + F3 + F4)",45579
"General Government Net Worth, Gross and Net Debt ESA 2010",2020Q3,"Financial net worth at market value, excluding pension liabilities - Equity and Investment Fund Shares (Asset) - ESA2010 Code (F5)",31346
"General Government Net Worth, Gross and Net Debt ESA 2010",2020Q3,"Financial net worth at market value, excluding pension liabilities - Other financial assets - ESA2010 Code (F6 + F7 + F8)",24511
"General Government Net Worth, Gross and Net Debt ESA 2010",2020Q3,"Financial net worth at market value, excluding pension liabilities - Liabilities at market value - ESA2010 Code (L)",279920
"General Government Net Worth, Gross and Net Debt ESA 2010",2020Q3,"Financial net worth at market value, excluding pension liabilities - EDP debt instruments (Liability) - ESA2010 Code (F2 + F3 + F4)",253740
"General Government Net Worth, Gross and Net Debt ESA 2010",2020Q3,"Financial net worth at market value, excluding pension liabilities - Other liabilities - ESA2010 Code (F5 + F6 + F7 + F8)",26180
"General Government Net Worth, Gross and Net Debt ESA 2010",2020Q3,Estimated pension liabilities of government,149600
"General Government Net Worth, Gross and Net Debt ESA 2010",2020Q3,"Net worth, including pension liabilities",-184205
"General Government Net Worth, Gross and Net Debt ESA 2010",2020Q3,Contingent liabilities,6185
"General Government Net Worth, Gross and Net Debt ESA 2010",2020Q3,"Net worth, including pension liabilities and contingent liabilities",-190390
"General Government Net Worth, Gross and Net Debt ESA 2010",2020Q3,General Government: changes in net worth - Opening net worth,-31231
"General Government Net Worth, Gross and Net Debt ESA 2010",2020Q3,Change in net worth due to transactions,-3667
"General Government Net Worth, Gross and Net Debt ESA 2010",2020Q3,Change in net worth due to transactions - Net acquisition of non-financial assets - ESA2010 Code (P5 +NP - P51c),1310
"General Government Net Worth, Gross and Net Debt ESA 2010",2020Q3,Change in net worth due to transactions - Net lending/net borrowing - ESA2010 Code (B9),-4977
"General Government Net Worth, Gross and Net Debt ESA 2010",2020Q3,Change in net worth due to other economic flows - ESA2010 Code (Kx),294
"General Government Net Worth, Gross and Net Debt ESA 2010",2020Q3,Change in net worth due to other economic flows - Other changes in non-financial assets,1303
"General Government Net Worth, Gross and Net Debt ESA 2010",2020Q3,Change in net worth due to other economic flows - Other changes in financial assets,-96
"General Government Net Worth, Gross and Net Debt ESA 2010",2020Q3,Change in net worth due to other economic flows - Other changes in liabilities,-913
"General Government Net Worth, Gross and Net Debt ESA 2010",2020Q3,Closing net worth,-34604
"General Government Net Worth, Gross and Net Debt ESA 2010",2020Q3,General Government Debt (GGDebt) - Debt instrument liabilities at market value - ESA2010 Code (F2 + F3 + F4),253740
"General Government Net Worth, Gross and Net Debt ESA 2010",2020Q3,General Government Debt (GGDebt) - Difference between EDP face value and market value,-27061
"General Government Net Worth, Gross and Net Debt ESA 2010",2020Q3,Gross General Government Debt (EDP face value) - Gross General Government Debt - ESA2010 Code (GGDebt),226679
"General Government Net Worth, Gross and Net Debt ESA 2010",2020Q3,Gross General Government Debt (EDP face value) - EDP debt instrument assets - ESA2010 Code (F2 + F3 + F4),-45579
"General Government Net Worth, Gross and Net Debt ESA 2010",2020Q3,Gross General Government Debt (EDP face value) - Net General Government Debt - ESA2010 Code (GGNetDebt),181100
"General Government Net Worth, Gross and Net Debt ESA 2010",2020Q4,"General Government net worth - Net Worth at market value, excluding pension liabilities - ESA2010 Code (NW)",-33511
"General Government Net Worth, Gross and Net Debt ESA 2010",2020Q4,General Government net worth - Non-financial assets at market value - ESA2010 Code (NFA),146015
"General Government Net Worth, Gross and Net Debt ESA 2010",2020Q4,"General Government net worth - Financial net worth at market value, excluding pension liabilities - ESA2010 Code (FNW)",-179526
"General Government Net Worth, Gross and Net Debt ESA 2010",2020Q4,"Financial net worth at market value, excluding pension liabilities - Financial assets at market value - ESA2010 Code (FA)",93186
"General Government Net Worth, Gross and Net Debt ESA 2010",2020Q4,"Financial net worth at market value, excluding pension liabilities - EDP debt instruments (Asset) - ESA2010 Code (F2 + F3 + F4)",33274
"General Government Net Worth, Gross and Net Debt ESA 2010",2020Q4,"Financial net worth at market value, excluding pension liabilities - Equity and Investment Fund Shares (Asset) - ESA2010 Code (F5)",33996
"General Government Net Worth, Gross and Net Debt ESA 2010",2020Q4,"Financial net worth at market value, excluding pension liabilities - Other financial assets - ESA2010 Code (F6 + F7 + F8)",25916
"General Government Net Worth, Gross and Net Debt ESA 2010",2020Q4,"Financial net worth at market value, excluding pension liabilities - Liabilities at market value - ESA2010 Code (L)",272711
"General Government Net Worth, Gross and Net Debt ESA 2010",2020Q4,"Financial net worth at market value, excluding pension liabilities - EDP debt instruments (Liability) - ESA2010 Code (F2 + F3 + F4)",246307
"General Government Net Worth, Gross and Net Debt ESA 2010",2020Q4,"Financial net worth at market value, excluding pension liabilities - Other liabilities - ESA2010 Code (F5 + F6 + F7 + F8)",26404
"General Government Net Worth, Gross and Net Debt ESA 2010",2020Q4,Estimated pension liabilities of government,169800
"General Government Net Worth, Gross and Net Debt ESA 2010",2020Q4,"Net worth, including pension liabilities",-203311
"General Government Net Worth, Gross and Net Debt ESA 2010",2020Q4,Contingent liabilities,6185
"General Government Net Worth, Gross and Net Debt ESA 2010",2020Q4,"Net worth, including pension liabilities and contingent liabilities",-209496
"General Government Net Worth, Gross and Net Debt ESA 2010",2020Q4,General Government: changes in net worth - Opening net worth,-34604
"General Government Net Worth, Gross and Net Debt ESA 2010",2020Q4,Change in net worth due to transactions,-747
"General Government Net Worth, Gross and Net Debt ESA 2010",2020Q4,Change in net worth due to transactions - Net acquisition of non-financial assets - ESA2010 Code (P5 +NP - P51c),832
"General Government Net Worth, Gross and Net Debt ESA 2010",2020Q4,Change in net worth due to transactions - Net lending/net borrowing - ESA2010 Code (B9),-1579
"General Government Net Worth, Gross and Net Debt ESA 2010",2020Q4,Change in net worth due to other economic flows - ESA2010 Code (Kx),1840
"General Government Net Worth, Gross and Net Debt ESA 2010",2020Q4,Change in net worth due to other economic flows - Other changes in non-financial assets,1303
"General Government Net Worth, Gross and Net Debt ESA 2010",2020Q4,Change in net worth due to other economic flows - Other changes in financial assets,2534
"General Government Net Worth, Gross and Net Debt ESA 2010",2020Q4,Change in net worth due to other economic flows - Other changes in liabilities,-1996
"General Government Net Worth, Gross and Net Debt ESA 2010",2020Q4,Closing net worth,-33511
"General Government Net Worth, Gross and Net Debt ESA 2010",2020Q4,General Government Debt (GGDebt) - Debt instrument liabilities at market value - ESA2010 Code (F2 + F3 + F4),246307
"General Government Net Worth, Gross and Net Debt ESA 2010",2020Q4,General Government Debt (GGDebt) - Difference between EDP face value and market value,-29101
"General Government Net Worth, Gross and Net Debt ESA 2010",2020Q4,Gross General Government Debt (EDP face value) - Gross General Government Debt - ESA2010 Code (GGDebt),217206
"General Government Net Worth, Gross and Net Debt ESA 2010",2020Q4,Gross General Government Debt (EDP face value) - EDP debt instrument assets - ESA2010 Code (F2 + F3 + F4),-33274
"General Government Net Worth, Gross and Net Debt ESA 2010",2020Q4,Gross General Government Debt (EDP face value) - Net General Government Debt - ESA2010 Code (GGNetDebt),183932
"General Government Net Worth, Gross and Net Debt ESA 2010",2021Q1,"General Government net worth - Net Worth at market value, excluding pension liabilities - ESA2010 Code (NW)",-29682
"General Government Net Worth, Gross and Net Debt ESA 2010",2021Q1,General Government net worth - Non-financial assets at market value - ESA2010 Code (NFA),149950
"General Government Net Worth, Gross and Net Debt ESA 2010",2021Q1,"General Government net worth - Financial net worth at market value, excluding pension liabilities - ESA2010 Code (FNW)",-179632
"General Government Net Worth, Gross and Net Debt ESA 2010",2021Q1,"Financial net worth at market value, excluding pension liabilities - Financial assets at market value - ESA2010 Code (FA)",101795
"General Government Net Worth, Gross and Net Debt ESA 2010",2021Q1,"Financial net worth at market value, excluding pension liabilities - EDP debt instruments (Asset) - ESA2010 Code (F2 + F3 + F4)",40107
"General Government Net Worth, Gross and Net Debt ESA 2010",2021Q1,"Financial net worth at market value, excluding pension liabilities - Equity and Investment Fund Shares (Asset) - ESA2010 Code (F5)",36271
"General Government Net Worth, Gross and Net Debt ESA 2010",2021Q1,"Financial net worth at market value, excluding pension liabilities - Other financial assets - ESA2010 Code (F6 + F7 + F8)",25417
"General Government Net Worth, Gross and Net Debt ESA 2010",2021Q1,"Financial net worth at market value, excluding pension liabilities - Liabilities at market value - ESA2010 Code (L)",281427
"General Government Net Worth, Gross and Net Debt ESA 2010",2021Q1,"Financial net worth at market value, excluding pension liabilities - EDP debt instruments (Liability) - ESA2010 Code (F2 + F3 + F4)",254049
"General Government Net Worth, Gross and Net Debt ESA 2010",2021Q1,"Financial net worth at market value, excluding pension liabilities - Other liabilities - ESA2010 Code (F5 + F6 + F7 + F8)",27379
"General Government Net Worth, Gross and Net Debt ESA 2010",2021Q1,Estimated pension liabilities of government,169800
"General Government Net Worth, Gross and Net Debt ESA 2010",2021Q1,"Net worth, including pension liabilities",-199482
"General Government Net Worth, Gross and Net Debt ESA 2010",2021Q1,Contingent liabilities,6185
"General Government Net Worth, Gross and Net Debt ESA 2010",2021Q1,"Net worth, including pension liabilities and contingent liabilities",-205667
"General Government Net Worth, Gross and Net Debt ESA 2010",2021Q1,General Government: changes in net worth - Opening net worth,-33511
"General Government Net Worth, Gross and Net Debt ESA 2010",2021Q1,Change in net worth due to transactions,-6529
"General Government Net Worth, Gross and Net Debt ESA 2010",2021Q1,Change in net worth due to transactions - Net acquisition of non-financial assets - ESA2010 Code (P5 +NP - P51c),328
"General Government Net Worth, Gross and Net Debt ESA 2010",2021Q1,Change in net worth due to transactions - Net lending/net borrowing - ESA2010 Code (B9),-6857
"General Government Net Worth, Gross and Net Debt ESA 2010",2021Q1,Change in net worth due to other economic flows - ESA2010 Code (Kx),10358
"General Government Net Worth, Gross and Net Debt ESA 2010",2021Q1,Change in net worth due to other economic flows - Other changes in non-financial assets,3608
"General Government Net Worth, Gross and Net Debt ESA 2010",2021Q1,Change in net worth due to other economic flows - Other changes in financial assets,2352
"General Government Net Worth, Gross and Net Debt ESA 2010",2021Q1,Change in net worth due to other economic flows - Other changes in liabilities,4399
"General Government Net Worth, Gross and Net Debt ESA 2010",2021Q1,Closing net worth,-29682
"General Government Net Worth, Gross and Net Debt ESA 2010",2021Q1,General Government Debt (GGDebt) - Debt instrument liabilities at market value - ESA2010 Code (F2 + F3 + F4),254049
"General Government Net Worth, Gross and Net Debt ESA 2010",2021Q1,General Government Debt (GGDebt) - Difference between EDP face value and market value,-24341
"General Government Net Worth, Gross and Net Debt ESA 2010",2021Q1,Gross General Government Debt (EDP face value) - Gross General Government Debt - ESA2010 Code (GGDebt),229707
"General Government Net Worth, Gross and Net Debt ESA 2010",2021Q1,Gross General Government Debt (EDP face value) - EDP debt instrument assets - ESA2010 Code (F2 + F3 + F4),-40107
"General Government Net Worth, Gross and Net Debt ESA 2010",2021Q1,Gross General Government Debt (EDP face value) - Net General Government Debt - ESA2010 Code (GGNetDebt),189600
"General Government Net Worth, Gross and Net Debt ESA 2010",2021Q2,"General Government net worth - Net Worth at market value, excluding pension liabilities - ESA2010 Code (NW)",-26823
"General Government Net Worth, Gross and Net Debt ESA 2010",2021Q2,General Government net worth - Non-financial assets at market value - ESA2010 Code (NFA),154014
"General Government Net Worth, Gross and Net Debt ESA 2010",2021Q2,"General Government net worth - Financial net worth at market value, excluding pension liabilities - ESA2010 Code (FNW)",-180837
"General Government Net Worth, Gross and Net Debt ESA 2010",2021Q2,"Financial net worth at market value, excluding pension liabilities - Financial assets at market value - ESA2010 Code (FA)",103190
"General Government Net Worth, Gross and Net Debt ESA 2010",2021Q2,"Financial net worth at market value, excluding pension liabilities - EDP debt instruments (Asset) - ESA2010 Code (F2 + F3 + F4)",42007
"General Government Net Worth, Gross and Net Debt ESA 2010",2021Q2,"Financial net worth at market value, excluding pension liabilities - Equity and Investment Fund Shares (Asset) - ESA2010 Code (F5)",35288
"General Government Net Worth, Gross and Net Debt ESA 2010",2021Q2,"Financial net worth at market value, excluding pension liabilities - Other financial assets - ESA2010 Code (F6 + F7 + F8)",25895
"General Government Net Worth, Gross and Net Debt ESA 2010",2021Q2,"Financial net worth at market value, excluding pension liabilities - Liabilities at market value - ESA2010 Code (L)",284027
"General Government Net Worth, Gross and Net Debt ESA 2010",2021Q2,"Financial net worth at market value, excluding pension liabilities - EDP debt instruments (Liability) - ESA2010 Code (F2 + F3 + F4)",256119
"General Government Net Worth, Gross and Net Debt ESA 2010",2021Q2,"Financial net worth at market value, excluding pension liabilities - Other liabilities - ESA2010 Code (F5 + F6 + F7 + F8)",27908
"General Government Net Worth, Gross and Net Debt ESA 2010",2021Q2,Estimated pension liabilities of government,169800
"General Government Net Worth, Gross and Net Debt ESA 2010",2021Q2,"Net worth, including pension liabilities",-196623
"General Government Net Worth, Gross and Net Debt ESA 2010",2021Q2,Contingent liabilities,6185
"General Government Net Worth, Gross and Net Debt ESA 2010",2021Q2,"Net worth, including pension liabilities and contingent liabilities",-202809
"General Government Net Worth, Gross and Net Debt ESA 2010",2021Q2,General Government: changes in net worth - Opening net worth,-29682
"General Government Net Worth, Gross and Net Debt ESA 2010",2021Q2,Change in net worth due to transactions,-1663
"General Government Net Worth, Gross and Net Debt ESA 2010",2021Q2,Change in net worth due to transactions - Net acquisition of non-financial assets - ESA2010 Code (P5 +NP - P51c),456
"General Government Net Worth, Gross and Net Debt ESA 2010",2021Q2,Change in net worth due to transactions - Net lending/net borrowing - ESA2010 Code (B9),-2119
"General Government Net Worth, Gross and Net Debt ESA 2010",2021Q2,Change in net worth due to other economic flows - ESA2010 Code (Kx),4522
"General Government Net Worth, Gross and Net Debt ESA 2010",2021Q2,Change in net worth due to other economic flows - Other changes in non-financial assets,3608
"General Government Net Worth, Gross and Net Debt ESA 2010",2021Q2,Change in net worth due to other economic flows - Other changes in financial assets,-766
"General Government Net Worth, Gross and Net Debt ESA 2010",2021Q2,Change in net worth due to other economic flows - Other changes in liabilities,1681
"General Government Net Worth, Gross and Net Debt ESA 2010",2021Q2,Closing net worth,-26823
"General Government Net Worth, Gross and Net Debt ESA 2010",2021Q2,General Government Debt (GGDebt) - Debt instrument liabilities at market value - ESA2010 Code (F2 + F3 + F4),256119
"General Government Net Worth, Gross and Net Debt ESA 2010",2021Q2,General Government Debt (GGDebt) - Difference between EDP face value and market value,-22327
"General Government Net Worth, Gross and Net Debt ESA 2010",2021Q2,Gross General Government Debt (EDP face value) - Gross General Government Debt - ESA2010 Code (GGDebt),233793
"General Government Net Worth, Gross and Net Debt ESA 2010",2021Q2,Gross General Government Debt (EDP face value) - EDP debt instrument assets - ESA2010 Code (F2 + F3 + F4),-42007
"General Government Net Worth, Gross and Net Debt ESA 2010",2021Q2,Gross General Government Debt (EDP face value) - Net General Government Debt - ESA2010 Code (GGNetDebt),191786
"General Government Net Worth, Gross and Net Debt ESA 2010",2021Q3,"General Government net worth - Net Worth at market value, excluding pension liabilities - ESA2010 Code (NW)",-20578
"General Government Net Worth, Gross and Net Debt ESA 2010",2021Q3,General Government net worth - Non-financial assets at market value - ESA2010 Code (NFA),158561
"General Government Net Worth, Gross and Net Debt ESA 2010",2021Q3,"General Government net worth - Financial net worth at market value, excluding pension liabilities - ESA2010 Code (FNW)",-179138
"General Government Net Worth, Gross and Net Debt ESA 2010",2021Q3,"Financial net worth at market value, excluding pension liabilities - Financial assets at market value - ESA2010 Code (FA)",105768
"General Government Net Worth, Gross and Net Debt ESA 2010",2021Q3,"Financial net worth at market value, excluding pension liabilities - EDP debt instruments (Asset) - ESA2010 Code (F2 + F3 + F4)",43525
"General Government Net Worth, Gross and Net Debt ESA 2010",2021Q3,"Financial net worth at market value, excluding pension liabilities - Equity and Investment Fund Shares (Asset) - ESA2010 Code (F5)",35427
"General Government Net Worth, Gross and Net Debt ESA 2010",2021Q3,"Financial net worth at market value, excluding pension liabilities - Other financial assets - ESA2010 Code (F6 + F7 + F8)",26816
"General Government Net Worth, Gross and Net Debt ESA 2010",2021Q3,"Financial net worth at market value, excluding pension liabilities - Liabilities at market value - ESA2010 Code (L)",284907
"General Government Net Worth, Gross and Net Debt ESA 2010",2021Q3,"Financial net worth at market value, excluding pension liabilities - EDP debt instruments (Liability) - ESA2010 Code (F2 + F3 + F4)",256569
"General Government Net Worth, Gross and Net Debt ESA 2010",2021Q3,"Financial net worth at market value, excluding pension liabilities - Other liabilities - ESA2010 Code (F5 + F6 + F7 + F8)",28338
"General Government Net Worth, Gross and Net Debt ESA 2010",2021Q3,Estimated pension liabilities of government,169800
"General Government Net Worth, Gross and Net Debt ESA 2010",2021Q3,"Net worth, including pension liabilities",-190378
"General Government Net Worth, Gross and Net Debt ESA 2010",2021Q3,Contingent liabilities,6185
"General Government Net Worth, Gross and Net Debt ESA 2010",2021Q3,"Net worth, including pension liabilities and contingent liabilities",-196563
"General Government Net Worth, Gross and Net Debt ESA 2010",2021Q3,General Government: changes in net worth - Opening net worth,-26823
"General Government Net Worth, Gross and Net Debt ESA 2010",2021Q3,Change in net worth due to transactions,150
"General Government Net Worth, Gross and Net Debt ESA 2010",2021Q3,Change in net worth due to transactions - Net acquisition of non-financial assets - ESA2010 Code (P5 +NP - P51c),939
"General Government Net Worth, Gross and Net Debt ESA 2010",2021Q3,Change in net worth due to transactions - Net lending/net borrowing - ESA2010 Code (B9),-790
"General Government Net Worth, Gross and Net Debt ESA 2010",2021Q3,Change in net worth due to other economic flows - ESA2010 Code (Kx),6096
"General Government Net Worth, Gross and Net Debt ESA 2010",2021Q3,Change in net worth due to other economic flows - Other changes in non-financial assets,3608
"General Government Net Worth, Gross and Net Debt ESA 2010",2021Q3,Change in net worth due to other economic flows - Other changes in financial assets,639
"General Government Net Worth, Gross and Net Debt ESA 2010",2021Q3,Change in net worth due to other economic flows - Other changes in liabilities,1849
"General Government Net Worth, Gross and Net Debt ESA 2010",2021Q3,Closing net worth,-20577
"General Government Net Worth, Gross and Net Debt ESA 2010",2021Q3,General Government Debt (GGDebt) - Debt instrument liabilities at market value - ESA2010 Code (F2 + F3 + F4),256569
"General Government Net Worth, Gross and Net Debt ESA 2010",2021Q3,General Government Debt (GGDebt) - Difference between EDP face value and market value,-21010
"General Government Net Worth, Gross and Net Debt ESA 2010",2021Q3,Gross General Government Debt (EDP face value) - Gross General Government Debt - ESA2010 Code (GGDebt),235559
"General Government Net Worth, Gross and Net Debt ESA 2010",2021Q3,Gross General Government Debt (EDP face value) - EDP debt instrument assets - ESA2010 Code (F2 + F3 + F4),-43525
"General Government Net Worth, Gross and Net Debt ESA 2010",2021Q3,Gross General Government Debt (EDP face value) - Net General Government Debt - ESA2010 Code (GGNetDebt),192034
"General Government Net Worth, Gross and Net Debt ESA 2010",2021Q4,"General Government net worth - Net Worth at market value, excluding pension liabilities - ESA2010 Code (NW)",-9455
"General Government Net Worth, Gross and Net Debt ESA 2010",2021Q4,General Government net worth - Non-financial assets at market value - ESA2010 Code (NFA),163419
"General Government Net Worth, Gross and Net Debt ESA 2010",2021Q4,"General Government net worth - Financial net worth at market value, excluding pension liabilities - ESA2010 Code (FNW)",-172873
"General Government Net Worth, Gross and Net Debt ESA 2010",2021Q4,"Financial net worth at market value, excluding pension liabilities - Financial assets at market value - ESA2010 Code (FA)",109077
"General Government Net Worth, Gross and Net Debt ESA 2010",2021Q4,"Financial net worth at market value, excluding pension liabilities - EDP debt instruments (Asset) - ESA2010 Code (F2 + F3 + F4)",44742
"General Government Net Worth, Gross and Net Debt ESA 2010",2021Q4,"Financial net worth at market value, excluding pension liabilities - Equity and Investment Fund Shares (Asset) - ESA2010 Code (F5)",35581
"General Government Net Worth, Gross and Net Debt ESA 2010",2021Q4,"Financial net worth at market value, excluding pension liabilities - Other financial assets - ESA2010 Code (F6 + F7 + F8)",28753
"General Government Net Worth, Gross and Net Debt ESA 2010",2021Q4,"Financial net worth at market value, excluding pension liabilities - Liabilities at market value - ESA2010 Code (L)",281950
"General Government Net Worth, Gross and Net Debt ESA 2010",2021Q4,"Financial net worth at market value, excluding pension liabilities - EDP debt instruments (Liability) - ESA2010 Code (F2 + F3 + F4)",253369
"General Government Net Worth, Gross and Net Debt ESA 2010",2021Q4,"Financial net worth at market value, excluding pension liabilities - Other liabilities - ESA2010 Code (F5 + F6 + F7 + F8)",28581
"General Government Net Worth, Gross and Net Debt ESA 2010",2021Q4,Estimated pension liabilities of government,175700
"General Government Net Worth, Gross and Net Debt ESA 2010",2021Q4,"Net worth, including pension liabilities",-185155
"General Government Net Worth, Gross and Net Debt ESA 2010",2021Q4,Contingent liabilities,6185
"General Government Net Worth, Gross and Net Debt ESA 2010",2021Q4,"Net worth, including pension liabilities and contingent liabilities",-191340
"General Government Net Worth, Gross and Net Debt ESA 2010",2021Q4,General Government: changes in net worth - Opening net worth,-20577
"General Government Net Worth, Gross and Net Debt ESA 2010",2021Q4,Change in net worth due to transactions,4890
"General Government Net Worth, Gross and Net Debt ESA 2010",2021Q4,Change in net worth due to transactions - Net acquisition of non-financial assets - ESA2010 Code (P5 +NP - P51c),1250
"General Government Net Worth, Gross and Net Debt ESA 2010",2021Q4,Change in net worth due to transactions - Net lending/net borrowing - ESA2010 Code (B9),3640
"General Government Net Worth, Gross and Net Debt ESA 2010",2021Q4,Change in net worth due to other economic flows - ESA2010 Code (Kx),6233
"General Government Net Worth, Gross and Net Debt ESA 2010",2021Q4,Change in net worth due to other economic flows - Other changes in non-financial assets,3608
"General Government Net Worth, Gross and Net Debt ESA 2010",2021Q4,Change in net worth due to other economic flows - Other changes in financial assets,296
"General Government Net Worth, Gross and Net Debt ESA 2010",2021Q4,Change in net worth due to other economic flows - Other changes in liabilities,2329
"General Government Net Worth, Gross and Net Debt ESA 2010",2021Q4,Closing net worth,-9454
"General Government Net Worth, Gross and Net Debt ESA 2010",2021Q4,General Government Debt (GGDebt) - Debt instrument liabilities at market value - ESA2010 Code (F2 + F3 + F4),253369
"General Government Net Worth, Gross and Net Debt ESA 2010",2021Q4,General Government Debt (GGDebt) - Difference between EDP face value and market value,-18187
"General Government Net Worth, Gross and Net Debt ESA 2010",2021Q4,Gross General Government Debt (EDP face value) - Gross General Government Debt - ESA2010 Code (GGDebt),235182
"General Government Net Worth, Gross and Net Debt ESA 2010",2021Q4,Gross General Government Debt (EDP face value) - EDP debt instrument assets - ESA2010 Code (F2 + F3 + F4),-44742
"General Government Net Worth, Gross and Net Debt ESA 2010",2021Q4,Gross General Government Debt (EDP face value) - Net General Government Debt - ESA2010 Code (GGNetDebt),190439
"General Government Net Worth, Gross and Net Debt ESA 2010",2022Q1,"General Government net worth - Net Worth at market value, excluding pension liabilities - ESA2010 Code (NW)",6103
"General Government Net Worth, Gross and Net Debt ESA 2010",2022Q1,General Government net worth - Non-financial assets at market value - ESA2010 Code (NFA),169286
"General Government Net Worth, Gross and Net Debt ESA 2010",2022Q1,"General Government net worth - Financial net worth at market value, excluding pension liabilities - ESA2010 Code (FNW)",-163183
"General Government Net Worth, Gross and Net Debt ESA 2010",2022Q1,"Financial net worth at market value, excluding pension liabilities - Financial assets at market value - ESA2010 Code (FA)",107665
"General Government Net Worth, Gross and Net Debt ESA 2010",2022Q1,"Financial net worth at market value, excluding pension liabilities - EDP debt instruments (Asset) - ESA2010 Code (F2 + F3 + F4)",42483
"General Government Net Worth, Gross and Net Debt ESA 2010",2022Q1,"Financial net worth at market value, excluding pension liabilities - Equity and Investment Fund Shares (Asset) - ESA2010 Code (F5)",35632
"General Government Net Worth, Gross and Net Debt ESA 2010",2022Q1,"Financial net worth at market value, excluding pension liabilities - Other financial assets - ESA2010 Code (F6 + F7 + F8)",29551
"General Government Net Worth, Gross and Net Debt ESA 2010",2022Q1,"Financial net worth at market value, excluding pension liabilities - Liabilities at market value - ESA2010 Code (L)",270849
"General Government Net Worth, Gross and Net Debt ESA 2010",2022Q1,"Financial net worth at market value, excluding pension liabilities - EDP debt instruments (Liability) - ESA2010 Code (F2 + F3 + F4)",242790
"General Government Net Worth, Gross and Net Debt ESA 2010",2022Q1,"Financial net worth at market value, excluding pension liabilities - Other liabilities - ESA2010 Code (F5 + F6 + F7 + F8)",28059
"General Government Net Worth, Gross and Net Debt ESA 2010",2022Q1,Estimated pension liabilities of government,175700
"General Government Net Worth, Gross and Net Debt ESA 2010",2022Q1,"Net worth, including pension liabilities",-169597
"General Government Net Worth, Gross and Net Debt ESA 2010",2022Q1,Contingent liabilities,6187
"General Government Net Worth, Gross and Net Debt ESA 2010",2022Q1,"Net worth, including pension liabilities and contingent liabilities",-175784
"General Government Net Worth, Gross and Net Debt ESA 2010",2022Q1,General Government: changes in net worth - Opening net worth,-9454
"General Government Net Worth, Gross and Net Debt ESA 2010",2022Q1,Change in net worth due to transactions,103
"General Government Net Worth, Gross and Net Debt ESA 2010",2022Q1,Change in net worth due to transactions - Net acquisition of non-financial assets - ESA2010 Code (P5 +NP - P51c),348
"General Government Net Worth, Gross and Net Debt ESA 2010",2022Q1,Change in net worth due to transactions - Net lending/net borrowing - ESA2010 Code (B9),-245
"General Government Net Worth, Gross and Net Debt ESA 2010",2022Q1,Change in net worth due to other economic flows - ESA2010 Code (Kx),15455
"General Government Net Worth, Gross and Net Debt ESA 2010",2022Q1,Change in net worth due to other economic flows - Other changes in non-financial assets,5520
"General Government Net Worth, Gross and Net Debt ESA 2010",2022Q1,Change in net worth due to other economic flows - Other changes in financial assets,268
"General Government Net Worth, Gross and Net Debt ESA 2010",2022Q1,Change in net worth due to other economic flows - Other changes in liabilities,9667
"General Government Net Worth, Gross and Net Debt ESA 2010",2022Q1,Closing net worth,6103
"General Government Net Worth, Gross and Net Debt ESA 2010",2022Q1,General Government Debt (GGDebt) - Debt instrument liabilities at market value - ESA2010 Code (F2 + F3 + F4),242790
"General Government Net Worth, Gross and Net Debt ESA 2010",2022Q1,General Government Debt (GGDebt) - Difference between EDP face value and market value,-8561
"General Government Net Worth, Gross and Net Debt ESA 2010",2022Q1,Gross General Government Debt (EDP face value) - Gross General Government Debt - ESA2010 Code (GGDebt),234228
"General Government Net Worth, Gross and Net Debt ESA 2010",2022Q1,Gross General Government Debt (EDP face value) - EDP debt instrument assets - ESA2010 Code (F2 + F3 + F4),-42483
"General Government Net Worth, Gross and Net Debt ESA 2010",2022Q1,Gross General Government Debt (EDP face value) - Net General Government Debt - ESA2010 Code (GGNetDebt),191746
"General Government Net Worth, Gross and Net Debt ESA 2010",2022Q2,"General Government net worth - Net Worth at market value, excluding pension liabilities - ESA2010 Code (NW)",26873
"General Government Net Worth, Gross and Net Debt ESA 2010",2022Q2,General Government net worth - Non-financial assets at market value - ESA2010 Code (NFA),175639
"General Government Net Worth, Gross and Net Debt ESA 2010",2022Q2,"General Government net worth - Financial net worth at market value, excluding pension liabilities - ESA2010 Code (FNW)",-148765
"General Government Net Worth, Gross and Net Debt ESA 2010",2022Q2,"Financial net worth at market value, excluding pension liabilities - Financial assets at market value - ESA2010 Code (FA)",111233
"General Government Net Worth, Gross and Net Debt ESA 2010",2022Q2,"Financial net worth at market value, excluding pension liabilities - EDP debt instruments (Asset) - ESA2010 Code (F2 + F3 + F4)",47888
"General Government Net Worth, Gross and Net Debt ESA 2010",2022Q2,"Financial net worth at market value, excluding pension liabilities - Equity and Investment Fund Shares (Asset) - ESA2010 Code (F5)",34276
"General Government Net Worth, Gross and Net Debt ESA 2010",2022Q2,"Financial net worth at market value, excluding pension liabilities - Other financial assets - ESA2010 Code (F6 + F7 + F8)",29069
"General Government Net Worth, Gross and Net Debt ESA 2010",2022Q2,"Financial net worth at market value, excluding pension liabilities - Liabilities at market value - ESA2010 Code (L)",259999
"General Government Net Worth, Gross and Net Debt ESA 2010",2022Q2,"Financial net worth at market value, excluding pension liabilities - EDP debt instruments (Liability) - ESA2010 Code (F2 + F3 + F4)",231769
"General Government Net Worth, Gross and Net Debt ESA 2010",2022Q2,"Financial net worth at market value, excluding pension liabilities - Other liabilities - ESA2010 Code (F5 + F6 + F7 + F8)",28229
"General Government Net Worth, Gross and Net Debt ESA 2010",2022Q2,Estimated pension liabilities of government,175700
"General Government Net Worth, Gross and Net Debt ESA 2010",2022Q2,"Net worth, including pension liabilities",-148827
"General Government Net Worth, Gross and Net Debt ESA 2010",2022Q2,Contingent liabilities,6187
"General Government Net Worth, Gross and Net Debt ESA 2010",2022Q2,"Net worth, including pension liabilities and contingent liabilities",-155013
"General Government Net Worth, Gross and Net Debt ESA 2010",2022Q2,General Government: changes in net worth - Opening net worth,6103
"General Government Net Worth, Gross and Net Debt ESA 2010",2022Q2,Change in net worth due to transactions,3384
"General Government Net Worth, Gross and Net Debt ESA 2010",2022Q2,Change in net worth due to transactions - Net acquisition of non-financial assets - ESA2010 Code (P5 +NP - P51c),832
"General Government Net Worth, Gross and Net Debt ESA 2010",2022Q2,Change in net worth due to transactions - Net lending/net borrowing - ESA2010 Code (B9),2552
"General Government Net Worth, Gross and Net Debt ESA 2010",2022Q2,Change in net worth due to other economic flows - ESA2010 Code (Kx),17386
"General Government Net Worth, Gross and Net Debt ESA 2010",2022Q2,Change in net worth due to other economic flows - Other changes in non-financial assets,5520
"General Government Net Worth, Gross and Net Debt ESA 2010",2022Q2,Change in net worth due to other economic flows - Other changes in financial assets,-72
"General Government Net Worth, Gross and Net Debt ESA 2010",2022Q2,Change in net worth due to other economic flows - Other changes in liabilities,11939
"General Government Net Worth, Gross and Net Debt ESA 2010",2022Q2,Closing net worth,26874
"General Government Net Worth, Gross and Net Debt ESA 2010",2022Q2,General Government Debt (GGDebt) - Debt instrument liabilities at market value - ESA2010 Code (F2 + F3 + F4),231769
"General Government Net Worth, Gross and Net Debt ESA 2010",2022Q2,General Government Debt (GGDebt) - Difference between EDP face value and market value,3877
"General Government Net Worth, Gross and Net Debt ESA 2010",2022Q2,Gross General Government Debt (EDP face value) - Gross General Government Debt - ESA2010 Code (GGDebt),235646
"General Government Net Worth, Gross and Net Debt ESA 2010",2022Q2,Gross General Government Debt (EDP face value) - EDP debt instrument assets - ESA2010 Code (F2 + F3 + F4),-47888
"General Government Net Worth, Gross and Net Debt ESA 2010",2022Q2,Gross General Government Debt (EDP face value) - Net General Government Debt - ESA2010 Code (GGNetDebt),187758
"General Government Net Worth, Gross and Net Debt ESA 2010",2022Q3,"General Government net worth - Net Worth at market value, excluding pension liabilities - ESA2010 Code (NW)",45106
"General Government Net Worth, Gross and Net Debt ESA 2010",2022Q3,General Government net worth - Non-financial assets at market value - ESA2010 Code (NFA),182346
"General Government Net Worth, Gross and Net Debt ESA 2010",2022Q3,"General Government net worth - Financial net worth at market value, excluding pension liabilities - ESA2010 Code (FNW)",-137239
"General Government Net Worth, Gross and Net Debt ESA 2010",2022Q3,"Financial net worth at market value, excluding pension liabilities - Financial assets at market value - ESA2010 Code (FA)",114375
"General Government Net Worth, Gross and Net Debt ESA 2010",2022Q3,"Financial net worth at market value, excluding pension liabilities - EDP debt instruments (Asset) - ESA2010 Code (F2 + F3 + F4)",50367
"General Government Net Worth, Gross and Net Debt ESA 2010",2022Q3,"Financial net worth at market value, excluding pension liabilities - Equity and Investment Fund Shares (Asset) - ESA2010 Code (F5)",34702
"General Government Net Worth, Gross and Net Debt ESA 2010",2022Q3,"Financial net worth at market value, excluding pension liabilities - Other financial assets - ESA2010 Code (F6 + F7 + F8)",29306
"General Government Net Worth, Gross and Net Debt ESA 2010",2022Q3,"Financial net worth at market value, excluding pension liabilities - Liabilities at market value - ESA2010 Code (L)",251614
"General Government Net Worth, Gross and Net Debt ESA 2010",2022Q3,"Financial net worth at market value, excluding pension liabilities - EDP debt instruments (Liability) - ESA2010 Code (F2 + F3 + F4)",223440
"General Government Net Worth, Gross and Net Debt ESA 2010",2022Q3,"Financial net worth at market value, excluding pension liabilities - Other liabilities - ESA2010 Code (F5 + F6 + F7 + F8)",28174
"General Government Net Worth, Gross and Net Debt ESA 2010",2022Q3,Estimated pension liabilities of government,175700
"General Government Net Worth, Gross and Net Debt ESA 2010",2022Q3,"Net worth, including pension liabilities",-130594
"General Government Net Worth, Gross and Net Debt ESA 2010",2022Q3,Contingent liabilities,6187
"General Government Net Worth, Gross and Net Debt ESA 2010",2022Q3,"Net worth, including pension liabilities and contingent liabilities",-136780
"General Government Net Worth, Gross and Net Debt ESA 2010",2022Q3,General Government: changes in net worth - Opening net worth,26874
"General Government Net Worth, Gross and Net Debt ESA 2010",2022Q3,Change in net worth due to transactions,4013
"General Government Net Worth, Gross and Net Debt ESA 2010",2022Q3,Change in net worth due to transactions - Net acquisition of non-financial assets - ESA2010 Code (P5 +NP - P51c),1187
"General Government Net Worth, Gross and Net Debt ESA 2010",2022Q3,Change in net worth due to transactions - Net lending/net borrowing - ESA2010 Code (B9),2826
"General Government Net Worth, Gross and Net Debt ESA 2010",2022Q3,Change in net worth due to other economic flows - ESA2010 Code (Kx),14220
"General Government Net Worth, Gross and Net Debt ESA 2010",2022Q3,Change in net worth due to other economic flows - Other changes in non-financial assets,5520
"General Government Net Worth, Gross and Net Debt ESA 2010",2022Q3,Change in net worth due to other economic flows - Other changes in financial assets,509
"General Government Net Worth, Gross and Net Debt ESA 2010",2022Q3,Change in net worth due to other economic flows - Other changes in liabilities,8191
"General Government Net Worth, Gross and Net Debt ESA 2010",2022Q3,Closing net worth,45107
"General Government Net Worth, Gross and Net Debt ESA 2010",2022Q3,General Government Debt (GGDebt) - Debt instrument liabilities at market value - ESA2010 Code (F2 + F3 + F4),223440
"General Government Net Worth, Gross and Net Debt ESA 2010",2022Q3,General Government Debt (GGDebt) - Difference between EDP face value and market value,11701
"General Government Net Worth, Gross and Net Debt ESA 2010",2022Q3,Gross General Government Debt (EDP face value) - Gross General Government Debt - ESA2010 Code (GGDebt),235141
"General Government Net Worth, Gross and Net Debt ESA 2010",2022Q3,Gross General Government Debt (EDP face value) - EDP debt instrument assets - ESA2010 Code (F2 + F3 + F4),-50367
"General Government Net Worth, Gross and Net Debt ESA 2010",2022Q3,Gross General Government Debt (EDP face value) - Net General Government Debt - ESA2010 Code (GGNetDebt),184774
"General Government Net Worth, Gross and Net Debt ESA 2010",2022Q4,"General Government net worth - Net Worth at market value, excluding pension liabilities - ESA2010 Code (NW)",59891
"General Government Net Worth, Gross and Net Debt ESA 2010",2022Q4,General Government net worth - Non-financial assets at market value - ESA2010 Code (NFA),189449
"General Government Net Worth, Gross and Net Debt ESA 2010",2022Q4,"General Government net worth - Financial net worth at market value, excluding pension liabilities - ESA2010 Code (FNW)",-129558
"General Government Net Worth, Gross and Net Debt ESA 2010",2022Q4,"Financial net worth at market value, excluding pension liabilities - Financial assets at market value - ESA2010 Code (FA)",105402
"General Government Net Worth, Gross and Net Debt ESA 2010",2022Q4,"Financial net worth at market value, excluding pension liabilities - EDP debt instruments (Asset) - ESA2010 Code (F2 + F3 + F4)",38279
"General Government Net Worth, Gross and Net Debt ESA 2010",2022Q4,"Financial net worth at market value, excluding pension liabilities - Equity and Investment Fund Shares (Asset) - ESA2010 Code (F5)",35768
"General Government Net Worth, Gross and Net Debt ESA 2010",2022Q4,"Financial net worth at market value, excluding pension liabilities - Other financial assets - ESA2010 Code (F6 + F7 + F8)",31355
"General Government Net Worth, Gross and Net Debt ESA 2010",2022Q4,"Financial net worth at market value, excluding pension liabilities - Liabilities at market value - ESA2010 Code (L)",234959
"General Government Net Worth, Gross and Net Debt ESA 2010",2022Q4,"Financial net worth at market value, excluding pension liabilities - EDP debt instruments (Liability) - ESA2010 Code (F2 + F3 + F4)",206170
"General Government Net Worth, Gross and Net Debt ESA 2010",2022Q4,"Financial net worth at market value, excluding pension liabilities - Other liabilities - ESA2010 Code (F5 + F6 + F7 + F8)",28790
"General Government Net Worth, Gross and Net Debt ESA 2010",2022Q4,Estimated pension liabilities of government,175700
"General Government Net Worth, Gross and Net Debt ESA 2010",2022Q4,"Net worth, including pension liabilities",-115809
"General Government Net Worth, Gross and Net Debt ESA 2010",2022Q4,Contingent liabilities,6187
"General Government Net Worth, Gross and Net Debt ESA 2010",2022Q4,"Net worth, including pension liabilities and contingent liabilities",-121996
"General Government Net Worth, Gross and Net Debt ESA 2010",2022Q4,General Government: changes in net worth - Opening net worth,45107
"General Government Net Worth, Gross and Net Debt ESA 2010",2022Q4,Change in net worth due to transactions,3669
"General Government Net Worth, Gross and Net Debt ESA 2010",2022Q4,Change in net worth due to transactions - Net acquisition of non-financial assets - ESA2010 Code (P5 +NP - P51c),1583
"General Government Net Worth, Gross and Net Debt ESA 2010",2022Q4,Change in net worth due to transactions - Net lending/net borrowing - ESA2010 Code (B9),2086
"General Government Net Worth, Gross and Net Debt ESA 2010",2022Q4,Change in net worth due to other economic flows - ESA2010 Code (Kx),11116
"General Government Net Worth, Gross and Net Debt ESA 2010",2022Q4,Change in net worth due to other economic flows - Other changes in non-financial assets,5520
"General Government Net Worth, Gross and Net Debt ESA 2010",2022Q4,Change in net worth due to other economic flows - Other changes in financial assets,1602
"General Government Net Worth, Gross and Net Debt ESA 2010",2022Q4,Change in net worth due to other economic flows - Other changes in liabilities,3994
"General Government Net Worth, Gross and Net Debt ESA 2010",2022Q4,Closing net worth,59891
"General Government Net Worth, Gross and Net Debt ESA 2010",2022Q4,General Government Debt (GGDebt) - Debt instrument liabilities at market value - ESA2010 Code (F2 + F3 + F4),206170
"General Government Net Worth, Gross and Net Debt ESA 2010",2022Q4,General Government Debt (GGDebt) - Difference between EDP face value and market value,17527
"General Government Net Worth, Gross and Net Debt ESA 2010",2022Q4,Gross General Government Debt (EDP face value) - Gross General Government Debt - ESA2010 Code (GGDebt),223696
"General Government Net Worth, Gross and Net Debt ESA 2010",2022Q4,Gross General Government Debt (EDP face value) - EDP debt instrument assets - ESA2010 Code (F2 + F3 + F4),-38279
"General Government Net Worth, Gross and Net Debt ESA 2010",2022Q4,Gross General Government Debt (EDP face value) - Net General Government Debt - ESA2010 Code (GGNetDebt),185417
"General Government Net Worth, Gross and Net Debt ESA 2010",2023Q1,"General Government net worth - Net Worth at market value, excluding pension liabilities - ESA2010 Code (NW)",65765
"General Government Net Worth, Gross and Net Debt ESA 2010",2023Q1,General Government net worth - Non-financial assets at market value - ESA2010 Code (NFA),193751
"General Government Net Worth, Gross and Net Debt ESA 2010",2023Q1,"General Government net worth - Financial net worth at market value, excluding pension liabilities - ESA2010 Code (FNW)",-127987
"General Government Net Worth, Gross and Net Debt ESA 2010",2023Q1,"Financial net worth at market value, excluding pension liabilities - Financial assets at market value - ESA2010 Code (FA)",105672
"General Government Net Worth, Gross and Net Debt ESA 2010",2023Q1,"Financial net worth at market value, excluding pension liabilities - EDP debt instruments (Asset) - ESA2010 Code (F2 + F3 + F4)",38637
"General Government Net Worth, Gross and Net Debt ESA 2010",2023Q1,"Financial net worth at market value, excluding pension liabilities - Equity and Investment Fund Shares (Asset) - ESA2010 Code (F5)",36089
"General Government Net Worth, Gross and Net Debt ESA 2010",2023Q1,"Financial net worth at market value, excluding pension liabilities - Other financial assets - ESA2010 Code (F6 + F7 + F8)",30946
"General Government Net Worth, Gross and Net Debt ESA 2010",2023Q1,"Financial net worth at market value, excluding pension liabilities - Liabilities at market value - ESA2010 Code (L)",233659
"General Government Net Worth, Gross and Net Debt ESA 2010",2023Q1,"Financial net worth at market value, excluding pension liabilities - EDP debt instruments (Liability) - ESA2010 Code (F2 + F3 + F4)",205293
"General Government Net Worth, Gross and Net Debt ESA 2010",2023Q1,"Financial net worth at market value, excluding pension liabilities - Other liabilities - ESA2010 Code (F5 + F6 + F7 + F8)",28366
"General Government Net Worth, Gross and Net Debt ESA 2010",2023Q1,Estimated pension liabilities of government,175700
"General Government Net Worth, Gross and Net Debt ESA 2010",2023Q1,"Net worth, including pension liabilities",-109935
"General Government Net Worth, Gross and Net Debt ESA 2010",2023Q1,Contingent liabilities,6186
"General Government Net Worth, Gross and Net Debt ESA 2010",2023Q1,"Net worth, including pension liabilities and contingent liabilities",-116121
"General Government Net Worth, Gross and Net Debt ESA 2010",2023Q1,General Government: changes in net worth - Opening net worth,59891
"General Government Net Worth, Gross and Net Debt ESA 2010",2023Q1,Change in net worth due to transactions,2760
"General Government Net Worth, Gross and Net Debt ESA 2010",2023Q1,Change in net worth due to transactions - Net acquisition of non-financial assets - ESA2010 Code (P5 +NP - P51c),609
"General Government Net Worth, Gross and Net Debt ESA 2010",2023Q1,Change in net worth due to transactions - Net lending/net borrowing - ESA2010 Code (B9),2151
"General Government Net Worth, Gross and Net Debt ESA 2010",2023Q1,Change in net worth due to other economic flows - ESA2010 Code (Kx),3114
"General Government Net Worth, Gross and Net Debt ESA 2010",2023Q1,Change in net worth due to other economic flows - Other changes in non-financial assets,3693
"General Government Net Worth, Gross and Net Debt ESA 2010",2023Q1,Change in net worth due to other economic flows - Other changes in financial assets,558
"General Government Net Worth, Gross and Net Debt ESA 2010",2023Q1,Change in net worth due to other economic flows - Other changes in liabilities,-1138
"General Government Net Worth, Gross and Net Debt ESA 2010",2023Q1,Closing net worth,65765
"General Government Net Worth, Gross and Net Debt ESA 2010",2023Q1,General Government Debt (GGDebt) - Debt instrument liabilities at market value - ESA2010 Code (F2 + F3 + F4),205293
"General Government Net Worth, Gross and Net Debt ESA 2010",2023Q1,General Government Debt (GGDebt) - Difference between EDP face value and market value,17165
"General Government Net Worth, Gross and Net Debt ESA 2010",2023Q1,Gross General Government Debt (EDP face value) - Gross General Government Debt - ESA2010 Code (GGDebt),222458
"General Government Net Worth, Gross and Net Debt ESA 2010",2023Q1,Gross General Government Debt (EDP face value) - EDP debt instrument assets - ESA2010 Code (F2 + F3 + F4),-38637
"General Government Net Worth, Gross and Net Debt ESA 2010",2023Q1,Gross General Government Debt (EDP face value) - Net General Government Debt - ESA2010 Code (GGNetDebt),183821
"General Government Net Worth, Gross and Net Debt ESA 2010",2023Q2,"General Government net worth - Net Worth at market value, excluding pension liabilities - ESA2010 Code (NW)",72301
"General Government Net Worth, Gross and Net Debt ESA 2010",2023Q2,General Government net worth - Non-financial assets at market value - ESA2010 Code (NFA),198362
"General Government Net Worth, Gross and Net Debt ESA 2010",2023Q2,"General Government net worth - Financial net worth at market value, excluding pension liabilities - ESA2010 Code (FNW)",-126061
"General Government Net Worth, Gross and Net Debt ESA 2010",2023Q2,"Financial net worth at market value, excluding pension liabilities - Financial assets at market value - ESA2010 Code (FA)",106057
"General Government Net Worth, Gross and Net Debt ESA 2010",2023Q2,"Financial net worth at market value, excluding pension liabilities - EDP debt instruments (Asset) - ESA2010 Code (F2 + F3 + F4)",40745
"General Government Net Worth, Gross and Net Debt ESA 2010",2023Q2,"Financial net worth at market value, excluding pension liabilities - Equity and Investment Fund Shares (Asset) - ESA2010 Code (F5)",34496
"General Government Net Worth, Gross and Net Debt ESA 2010",2023Q2,"Financial net worth at market value, excluding pension liabilities - Other financial assets - ESA2010 Code (F6 + F7 + F8)",30816
"General Government Net Worth, Gross and Net Debt ESA 2010",2023Q2,"Financial net worth at market value, excluding pension liabilities - Liabilities at market value - ESA2010 Code (L)",232118
"General Government Net Worth, Gross and Net Debt ESA 2010",2023Q2,"Financial net worth at market value, excluding pension liabilities - EDP debt instruments (Liability) - ESA2010 Code (F2 + F3 + F4)",203765
"General Government Net Worth, Gross and Net Debt ESA 2010",2023Q2,"Financial net worth at market value, excluding pension liabilities - Other liabilities - ESA2010 Code (F5 + F6 + F7 + F8)",28353
"General Government Net Worth, Gross and Net Debt ESA 2010",2023Q2,Estimated pension liabilities of government,175700
"General Government Net Worth, Gross and Net Debt ESA 2010",2023Q2,"Net worth, including pension liabilities",-103399
"General Government Net Worth, Gross and Net Debt ESA 2010",2023Q2,Contingent liabilities,6186
"General Government Net Worth, Gross and Net Debt ESA 2010",2023Q2,"Net worth, including pension liabilities and contingent liabilities",-109585
"General Government Net Worth, Gross and Net Debt ESA 2010",2023Q2,General Government: changes in net worth - Opening net worth,65765
"General Government Net Worth, Gross and Net Debt ESA 2010",2023Q2,Change in net worth due to transactions,3104
"General Government Net Worth, Gross and Net Debt ESA 2010",2023Q2,Change in net worth due to transactions - Net acquisition of non-financial assets - ESA2010 Code (P5 +NP - P51c),918
"General Government Net Worth, Gross and Net Debt ESA 2010",2023Q2,Change in net worth due to transactions - Net lending/net borrowing - ESA2010 Code (B9),2186
"General Government Net Worth, Gross and Net Debt ESA 2010",2023Q2,Change in net worth due to other economic flows - ESA2010 Code (Kx),3433
"General Government Net Worth, Gross and Net Debt ESA 2010",2023Q2,Change in net worth due to other economic flows - Other changes in non-financial assets,3693
"General Government Net Worth, Gross and Net Debt ESA 2010",2023Q2,Change in net worth due to other economic flows - Other changes in financial assets,-19
"General Government Net Worth, Gross and Net Debt ESA 2010",2023Q2,Change in net worth due to other economic flows - Other changes in liabilities,-242
"General Government Net Worth, Gross and Net Debt ESA 2010",2023Q2,Closing net worth,72301
"General Government Net Worth, Gross and Net Debt ESA 2010",2023Q2,General Government Debt (GGDebt) - Debt instrument liabilities at market value - ESA2010 Code (F2 + F3 + F4),203765
"General Government Net Worth, Gross and Net Debt ESA 2010",2023Q2,General Government Debt (GGDebt) - Difference between EDP face value and market value,18145
"General Government Net Worth, Gross and Net Debt ESA 2010",2023Q2,Gross General Government Debt (EDP face value) - Gross General Government Debt - ESA2010 Code (GGDebt),221909
"General Government Net Worth, Gross and Net Debt ESA 2010",2023Q2,Gross General Government Debt (EDP face value) - EDP debt instrument assets - ESA2010 Code (F2 + F3 + F4),-40745
"General Government Net Worth, Gross and Net Debt ESA 2010",2023Q2,Gross General Government Debt (EDP face value) - Net General Government Debt - ESA2010 Code (GGNetDebt),181165
"General Government Net Worth, Gross and Net Debt ESA 2010",2023Q3,"General Government net worth - Net Worth at market value, excluding pension liabilities - ESA2010 Code (NW)",83924
"General Government Net Worth, Gross and Net Debt ESA 2010",2023Q3,General Government net worth - Non-financial assets at market value - ESA2010 Code (NFA),203394
"General Government Net Worth, Gross and Net Debt ESA 2010",2023Q3,"General Government net worth - Financial net worth at market value, excluding pension liabilities - ESA2010 Code (FNW)",-119470
"General Government Net Worth, Gross and Net Debt ESA 2010",2023Q3,"Financial net worth at market value, excluding pension liabilities - Financial assets at market value - ESA2010 Code (FA)",107410
"General Government Net Worth, Gross and Net Debt ESA 2010",2023Q3,"Financial net worth at market value, excluding pension liabilities - EDP debt instruments (Asset) - ESA2010 Code (F2 + F3 + F4)",41970
"General Government Net Worth, Gross and Net Debt ESA 2010",2023Q3,"Financial net worth at market value, excluding pension liabilities - Equity and Investment Fund Shares (Asset) - ESA2010 Code (F5)",34740
"General Government Net Worth, Gross and Net Debt ESA 2010",2023Q3,"Financial net worth at market value, excluding pension liabilities - Other financial assets - ESA2010 Code (F6 + F7 + F8)",30700
"General Government Net Worth, Gross and Net Debt ESA 2010",2023Q3,"Financial net worth at market value, excluding pension liabilities - Liabilities at market value - ESA2010 Code (L)",226881
"General Government Net Worth, Gross and Net Debt ESA 2010",2023Q3,"Financial net worth at market value, excluding pension liabilities - EDP debt instruments (Liability) - ESA2010 Code (F2 + F3 + F4)",198661
"General Government Net Worth, Gross and Net Debt ESA 2010",2023Q3,"Financial net worth at market value, excluding pension liabilities - Other liabilities - ESA2010 Code (F5 + F6 + F7 + F8)",28220
"General Government Net Worth, Gross and Net Debt ESA 2010",2023Q3,Estimated pension liabilities of government,175700
"General Government Net Worth, Gross and Net Debt ESA 2010",2023Q3,"Net worth, including pension liabilities",-91776
"General Government Net Worth, Gross and Net Debt ESA 2010",2023Q3,Contingent liabilities,6186
"General Government Net Worth, Gross and Net Debt ESA 2010",2023Q3,"Net worth, including pension liabilities and contingent liabilities",-97962
"General Government Net Worth, Gross and Net Debt ESA 2010",2023Q3,General Government: changes in net worth - Opening net worth,72301
"General Government Net Worth, Gross and Net Debt ESA 2010",2023Q3,Change in net worth due to transactions,2345
"General Government Net Worth, Gross and Net Debt ESA 2010",2023Q3,Change in net worth due to transactions - Net acquisition of non-financial assets - ESA2010 Code (P5 +NP - P51c),1339
"General Government Net Worth, Gross and Net Debt ESA 2010",2023Q3,Change in net worth due to transactions - Net lending/net borrowing - ESA2010 Code (B9),1007
"General Government Net Worth, Gross and Net Debt ESA 2010",2023Q3,Change in net worth due to other economic flows - ESA2010 Code (Kx),9278
"General Government Net Worth, Gross and Net Debt ESA 2010",2023Q3,Change in net worth due to other economic flows - Other changes in non-financial assets,3693
"General Government Net Worth, Gross and Net Debt ESA 2010",2023Q3,Change in net worth due to other economic flows - Other changes in financial assets,587
"General Government Net Worth, Gross and Net Debt ESA 2010",2023Q3,Change in net worth due to other economic flows - Other changes in liabilities,4998
"General Government Net Worth, Gross and Net Debt ESA 2010",2023Q3,Closing net worth,83924
"General Government Net Worth, Gross and Net Debt ESA 2010",2023Q3,General Government Debt (GGDebt) - Debt instrument liabilities at market value - ESA2010 Code (F2 + F3 + F4),198661
"General Government Net Worth, Gross and Net Debt ESA 2010",2023Q3,General Government Debt (GGDebt) - Difference between EDP face value and market value,22754
"General Government Net Worth, Gross and Net Debt ESA 2010",2023Q3,Gross General Government Debt (EDP face value) - Gross General Government Debt - ESA2010 Code (GGDebt),221415
"General Government Net Worth, Gross and Net Debt ESA 2010",2023Q3,Gross General Government Debt (EDP face value) - EDP debt instrument assets - ESA2010 Code (F2 + F3 + F4),-41970
"General Government Net Worth, Gross and Net Debt ESA 2010",2023Q3,Gross General Government Debt (EDP face value) - Net General Government Debt - ESA2010 Code (GGNetDebt),179445
"General Government Net Worth, Gross and Net Debt ESA 2010",2023Q4,"General Government net worth - Net Worth at market value, excluding pension liabilities - ESA2010 Code (NW)",82259
"General Government Net Worth, Gross and Net Debt ESA 2010",2023Q4,General Government net worth - Non-financial assets at market value - ESA2010 Code (NFA),209129
"General Government Net Worth, Gross and Net Debt ESA 2010",2023Q4,"General Government net worth - Financial net worth at market value, excluding pension liabilities - ESA2010 Code (FNW)",-126870
"General Government Net Worth, Gross and Net Debt ESA 2010",2023Q4,"Financial net worth at market value, excluding pension liabilities - Financial assets at market value - ESA2010 Code (FA)",107786
"General Government Net Worth, Gross and Net Debt ESA 2010",2023Q4,"Financial net worth at market value, excluding pension liabilities - EDP debt instruments (Asset) - ESA2010 Code (F2 + F3 + F4)",41581
"General Government Net Worth, Gross and Net Debt ESA 2010",2023Q4,"Financial net worth at market value, excluding pension liabilities - Equity and Investment Fund Shares (Asset) - ESA2010 Code (F5)",33829
"General Government Net Worth, Gross and Net Debt ESA 2010",2023Q4,"Financial net worth at market value, excluding pension liabilities - Other financial assets - ESA2010 Code (F6 + F7 + F8)",32376
"General Government Net Worth, Gross and Net Debt ESA 2010",2023Q4,"Financial net worth at market value, excluding pension liabilities - Liabilities at market value - ESA2010 Code (L)",234656
"General Government Net Worth, Gross and Net Debt ESA 2010",2023Q4,"Financial net worth at market value, excluding pension liabilities - EDP debt instruments (Liability) - ESA2010 Code (F2 + F3 + F4)",206203
"General Government Net Worth, Gross and Net Debt ESA 2010",2023Q4,"Financial net worth at market value, excluding pension liabilities - Other liabilities - ESA2010 Code (F5 + F6 + F7 + F8)",28453
"General Government Net Worth, Gross and Net Debt ESA 2010",2023Q4,Estimated pension liabilities of government,175700
"General Government Net Worth, Gross and Net Debt ESA 2010",2023Q4,"Net worth, including pension liabilities",-93441
"General Government Net Worth, Gross and Net Debt ESA 2010",2023Q4,Contingent liabilities,6186
"General Government Net Worth, Gross and Net Debt ESA 2010",2023Q4,"Net worth, including pension liabilities and contingent liabilities",-99627
"General Government Net Worth, Gross and Net Debt ESA 2010",2023Q4,General Government: changes in net worth - Opening net worth,83924
"General Government Net Worth, Gross and Net Debt ESA 2010",2023Q4,Change in net worth due to transactions,5554
"General Government Net Worth, Gross and Net Debt ESA 2010",2023Q4,Change in net worth due to transactions - Net acquisition of non-financial assets - ESA2010 Code (P5 +NP - P51c),2042
"General Government Net Worth, Gross and Net Debt ESA 2010",2023Q4,Change in net worth due to transactions - Net lending/net borrowing - ESA2010 Code (B9),3512
"General Government Net Worth, Gross and Net Debt ESA 2010",2023Q4,Change in net worth due to other economic flows - ESA2010 Code (Kx),-7219
"General Government Net Worth, Gross and Net Debt ESA 2010",2023Q4,Change in net worth due to other economic flows - Other changes in non-financial assets,3693
"General Government Net Worth, Gross and Net Debt ESA 2010",2023Q4,Change in net worth due to other economic flows - Other changes in financial assets,-126
"General Government Net Worth, Gross and Net Debt ESA 2010",2023Q4,Change in net worth due to other economic flows - Other changes in liabilities,-10786
"General Government Net Worth, Gross and Net Debt ESA 2010",2023Q4,Closing net worth,82259
"General Government Net Worth, Gross and Net Debt ESA 2010",2023Q4,General Government Debt (GGDebt) - Debt instrument liabilities at market value - ESA2010 Code (F2 + F3 + F4),206203
"General Government Net Worth, Gross and Net Debt ESA 2010",2023Q4,General Government Debt (GGDebt) - Difference between EDP face value and market value,13074
"General Government Net Worth, Gross and Net Debt ESA 2010",2023Q4,Gross General Government Debt (EDP face value) - Gross General Government Debt - ESA2010 Code (GGDebt),219277
"General Government Net Worth, Gross and Net Debt ESA 2010",2023Q4,Gross General Government Debt (EDP face value) - EDP debt instrument assets - ESA2010 Code (F2 + F3 + F4),-41581
"General Government Net Worth, Gross and Net Debt ESA 2010",2023Q4,Gross General Government Debt (EDP face value) - Net General Government Debt - ESA2010 Code (GGNetDebt),177696
"General Government Net Worth, Gross and Net Debt ESA 2010",2024Q1,"General Government net worth - Net Worth at market value, excluding pension liabilities - ESA2010 Code (NW)",89240
"General Government Net Worth, Gross and Net Debt ESA 2010",2024Q1,General Government net worth - Non-financial assets at market value - ESA2010 Code (NFA),212272
"General Government Net Worth, Gross and Net Debt ESA 2010",2024Q1,"General Government net worth - Financial net worth at market value, excluding pension liabilities - ESA2010 Code (FNW)",-123032
"General Government Net Worth, Gross and Net Debt ESA 2010",2024Q1,"Financial net worth at market value, excluding pension liabilities - Financial assets at market value - ESA2010 Code (FA)",105054
"General Government Net Worth, Gross and Net Debt ESA 2010",2024Q1,"Financial net worth at market value, excluding pension liabilities - EDP debt instruments (Asset) - ESA2010 Code (F2 + F3 + F4)",36414
"General Government Net Worth, Gross and Net Debt ESA 2010",2024Q1,"Financial net worth at market value, excluding pension liabilities - Equity and Investment Fund Shares (Asset) - ESA2010 Code (F5)",36087
"General Government Net Worth, Gross and Net Debt ESA 2010",2024Q1,"Financial net worth at market value, excluding pension liabilities - Other financial assets - ESA2010 Code (F6 + F7 + F8)",32553
"General Government Net Worth, Gross and Net Debt ESA 2010",2024Q1,"Financial net worth at market value, excluding pension liabilities - Liabilities at market value - ESA2010 Code (L)",228087
"General Government Net Worth, Gross and Net Debt ESA 2010",2024Q1,"Financial net worth at market value, excluding pension liabilities - EDP debt instruments (Liability) - ESA2010 Code (F2 + F3 + F4)",199093
"General Government Net Worth, Gross and Net Debt ESA 2010",2024Q1,"Financial net worth at market value, excluding pension liabilities - Other liabilities - ESA2010 Code (F5 + F6 + F7 + F8)",28993
"General Government Net Worth, Gross and Net Debt ESA 2010",2024Q1,Estimated pension liabilities of government,175700
"General Government Net Worth, Gross and Net Debt ESA 2010",2024Q1,"Net worth, including pension liabilities",-86460
"General Government Net Worth, Gross and Net Debt ESA 2010",2024Q1,Contingent liabilities,6184
"General Government Net Worth, Gross and Net Debt ESA 2010",2024Q1,"Net worth, including pension liabilities and contingent liabilities",-92644
"General Government Net Worth, Gross and Net Debt ESA 2010",2024Q1,General Government: changes in net worth - Opening net worth,82259
"General Government Net Worth, Gross and Net Debt ESA 2010",2024Q1,Change in net worth due to transactions,708
"General Government Net Worth, Gross and Net Debt ESA 2010",2024Q1,Change in net worth due to transactions - Net acquisition of non-financial assets - ESA2010 Code (P5 +NP - P51c),1117
"General Government Net Worth, Gross and Net Debt ESA 2010",2024Q1,Change in net worth due to transactions - Net lending/net borrowing - ESA2010 Code (B9),-409
"General Government Net Worth, Gross and Net Debt ESA 2010",2024Q1,Change in net worth due to other economic flows - ESA2010 Code (Kx),6273
"General Government Net Worth, Gross and Net Debt ESA 2010",2024Q1,Change in net worth due to other economic flows - Other changes in non-financial assets,2025
"General Government Net Worth, Gross and Net Debt ESA 2010",2024Q1,Change in net worth due to other economic flows - Other changes in financial assets,2621
"General Government Net Worth, Gross and Net Debt ESA 2010",2024Q1,Change in net worth due to other economic flows - Other changes in liabilities,1626
"General Government Net Worth, Gross and Net Debt ESA 2010",2024Q1,Closing net worth,89240
"General Government Net Worth, Gross and Net Debt ESA 2010",2024Q1,General Government Debt (GGDebt) - Debt instrument liabilities at market value - ESA2010 Code (F2 + F3 + F4),199093
"General Government Net Worth, Gross and Net Debt ESA 2010",2024Q1,General Government Debt (GGDebt) - Difference between EDP face value and market value,15051
"General Government Net Worth, Gross and Net Debt ESA 2010",2024Q1,Gross General Government Debt (EDP face value) - Gross General Government Debt - ESA2010 Code (GGDebt),214144
"General Government Net Worth, Gross and Net Debt ESA 2010",2024Q1,Gross General Government Debt (EDP face value) - EDP debt instrument assets - ESA2010 Code (F2 + F3 + F4),-36414
"General Government Net Worth, Gross and Net Debt ESA 2010",2024Q1,Gross General Government Debt (EDP face value) - Net General Government Debt - ESA2010 Code (GGNetDebt),177730
"General Government Net Worth, Gross and Net Debt ESA 2010",2024Q2,"General Government net worth - Net Worth at market value, excluding pension liabilities - ESA2010 Code (NW)",98368
"General Government Net Worth, Gross and Net Debt ESA 2010",2024Q2,General Government net worth - Non-financial assets at market value - ESA2010 Code (NFA),216000
"General Government Net Worth, Gross and Net Debt ESA 2010",2024Q2,"General Government net worth - Financial net worth at market value, excluding pension liabilities - ESA2010 Code (FNW)",-117632
"General Government Net Worth, Gross and Net Debt ESA 2010",2024Q2,"Financial net worth at market value, excluding pension liabilities - Financial assets at market value - ESA2010 Code (FA)",109730
"General Government Net Worth, Gross and Net Debt ESA 2010",2024Q2,"Financial net worth at market value, excluding pension liabilities - EDP debt instruments (Asset) - ESA2010 Code (F2 + F3 + F4)",43792
"General Government Net Worth, Gross and Net Debt ESA 2010",2024Q2,"Financial net worth at market value, excluding pension liabilities - Equity and Investment Fund Shares (Asset) - ESA2010 Code (F5)",34011
"General Government Net Worth, Gross and Net Debt ESA 2010",2024Q2,"Financial net worth at market value, excluding pension liabilities - Other financial assets - ESA2010 Code (F6 + F7 + F8)",31927
"General Government Net Worth, Gross and Net Debt ESA 2010",2024Q2,"Financial net worth at market value, excluding pension liabilities - Liabilities at market value - ESA2010 Code (L)",227362
"General Government Net Worth, Gross and Net Debt ESA 2010",2024Q2,"Financial net worth at market value, excluding pension liabilities - EDP debt instruments (Liability) - ESA2010 Code (F2 + F3 + F4)",197973
"General Government Net Worth, Gross and Net Debt ESA 2010",2024Q2,"Financial net worth at market value, excluding pension liabilities - Other liabilities - ESA2010 Code (F5 + F6 + F7 + F8)",29390
"General Government Net Worth, Gross and Net Debt ESA 2010",2024Q2,Estimated pension liabilities of government,175700
"General Government Net Worth, Gross and Net Debt ESA 2010",2024Q2,"Net worth, including pension liabilities",-77332
"General Government Net Worth, Gross and Net Debt ESA 2010",2024Q2,Contingent liabilities,6184
"General Government Net Worth, Gross and Net Debt ESA 2010",2024Q2,"Net worth, including pension liabilities and contingent liabilities",-83516
"General Government Net Worth, Gross and Net Debt ESA 2010",2024Q2,General Government: changes in net worth - Opening net worth,89240
"General Government Net Worth, Gross and Net Debt ESA 2010",2024Q2,Change in net worth due to transactions,4336
"General Government Net Worth, Gross and Net Debt ESA 2010",2024Q2,Change in net worth due to transactions - Net acquisition of non-financial assets - ESA2010 Code (P5 +NP - P51c),1703
"General Government Net Worth, Gross and Net Debt ESA 2010",2024Q2,Change in net worth due to transactions - Net lending/net borrowing - ESA2010 Code (B9),2633
"General Government Net Worth, Gross and Net Debt ESA 2010",2024Q2,Change in net worth due to other economic flows - ESA2010 Code (Kx),4793
"General Government Net Worth, Gross and Net Debt ESA 2010",2024Q2,Change in net worth due to other economic flows - Other changes in non-financial assets,2025
"General Government Net Worth, Gross and Net Debt ESA 2010",2024Q2,Change in net worth due to other economic flows - Other changes in financial assets,1261
"General Government Net Worth, Gross and Net Debt ESA 2010",2024Q2,Change in net worth due to other economic flows - Other changes in liabilities,1507
"General Government Net Worth, Gross and Net Debt ESA 2010",2024Q2,Closing net worth,98368
"General Government Net Worth, Gross and Net Debt ESA 2010",2024Q2,General Government Debt (GGDebt) - Debt instrument liabilities at market value - ESA2010 Code (F2 + F3 + F4),197973
"General Government Net Worth, Gross and Net Debt ESA 2010",2024Q2,General Government Debt (GGDebt) - Difference between EDP face value and market value,17189
"General Government Net Worth, Gross and Net Debt ESA 2010",2024Q2,Gross General Government Debt (EDP face value) - Gross General Government Debt - ESA2010 Code (GGDebt),215162
"General Government Net Worth, Gross and Net Debt ESA 2010",2024Q2,Gross General Government Debt (EDP face value) - EDP debt instrument assets - ESA2010 Code (F2 + F3 + F4),-43792
"General Government Net Worth, Gross and Net Debt ESA 2010",2024Q2,Gross General Government Debt (EDP face value) - Net General Government Debt - ESA2010 Code (GGNetDebt),171370
"General Government Net Worth, Gross and Net Debt ESA 2010",2024Q3,"General Government net worth - Net Worth at market value, excluding pension liabilities - ESA2010 Code (NW)",115103
"General Government Net Worth, Gross and Net Debt ESA 2010",2024Q3,General Government net worth - Non-financial assets at market value - ESA2010 Code (NFA),219701
"General Government Net Worth, Gross and Net Debt ESA 2010",2024Q3,"General Government net worth - Financial net worth at market value, excluding pension liabilities - ESA2010 Code (FNW)",-104598
"General Government Net Worth, Gross and Net Debt ESA 2010",2024Q3,"Financial net worth at market value, excluding pension liabilities - Financial assets at market value - ESA2010 Code (FA)",114009
"General Government Net Worth, Gross and Net Debt ESA 2010",2024Q3,"Financial net worth at market value, excluding pension liabilities - EDP debt instruments (Asset) - ESA2010 Code (F2 + F3 + F4)",49100
"General Government Net Worth, Gross and Net Debt ESA 2010",2024Q3,"Financial net worth at market value, excluding pension liabilities - Equity and Investment Fund Shares (Asset) - ESA2010 Code (F5)",33764
"General Government Net Worth, Gross and Net Debt ESA 2010",2024Q3,"Financial net worth at market value, excluding pension liabilities - Other financial assets - ESA2010 Code (F6 + F7 + F8)",31146
"General Government Net Worth, Gross and Net Debt ESA 2010",2024Q3,"Financial net worth at market value, excluding pension liabilities - Liabilities at market value - ESA2010 Code (L)",218608
"General Government Net Worth, Gross and Net Debt ESA 2010",2024Q3,"Financial net worth at market value, excluding pension liabilities - EDP debt instruments (Liability) - ESA2010 Code (F2 + F3 + F4)",203617
"General Government Net Worth, Gross and Net Debt ESA 2010",2024Q3,"Financial net worth at market value, excluding pension liabilities - Other liabilities - ESA2010 Code (F5 + F6 + F7 + F8)",14990
"General Government Net Worth, Gross and Net Debt ESA 2010",2024Q3,Estimated pension liabilities of government,175700
"General Government Net Worth, Gross and Net Debt ESA 2010",2024Q3,"Net worth, including pension liabilities",-60597
"General Government Net Worth, Gross and Net Debt ESA 2010",2024Q3,Contingent liabilities,6184
"General Government Net Worth, Gross and Net Debt ESA 2010",2024Q3,"Net worth, including pension liabilities and contingent liabilities",-66781
"General Government Net Worth, Gross and Net Debt ESA 2010",2024Q3,General Government: changes in net worth - Opening net worth,98368
"General Government Net Worth, Gross and Net Debt ESA 2010",2024Q3,Change in net worth due to transactions,19682
"General Government Net Worth, Gross and Net Debt ESA 2010",2024Q3,Change in net worth due to transactions - Net acquisition of non-financial assets - ESA2010 Code (P5 +NP - P51c),1676
"General Government Net Worth, Gross and Net Debt ESA 2010",2024Q3,Change in net worth due to transactions - Net lending/net borrowing - ESA2010 Code (B9),18006
"General Government Net Worth, Gross and Net Debt ESA 2010",2024Q3,Change in net worth due to other economic flows - ESA2010 Code (Kx),-2946
"General Government Net Worth, Gross and Net Debt ESA 2010",2024Q3,Change in net worth due to other economic flows - Other changes in non-financial assets,2025
"General Government Net Worth, Gross and Net Debt ESA 2010",2024Q3,Change in net worth due to other economic flows - Other changes in financial assets,-108
"General Government Net Worth, Gross and Net Debt ESA 2010",2024Q3,Change in net worth due to other economic flows - Other changes in liabilities,-4864
"General Government Net Worth, Gross and Net Debt ESA 2010",2024Q3,Closing net worth,115103
"General Government Net Worth, Gross and Net Debt ESA 2010",2024Q3,General Government Debt (GGDebt) - Debt instrument liabilities at market value - ESA2010 Code (F2 + F3 + F4),203617
"General Government Net Worth, Gross and Net Debt ESA 2010",2024Q3,General Government Debt (GGDebt) - Difference between EDP face value and market value,12327
"General Government Net Worth, Gross and Net Debt ESA 2010",2024Q3,Gross General Government Debt (EDP face value) - Gross General Government Debt - ESA2010 Code (GGDebt),215944
"General Government Net Worth, Gross and Net Debt ESA 2010",2024Q3,Gross General Government Debt (EDP face value) - EDP debt instrument assets - ESA2010 Code (F2 + F3 + F4),-49100
"General Government Net Worth, Gross and Net Debt ESA 2010",2024Q3,Gross General Government Debt (EDP face value) - Net General Government Debt - ESA2010 Code (GGNetDebt),166845
"General Government Net Worth, Gross and Net Debt ESA 2010",2024Q4,"General Government net worth - Net Worth at market value, excluding pension liabilities - ESA2010 Code (NW)",122525
"General Government Net Worth, Gross and Net Debt ESA 2010",2024Q4,General Government net worth - Non-financial assets at market value - ESA2010 Code (NFA),223674
"General Government Net Worth, Gross and Net Debt ESA 2010",2024Q4,"General Government net worth - Financial net worth at market value, excluding pension liabilities - ESA2010 Code (FNW)",-101149
"General Government Net Worth, Gross and Net Debt ESA 2010",2024Q4,"Financial net worth at market value, excluding pension liabilities - Financial assets at market value - ESA2010 Code (FA)",116898
"General Government Net Worth, Gross and Net Debt ESA 2010",2024Q4,"Financial net worth at market value, excluding pension liabilities - EDP debt instruments (Asset) - ESA2010 Code (F2 + F3 + F4)",60465
"General Government Net Worth, Gross and Net Debt ESA 2010",2024Q4,"Financial net worth at market value, excluding pension liabilities - Equity and Investment Fund Shares (Asset) - ESA2010 Code (F5)",34268
"General Government Net Worth, Gross and Net Debt ESA 2010",2024Q4,"Financial net worth at market value, excluding pension liabilities - Other financial assets - ESA2010 Code (F6 + F7 + F8)",22165
"General Government Net Worth, Gross and Net Debt ESA 2010",2024Q4,"Financial net worth at market value, excluding pension liabilities - Liabilities at market value - ESA2010 Code (L)",218048
"General Government Net Worth, Gross and Net Debt ESA 2010",2024Q4,"Financial net worth at market value, excluding pension liabilities - EDP debt instruments (Liability) - ESA2010 Code (F2 + F3 + F4)",202625
"General Government Net Worth, Gross and Net Debt ESA 2010",2024Q4,"Financial net worth at market value, excluding pension liabilities - Other liabilities - ESA2010 Code (F5 + F6 + F7 + F8)",15423
"General Government Net Worth, Gross and Net Debt ESA 2010",2024Q4,Estimated pension liabilities of government,175700
"General Government Net Worth, Gross and Net Debt ESA 2010",2024Q4,"Net worth, including pension liabilities",-53175
"General Government Net Worth, Gross and Net Debt ESA 2010",2024Q4,Contingent liabilities,6184
"General Government Net Worth, Gross and Net Debt ESA 2010",2024Q4,"Net worth, including pension liabilities and contingent liabilities",-59359
"General Government Net Worth, Gross and Net Debt ESA 2010",2024Q4,General Government: changes in net worth - Opening net worth,115103
"General Government Net Worth, Gross and Net Debt ESA 2010",2024Q4,Change in net worth due to transactions,4045
"General Government Net Worth, Gross and Net Debt ESA 2010",2024Q4,Change in net worth due to transactions - Net acquisition of non-financial assets - ESA2010 Code (P5 +NP - P51c),1947
"General Government Net Worth, Gross and Net Debt ESA 2010",2024Q4,Change in net worth due to transactions - Net lending/net borrowing - ESA2010 Code (B9),2097
"General Government Net Worth, Gross and Net Debt ESA 2010",2024Q4,Change in net worth due to other economic flows - ESA2010 Code (Kx),3377
"General Government Net Worth, Gross and Net Debt ESA 2010",2024Q4,Change in net worth due to other economic flows - Other changes in non-financial assets,2025
"General Government Net Worth, Gross and Net Debt ESA 2010",2024Q4,Change in net worth due to other economic flows - Other changes in financial assets,795
"General Government Net Worth, Gross and Net Debt ESA 2010",2024Q4,Change in net worth due to other economic flows - Other changes in liabilities,557
"General Government Net Worth, Gross and Net Debt ESA 2010",2024Q4,Closing net worth,122525
"General Government Net Worth, Gross and Net Debt ESA 2010",2024Q4,General Government Debt (GGDebt) - Debt instrument liabilities at market value - ESA2010 Code (F2 + F3 + F4),202625
"General Government Net Worth, Gross and Net Debt ESA 2010",2024Q4,General Government Debt (GGDebt) - Difference between EDP face value and market value,12950
"General Government Net Worth, Gross and Net Debt ESA 2010",2024Q4,Gross General Government Debt (EDP face value) - Gross General Government Debt - ESA2010 Code (GGDebt),215575
"General Government Net Worth, Gross and Net Debt ESA 2010",2024Q4,Gross General Government Debt (EDP face value) - EDP debt instrument assets - ESA2010 Code (F2 + F3 + F4),-60465
"General Government Net Worth, Gross and Net Debt ESA 2010",2024Q4,Gross General Government Debt (EDP face value) - Net General Government Debt - ESA2010 Code (GGNetDebt),155110
"General Government Net Worth, Gross and Net Debt ESA 2010",2025Q1,"General Government net worth - Net Worth at market value, excluding pension liabilities - ESA2010 Code (NW)",130902
"General Government Net Worth, Gross and Net Debt ESA 2010",2025Q1,General Government net worth - Non-financial assets at market value - ESA2010 Code (NFA),227318
"General Government Net Worth, Gross and Net Debt ESA 2010",2025Q1,"General Government net worth - Financial net worth at market value, excluding pension liabilities - ESA2010 Code (FNW)",-96416
"General Government Net Worth, Gross and Net Debt ESA 2010",2025Q1,"Financial net worth at market value, excluding pension liabilities - Financial assets at market value - ESA2010 Code (FA)",108346
"General Government Net Worth, Gross and Net Debt ESA 2010",2025Q1,"Financial net worth at market value, excluding pension liabilities - EDP debt instruments (Asset) - ESA2010 Code (F2 + F3 + F4)",56682
"General Government Net Worth, Gross and Net Debt ESA 2010",2025Q1,"Financial net worth at market value, excluding pension liabilities - Equity and Investment Fund Shares (Asset) - ESA2010 Code (F5)",33181
"General Government Net Worth, Gross and Net Debt ESA 2010",2025Q1,"Financial net worth at market value, excluding pension liabilities - Other financial assets - ESA2010 Code (F6 + F7 + F8)",18483
"General Government Net Worth, Gross and Net Debt ESA 2010",2025Q1,"Financial net worth at market value, excluding pension liabilities - Liabilities at market value - ESA2010 Code (L)",204762
"General Government Net Worth, Gross and Net Debt ESA 2010",2025Q1,"Financial net worth at market value, excluding pension liabilities - EDP debt instruments (Liability) - ESA2010 Code (F2 + F3 + F4)",189962
"General Government Net Worth, Gross and Net Debt ESA 2010",2025Q1,"Financial net worth at market value, excluding pension liabilities - Other liabilities - ESA2010 Code (F5 + F6 + F7 + F8)",14800
"General Government Net Worth, Gross and Net Debt ESA 2010",2025Q1,Estimated pension liabilities of government,175700
"General Government Net Worth, Gross and Net Debt ESA 2010",2025Q1,"Net worth, including pension liabilities",-44798
"General Government Net Worth, Gross and Net Debt ESA 2010",2025Q1,Contingent liabilities,6180
"General Government Net Worth, Gross and Net Debt ESA 2010",2025Q1,"Net worth, including pension liabilities and contingent liabilities",-50979
"General Government Net Worth, Gross and Net Debt ESA 2010",2025Q1,General Government: changes in net worth - Opening net worth,122525
"General Government Net Worth, Gross and Net Debt ESA 2010",2025Q1,Change in net worth due to transactions,2493
"General Government Net Worth, Gross and Net Debt ESA 2010",2025Q1,Change in net worth due to transactions - Net acquisition of non-financial assets - ESA2010 Code (P5 +NP - P51c),1694
"General Government Net Worth, Gross and Net Debt ESA 2010",2025Q1,Change in net worth due to transactions - Net lending/net borrowing - ESA2010 Code (B9),799
"General Government Net Worth, Gross and Net Debt ESA 2010",2025Q1,Change in net worth due to other economic flows - ESA2010 Code (Kx),5884
"General Government Net Worth, Gross and Net Debt ESA 2010",2025Q1,Change in net worth due to other economic flows - Other changes in non-financial assets,1949
"General Government Net Worth, Gross and Net Debt ESA 2010",2025Q1,Change in net worth due to other economic flows - Other changes in financial assets,497
"General Government Net Worth, Gross and Net Debt ESA 2010",2025Q1,Change in net worth due to other economic flows - Other changes in liabilities,3437
"General Government Net Worth, Gross and Net Debt ESA 2010",2025Q1,Closing net worth,130902
"General Government Net Worth, Gross and Net Debt ESA 2010",2025Q1,General Government Debt (GGDebt) - Debt instrument liabilities at market value - ESA2010 Code (F2 + F3 + F4),189962
"General Government Net Worth, Gross and Net Debt ESA 2010",2025Q1,General Government Debt (GGDebt) - Difference between EDP face value and market value,16241
"General Government Net Worth, Gross and Net Debt ESA 2010",2025Q1,Gross General Government Debt (EDP face value) - Gross General Government Debt - ESA2010 Code (GGDebt),206203
"General Government Net Worth, Gross and Net Debt ESA 2010",2025Q1,Gross General Government Debt (EDP face value) - EDP debt instrument assets - ESA2010 Code (F2 + F3 + F4),-56682
"General Government Net Worth, Gross and Net Debt ESA 2010",2025Q1,Gross General Government Debt (EDP face value) - Net General Government Debt - ESA2010 Code (GGNetDebt),149521
"General Government Net Worth, Gross and Net Debt ESA 2010",2025Q2,"General Government net worth - Net Worth at market value, excluding pension liabilities - ESA2010 Code (NW)",135724
"General Government Net Worth, Gross and Net Debt ESA 2010",2025Q2,General Government net worth - Non-financial assets at market value - ESA2010 Code (NFA),231242
"General Government Net Worth, Gross and Net Debt ESA 2010",2025Q2,"General Government net worth - Financial net worth at market value, excluding pension liabilities - ESA2010 Code (FNW)",-95518
"General Government Net Worth, Gross and Net Debt ESA 2010",2025Q2,"Financial net worth at market value, excluding pension liabilities - Financial assets at market value - ESA2010 Code (FA)",111305
"General Government Net Worth, Gross and Net Debt ESA 2010",2025Q2,"Financial net worth at market value, excluding pension liabilities - EDP debt instruments (Asset) - ESA2010 Code (F2 + F3 + F4)",62142
"General Government Net Worth, Gross and Net Debt ESA 2010",2025Q2,"Financial net worth at market value, excluding pension liabilities - Equity and Investment Fund Shares (Asset) - ESA2010 Code (F5)",31427
"General Government Net Worth, Gross and Net Debt ESA 2010",2025Q2,"Financial net worth at market value, excluding pension liabilities - Other financial assets - ESA2010 Code (F6 + F7 + F8)",17736
"General Government Net Worth, Gross and Net Debt ESA 2010",2025Q2,"Financial net worth at market value, excluding pension liabilities - Liabilities at market value - ESA2010 Code (L)",206824
"General Government Net Worth, Gross and Net Debt ESA 2010",2025Q2,"Financial net worth at market value, excluding pension liabilities - EDP debt instruments (Liability) - ESA2010 Code (F2 + F3 + F4)",191788
"General Government Net Worth, Gross and Net Debt ESA 2010",2025Q2,"Financial net worth at market value, excluding pension liabilities - Other liabilities - ESA2010 Code (F5 + F6 + F7 + F8)",15036
"General Government Net Worth, Gross and Net Debt ESA 2010",2025Q2,Estimated pension liabilities of government,175700
"General Government Net Worth, Gross and Net Debt ESA 2010",2025Q2,"Net worth, including pension liabilities",-39976
"General Government Net Worth, Gross and Net Debt ESA 2010",2025Q2,Contingent liabilities,6180
"General Government Net Worth, Gross and Net Debt ESA 2010",2025Q2,"Net worth, including pension liabilities and contingent liabilities",-46157
"General Government Net Worth, Gross and Net Debt ESA 2010",2025Q2,General Government: changes in net worth - Opening net worth,130902
"General Government Net Worth, Gross and Net Debt ESA 2010",2025Q2,Change in net worth due to transactions,4501
"General Government Net Worth, Gross and Net Debt ESA 2010",2025Q2,Change in net worth due to transactions - Net acquisition of non-financial assets - ESA2010 Code (P5 +NP - P51c),1975
"General Government Net Worth, Gross and Net Debt ESA 2010",2025Q2,Change in net worth due to transactions - Net lending/net borrowing - ESA2010 Code (B9),2526
"General Government Net Worth, Gross and Net Debt ESA 2010",2025Q2,Change in net worth due to other economic flows - ESA2010 Code (Kx),321
"General Government Net Worth, Gross and Net Debt ESA 2010",2025Q2,Change in net worth due to other economic flows - Other changes in non-financial assets,1949
"General Government Net Worth, Gross and Net Debt ESA 2010",2025Q2,Change in net worth due to other economic flows - Other changes in financial assets,-704
"General Government Net Worth, Gross and Net Debt ESA 2010",2025Q2,Change in net worth due to other economic flows - Other changes in liabilities,-925
"General Government Net Worth, Gross and Net Debt ESA 2010",2025Q2,Closing net worth,135724
"General Government Net Worth, Gross and Net Debt ESA 2010",2025Q2,General Government Debt (GGDebt) - Debt instrument liabilities at market value - ESA2010 Code (F2 + F3 + F4),191788
"General Government Net Worth, Gross and Net Debt ESA 2010",2025Q2,General Government Debt (GGDebt) - Difference between EDP face value and market value,15423
"General Government Net Worth, Gross and Net Debt ESA 2010",2025Q2,Gross General Government Debt (EDP face value) - Gross General Government Debt - ESA2010 Code (GGDebt),207212
"General Government Net Worth, Gross and Net Debt ESA 2010",2025Q2,Gross General Government Debt (EDP face value) - EDP debt instrument assets - ESA2010 Code (F2 + F3 + F4),-62142
"General Government Net Worth, Gross and Net Debt ESA 2010",2025Q2,Gross General Government Debt (EDP face value) - Net General Government Debt - ESA2010 Code (GGNetDebt),145069
"General Government Net Worth, Gross and Net Debt ESA 2010",2025Q3,"General Government net worth - Net Worth at market value, excluding pension liabilities - ESA2010 Code (NW)",141534
"General Government Net Worth, Gross and Net Debt ESA 2010",2025Q3,General Government net worth - Non-financial assets at market value - ESA2010 Code (NFA),235520
"General Government Net Worth, Gross and Net Debt ESA 2010",2025Q3,"General Government net worth - Financial net worth at market value, excluding pension liabilities - ESA2010 Code (FNW)",-93986
"General Government Net Worth, Gross and Net Debt ESA 2010",2025Q3,"Financial net worth at market value, excluding pension liabilities - Financial assets at market value - ESA2010 Code (FA)",114309
"General Government Net Worth, Gross and Net Debt ESA 2010",2025Q3,"Financial net worth at market value, excluding pension liabilities - EDP debt instruments (Asset) - ESA2010 Code (F2 + F3 + F4)",64752
"General Government Net Worth, Gross and Net Debt ESA 2010",2025Q3,"Financial net worth at market value, excluding pension liabilities - Equity and Investment Fund Shares (Asset) - ESA2010 Code (F5)",31735
"General Government Net Worth, Gross and Net Debt ESA 2010",2025Q3,"Financial net worth at market value, excluding pension liabilities - Other financial assets - ESA2010 Code (F6 + F7 + F8)",17822
"General Government Net Worth, Gross and Net Debt ESA 2010",2025Q3,"Financial net worth at market value, excluding pension liabilities - Liabilities at market value - ESA2010 Code (L)",208296
"General Government Net Worth, Gross and Net Debt ESA 2010",2025Q3,"Financial net worth at market value, excluding pension liabilities - EDP debt instruments (Liability) - ESA2010 Code (F2 + F3 + F4)",192953
"General Government Net Worth, Gross and Net Debt ESA 2010",2025Q3,"Financial net worth at market value, excluding pension liabilities - Other liabilities - ESA2010 Code (F5 + F6 + F7 + F8)",15343
"General Government Net Worth, Gross and Net Debt ESA 2010",2025Q3,Estimated pension liabilities of government,175700
"General Government Net Worth, Gross and Net Debt ESA 2010",2025Q3,"Net worth, including pension liabilities",-34166
"General Government Net Worth, Gross and Net Debt ESA 2010",2025Q3,Contingent liabilities,6180
"General Government Net Worth, Gross and Net Debt ESA 2010",2025Q3,"Net worth, including pension liabilities and contingent liabilities",-40347
"General Government Net Worth, Gross and Net Debt ESA 2010",2025Q3,General Government: changes in net worth - Opening net worth,135724
"General Government Net Worth, Gross and Net Debt ESA 2010",2025Q3,Change in net worth due to transactions,2859
"General Government Net Worth, Gross and Net Debt ESA 2010",2025Q3,Change in net worth due to transactions - Net acquisition of non-financial assets - ESA2010 Code (P5 +NP - P51c),2329
"General Government Net Worth, Gross and Net Debt ESA 2010",2025Q3,Change in net worth due to transactions - Net lending/net borrowing - ESA2010 Code (B9),531
"General Government Net Worth, Gross and Net Debt ESA 2010",2025Q3,Change in net worth due to other economic flows - ESA2010 Code (Kx),2951
"General Government Net Worth, Gross and Net Debt ESA 2010",2025Q3,Change in net worth due to other economic flows - Other changes in non-financial assets,1949
"General Government Net Worth, Gross and Net Debt ESA 2010",2025Q3,Change in net worth due to other economic flows - Other changes in financial assets,411
"General Government Net Worth, Gross and Net Debt ESA 2010",2025Q3,Change in net worth due to other economic flows - Other changes in liabilities,590
"General Government Net Worth, Gross and Net Debt ESA 2010",2025Q3,Closing net worth,141534
"General Government Net Worth, Gross and Net Debt ESA 2010",2025Q3,General Government Debt (GGDebt) - Debt instrument liabilities at market value - ESA2010 Code (F2 + F3 + F4),192953
"General Government Net Worth, Gross and Net Debt ESA 2010",2025Q3,General Government Debt (GGDebt) - Difference between EDP face value and market value,15959
"General Government Net Worth, Gross and Net Debt ESA 2010",2025Q3,Gross General Government Debt (EDP face value) - Gross General Government Debt - ESA2010 Code (GGDebt),208912
"General Government Net Worth, Gross and Net Debt ESA 2010",2025Q3,Gross General Government Debt (EDP face value) - EDP debt instrument assets - ESA2010 Code (F2 + F3 + F4),-64752
"General Government Net Worth, Gross and Net Debt ESA 2010",2025Q3,Gross General Government Debt (EDP face value) - Net General Government Debt - ESA2010 Code (GGNetDebt),144160
"General Government Net Worth, Gross and Net Debt ESA 2010",2025Q4,"General Government net worth - Net Worth at market value, excluding pension liabilities - ESA2010 Code (NW)",152272
"General Government Net Worth, Gross and Net Debt ESA 2010",2025Q4,General Government net worth - Non-financial assets at market value - ESA2010 Code (NFA),239810
"General Government Net Worth, Gross and Net Debt ESA 2010",2025Q4,"General Government net worth - Financial net worth at market value, excluding pension liabilities - ESA2010 Code (FNW)",-87539
"General Government Net Worth, Gross and Net Debt ESA 2010",2025Q4,"Financial net worth at market value, excluding pension liabilities - Financial assets at market value - ESA2010 Code (FA)",122449
"General Government Net Worth, Gross and Net Debt ESA 2010",2025Q4,"Financial net worth at market value, excluding pension liabilities - EDP debt instruments (Asset) - ESA2010 Code (F2 + F3 + F4)",71449
"General Government Net Worth, Gross and Net Debt ESA 2010",2025Q4,"Financial net worth at market value, excluding pension liabilities - Equity and Investment Fund Shares (Asset) - ESA2010 Code (F5)",32014
"General Government Net Worth, Gross and Net Debt ESA 2010",2025Q4,"Financial net worth at market value, excluding pension liabilities - Other financial assets - ESA2010 Code (F6 + F7 + F8)",18986
"General Government Net Worth, Gross and Net Debt ESA 2010",2025Q4,"Financial net worth at market value, excluding pension liabilities - Liabilities at market value - ESA2010 Code (L)",209988
"General Government Net Worth, Gross and Net Debt ESA 2010",2025Q4,"Financial net worth at market value, excluding pension liabilities - EDP debt instruments (Liability) - ESA2010 Code (F2 + F3 + F4)",193541
"General Government Net Worth, Gross and Net Debt ESA 2010",2025Q4,"Financial net worth at market value, excluding pension liabilities - Other liabilities - ESA2010 Code (F5 + F6 + F7 + F8)",16447
"General Government Net Worth, Gross and Net Debt ESA 2010",2025Q4,Estimated pension liabilities of government,175700
"General Government Net Worth, Gross and Net Debt ESA 2010",2025Q4,"Net worth, including pension liabilities",-23428
"General Government Net Worth, Gross and Net Debt ESA 2010",2025Q4,Contingent liabilities,6180
"General Government Net Worth, Gross and Net Debt ESA 2010",2025Q4,"Net worth, including pension liabilities and contingent liabilities",-29609
"General Government Net Worth, Gross and Net Debt ESA 2010",2025Q4,General Government: changes in net worth - Opening net worth,141534
"General Government Net Worth, Gross and Net Debt ESA 2010",2025Q4,Change in net worth due to transactions,8484
"General Government Net Worth, Gross and Net Debt ESA 2010",2025Q4,Change in net worth due to transactions - Net acquisition of non-financial assets - ESA2010 Code (P5 +NP - P51c),2341
"General Government Net Worth, Gross and Net Debt ESA 2010",2025Q4,Change in net worth due to transactions - Net lending/net borrowing - ESA2010 Code (B9),6143
"General Government Net Worth, Gross and Net Debt ESA 2010",2025Q4,Change in net worth due to other economic flows - ESA2010 Code (Kx),2254
"General Government Net Worth, Gross and Net Debt ESA 2010",2025Q4,Change in net worth due to other economic flows - Other changes in non-financial assets,1949
"General Government Net Worth, Gross and Net Debt ESA 2010",2025Q4,Change in net worth due to other economic flows - Other changes in financial assets,798
"General Government Net Worth, Gross and Net Debt ESA 2010",2025Q4,Change in net worth due to other economic flows - Other changes in liabilities,-493
"General Government Net Worth, Gross and Net Debt ESA 2010",2025Q4,Closing net worth,152272
"General Government Net Worth, Gross and Net Debt ESA 2010",2025Q4,General Government Debt (GGDebt) - Debt instrument liabilities at market value - ESA2010 Code (F2 + F3 + F4),193541
"General Government Net Worth, Gross and Net Debt ESA 2010",2025Q4,General Government Debt (GGDebt) - Difference between EDP face value and market value,16354
"General Government Net Worth, Gross and Net Debt ESA 2010",2025Q4,Gross General Government Debt (EDP face value) - Gross General Government Debt - ESA2010 Code (GGDebt),209895
"General Government Net Worth, Gross and Net Debt ESA 2010",2025Q4,Gross General Government Debt (EDP face value) - EDP debt instrument assets - ESA2010 Code (F2 + F3 + F4),-71449
"General Government Net Worth, Gross and Net Debt ESA 2010",2025Q4,Gross General Government Debt (EDP face value) - Net General Government Debt - ESA2010 Code (GGNetDebt),138445
"General Government Net Worth, Gross and Net Debt ESA 2010",2026Q1,"General Government net worth - Net Worth at market value, excluding pension liabilities - ESA2010 Code (NW)",154930
"General Government Net Worth, Gross and Net Debt ESA 2010",2026Q1,General Government net worth - Non-financial assets at market value - ESA2010 Code (NFA),241738
"General Government Net Worth, Gross and Net Debt ESA 2010",2026Q1,"General Government net worth - Financial net worth at market value, excluding pension liabilities - ESA2010 Code (FNW)",-86808
"General Government Net Worth, Gross and Net Debt ESA 2010",2026Q1,"Financial net worth at market value, excluding pension liabilities - Financial assets at market value - ESA2010 Code (FA)",129146
"General Government Net Worth, Gross and Net Debt ESA 2010",2026Q1,"Financial net worth at market value, excluding pension liabilities - EDP debt instruments (Asset) - ESA2010 Code (F2 + F3 + F4)",75158
"General Government Net Worth, Gross and Net Debt ESA 2010",2026Q1,"Financial net worth at market value, excluding pension liabilities - Equity and Investment Fund Shares (Asset) - ESA2010 Code (F5)",35038
"General Government Net Worth, Gross and Net Debt ESA 2010",2026Q1,"Financial net worth at market value, excluding pension liabilities - Other financial assets - ESA2010 Code (F6 + F7 + F8)",18950
"General Government Net Worth, Gross and Net Debt ESA 2010",2026Q1,"Financial net worth at market value, excluding pension liabilities - Liabilities at market value - ESA2010 Code (L)",215955
"General Government Net Worth, Gross and Net Debt ESA 2010",2026Q1,"Financial net worth at market value, excluding pension liabilities - EDP debt instruments (Liability) - ESA2010 Code (F2 + F3 + F4)",198702
"General Government Net Worth, Gross and Net Debt ESA 2010",2026Q1,"Financial net worth at market value, excluding pension liabilities - Other liabilities - ESA2010 Code (F5 + F6 + F7 + F8)",17252
"General Government Net Worth, Gross and Net Debt ESA 2010",2026Q1,Estimated pension liabilities of government,175700
"General Government Net Worth, Gross and Net Debt ESA 2010",2026Q1,"Net worth, including pension liabilities",-20770
"General Government Net Worth, Gross and Net Debt ESA 2010",2026Q1,Contingent liabilities,6180
"General Government Net Worth, Gross and Net Debt ESA 2010",2026Q1,"Net worth, including pension liabilities and contingent liabilities",-26950
"General Government Net Worth, Gross and Net Debt ESA 2010",2026Q1,General Government: changes in net worth - Opening net worth,152272
"General Government Net Worth, Gross and Net Debt ESA 2010",2026Q1,Change in net worth due to transactions,2312
"General Government Net Worth, Gross and Net Debt ESA 2010",2026Q1,Change in net worth due to transactions - Net acquisition of non-financial assets - ESA2010 Code (P5 +NP - P51c),1928
"General Government Net Worth, Gross and Net Debt ESA 2010",2026Q1,Change in net worth due to transactions - Net lending/net borrowing - ESA2010 Code (B9),384
"General Government Net Worth, Gross and Net Debt ESA 2010",2026Q1,Change in net worth due to other economic flows - ESA2010 Code (Kx),347
"General Government Net Worth, Gross and Net Debt ESA 2010",2026Q1,Change in net worth due to other economic flows - Other changes in non-financial assets,0
"General Government Net Worth, Gross and Net Debt ESA 2010",2026Q1,Change in net worth due to other economic flows - Other changes in financial assets,303
"General Government Net Worth, Gross and Net Debt ESA 2010",2026Q1,Change in net worth due to other economic flows - Other changes in liabilities,43
"General Government Net Worth, Gross and Net Debt ESA 2010",2026Q1,Closing net worth,154930
"General Government Net Worth, Gross and Net Debt ESA 2010",2026Q1,General Government Debt (GGDebt) - Debt instrument liabilities at market value - ESA2010 Code (F2 + F3 + F4),198702
"General Government Net Worth, Gross and Net Debt ESA 2010",2026Q1,General Government Debt (GGDebt) - Difference between EDP face value and market value,16709
"General Government Net Worth, Gross and Net Debt ESA 2010",2026Q1,Gross General Government Debt (EDP face value) - Gross General Government Debt - ESA2010 Code (GGDebt),215411
"General Government Net Worth, Gross and Net Debt ESA 2010",2026Q1,Gross General Government Debt (EDP face value) - EDP debt instrument assets - ESA2010 Code (F2 + F3 + F4),-75158
"General Government Net Worth, Gross and Net Debt ESA 2010",2026Q1,Gross General Government Debt (EDP face value) - Net General Government Debt - ESA2010 Code (GGNetDebt),140253
