Statistic,Quarter,Item,value
"General Government Transactions ESA 2010: Revenue, Expenditure, Financing and Deficit",2000Q1,General Government transactions - Revenue - ESA2010 Code (TR),8558.0
"General Government Transactions ESA 2010: Revenue, Expenditure, Financing and Deficit",2000Q1,General Government transactions - Revenue - Taxes and social contributions - ESA2010 Code ( D2 + D5 + D91 + D61),7603.0
"General Government Transactions ESA 2010: Revenue, Expenditure, Financing and Deficit",2000Q1,General Government transactions - Revenue - Taxes - ESA2010 Code (D2 + D5 + D91),6269.0
"General Government Transactions ESA 2010: Revenue, Expenditure, Financing and Deficit",2000Q1,General Government transactions - Revenue - Social contributions - ESA2010 Code (D61),1333.0
"General Government Transactions ESA 2010: Revenue, Expenditure, Financing and Deficit",2000Q1,General Government transactions - Revenue - Sales of goods and services - ESA2010 Code (P10),346.0
"General Government Transactions ESA 2010: Revenue, Expenditure, Financing and Deficit",2000Q1,General Government transactions - Revenue - Investment income - ESA2010 Code (D4),130.0
"General Government Transactions ESA 2010: Revenue, Expenditure, Financing and Deficit",2000Q1,General Government transactions - Revenue - Current transfer revenue (excluding taxes) - ESA2010 Code (D7),106.0
"General Government Transactions ESA 2010: Revenue, Expenditure, Financing and Deficit",2000Q1,General Government transactions - Revenue - Capital transfer revenue (excluding taxes) - ESA2010 Code (D9N),374.0
"General Government Transactions ESA 2010: Revenue, Expenditure, Financing and Deficit",2000Q1,General Government transactions - Expenditure - ESA2010 Code (TE),7374.0
"General Government Transactions ESA 2010: Revenue, Expenditure, Financing and Deficit",2000Q1,General Government transactions - Expenditure - Expense - ESA2010 Code (Expense),7238.0
"General Government Transactions ESA 2010: Revenue, Expenditure, Financing and Deficit",2000Q1,General Government transactions - Expenditure - Compensation of employees - ESA2010 Code (D1),2045.0
"General Government Transactions ESA 2010: Revenue, Expenditure, Financing and Deficit",2000Q1,General Government transactions - Expenditure - Use of goods and services plus taxes payable - ESA2010 Code (P2 + D5 + D29),1203.0
"General Government Transactions ESA 2010: Revenue, Expenditure, Financing and Deficit",2000Q1,General Government transactions - Expenditure - Depreciation (consumption of fixed capital) - ESA2010 Code (P51c),461.0
"General Government Transactions ESA 2010: Revenue, Expenditure, Financing and Deficit",2000Q1,General Government transactions - Expenditure - Interest (excluding FISIM) - ESA2010 Code (D41),530.0
"General Government Transactions ESA 2010: Revenue, Expenditure, Financing and Deficit",2000Q1,General Government transactions - Expenditure - Subsidies - ESA2010 Code (D3),230.0
"General Government Transactions ESA 2010: Revenue, Expenditure, Financing and Deficit",2000Q1,General Government transactions - Expenditure - Social benefits - ESA2010 Code (D62 + D632),2198.0
"General Government Transactions ESA 2010: Revenue, Expenditure, Financing and Deficit",2000Q1,General Government transactions - Expenditure - Other current transfers - ESA2010 Code (D7),370.0
"General Government Transactions ESA 2010: Revenue, Expenditure, Financing and Deficit",2000Q1,General Government transactions - Expenditure - Capital transfers - ESA2010 Code (D9),202.0
"General Government Transactions ESA 2010: Revenue, Expenditure, Financing and Deficit",2000Q1,Net operating balance - ESA2010 Code  (NOB),1320.0
"General Government Transactions ESA 2010: Revenue, Expenditure, Financing and Deficit",2000Q1,Net acquisition of non-financial assets - ESA2010 Code (P5 + NP - P51c),136.0
"General Government Transactions ESA 2010: Revenue, Expenditure, Financing and Deficit",2000Q1,General Government Surplus/Deficit - ESA2010 Code (B9),1184.0
"General Government Transactions ESA 2010: Revenue, Expenditure, Financing and Deficit",2000Q1,Net acquisition of financial assets,
"General Government Transactions ESA 2010: Revenue, Expenditure, Financing and Deficit",2000Q1,Net acquisition of financial assets - Debt instruments - ESA2010 Code (F2 + F3 + F4),
"General Government Transactions ESA 2010: Revenue, Expenditure, Financing and Deficit",2000Q1,Net acquisition of financial assets - Equity and Investment Fund Shares - ESA2010 Code (F5),
"General Government Transactions ESA 2010: Revenue, Expenditure, Financing and Deficit",2000Q1,Net acquisition of financial assets - Other financial assets - ESA2010 Code (F6 + F7 + F8),
"General Government Transactions ESA 2010: Revenue, Expenditure, Financing and Deficit",2000Q1,Net incurrence of liabilities,
"General Government Transactions ESA 2010: Revenue, Expenditure, Financing and Deficit",2000Q1,Net incurrence of liabilities - Debt instruments - ESA2010 Code (F2 + F3 + F4),
"General Government Transactions ESA 2010: Revenue, Expenditure, Financing and Deficit",2000Q1,Net incurrence of liabilities - Other liabilities - ESA2010 Code (F5 + F6 + F7 + F8),
"General Government Transactions ESA 2010: Revenue, Expenditure, Financing and Deficit",2000Q1,Memo: Net derivative flows on debt interest swap contracts,
"General Government Transactions ESA 2010: Revenue, Expenditure, Financing and Deficit",2000Q1,General Government transactions - Seasonally Adjusted Revenue - ESA2010 Code (TR),9299.0
"General Government Transactions ESA 2010: Revenue, Expenditure, Financing and Deficit",2000Q1,General Government transactions - Seasonally Adjusted Expenditure - ESA2010 Code (TE),7988.0
"General Government Transactions ESA 2010: Revenue, Expenditure, Financing and Deficit",2000Q1,General Government Seasonally Adjusted Surplus/Deficit - ESA2010 Code (B9),1311.0
"General Government Transactions ESA 2010: Revenue, Expenditure, Financing and Deficit",2000Q2,General Government transactions - Revenue - ESA2010 Code (TR),10525.0
"General Government Transactions ESA 2010: Revenue, Expenditure, Financing and Deficit",2000Q2,General Government transactions - Revenue - Taxes and social contributions - ESA2010 Code ( D2 + D5 + D91 + D61),9520.0
"General Government Transactions ESA 2010: Revenue, Expenditure, Financing and Deficit",2000Q2,General Government transactions - Revenue - Taxes - ESA2010 Code (D2 + D5 + D91),8187.0
"General Government Transactions ESA 2010: Revenue, Expenditure, Financing and Deficit",2000Q2,General Government transactions - Revenue - Social contributions - ESA2010 Code (D61),1333.0
"General Government Transactions ESA 2010: Revenue, Expenditure, Financing and Deficit",2000Q2,General Government transactions - Revenue - Sales of goods and services - ESA2010 Code (P10),364.0
"General Government Transactions ESA 2010: Revenue, Expenditure, Financing and Deficit",2000Q2,General Government transactions - Revenue - Investment income - ESA2010 Code (D4),329.0
"General Government Transactions ESA 2010: Revenue, Expenditure, Financing and Deficit",2000Q2,General Government transactions - Revenue - Current transfer revenue (excluding taxes) - ESA2010 Code (D7),102.0
"General Government Transactions ESA 2010: Revenue, Expenditure, Financing and Deficit",2000Q2,General Government transactions - Revenue - Capital transfer revenue (excluding taxes) - ESA2010 Code (D9N),210.0
"General Government Transactions ESA 2010: Revenue, Expenditure, Financing and Deficit",2000Q2,General Government transactions - Expenditure - ESA2010 Code (TE),7572.0
"General Government Transactions ESA 2010: Revenue, Expenditure, Financing and Deficit",2000Q2,General Government transactions - Expenditure - Expense - ESA2010 Code (Expense),7287.0
"General Government Transactions ESA 2010: Revenue, Expenditure, Financing and Deficit",2000Q2,General Government transactions - Expenditure - Compensation of employees - ESA2010 Code (D1),2118.0
"General Government Transactions ESA 2010: Revenue, Expenditure, Financing and Deficit",2000Q2,General Government transactions - Expenditure - Use of goods and services plus taxes payable - ESA2010 Code (P2 + D5 + D29),1326.0
"General Government Transactions ESA 2010: Revenue, Expenditure, Financing and Deficit",2000Q2,General Government transactions - Expenditure - Depreciation (consumption of fixed capital) - ESA2010 Code (P51c),461.0
"General Government Transactions ESA 2010: Revenue, Expenditure, Financing and Deficit",2000Q2,General Government transactions - Expenditure - Interest (excluding FISIM) - ESA2010 Code (D41),526.0
"General Government Transactions ESA 2010: Revenue, Expenditure, Financing and Deficit",2000Q2,General Government transactions - Expenditure - Subsidies - ESA2010 Code (D3),244.0
"General Government Transactions ESA 2010: Revenue, Expenditure, Financing and Deficit",2000Q2,General Government transactions - Expenditure - Social benefits - ESA2010 Code (D62 + D632),2055.0
"General Government Transactions ESA 2010: Revenue, Expenditure, Financing and Deficit",2000Q2,General Government transactions - Expenditure - Other current transfers - ESA2010 Code (D7),338.0
"General Government Transactions ESA 2010: Revenue, Expenditure, Financing and Deficit",2000Q2,General Government transactions - Expenditure - Capital transfers - ESA2010 Code (D9),218.0
"General Government Transactions ESA 2010: Revenue, Expenditure, Financing and Deficit",2000Q2,Net operating balance - ESA2010 Code  (NOB),3238.0
"General Government Transactions ESA 2010: Revenue, Expenditure, Financing and Deficit",2000Q2,Net acquisition of non-financial assets - ESA2010 Code (P5 + NP - P51c),285.0
"General Government Transactions ESA 2010: Revenue, Expenditure, Financing and Deficit",2000Q2,General Government Surplus/Deficit - ESA2010 Code (B9),2953.0
"General Government Transactions ESA 2010: Revenue, Expenditure, Financing and Deficit",2000Q2,Net acquisition of financial assets,
"General Government Transactions ESA 2010: Revenue, Expenditure, Financing and Deficit",2000Q2,Net acquisition of financial assets - Debt instruments - ESA2010 Code (F2 + F3 + F4),
"General Government Transactions ESA 2010: Revenue, Expenditure, Financing and Deficit",2000Q2,Net acquisition of financial assets - Equity and Investment Fund Shares - ESA2010 Code (F5),
"General Government Transactions ESA 2010: Revenue, Expenditure, Financing and Deficit",2000Q2,Net acquisition of financial assets - Other financial assets - ESA2010 Code (F6 + F7 + F8),
"General Government Transactions ESA 2010: Revenue, Expenditure, Financing and Deficit",2000Q2,Net incurrence of liabilities,
"General Government Transactions ESA 2010: Revenue, Expenditure, Financing and Deficit",2000Q2,Net incurrence of liabilities - Debt instruments - ESA2010 Code (F2 + F3 + F4),
"General Government Transactions ESA 2010: Revenue, Expenditure, Financing and Deficit",2000Q2,Net incurrence of liabilities - Other liabilities - ESA2010 Code (F5 + F6 + F7 + F8),
"General Government Transactions ESA 2010: Revenue, Expenditure, Financing and Deficit",2000Q2,Memo: Net derivative flows on debt interest swap contracts,
"General Government Transactions ESA 2010: Revenue, Expenditure, Financing and Deficit",2000Q2,General Government transactions - Seasonally Adjusted Revenue - ESA2010 Code (TR),10017.0
"General Government Transactions ESA 2010: Revenue, Expenditure, Financing and Deficit",2000Q2,General Government transactions - Seasonally Adjusted Expenditure - ESA2010 Code (TE),7835.0
"General Government Transactions ESA 2010: Revenue, Expenditure, Financing and Deficit",2000Q2,General Government Seasonally Adjusted Surplus/Deficit - ESA2010 Code (B9),2182.0
"General Government Transactions ESA 2010: Revenue, Expenditure, Financing and Deficit",2000Q3,General Government transactions - Revenue - ESA2010 Code (TR),9145.0
"General Government Transactions ESA 2010: Revenue, Expenditure, Financing and Deficit",2000Q3,General Government transactions - Revenue - Taxes and social contributions - ESA2010 Code ( D2 + D5 + D91 + D61),8172.0
"General Government Transactions ESA 2010: Revenue, Expenditure, Financing and Deficit",2000Q3,General Government transactions - Revenue - Taxes - ESA2010 Code (D2 + D5 + D91),6839.0
"General Government Transactions ESA 2010: Revenue, Expenditure, Financing and Deficit",2000Q3,General Government transactions - Revenue - Social contributions - ESA2010 Code (D61),1333.0
"General Government Transactions ESA 2010: Revenue, Expenditure, Financing and Deficit",2000Q3,General Government transactions - Revenue - Sales of goods and services - ESA2010 Code (P10),357.0
"General Government Transactions ESA 2010: Revenue, Expenditure, Financing and Deficit",2000Q3,General Government transactions - Revenue - Investment income - ESA2010 Code (D4),179.0
"General Government Transactions ESA 2010: Revenue, Expenditure, Financing and Deficit",2000Q3,General Government transactions - Revenue - Current transfer revenue (excluding taxes) - ESA2010 Code (D7),93.0
"General Government Transactions ESA 2010: Revenue, Expenditure, Financing and Deficit",2000Q3,General Government transactions - Revenue - Capital transfer revenue (excluding taxes) - ESA2010 Code (D9N),344.0
"General Government Transactions ESA 2010: Revenue, Expenditure, Financing and Deficit",2000Q3,General Government transactions - Expenditure - ESA2010 Code (TE),8378.0
"General Government Transactions ESA 2010: Revenue, Expenditure, Financing and Deficit",2000Q3,General Government transactions - Expenditure - Expense - ESA2010 Code (Expense),7877.0
"General Government Transactions ESA 2010: Revenue, Expenditure, Financing and Deficit",2000Q3,General Government transactions - Expenditure - Compensation of employees - ESA2010 Code (D1),2183.0
"General Government Transactions ESA 2010: Revenue, Expenditure, Financing and Deficit",2000Q3,General Government transactions - Expenditure - Use of goods and services plus taxes payable - ESA2010 Code (P2 + D5 + D29),1377.0
"General Government Transactions ESA 2010: Revenue, Expenditure, Financing and Deficit",2000Q3,General Government transactions - Expenditure - Depreciation (consumption of fixed capital) - ESA2010 Code (P51c),461.0
"General Government Transactions ESA 2010: Revenue, Expenditure, Financing and Deficit",2000Q3,General Government transactions - Expenditure - Interest (excluding FISIM) - ESA2010 Code (D41),526.0
"General Government Transactions ESA 2010: Revenue, Expenditure, Financing and Deficit",2000Q3,General Government transactions - Expenditure - Subsidies - ESA2010 Code (D3),317.0
"General Government Transactions ESA 2010: Revenue, Expenditure, Financing and Deficit",2000Q3,General Government transactions - Expenditure - Social benefits - ESA2010 Code (D62 + D632),2355.0
"General Government Transactions ESA 2010: Revenue, Expenditure, Financing and Deficit",2000Q3,General Government transactions - Expenditure - Other current transfers - ESA2010 Code (D7),378.0
"General Government Transactions ESA 2010: Revenue, Expenditure, Financing and Deficit",2000Q3,General Government transactions - Expenditure - Capital transfers - ESA2010 Code (D9),280.0
"General Government Transactions ESA 2010: Revenue, Expenditure, Financing and Deficit",2000Q3,Net operating balance - ESA2010 Code  (NOB),1269.0
"General Government Transactions ESA 2010: Revenue, Expenditure, Financing and Deficit",2000Q3,Net acquisition of non-financial assets - ESA2010 Code (P5 + NP - P51c),502.0
"General Government Transactions ESA 2010: Revenue, Expenditure, Financing and Deficit",2000Q3,General Government Surplus/Deficit - ESA2010 Code (B9),767.0
"General Government Transactions ESA 2010: Revenue, Expenditure, Financing and Deficit",2000Q3,Net acquisition of financial assets,
"General Government Transactions ESA 2010: Revenue, Expenditure, Financing and Deficit",2000Q3,Net acquisition of financial assets - Debt instruments - ESA2010 Code (F2 + F3 + F4),
"General Government Transactions ESA 2010: Revenue, Expenditure, Financing and Deficit",2000Q3,Net acquisition of financial assets - Equity and Investment Fund Shares - ESA2010 Code (F5),
"General Government Transactions ESA 2010: Revenue, Expenditure, Financing and Deficit",2000Q3,Net acquisition of financial assets - Other financial assets - ESA2010 Code (F6 + F7 + F8),
"General Government Transactions ESA 2010: Revenue, Expenditure, Financing and Deficit",2000Q3,Net incurrence of liabilities,
"General Government Transactions ESA 2010: Revenue, Expenditure, Financing and Deficit",2000Q3,Net incurrence of liabilities - Debt instruments - ESA2010 Code (F2 + F3 + F4),
"General Government Transactions ESA 2010: Revenue, Expenditure, Financing and Deficit",2000Q3,Net incurrence of liabilities - Other liabilities - ESA2010 Code (F5 + F6 + F7 + F8),
"General Government Transactions ESA 2010: Revenue, Expenditure, Financing and Deficit",2000Q3,Memo: Net derivative flows on debt interest swap contracts,0.0
"General Government Transactions ESA 2010: Revenue, Expenditure, Financing and Deficit",2000Q3,General Government transactions - Seasonally Adjusted Revenue - ESA2010 Code (TR),9793.0
"General Government Transactions ESA 2010: Revenue, Expenditure, Financing and Deficit",2000Q3,General Government transactions - Seasonally Adjusted Expenditure - ESA2010 Code (TE),8662.0
"General Government Transactions ESA 2010: Revenue, Expenditure, Financing and Deficit",2000Q3,General Government Seasonally Adjusted Surplus/Deficit - ESA2010 Code (B9),1131.0
"General Government Transactions ESA 2010: Revenue, Expenditure, Financing and Deficit",2000Q4,General Government transactions - Revenue - ESA2010 Code (TR),10204.0
"General Government Transactions ESA 2010: Revenue, Expenditure, Financing and Deficit",2000Q4,General Government transactions - Revenue - Taxes and social contributions - ESA2010 Code ( D2 + D5 + D91 + D61),9214.0
"General Government Transactions ESA 2010: Revenue, Expenditure, Financing and Deficit",2000Q4,General Government transactions - Revenue - Taxes - ESA2010 Code (D2 + D5 + D91),7881.0
"General Government Transactions ESA 2010: Revenue, Expenditure, Financing and Deficit",2000Q4,General Government transactions - Revenue - Social contributions - ESA2010 Code (D61),1333.0
"General Government Transactions ESA 2010: Revenue, Expenditure, Financing and Deficit",2000Q4,General Government transactions - Revenue - Sales of goods and services - ESA2010 Code (P10),450.0
"General Government Transactions ESA 2010: Revenue, Expenditure, Financing and Deficit",2000Q4,General Government transactions - Revenue - Investment income - ESA2010 Code (D4),128.0
"General Government Transactions ESA 2010: Revenue, Expenditure, Financing and Deficit",2000Q4,General Government transactions - Revenue - Current transfer revenue (excluding taxes) - ESA2010 Code (D7),92.0
"General Government Transactions ESA 2010: Revenue, Expenditure, Financing and Deficit",2000Q4,General Government transactions - Revenue - Capital transfer revenue (excluding taxes) - ESA2010 Code (D9N),320.0
"General Government Transactions ESA 2010: Revenue, Expenditure, Financing and Deficit",2000Q4,General Government transactions - Expenditure - ESA2010 Code (TE),9841.0
"General Government Transactions ESA 2010: Revenue, Expenditure, Financing and Deficit",2000Q4,General Government transactions - Expenditure - Expense - ESA2010 Code (Expense),8808.0
"General Government Transactions ESA 2010: Revenue, Expenditure, Financing and Deficit",2000Q4,General Government transactions - Expenditure - Compensation of employees - ESA2010 Code (D1),2572.0
"General Government Transactions ESA 2010: Revenue, Expenditure, Financing and Deficit",2000Q4,General Government transactions - Expenditure - Use of goods and services plus taxes payable - ESA2010 Code (P2 + D5 + D29),1586.0
"General Government Transactions ESA 2010: Revenue, Expenditure, Financing and Deficit",2000Q4,General Government transactions - Expenditure - Depreciation (consumption of fixed capital) - ESA2010 Code (P51c),461.0
"General Government Transactions ESA 2010: Revenue, Expenditure, Financing and Deficit",2000Q4,General Government transactions - Expenditure - Interest (excluding FISIM) - ESA2010 Code (D41),526.0
"General Government Transactions ESA 2010: Revenue, Expenditure, Financing and Deficit",2000Q4,General Government transactions - Expenditure - Subsidies - ESA2010 Code (D3),316.0
"General Government Transactions ESA 2010: Revenue, Expenditure, Financing and Deficit",2000Q4,General Government transactions - Expenditure - Social benefits - ESA2010 Code (D62 + D632),2623.0
"General Government Transactions ESA 2010: Revenue, Expenditure, Financing and Deficit",2000Q4,General Government transactions - Expenditure - Other current transfers - ESA2010 Code (D7),388.0
"General Government Transactions ESA 2010: Revenue, Expenditure, Financing and Deficit",2000Q4,General Government transactions - Expenditure - Capital transfers - ESA2010 Code (D9),335.0
"General Government Transactions ESA 2010: Revenue, Expenditure, Financing and Deficit",2000Q4,Net operating balance - ESA2010 Code  (NOB),1396.0
"General Government Transactions ESA 2010: Revenue, Expenditure, Financing and Deficit",2000Q4,Net acquisition of non-financial assets - ESA2010 Code (P5 + NP - P51c),1033.0
"General Government Transactions ESA 2010: Revenue, Expenditure, Financing and Deficit",2000Q4,General Government Surplus/Deficit - ESA2010 Code (B9),363.0
"General Government Transactions ESA 2010: Revenue, Expenditure, Financing and Deficit",2000Q4,Net acquisition of financial assets,
"General Government Transactions ESA 2010: Revenue, Expenditure, Financing and Deficit",2000Q4,Net acquisition of financial assets - Debt instruments - ESA2010 Code (F2 + F3 + F4),
"General Government Transactions ESA 2010: Revenue, Expenditure, Financing and Deficit",2000Q4,Net acquisition of financial assets - Equity and Investment Fund Shares - ESA2010 Code (F5),
"General Government Transactions ESA 2010: Revenue, Expenditure, Financing and Deficit",2000Q4,Net acquisition of financial assets - Other financial assets - ESA2010 Code (F6 + F7 + F8),
"General Government Transactions ESA 2010: Revenue, Expenditure, Financing and Deficit",2000Q4,Net incurrence of liabilities,
"General Government Transactions ESA 2010: Revenue, Expenditure, Financing and Deficit",2000Q4,Net incurrence of liabilities - Debt instruments - ESA2010 Code (F2 + F3 + F4),
"General Government Transactions ESA 2010: Revenue, Expenditure, Financing and Deficit",2000Q4,Net incurrence of liabilities - Other liabilities - ESA2010 Code (F5 + F6 + F7 + F8),
"General Government Transactions ESA 2010: Revenue, Expenditure, Financing and Deficit",2000Q4,Memo: Net derivative flows on debt interest swap contracts,0.0
"General Government Transactions ESA 2010: Revenue, Expenditure, Financing and Deficit",2000Q4,General Government transactions - Seasonally Adjusted Revenue - ESA2010 Code (TR),9322.0
"General Government Transactions ESA 2010: Revenue, Expenditure, Financing and Deficit",2000Q4,General Government transactions - Seasonally Adjusted Expenditure - ESA2010 Code (TE),8608.0
"General Government Transactions ESA 2010: Revenue, Expenditure, Financing and Deficit",2000Q4,General Government Seasonally Adjusted Surplus/Deficit - ESA2010 Code (B9),714.0
"General Government Transactions ESA 2010: Revenue, Expenditure, Financing and Deficit",2001Q1,General Government transactions - Revenue - ESA2010 Code (TR),9060.0
"General Government Transactions ESA 2010: Revenue, Expenditure, Financing and Deficit",2001Q1,General Government transactions - Revenue - Taxes and social contributions - ESA2010 Code ( D2 + D5 + D91 + D61),8235.0
"General Government Transactions ESA 2010: Revenue, Expenditure, Financing and Deficit",2001Q1,General Government transactions - Revenue - Taxes - ESA2010 Code (D2 + D5 + D91),6712.0
"General Government Transactions ESA 2010: Revenue, Expenditure, Financing and Deficit",2001Q1,General Government transactions - Revenue - Social contributions - ESA2010 Code (D61),1523.0
"General Government Transactions ESA 2010: Revenue, Expenditure, Financing and Deficit",2001Q1,General Government transactions - Revenue - Sales of goods and services - ESA2010 Code (P10),367.0
"General Government Transactions ESA 2010: Revenue, Expenditure, Financing and Deficit",2001Q1,General Government transactions - Revenue - Investment income - ESA2010 Code (D4),135.0
"General Government Transactions ESA 2010: Revenue, Expenditure, Financing and Deficit",2001Q1,General Government transactions - Revenue - Current transfer revenue (excluding taxes) - ESA2010 Code (D7),70.0
"General Government Transactions ESA 2010: Revenue, Expenditure, Financing and Deficit",2001Q1,General Government transactions - Revenue - Capital transfer revenue (excluding taxes) - ESA2010 Code (D9N),252.0
"General Government Transactions ESA 2010: Revenue, Expenditure, Financing and Deficit",2001Q1,General Government transactions - Expenditure - ESA2010 Code (TE),8273.0
"General Government Transactions ESA 2010: Revenue, Expenditure, Financing and Deficit",2001Q1,General Government transactions - Expenditure - Expense - ESA2010 Code (Expense),7944.0
"General Government Transactions ESA 2010: Revenue, Expenditure, Financing and Deficit",2001Q1,General Government transactions - Expenditure - Compensation of employees - ESA2010 Code (D1),2391.0
"General Government Transactions ESA 2010: Revenue, Expenditure, Financing and Deficit",2001Q1,General Government transactions - Expenditure - Use of goods and services plus taxes payable - ESA2010 Code (P2 + D5 + D29),1408.0
"General Government Transactions ESA 2010: Revenue, Expenditure, Financing and Deficit",2001Q1,General Government transactions - Expenditure - Depreciation (consumption of fixed capital) - ESA2010 Code (P51c),529.0
"General Government Transactions ESA 2010: Revenue, Expenditure, Financing and Deficit",2001Q1,General Government transactions - Expenditure - Interest (excluding FISIM) - ESA2010 Code (D41),257.0
"General Government Transactions ESA 2010: Revenue, Expenditure, Financing and Deficit",2001Q1,General Government transactions - Expenditure - Subsidies - ESA2010 Code (D3),253.0
"General Government Transactions ESA 2010: Revenue, Expenditure, Financing and Deficit",2001Q1,General Government transactions - Expenditure - Social benefits - ESA2010 Code (D62 + D632),2472.0
"General Government Transactions ESA 2010: Revenue, Expenditure, Financing and Deficit",2001Q1,General Government transactions - Expenditure - Other current transfers - ESA2010 Code (D7),435.0
"General Government Transactions ESA 2010: Revenue, Expenditure, Financing and Deficit",2001Q1,General Government transactions - Expenditure - Capital transfers - ESA2010 Code (D9),199.0
"General Government Transactions ESA 2010: Revenue, Expenditure, Financing and Deficit",2001Q1,Net operating balance - ESA2010 Code  (NOB),1116.0
"General Government Transactions ESA 2010: Revenue, Expenditure, Financing and Deficit",2001Q1,Net acquisition of non-financial assets - ESA2010 Code (P5 + NP - P51c),329.0
"General Government Transactions ESA 2010: Revenue, Expenditure, Financing and Deficit",2001Q1,General Government Surplus/Deficit - ESA2010 Code (B9),787.0
"General Government Transactions ESA 2010: Revenue, Expenditure, Financing and Deficit",2001Q1,Net acquisition of financial assets,
"General Government Transactions ESA 2010: Revenue, Expenditure, Financing and Deficit",2001Q1,Net acquisition of financial assets - Debt instruments - ESA2010 Code (F2 + F3 + F4),
"General Government Transactions ESA 2010: Revenue, Expenditure, Financing and Deficit",2001Q1,Net acquisition of financial assets - Equity and Investment Fund Shares - ESA2010 Code (F5),
"General Government Transactions ESA 2010: Revenue, Expenditure, Financing and Deficit",2001Q1,Net acquisition of financial assets - Other financial assets - ESA2010 Code (F6 + F7 + F8),
"General Government Transactions ESA 2010: Revenue, Expenditure, Financing and Deficit",2001Q1,Net incurrence of liabilities,
"General Government Transactions ESA 2010: Revenue, Expenditure, Financing and Deficit",2001Q1,Net incurrence of liabilities - Debt instruments - ESA2010 Code (F2 + F3 + F4),
"General Government Transactions ESA 2010: Revenue, Expenditure, Financing and Deficit",2001Q1,Net incurrence of liabilities - Other liabilities - ESA2010 Code (F5 + F6 + F7 + F8),
"General Government Transactions ESA 2010: Revenue, Expenditure, Financing and Deficit",2001Q1,Memo: Net derivative flows on debt interest swap contracts,0.0
"General Government Transactions ESA 2010: Revenue, Expenditure, Financing and Deficit",2001Q1,General Government transactions - Seasonally Adjusted Revenue - ESA2010 Code (TR),9791.0
"General Government Transactions ESA 2010: Revenue, Expenditure, Financing and Deficit",2001Q1,General Government transactions - Seasonally Adjusted Expenditure - ESA2010 Code (TE),8960.0
"General Government Transactions ESA 2010: Revenue, Expenditure, Financing and Deficit",2001Q1,General Government Seasonally Adjusted Surplus/Deficit - ESA2010 Code (B9),831.0
"General Government Transactions ESA 2010: Revenue, Expenditure, Financing and Deficit",2001Q2,General Government transactions - Revenue - ESA2010 Code (TR),11209.0
"General Government Transactions ESA 2010: Revenue, Expenditure, Financing and Deficit",2001Q2,General Government transactions - Revenue - Taxes and social contributions - ESA2010 Code ( D2 + D5 + D91 + D61),9963.0
"General Government Transactions ESA 2010: Revenue, Expenditure, Financing and Deficit",2001Q2,General Government transactions - Revenue - Taxes - ESA2010 Code (D2 + D5 + D91),8439.0
"General Government Transactions ESA 2010: Revenue, Expenditure, Financing and Deficit",2001Q2,General Government transactions - Revenue - Social contributions - ESA2010 Code (D61),1523.0
"General Government Transactions ESA 2010: Revenue, Expenditure, Financing and Deficit",2001Q2,General Government transactions - Revenue - Sales of goods and services - ESA2010 Code (P10),386.0
"General Government Transactions ESA 2010: Revenue, Expenditure, Financing and Deficit",2001Q2,General Government transactions - Revenue - Investment income - ESA2010 Code (D4),516.0
"General Government Transactions ESA 2010: Revenue, Expenditure, Financing and Deficit",2001Q2,General Government transactions - Revenue - Current transfer revenue (excluding taxes) - ESA2010 Code (D7),45.0
"General Government Transactions ESA 2010: Revenue, Expenditure, Financing and Deficit",2001Q2,General Government transactions - Revenue - Capital transfer revenue (excluding taxes) - ESA2010 Code (D9N),299.0
"General Government Transactions ESA 2010: Revenue, Expenditure, Financing and Deficit",2001Q2,General Government transactions - Expenditure - ESA2010 Code (TE),9269.0
"General Government Transactions ESA 2010: Revenue, Expenditure, Financing and Deficit",2001Q2,General Government transactions - Expenditure - Expense - ESA2010 Code (Expense),8690.0
"General Government Transactions ESA 2010: Revenue, Expenditure, Financing and Deficit",2001Q2,General Government transactions - Expenditure - Compensation of employees - ESA2010 Code (D1),2476.0
"General Government Transactions ESA 2010: Revenue, Expenditure, Financing and Deficit",2001Q2,General Government transactions - Expenditure - Use of goods and services plus taxes payable - ESA2010 Code (P2 + D5 + D29),1526.0
"General Government Transactions ESA 2010: Revenue, Expenditure, Financing and Deficit",2001Q2,General Government transactions - Expenditure - Depreciation (consumption of fixed capital) - ESA2010 Code (P51c),529.0
"General Government Transactions ESA 2010: Revenue, Expenditure, Financing and Deficit",2001Q2,General Government transactions - Expenditure - Interest (excluding FISIM) - ESA2010 Code (D41),533.0
"General Government Transactions ESA 2010: Revenue, Expenditure, Financing and Deficit",2001Q2,General Government transactions - Expenditure - Subsidies - ESA2010 Code (D3),286.0
"General Government Transactions ESA 2010: Revenue, Expenditure, Financing and Deficit",2001Q2,General Government transactions - Expenditure - Social benefits - ESA2010 Code (D62 + D632),2679.0
"General Government Transactions ESA 2010: Revenue, Expenditure, Financing and Deficit",2001Q2,General Government transactions - Expenditure - Other current transfers - ESA2010 Code (D7),435.0
"General Government Transactions ESA 2010: Revenue, Expenditure, Financing and Deficit",2001Q2,General Government transactions - Expenditure - Capital transfers - ESA2010 Code (D9),226.0
"General Government Transactions ESA 2010: Revenue, Expenditure, Financing and Deficit",2001Q2,Net operating balance - ESA2010 Code  (NOB),2519.0
"General Government Transactions ESA 2010: Revenue, Expenditure, Financing and Deficit",2001Q2,Net acquisition of non-financial assets - ESA2010 Code (P5 + NP - P51c),579.0
"General Government Transactions ESA 2010: Revenue, Expenditure, Financing and Deficit",2001Q2,General Government Surplus/Deficit - ESA2010 Code (B9),1940.0
"General Government Transactions ESA 2010: Revenue, Expenditure, Financing and Deficit",2001Q2,Net acquisition of financial assets,
"General Government Transactions ESA 2010: Revenue, Expenditure, Financing and Deficit",2001Q2,Net acquisition of financial assets - Debt instruments - ESA2010 Code (F2 + F3 + F4),
"General Government Transactions ESA 2010: Revenue, Expenditure, Financing and Deficit",2001Q2,Net acquisition of financial assets - Equity and Investment Fund Shares - ESA2010 Code (F5),
"General Government Transactions ESA 2010: Revenue, Expenditure, Financing and Deficit",2001Q2,Net acquisition of financial assets - Other financial assets - ESA2010 Code (F6 + F7 + F8),
"General Government Transactions ESA 2010: Revenue, Expenditure, Financing and Deficit",2001Q2,Net incurrence of liabilities,
"General Government Transactions ESA 2010: Revenue, Expenditure, Financing and Deficit",2001Q2,Net incurrence of liabilities - Debt instruments - ESA2010 Code (F2 + F3 + F4),
"General Government Transactions ESA 2010: Revenue, Expenditure, Financing and Deficit",2001Q2,Net incurrence of liabilities - Other liabilities - ESA2010 Code (F5 + F6 + F7 + F8),
"General Government Transactions ESA 2010: Revenue, Expenditure, Financing and Deficit",2001Q2,Memo: Net derivative flows on debt interest swap contracts,0.0
"General Government Transactions ESA 2010: Revenue, Expenditure, Financing and Deficit",2001Q2,General Government transactions - Seasonally Adjusted Revenue - ESA2010 Code (TR),10757.0
"General Government Transactions ESA 2010: Revenue, Expenditure, Financing and Deficit",2001Q2,General Government transactions - Seasonally Adjusted Expenditure - ESA2010 Code (TE),9597.0
"General Government Transactions ESA 2010: Revenue, Expenditure, Financing and Deficit",2001Q2,General Government Seasonally Adjusted Surplus/Deficit - ESA2010 Code (B9),1161.0
"General Government Transactions ESA 2010: Revenue, Expenditure, Financing and Deficit",2001Q3,General Government transactions - Revenue - ESA2010 Code (TR),9246.0
"General Government Transactions ESA 2010: Revenue, Expenditure, Financing and Deficit",2001Q3,General Government transactions - Revenue - Taxes and social contributions - ESA2010 Code ( D2 + D5 + D91 + D61),8220.0
"General Government Transactions ESA 2010: Revenue, Expenditure, Financing and Deficit",2001Q3,General Government transactions - Revenue - Taxes - ESA2010 Code (D2 + D5 + D91),6697.0
"General Government Transactions ESA 2010: Revenue, Expenditure, Financing and Deficit",2001Q3,General Government transactions - Revenue - Social contributions - ESA2010 Code (D61),1523.0
"General Government Transactions ESA 2010: Revenue, Expenditure, Financing and Deficit",2001Q3,General Government transactions - Revenue - Sales of goods and services - ESA2010 Code (P10),366.0
"General Government Transactions ESA 2010: Revenue, Expenditure, Financing and Deficit",2001Q3,General Government transactions - Revenue - Investment income - ESA2010 Code (D4),240.0
"General Government Transactions ESA 2010: Revenue, Expenditure, Financing and Deficit",2001Q3,General Government transactions - Revenue - Current transfer revenue (excluding taxes) - ESA2010 Code (D7),109.0
"General Government Transactions ESA 2010: Revenue, Expenditure, Financing and Deficit",2001Q3,General Government transactions - Revenue - Capital transfer revenue (excluding taxes) - ESA2010 Code (D9N),310.0
"General Government Transactions ESA 2010: Revenue, Expenditure, Financing and Deficit",2001Q3,General Government transactions - Expenditure - ESA2010 Code (TE),9688.0
"General Government Transactions ESA 2010: Revenue, Expenditure, Financing and Deficit",2001Q3,General Government transactions - Expenditure - Expense - ESA2010 Code (Expense),8921.0
"General Government Transactions ESA 2010: Revenue, Expenditure, Financing and Deficit",2001Q3,General Government transactions - Expenditure - Compensation of employees - ESA2010 Code (D1),2580.0
"General Government Transactions ESA 2010: Revenue, Expenditure, Financing and Deficit",2001Q3,General Government transactions - Expenditure - Use of goods and services plus taxes payable - ESA2010 Code (P2 + D5 + D29),1599.0
"General Government Transactions ESA 2010: Revenue, Expenditure, Financing and Deficit",2001Q3,General Government transactions - Expenditure - Depreciation (consumption of fixed capital) - ESA2010 Code (P51c),529.0
"General Government Transactions ESA 2010: Revenue, Expenditure, Financing and Deficit",2001Q3,General Government transactions - Expenditure - Interest (excluding FISIM) - ESA2010 Code (D41),277.0
"General Government Transactions ESA 2010: Revenue, Expenditure, Financing and Deficit",2001Q3,General Government transactions - Expenditure - Subsidies - ESA2010 Code (D3),386.0
"General Government Transactions ESA 2010: Revenue, Expenditure, Financing and Deficit",2001Q3,General Government transactions - Expenditure - Social benefits - ESA2010 Code (D62 + D632),2778.0
"General Government Transactions ESA 2010: Revenue, Expenditure, Financing and Deficit",2001Q3,General Government transactions - Expenditure - Other current transfers - ESA2010 Code (D7),464.0
"General Government Transactions ESA 2010: Revenue, Expenditure, Financing and Deficit",2001Q3,General Government transactions - Expenditure - Capital transfers - ESA2010 Code (D9),309.0
"General Government Transactions ESA 2010: Revenue, Expenditure, Financing and Deficit",2001Q3,Net operating balance - ESA2010 Code  (NOB),325.0
"General Government Transactions ESA 2010: Revenue, Expenditure, Financing and Deficit",2001Q3,Net acquisition of non-financial assets - ESA2010 Code (P5 + NP - P51c),767.0
"General Government Transactions ESA 2010: Revenue, Expenditure, Financing and Deficit",2001Q3,General Government Surplus/Deficit - ESA2010 Code (B9),-441.0
"General Government Transactions ESA 2010: Revenue, Expenditure, Financing and Deficit",2001Q3,Net acquisition of financial assets,
"General Government Transactions ESA 2010: Revenue, Expenditure, Financing and Deficit",2001Q3,Net acquisition of financial assets - Debt instruments - ESA2010 Code (F2 + F3 + F4),
"General Government Transactions ESA 2010: Revenue, Expenditure, Financing and Deficit",2001Q3,Net acquisition of financial assets - Equity and Investment Fund Shares - ESA2010 Code (F5),
"General Government Transactions ESA 2010: Revenue, Expenditure, Financing and Deficit",2001Q3,Net acquisition of financial assets - Other financial assets - ESA2010 Code (F6 + F7 + F8),
"General Government Transactions ESA 2010: Revenue, Expenditure, Financing and Deficit",2001Q3,Net incurrence of liabilities,
"General Government Transactions ESA 2010: Revenue, Expenditure, Financing and Deficit",2001Q3,Net incurrence of liabilities - Debt instruments - ESA2010 Code (F2 + F3 + F4),
"General Government Transactions ESA 2010: Revenue, Expenditure, Financing and Deficit",2001Q3,Net incurrence of liabilities - Other liabilities - ESA2010 Code (F5 + F6 + F7 + F8),
"General Government Transactions ESA 2010: Revenue, Expenditure, Financing and Deficit",2001Q3,Memo: Net derivative flows on debt interest swap contracts,0.0
"General Government Transactions ESA 2010: Revenue, Expenditure, Financing and Deficit",2001Q3,General Government transactions - Seasonally Adjusted Revenue - ESA2010 Code (TR),9926.0
"General Government Transactions ESA 2010: Revenue, Expenditure, Financing and Deficit",2001Q3,General Government transactions - Seasonally Adjusted Expenditure - ESA2010 Code (TE),10010.0
"General Government Transactions ESA 2010: Revenue, Expenditure, Financing and Deficit",2001Q3,General Government Seasonally Adjusted Surplus/Deficit - ESA2010 Code (B9),-84.0
"General Government Transactions ESA 2010: Revenue, Expenditure, Financing and Deficit",2001Q4,General Government transactions - Revenue - ESA2010 Code (TR),10936.0
"General Government Transactions ESA 2010: Revenue, Expenditure, Financing and Deficit",2001Q4,General Government transactions - Revenue - Taxes and social contributions - ESA2010 Code ( D2 + D5 + D91 + D61),9888.0
"General Government Transactions ESA 2010: Revenue, Expenditure, Financing and Deficit",2001Q4,General Government transactions - Revenue - Taxes - ESA2010 Code (D2 + D5 + D91),8364.0
"General Government Transactions ESA 2010: Revenue, Expenditure, Financing and Deficit",2001Q4,General Government transactions - Revenue - Social contributions - ESA2010 Code (D61),1523.0
"General Government Transactions ESA 2010: Revenue, Expenditure, Financing and Deficit",2001Q4,General Government transactions - Revenue - Sales of goods and services - ESA2010 Code (P10),477.0
"General Government Transactions ESA 2010: Revenue, Expenditure, Financing and Deficit",2001Q4,General Government transactions - Revenue - Investment income - ESA2010 Code (D4),158.0
"General Government Transactions ESA 2010: Revenue, Expenditure, Financing and Deficit",2001Q4,General Government transactions - Revenue - Current transfer revenue (excluding taxes) - ESA2010 Code (D7),26.0
"General Government Transactions ESA 2010: Revenue, Expenditure, Financing and Deficit",2001Q4,General Government transactions - Revenue - Capital transfer revenue (excluding taxes) - ESA2010 Code (D9N),387.0
"General Government Transactions ESA 2010: Revenue, Expenditure, Financing and Deficit",2001Q4,General Government transactions - Expenditure - ESA2010 Code (TE),12050.0
"General Government Transactions ESA 2010: Revenue, Expenditure, Financing and Deficit",2001Q4,General Government transactions - Expenditure - Expense - ESA2010 Code (Expense),10672.0
"General Government Transactions ESA 2010: Revenue, Expenditure, Financing and Deficit",2001Q4,General Government transactions - Expenditure - Compensation of employees - ESA2010 Code (D1),3000.0
"General Government Transactions ESA 2010: Revenue, Expenditure, Financing and Deficit",2001Q4,General Government transactions - Expenditure - Use of goods and services plus taxes payable - ESA2010 Code (P2 + D5 + D29),1815.0
"General Government Transactions ESA 2010: Revenue, Expenditure, Financing and Deficit",2001Q4,General Government transactions - Expenditure - Depreciation (consumption of fixed capital) - ESA2010 Code (P51c),529.0
"General Government Transactions ESA 2010: Revenue, Expenditure, Financing and Deficit",2001Q4,General Government transactions - Expenditure - Interest (excluding FISIM) - ESA2010 Code (D41),691.0
"General Government Transactions ESA 2010: Revenue, Expenditure, Financing and Deficit",2001Q4,General Government transactions - Expenditure - Subsidies - ESA2010 Code (D3),508.0
"General Government Transactions ESA 2010: Revenue, Expenditure, Financing and Deficit",2001Q4,General Government transactions - Expenditure - Social benefits - ESA2010 Code (D62 + D632),3178.0
"General Government Transactions ESA 2010: Revenue, Expenditure, Financing and Deficit",2001Q4,General Government transactions - Expenditure - Other current transfers - ESA2010 Code (D7),494.0
"General Government Transactions ESA 2010: Revenue, Expenditure, Financing and Deficit",2001Q4,General Government transactions - Expenditure - Capital transfers - ESA2010 Code (D9),456.0
"General Government Transactions ESA 2010: Revenue, Expenditure, Financing and Deficit",2001Q4,Net operating balance - ESA2010 Code  (NOB),263.0
"General Government Transactions ESA 2010: Revenue, Expenditure, Financing and Deficit",2001Q4,Net acquisition of non-financial assets - ESA2010 Code (P5 + NP - P51c),1378.0
"General Government Transactions ESA 2010: Revenue, Expenditure, Financing and Deficit",2001Q4,General Government Surplus/Deficit - ESA2010 Code (B9),-1115.0
"General Government Transactions ESA 2010: Revenue, Expenditure, Financing and Deficit",2001Q4,Net acquisition of financial assets,
"General Government Transactions ESA 2010: Revenue, Expenditure, Financing and Deficit",2001Q4,Net acquisition of financial assets - Debt instruments - ESA2010 Code (F2 + F3 + F4),
"General Government Transactions ESA 2010: Revenue, Expenditure, Financing and Deficit",2001Q4,Net acquisition of financial assets - Equity and Investment Fund Shares - ESA2010 Code (F5),
"General Government Transactions ESA 2010: Revenue, Expenditure, Financing and Deficit",2001Q4,Net acquisition of financial assets - Other financial assets - ESA2010 Code (F6 + F7 + F8),
"General Government Transactions ESA 2010: Revenue, Expenditure, Financing and Deficit",2001Q4,Net incurrence of liabilities,
"General Government Transactions ESA 2010: Revenue, Expenditure, Financing and Deficit",2001Q4,Net incurrence of liabilities - Debt instruments - ESA2010 Code (F2 + F3 + F4),
"General Government Transactions ESA 2010: Revenue, Expenditure, Financing and Deficit",2001Q4,Net incurrence of liabilities - Other liabilities - ESA2010 Code (F5 + F6 + F7 + F8),
"General Government Transactions ESA 2010: Revenue, Expenditure, Financing and Deficit",2001Q4,Memo: Net derivative flows on debt interest swap contracts,0.0
"General Government Transactions ESA 2010: Revenue, Expenditure, Financing and Deficit",2001Q4,General Government transactions - Seasonally Adjusted Revenue - ESA2010 Code (TR),9887.0
"General Government Transactions ESA 2010: Revenue, Expenditure, Financing and Deficit",2001Q4,General Government transactions - Seasonally Adjusted Expenditure - ESA2010 Code (TE),10542.0
"General Government Transactions ESA 2010: Revenue, Expenditure, Financing and Deficit",2001Q4,General Government Seasonally Adjusted Surplus/Deficit - ESA2010 Code (B9),-655.0
"General Government Transactions ESA 2010: Revenue, Expenditure, Financing and Deficit",2002Q1,General Government transactions - Revenue - ESA2010 Code (TR),9544.0
"General Government Transactions ESA 2010: Revenue, Expenditure, Financing and Deficit",2002Q1,General Government transactions - Revenue - Taxes and social contributions - ESA2010 Code ( D2 + D5 + D91 + D61),8621.0
"General Government Transactions ESA 2010: Revenue, Expenditure, Financing and Deficit",2002Q1,General Government transactions - Revenue - Taxes - ESA2010 Code (D2 + D5 + D91),6934.0
"General Government Transactions ESA 2010: Revenue, Expenditure, Financing and Deficit",2002Q1,General Government transactions - Revenue - Social contributions - ESA2010 Code (D61),1687.0
"General Government Transactions ESA 2010: Revenue, Expenditure, Financing and Deficit",2002Q1,General Government transactions - Revenue - Sales of goods and services - ESA2010 Code (P10),418.0
"General Government Transactions ESA 2010: Revenue, Expenditure, Financing and Deficit",2002Q1,General Government transactions - Revenue - Investment income - ESA2010 Code (D4),140.0
"General Government Transactions ESA 2010: Revenue, Expenditure, Financing and Deficit",2002Q1,General Government transactions - Revenue - Current transfer revenue (excluding taxes) - ESA2010 Code (D7),15.0
"General Government Transactions ESA 2010: Revenue, Expenditure, Financing and Deficit",2002Q1,General Government transactions - Revenue - Capital transfer revenue (excluding taxes) - ESA2010 Code (D9N),350.0
"General Government Transactions ESA 2010: Revenue, Expenditure, Financing and Deficit",2002Q1,General Government transactions - Expenditure - ESA2010 Code (TE),10095.0
"General Government Transactions ESA 2010: Revenue, Expenditure, Financing and Deficit",2002Q1,General Government transactions - Expenditure - Expense - ESA2010 Code (Expense),9702.0
"General Government Transactions ESA 2010: Revenue, Expenditure, Financing and Deficit",2002Q1,General Government transactions - Expenditure - Compensation of employees - ESA2010 Code (D1),2898.0
"General Government Transactions ESA 2010: Revenue, Expenditure, Financing and Deficit",2002Q1,General Government transactions - Expenditure - Use of goods and services plus taxes payable - ESA2010 Code (P2 + D5 + D29),1613.0
"General Government Transactions ESA 2010: Revenue, Expenditure, Financing and Deficit",2002Q1,General Government transactions - Expenditure - Depreciation (consumption of fixed capital) - ESA2010 Code (P51c),585.0
"General Government Transactions ESA 2010: Revenue, Expenditure, Financing and Deficit",2002Q1,General Government transactions - Expenditure - Interest (excluding FISIM) - ESA2010 Code (D41),523.0
"General Government Transactions ESA 2010: Revenue, Expenditure, Financing and Deficit",2002Q1,General Government transactions - Expenditure - Subsidies - ESA2010 Code (D3),287.0
"General Government Transactions ESA 2010: Revenue, Expenditure, Financing and Deficit",2002Q1,General Government transactions - Expenditure - Social benefits - ESA2010 Code (D62 + D632),2939.0
"General Government Transactions ESA 2010: Revenue, Expenditure, Financing and Deficit",2002Q1,General Government transactions - Expenditure - Other current transfers - ESA2010 Code (D7),609.0
"General Government Transactions ESA 2010: Revenue, Expenditure, Financing and Deficit",2002Q1,General Government transactions - Expenditure - Capital transfers - ESA2010 Code (D9),248.0
"General Government Transactions ESA 2010: Revenue, Expenditure, Financing and Deficit",2002Q1,Net operating balance - ESA2010 Code  (NOB),-158.0
"General Government Transactions ESA 2010: Revenue, Expenditure, Financing and Deficit",2002Q1,Net acquisition of non-financial assets - ESA2010 Code (P5 + NP - P51c),393.0
"General Government Transactions ESA 2010: Revenue, Expenditure, Financing and Deficit",2002Q1,General Government Surplus/Deficit - ESA2010 Code (B9),-551.0
"General Government Transactions ESA 2010: Revenue, Expenditure, Financing and Deficit",2002Q1,Net acquisition of financial assets,
"General Government Transactions ESA 2010: Revenue, Expenditure, Financing and Deficit",2002Q1,Net acquisition of financial assets - Debt instruments - ESA2010 Code (F2 + F3 + F4),
"General Government Transactions ESA 2010: Revenue, Expenditure, Financing and Deficit",2002Q1,Net acquisition of financial assets - Equity and Investment Fund Shares - ESA2010 Code (F5),
"General Government Transactions ESA 2010: Revenue, Expenditure, Financing and Deficit",2002Q1,Net acquisition of financial assets - Other financial assets - ESA2010 Code (F6 + F7 + F8),
"General Government Transactions ESA 2010: Revenue, Expenditure, Financing and Deficit",2002Q1,Net incurrence of liabilities,
"General Government Transactions ESA 2010: Revenue, Expenditure, Financing and Deficit",2002Q1,Net incurrence of liabilities - Debt instruments - ESA2010 Code (F2 + F3 + F4),
"General Government Transactions ESA 2010: Revenue, Expenditure, Financing and Deficit",2002Q1,Net incurrence of liabilities - Other liabilities - ESA2010 Code (F5 + F6 + F7 + F8),
"General Government Transactions ESA 2010: Revenue, Expenditure, Financing and Deficit",2002Q1,Memo: Net derivative flows on debt interest swap contracts,0.0
"General Government Transactions ESA 2010: Revenue, Expenditure, Financing and Deficit",2002Q1,General Government transactions - Seasonally Adjusted Revenue - ESA2010 Code (TR),10251.0
"General Government Transactions ESA 2010: Revenue, Expenditure, Financing and Deficit",2002Q1,General Government transactions - Seasonally Adjusted Expenditure - ESA2010 Code (TE),10931.0
"General Government Transactions ESA 2010: Revenue, Expenditure, Financing and Deficit",2002Q1,General Government Seasonally Adjusted Surplus/Deficit - ESA2010 Code (B9),-680.0
"General Government Transactions ESA 2010: Revenue, Expenditure, Financing and Deficit",2002Q2,General Government transactions - Revenue - ESA2010 Code (TR),10830.0
"General Government Transactions ESA 2010: Revenue, Expenditure, Financing and Deficit",2002Q2,General Government transactions - Revenue - Taxes and social contributions - ESA2010 Code ( D2 + D5 + D91 + D61),9517.0
"General Government Transactions ESA 2010: Revenue, Expenditure, Financing and Deficit",2002Q2,General Government transactions - Revenue - Taxes - ESA2010 Code (D2 + D5 + D91),7830.0
"General Government Transactions ESA 2010: Revenue, Expenditure, Financing and Deficit",2002Q2,General Government transactions - Revenue - Social contributions - ESA2010 Code (D61),1687.0
"General Government Transactions ESA 2010: Revenue, Expenditure, Financing and Deficit",2002Q2,General Government transactions - Revenue - Sales of goods and services - ESA2010 Code (P10),457.0
"General Government Transactions ESA 2010: Revenue, Expenditure, Financing and Deficit",2002Q2,General Government transactions - Revenue - Investment income - ESA2010 Code (D4),488.0
"General Government Transactions ESA 2010: Revenue, Expenditure, Financing and Deficit",2002Q2,General Government transactions - Revenue - Current transfer revenue (excluding taxes) - ESA2010 Code (D7),13.0
"General Government Transactions ESA 2010: Revenue, Expenditure, Financing and Deficit",2002Q2,General Government transactions - Revenue - Capital transfer revenue (excluding taxes) - ESA2010 Code (D9N),355.0
"General Government Transactions ESA 2010: Revenue, Expenditure, Financing and Deficit",2002Q2,General Government transactions - Expenditure - ESA2010 Code (TE),10572.0
"General Government Transactions ESA 2010: Revenue, Expenditure, Financing and Deficit",2002Q2,General Government transactions - Expenditure - Expense - ESA2010 Code (Expense),9952.0
"General Government Transactions ESA 2010: Revenue, Expenditure, Financing and Deficit",2002Q2,General Government transactions - Expenditure - Compensation of employees - ESA2010 Code (D1),2938.0
"General Government Transactions ESA 2010: Revenue, Expenditure, Financing and Deficit",2002Q2,General Government transactions - Expenditure - Use of goods and services plus taxes payable - ESA2010 Code (P2 + D5 + D29),1722.0
"General Government Transactions ESA 2010: Revenue, Expenditure, Financing and Deficit",2002Q2,General Government transactions - Expenditure - Depreciation (consumption of fixed capital) - ESA2010 Code (P51c),585.0
"General Government Transactions ESA 2010: Revenue, Expenditure, Financing and Deficit",2002Q2,General Government transactions - Expenditure - Interest (excluding FISIM) - ESA2010 Code (D41),294.0
"General Government Transactions ESA 2010: Revenue, Expenditure, Financing and Deficit",2002Q2,General Government transactions - Expenditure - Subsidies - ESA2010 Code (D3),297.0
"General Government Transactions ESA 2010: Revenue, Expenditure, Financing and Deficit",2002Q2,General Government transactions - Expenditure - Social benefits - ESA2010 Code (D62 + D632),3230.0
"General Government Transactions ESA 2010: Revenue, Expenditure, Financing and Deficit",2002Q2,General Government transactions - Expenditure - Other current transfers - ESA2010 Code (D7),607.0
"General Government Transactions ESA 2010: Revenue, Expenditure, Financing and Deficit",2002Q2,General Government transactions - Expenditure - Capital transfers - ESA2010 Code (D9),279.0
"General Government Transactions ESA 2010: Revenue, Expenditure, Financing and Deficit",2002Q2,Net operating balance - ESA2010 Code  (NOB),878.0
"General Government Transactions ESA 2010: Revenue, Expenditure, Financing and Deficit",2002Q2,Net acquisition of non-financial assets - ESA2010 Code (P5 + NP - P51c),620.0
"General Government Transactions ESA 2010: Revenue, Expenditure, Financing and Deficit",2002Q2,General Government Surplus/Deficit - ESA2010 Code (B9),257.0
"General Government Transactions ESA 2010: Revenue, Expenditure, Financing and Deficit",2002Q2,Net acquisition of financial assets,
"General Government Transactions ESA 2010: Revenue, Expenditure, Financing and Deficit",2002Q2,Net acquisition of financial assets - Debt instruments - ESA2010 Code (F2 + F3 + F4),
"General Government Transactions ESA 2010: Revenue, Expenditure, Financing and Deficit",2002Q2,Net acquisition of financial assets - Equity and Investment Fund Shares - ESA2010 Code (F5),
"General Government Transactions ESA 2010: Revenue, Expenditure, Financing and Deficit",2002Q2,Net acquisition of financial assets - Other financial assets - ESA2010 Code (F6 + F7 + F8),
"General Government Transactions ESA 2010: Revenue, Expenditure, Financing and Deficit",2002Q2,Net incurrence of liabilities,
"General Government Transactions ESA 2010: Revenue, Expenditure, Financing and Deficit",2002Q2,Net incurrence of liabilities - Debt instruments - ESA2010 Code (F2 + F3 + F4),
"General Government Transactions ESA 2010: Revenue, Expenditure, Financing and Deficit",2002Q2,Net incurrence of liabilities - Other liabilities - ESA2010 Code (F5 + F6 + F7 + F8),
"General Government Transactions ESA 2010: Revenue, Expenditure, Financing and Deficit",2002Q2,Memo: Net derivative flows on debt interest swap contracts,0.0
"General Government Transactions ESA 2010: Revenue, Expenditure, Financing and Deficit",2002Q2,General Government transactions - Seasonally Adjusted Revenue - ESA2010 Code (TR),10584.0
"General Government Transactions ESA 2010: Revenue, Expenditure, Financing and Deficit",2002Q2,General Government transactions - Seasonally Adjusted Expenditure - ESA2010 Code (TE),10965.0
"General Government Transactions ESA 2010: Revenue, Expenditure, Financing and Deficit",2002Q2,General Government Seasonally Adjusted Surplus/Deficit - ESA2010 Code (B9),-381.0
"General Government Transactions ESA 2010: Revenue, Expenditure, Financing and Deficit",2002Q3,General Government transactions - Revenue - ESA2010 Code (TR),11059.0
"General Government Transactions ESA 2010: Revenue, Expenditure, Financing and Deficit",2002Q3,General Government transactions - Revenue - Taxes and social contributions - ESA2010 Code ( D2 + D5 + D91 + D61),10157.0
"General Government Transactions ESA 2010: Revenue, Expenditure, Financing and Deficit",2002Q3,General Government transactions - Revenue - Taxes - ESA2010 Code (D2 + D5 + D91),8470.0
"General Government Transactions ESA 2010: Revenue, Expenditure, Financing and Deficit",2002Q3,General Government transactions - Revenue - Social contributions - ESA2010 Code (D61),1687.0
"General Government Transactions ESA 2010: Revenue, Expenditure, Financing and Deficit",2002Q3,General Government transactions - Revenue - Sales of goods and services - ESA2010 Code (P10),430.0
"General Government Transactions ESA 2010: Revenue, Expenditure, Financing and Deficit",2002Q3,General Government transactions - Revenue - Investment income - ESA2010 Code (D4),118.0
"General Government Transactions ESA 2010: Revenue, Expenditure, Financing and Deficit",2002Q3,General Government transactions - Revenue - Current transfer revenue (excluding taxes) - ESA2010 Code (D7),13.0
"General Government Transactions ESA 2010: Revenue, Expenditure, Financing and Deficit",2002Q3,General Government transactions - Revenue - Capital transfer revenue (excluding taxes) - ESA2010 Code (D9N),342.0
"General Government Transactions ESA 2010: Revenue, Expenditure, Financing and Deficit",2002Q3,General Government transactions - Expenditure - ESA2010 Code (TE),10903.0
"General Government Transactions ESA 2010: Revenue, Expenditure, Financing and Deficit",2002Q3,General Government transactions - Expenditure - Expense - ESA2010 Code (Expense),10220.0
"General Government Transactions ESA 2010: Revenue, Expenditure, Financing and Deficit",2002Q3,General Government transactions - Expenditure - Compensation of employees - ESA2010 Code (D1),2936.0
"General Government Transactions ESA 2010: Revenue, Expenditure, Financing and Deficit",2002Q3,General Government transactions - Expenditure - Use of goods and services plus taxes payable - ESA2010 Code (P2 + D5 + D29),1840.0
"General Government Transactions ESA 2010: Revenue, Expenditure, Financing and Deficit",2002Q3,General Government transactions - Expenditure - Depreciation (consumption of fixed capital) - ESA2010 Code (P51c),585.0
"General Government Transactions ESA 2010: Revenue, Expenditure, Financing and Deficit",2002Q3,General Government transactions - Expenditure - Interest (excluding FISIM) - ESA2010 Code (D41),380.0
"General Government Transactions ESA 2010: Revenue, Expenditure, Financing and Deficit",2002Q3,General Government transactions - Expenditure - Subsidies - ESA2010 Code (D3),369.0
"General Government Transactions ESA 2010: Revenue, Expenditure, Financing and Deficit",2002Q3,General Government transactions - Expenditure - Social benefits - ESA2010 Code (D62 + D632),3308.0
"General Government Transactions ESA 2010: Revenue, Expenditure, Financing and Deficit",2002Q3,General Government transactions - Expenditure - Other current transfers - ESA2010 Code (D7),524.0
"General Government Transactions ESA 2010: Revenue, Expenditure, Financing and Deficit",2002Q3,General Government transactions - Expenditure - Capital transfers - ESA2010 Code (D9),280.0
"General Government Transactions ESA 2010: Revenue, Expenditure, Financing and Deficit",2002Q3,Net operating balance - ESA2010 Code  (NOB),839.0
"General Government Transactions ESA 2010: Revenue, Expenditure, Financing and Deficit",2002Q3,Net acquisition of non-financial assets - ESA2010 Code (P5 + NP - P51c),683.0
"General Government Transactions ESA 2010: Revenue, Expenditure, Financing and Deficit",2002Q3,General Government Surplus/Deficit - ESA2010 Code (B9),156.0
"General Government Transactions ESA 2010: Revenue, Expenditure, Financing and Deficit",2002Q3,Net acquisition of financial assets,
"General Government Transactions ESA 2010: Revenue, Expenditure, Financing and Deficit",2002Q3,Net acquisition of financial assets - Debt instruments - ESA2010 Code (F2 + F3 + F4),
"General Government Transactions ESA 2010: Revenue, Expenditure, Financing and Deficit",2002Q3,Net acquisition of financial assets - Equity and Investment Fund Shares - ESA2010 Code (F5),
"General Government Transactions ESA 2010: Revenue, Expenditure, Financing and Deficit",2002Q3,Net acquisition of financial assets - Other financial assets - ESA2010 Code (F6 + F7 + F8),
"General Government Transactions ESA 2010: Revenue, Expenditure, Financing and Deficit",2002Q3,Net incurrence of liabilities,
"General Government Transactions ESA 2010: Revenue, Expenditure, Financing and Deficit",2002Q3,Net incurrence of liabilities - Debt instruments - ESA2010 Code (F2 + F3 + F4),
"General Government Transactions ESA 2010: Revenue, Expenditure, Financing and Deficit",2002Q3,Net incurrence of liabilities - Other liabilities - ESA2010 Code (F5 + F6 + F7 + F8),
"General Government Transactions ESA 2010: Revenue, Expenditure, Financing and Deficit",2002Q3,Memo: Net derivative flows on debt interest swap contracts,0.0
"General Government Transactions ESA 2010: Revenue, Expenditure, Financing and Deficit",2002Q3,General Government transactions - Seasonally Adjusted Revenue - ESA2010 Code (TR),11926.0
"General Government Transactions ESA 2010: Revenue, Expenditure, Financing and Deficit",2002Q3,General Government transactions - Seasonally Adjusted Expenditure - ESA2010 Code (TE),11230.0
"General Government Transactions ESA 2010: Revenue, Expenditure, Financing and Deficit",2002Q3,General Government Seasonally Adjusted Surplus/Deficit - ESA2010 Code (B9),696.0
"General Government Transactions ESA 2010: Revenue, Expenditure, Financing and Deficit",2002Q4,General Government transactions - Revenue - ESA2010 Code (TR),12577.0
"General Government Transactions ESA 2010: Revenue, Expenditure, Financing and Deficit",2002Q4,General Government transactions - Revenue - Taxes and social contributions - ESA2010 Code ( D2 + D5 + D91 + D61),11182.0
"General Government Transactions ESA 2010: Revenue, Expenditure, Financing and Deficit",2002Q4,General Government transactions - Revenue - Taxes - ESA2010 Code (D2 + D5 + D91),9495.0
"General Government Transactions ESA 2010: Revenue, Expenditure, Financing and Deficit",2002Q4,General Government transactions - Revenue - Social contributions - ESA2010 Code (D61),1687.0
"General Government Transactions ESA 2010: Revenue, Expenditure, Financing and Deficit",2002Q4,General Government transactions - Revenue - Sales of goods and services - ESA2010 Code (P10),595.0
"General Government Transactions ESA 2010: Revenue, Expenditure, Financing and Deficit",2002Q4,General Government transactions - Revenue - Investment income - ESA2010 Code (D4),223.0
"General Government Transactions ESA 2010: Revenue, Expenditure, Financing and Deficit",2002Q4,General Government transactions - Revenue - Current transfer revenue (excluding taxes) - ESA2010 Code (D7),143.0
"General Government Transactions ESA 2010: Revenue, Expenditure, Financing and Deficit",2002Q4,General Government transactions - Revenue - Capital transfer revenue (excluding taxes) - ESA2010 Code (D9N),433.0
"General Government Transactions ESA 2010: Revenue, Expenditure, Financing and Deficit",2002Q4,General Government transactions - Expenditure - ESA2010 Code (TE),13145.0
"General Government Transactions ESA 2010: Revenue, Expenditure, Financing and Deficit",2002Q4,General Government transactions - Expenditure - Expense - ESA2010 Code (Expense),11425.0
"General Government Transactions ESA 2010: Revenue, Expenditure, Financing and Deficit",2002Q4,General Government transactions - Expenditure - Compensation of employees - ESA2010 Code (D1),3205.0
"General Government Transactions ESA 2010: Revenue, Expenditure, Financing and Deficit",2002Q4,General Government transactions - Expenditure - Use of goods and services plus taxes payable - ESA2010 Code (P2 + D5 + D29),2047.0
"General Government Transactions ESA 2010: Revenue, Expenditure, Financing and Deficit",2002Q4,General Government transactions - Expenditure - Depreciation (consumption of fixed capital) - ESA2010 Code (P51c),585.0
"General Government Transactions ESA 2010: Revenue, Expenditure, Financing and Deficit",2002Q4,General Government transactions - Expenditure - Interest (excluding FISIM) - ESA2010 Code (D41),597.0
"General Government Transactions ESA 2010: Revenue, Expenditure, Financing and Deficit",2002Q4,General Government transactions - Expenditure - Subsidies - ESA2010 Code (D3),443.0
"General Government Transactions ESA 2010: Revenue, Expenditure, Financing and Deficit",2002Q4,General Government transactions - Expenditure - Social benefits - ESA2010 Code (D62 + D632),3648.0
"General Government Transactions ESA 2010: Revenue, Expenditure, Financing and Deficit",2002Q4,General Government transactions - Expenditure - Other current transfers - ESA2010 Code (D7),574.0
"General Government Transactions ESA 2010: Revenue, Expenditure, Financing and Deficit",2002Q4,General Government transactions - Expenditure - Capital transfers - ESA2010 Code (D9),328.0
"General Government Transactions ESA 2010: Revenue, Expenditure, Financing and Deficit",2002Q4,Net operating balance - ESA2010 Code  (NOB),1152.0
"General Government Transactions ESA 2010: Revenue, Expenditure, Financing and Deficit",2002Q4,Net acquisition of non-financial assets - ESA2010 Code (P5 + NP - P51c),1721.0
"General Government Transactions ESA 2010: Revenue, Expenditure, Financing and Deficit",2002Q4,General Government Surplus/Deficit - ESA2010 Code (B9),-569.0
"General Government Transactions ESA 2010: Revenue, Expenditure, Financing and Deficit",2002Q4,Net acquisition of financial assets,
"General Government Transactions ESA 2010: Revenue, Expenditure, Financing and Deficit",2002Q4,Net acquisition of financial assets - Debt instruments - ESA2010 Code (F2 + F3 + F4),
"General Government Transactions ESA 2010: Revenue, Expenditure, Financing and Deficit",2002Q4,Net acquisition of financial assets - Equity and Investment Fund Shares - ESA2010 Code (F5),
"General Government Transactions ESA 2010: Revenue, Expenditure, Financing and Deficit",2002Q4,Net acquisition of financial assets - Other financial assets - ESA2010 Code (F6 + F7 + F8),
"General Government Transactions ESA 2010: Revenue, Expenditure, Financing and Deficit",2002Q4,Net incurrence of liabilities,
"General Government Transactions ESA 2010: Revenue, Expenditure, Financing and Deficit",2002Q4,Net incurrence of liabilities - Debt instruments - ESA2010 Code (F2 + F3 + F4),
"General Government Transactions ESA 2010: Revenue, Expenditure, Financing and Deficit",2002Q4,Net incurrence of liabilities - Other liabilities - ESA2010 Code (F5 + F6 + F7 + F8),
"General Government Transactions ESA 2010: Revenue, Expenditure, Financing and Deficit",2002Q4,Memo: Net derivative flows on debt interest swap contracts,0.0
"General Government Transactions ESA 2010: Revenue, Expenditure, Financing and Deficit",2002Q4,General Government transactions - Seasonally Adjusted Revenue - ESA2010 Code (TR),11162.0
"General Government Transactions ESA 2010: Revenue, Expenditure, Financing and Deficit",2002Q4,General Government transactions - Seasonally Adjusted Expenditure - ESA2010 Code (TE),11516.0
"General Government Transactions ESA 2010: Revenue, Expenditure, Financing and Deficit",2002Q4,General Government Seasonally Adjusted Surplus/Deficit - ESA2010 Code (B9),-354.0
"General Government Transactions ESA 2010: Revenue, Expenditure, Financing and Deficit",2003Q1,General Government transactions - Revenue - ESA2010 Code (TR),10502.0
"General Government Transactions ESA 2010: Revenue, Expenditure, Financing and Deficit",2003Q1,General Government transactions - Revenue - Taxes and social contributions - ESA2010 Code ( D2 + D5 + D91 + D61),9393.0
"General Government Transactions ESA 2010: Revenue, Expenditure, Financing and Deficit",2003Q1,General Government transactions - Revenue - Taxes - ESA2010 Code (D2 + D5 + D91),7577.0
"General Government Transactions ESA 2010: Revenue, Expenditure, Financing and Deficit",2003Q1,General Government transactions - Revenue - Social contributions - ESA2010 Code (D61),1816.0
"General Government Transactions ESA 2010: Revenue, Expenditure, Financing and Deficit",2003Q1,General Government transactions - Revenue - Sales of goods and services - ESA2010 Code (P10),522.0
"General Government Transactions ESA 2010: Revenue, Expenditure, Financing and Deficit",2003Q1,General Government transactions - Revenue - Investment income - ESA2010 Code (D4),162.0
"General Government Transactions ESA 2010: Revenue, Expenditure, Financing and Deficit",2003Q1,General Government transactions - Revenue - Current transfer revenue (excluding taxes) - ESA2010 Code (D7),14.0
"General Government Transactions ESA 2010: Revenue, Expenditure, Financing and Deficit",2003Q1,General Government transactions - Revenue - Capital transfer revenue (excluding taxes) - ESA2010 Code (D9N),411.0
"General Government Transactions ESA 2010: Revenue, Expenditure, Financing and Deficit",2003Q1,General Government transactions - Expenditure - ESA2010 Code (TE),10790.0
"General Government Transactions ESA 2010: Revenue, Expenditure, Financing and Deficit",2003Q1,General Government transactions - Expenditure - Expense - ESA2010 Code (Expense),10521.0
"General Government Transactions ESA 2010: Revenue, Expenditure, Financing and Deficit",2003Q1,General Government transactions - Expenditure - Compensation of employees - ESA2010 Code (D1),3231.0
"General Government Transactions ESA 2010: Revenue, Expenditure, Financing and Deficit",2003Q1,General Government transactions - Expenditure - Use of goods and services plus taxes payable - ESA2010 Code (P2 + D5 + D29),1810.0
"General Government Transactions ESA 2010: Revenue, Expenditure, Financing and Deficit",2003Q1,General Government transactions - Expenditure - Depreciation (consumption of fixed capital) - ESA2010 Code (P51c),637.0
"General Government Transactions ESA 2010: Revenue, Expenditure, Financing and Deficit",2003Q1,General Government transactions - Expenditure - Interest (excluding FISIM) - ESA2010 Code (D41),317.0
"General Government Transactions ESA 2010: Revenue, Expenditure, Financing and Deficit",2003Q1,General Government transactions - Expenditure - Subsidies - ESA2010 Code (D3),324.0
"General Government Transactions ESA 2010: Revenue, Expenditure, Financing and Deficit",2003Q1,General Government transactions - Expenditure - Social benefits - ESA2010 Code (D62 + D632),3291.0
"General Government Transactions ESA 2010: Revenue, Expenditure, Financing and Deficit",2003Q1,General Government transactions - Expenditure - Other current transfers - ESA2010 Code (D7),670.0
"General Government Transactions ESA 2010: Revenue, Expenditure, Financing and Deficit",2003Q1,General Government transactions - Expenditure - Capital transfers - ESA2010 Code (D9),242.0
"General Government Transactions ESA 2010: Revenue, Expenditure, Financing and Deficit",2003Q1,Net operating balance - ESA2010 Code  (NOB),-19.0
"General Government Transactions ESA 2010: Revenue, Expenditure, Financing and Deficit",2003Q1,Net acquisition of non-financial assets - ESA2010 Code (P5 + NP - P51c),269.0
"General Government Transactions ESA 2010: Revenue, Expenditure, Financing and Deficit",2003Q1,General Government Surplus/Deficit - ESA2010 Code (B9),-287.0
"General Government Transactions ESA 2010: Revenue, Expenditure, Financing and Deficit",2003Q1,Net acquisition of financial assets,
"General Government Transactions ESA 2010: Revenue, Expenditure, Financing and Deficit",2003Q1,Net acquisition of financial assets - Debt instruments - ESA2010 Code (F2 + F3 + F4),
"General Government Transactions ESA 2010: Revenue, Expenditure, Financing and Deficit",2003Q1,Net acquisition of financial assets - Equity and Investment Fund Shares - ESA2010 Code (F5),
"General Government Transactions ESA 2010: Revenue, Expenditure, Financing and Deficit",2003Q1,Net acquisition of financial assets - Other financial assets - ESA2010 Code (F6 + F7 + F8),
"General Government Transactions ESA 2010: Revenue, Expenditure, Financing and Deficit",2003Q1,Net incurrence of liabilities,
"General Government Transactions ESA 2010: Revenue, Expenditure, Financing and Deficit",2003Q1,Net incurrence of liabilities - Debt instruments - ESA2010 Code (F2 + F3 + F4),
"General Government Transactions ESA 2010: Revenue, Expenditure, Financing and Deficit",2003Q1,Net incurrence of liabilities - Other liabilities - ESA2010 Code (F5 + F6 + F7 + F8),
"General Government Transactions ESA 2010: Revenue, Expenditure, Financing and Deficit",2003Q1,Memo: Net derivative flows on debt interest swap contracts,0.0
"General Government Transactions ESA 2010: Revenue, Expenditure, Financing and Deficit",2003Q1,General Government transactions - Seasonally Adjusted Revenue - ESA2010 Code (TR),11182.0
"General Government Transactions ESA 2010: Revenue, Expenditure, Financing and Deficit",2003Q1,General Government transactions - Seasonally Adjusted Expenditure - ESA2010 Code (TE),11695.0
"General Government Transactions ESA 2010: Revenue, Expenditure, Financing and Deficit",2003Q1,General Government Seasonally Adjusted Surplus/Deficit - ESA2010 Code (B9),-514.0
"General Government Transactions ESA 2010: Revenue, Expenditure, Financing and Deficit",2003Q2,General Government transactions - Revenue - ESA2010 Code (TR),11762.0
"General Government Transactions ESA 2010: Revenue, Expenditure, Financing and Deficit",2003Q2,General Government transactions - Revenue - Taxes and social contributions - ESA2010 Code ( D2 + D5 + D91 + D61),10481.0
"General Government Transactions ESA 2010: Revenue, Expenditure, Financing and Deficit",2003Q2,General Government transactions - Revenue - Taxes - ESA2010 Code (D2 + D5 + D91),8665.0
"General Government Transactions ESA 2010: Revenue, Expenditure, Financing and Deficit",2003Q2,General Government transactions - Revenue - Social contributions - ESA2010 Code (D61),1816.0
"General Government Transactions ESA 2010: Revenue, Expenditure, Financing and Deficit",2003Q2,General Government transactions - Revenue - Sales of goods and services - ESA2010 Code (P10),516.0
"General Government Transactions ESA 2010: Revenue, Expenditure, Financing and Deficit",2003Q2,General Government transactions - Revenue - Investment income - ESA2010 Code (D4),354.0
"General Government Transactions ESA 2010: Revenue, Expenditure, Financing and Deficit",2003Q2,General Government transactions - Revenue - Current transfer revenue (excluding taxes) - ESA2010 Code (D7),13.0
"General Government Transactions ESA 2010: Revenue, Expenditure, Financing and Deficit",2003Q2,General Government transactions - Revenue - Capital transfer revenue (excluding taxes) - ESA2010 Code (D9N),397.0
"General Government Transactions ESA 2010: Revenue, Expenditure, Financing and Deficit",2003Q2,General Government transactions - Expenditure - ESA2010 Code (TE),11456.0
"General Government Transactions ESA 2010: Revenue, Expenditure, Financing and Deficit",2003Q2,General Government transactions - Expenditure - Expense - ESA2010 Code (Expense),11065.0
"General Government Transactions ESA 2010: Revenue, Expenditure, Financing and Deficit",2003Q2,General Government transactions - Expenditure - Compensation of employees - ESA2010 Code (D1),3187.0
"General Government Transactions ESA 2010: Revenue, Expenditure, Financing and Deficit",2003Q2,General Government transactions - Expenditure - Use of goods and services plus taxes payable - ESA2010 Code (P2 + D5 + D29),1834.0
"General Government Transactions ESA 2010: Revenue, Expenditure, Financing and Deficit",2003Q2,General Government transactions - Expenditure - Depreciation (consumption of fixed capital) - ESA2010 Code (P51c),637.0
"General Government Transactions ESA 2010: Revenue, Expenditure, Financing and Deficit",2003Q2,General Government transactions - Expenditure - Interest (excluding FISIM) - ESA2010 Code (D41),689.0
"General Government Transactions ESA 2010: Revenue, Expenditure, Financing and Deficit",2003Q2,General Government transactions - Expenditure - Subsidies - ESA2010 Code (D3),323.0
"General Government Transactions ESA 2010: Revenue, Expenditure, Financing and Deficit",2003Q2,General Government transactions - Expenditure - Social benefits - ESA2010 Code (D62 + D632),3469.0
"General Government Transactions ESA 2010: Revenue, Expenditure, Financing and Deficit",2003Q2,General Government transactions - Expenditure - Other current transfers - ESA2010 Code (D7),670.0
"General Government Transactions ESA 2010: Revenue, Expenditure, Financing and Deficit",2003Q2,General Government transactions - Expenditure - Capital transfers - ESA2010 Code (D9),256.0
"General Government Transactions ESA 2010: Revenue, Expenditure, Financing and Deficit",2003Q2,Net operating balance - ESA2010 Code  (NOB),697.0
"General Government Transactions ESA 2010: Revenue, Expenditure, Financing and Deficit",2003Q2,Net acquisition of non-financial assets - ESA2010 Code (P5 + NP - P51c),391.0
"General Government Transactions ESA 2010: Revenue, Expenditure, Financing and Deficit",2003Q2,General Government Surplus/Deficit - ESA2010 Code (B9),306.0
"General Government Transactions ESA 2010: Revenue, Expenditure, Financing and Deficit",2003Q2,Net acquisition of financial assets,
"General Government Transactions ESA 2010: Revenue, Expenditure, Financing and Deficit",2003Q2,Net acquisition of financial assets - Debt instruments - ESA2010 Code (F2 + F3 + F4),
"General Government Transactions ESA 2010: Revenue, Expenditure, Financing and Deficit",2003Q2,Net acquisition of financial assets - Equity and Investment Fund Shares - ESA2010 Code (F5),
"General Government Transactions ESA 2010: Revenue, Expenditure, Financing and Deficit",2003Q2,Net acquisition of financial assets - Other financial assets - ESA2010 Code (F6 + F7 + F8),
"General Government Transactions ESA 2010: Revenue, Expenditure, Financing and Deficit",2003Q2,Net incurrence of liabilities,
"General Government Transactions ESA 2010: Revenue, Expenditure, Financing and Deficit",2003Q2,Net incurrence of liabilities - Debt instruments - ESA2010 Code (F2 + F3 + F4),
"General Government Transactions ESA 2010: Revenue, Expenditure, Financing and Deficit",2003Q2,Net incurrence of liabilities - Other liabilities - ESA2010 Code (F5 + F6 + F7 + F8),
"General Government Transactions ESA 2010: Revenue, Expenditure, Financing and Deficit",2003Q2,Memo: Net derivative flows on debt interest swap contracts,0.0
"General Government Transactions ESA 2010: Revenue, Expenditure, Financing and Deficit",2003Q2,General Government transactions - Seasonally Adjusted Revenue - ESA2010 Code (TR),11814.0
"General Government Transactions ESA 2010: Revenue, Expenditure, Financing and Deficit",2003Q2,General Government transactions - Seasonally Adjusted Expenditure - ESA2010 Code (TE),11889.0
"General Government Transactions ESA 2010: Revenue, Expenditure, Financing and Deficit",2003Q2,General Government Seasonally Adjusted Surplus/Deficit - ESA2010 Code (B9),-75.0
"General Government Transactions ESA 2010: Revenue, Expenditure, Financing and Deficit",2003Q3,General Government transactions - Revenue - ESA2010 Code (TR),11253.0
"General Government Transactions ESA 2010: Revenue, Expenditure, Financing and Deficit",2003Q3,General Government transactions - Revenue - Taxes and social contributions - ESA2010 Code ( D2 + D5 + D91 + D61),10181.0
"General Government Transactions ESA 2010: Revenue, Expenditure, Financing and Deficit",2003Q3,General Government transactions - Revenue - Taxes - ESA2010 Code (D2 + D5 + D91),8365.0
"General Government Transactions ESA 2010: Revenue, Expenditure, Financing and Deficit",2003Q3,General Government transactions - Revenue - Social contributions - ESA2010 Code (D61),1816.0
"General Government Transactions ESA 2010: Revenue, Expenditure, Financing and Deficit",2003Q3,General Government transactions - Revenue - Sales of goods and services - ESA2010 Code (P10),520.0
"General Government Transactions ESA 2010: Revenue, Expenditure, Financing and Deficit",2003Q3,General Government transactions - Revenue - Investment income - ESA2010 Code (D4),123.0
"General Government Transactions ESA 2010: Revenue, Expenditure, Financing and Deficit",2003Q3,General Government transactions - Revenue - Current transfer revenue (excluding taxes) - ESA2010 Code (D7),29.0
"General Government Transactions ESA 2010: Revenue, Expenditure, Financing and Deficit",2003Q3,General Government transactions - Revenue - Capital transfer revenue (excluding taxes) - ESA2010 Code (D9N),401.0
"General Government Transactions ESA 2010: Revenue, Expenditure, Financing and Deficit",2003Q3,General Government transactions - Expenditure - ESA2010 Code (TE),11612.0
"General Government Transactions ESA 2010: Revenue, Expenditure, Financing and Deficit",2003Q3,General Government transactions - Expenditure - Expense - ESA2010 Code (Expense),11079.0
"General Government Transactions ESA 2010: Revenue, Expenditure, Financing and Deficit",2003Q3,General Government transactions - Expenditure - Compensation of employees - ESA2010 Code (D1),3339.0
"General Government Transactions ESA 2010: Revenue, Expenditure, Financing and Deficit",2003Q3,General Government transactions - Expenditure - Use of goods and services plus taxes payable - ESA2010 Code (P2 + D5 + D29),1908.0
"General Government Transactions ESA 2010: Revenue, Expenditure, Financing and Deficit",2003Q3,General Government transactions - Expenditure - Depreciation (consumption of fixed capital) - ESA2010 Code (P51c),637.0
"General Government Transactions ESA 2010: Revenue, Expenditure, Financing and Deficit",2003Q3,General Government transactions - Expenditure - Interest (excluding FISIM) - ESA2010 Code (D41),258.0
"General Government Transactions ESA 2010: Revenue, Expenditure, Financing and Deficit",2003Q3,General Government transactions - Expenditure - Subsidies - ESA2010 Code (D3),390.0
"General Government Transactions ESA 2010: Revenue, Expenditure, Financing and Deficit",2003Q3,General Government transactions - Expenditure - Social benefits - ESA2010 Code (D62 + D632),3601.0
"General Government Transactions ESA 2010: Revenue, Expenditure, Financing and Deficit",2003Q3,General Government transactions - Expenditure - Other current transfers - ESA2010 Code (D7),670.0
"General Government Transactions ESA 2010: Revenue, Expenditure, Financing and Deficit",2003Q3,General Government transactions - Expenditure - Capital transfers - ESA2010 Code (D9),276.0
"General Government Transactions ESA 2010: Revenue, Expenditure, Financing and Deficit",2003Q3,Net operating balance - ESA2010 Code  (NOB),174.0
"General Government Transactions ESA 2010: Revenue, Expenditure, Financing and Deficit",2003Q3,Net acquisition of non-financial assets - ESA2010 Code (P5 + NP - P51c),533.0
"General Government Transactions ESA 2010: Revenue, Expenditure, Financing and Deficit",2003Q3,General Government Surplus/Deficit - ESA2010 Code (B9),-359.0
"General Government Transactions ESA 2010: Revenue, Expenditure, Financing and Deficit",2003Q3,Net acquisition of financial assets,
"General Government Transactions ESA 2010: Revenue, Expenditure, Financing and Deficit",2003Q3,Net acquisition of financial assets - Debt instruments - ESA2010 Code (F2 + F3 + F4),
"General Government Transactions ESA 2010: Revenue, Expenditure, Financing and Deficit",2003Q3,Net acquisition of financial assets - Equity and Investment Fund Shares - ESA2010 Code (F5),
"General Government Transactions ESA 2010: Revenue, Expenditure, Financing and Deficit",2003Q3,Net acquisition of financial assets - Other financial assets - ESA2010 Code (F6 + F7 + F8),
"General Government Transactions ESA 2010: Revenue, Expenditure, Financing and Deficit",2003Q3,Net incurrence of liabilities,
"General Government Transactions ESA 2010: Revenue, Expenditure, Financing and Deficit",2003Q3,Net incurrence of liabilities - Debt instruments - ESA2010 Code (F2 + F3 + F4),
"General Government Transactions ESA 2010: Revenue, Expenditure, Financing and Deficit",2003Q3,Net incurrence of liabilities - Other liabilities - ESA2010 Code (F5 + F6 + F7 + F8),
"General Government Transactions ESA 2010: Revenue, Expenditure, Financing and Deficit",2003Q3,Memo: Net derivative flows on debt interest swap contracts,0.0
"General Government Transactions ESA 2010: Revenue, Expenditure, Financing and Deficit",2003Q3,General Government transactions - Seasonally Adjusted Revenue - ESA2010 Code (TR),12213.0
"General Government Transactions ESA 2010: Revenue, Expenditure, Financing and Deficit",2003Q3,General Government transactions - Seasonally Adjusted Expenditure - ESA2010 Code (TE),11903.0
"General Government Transactions ESA 2010: Revenue, Expenditure, Financing and Deficit",2003Q3,General Government Seasonally Adjusted Surplus/Deficit - ESA2010 Code (B9),311.0
"General Government Transactions ESA 2010: Revenue, Expenditure, Financing and Deficit",2003Q4,General Government transactions - Revenue - ESA2010 Code (TR),14539.0
"General Government Transactions ESA 2010: Revenue, Expenditure, Financing and Deficit",2003Q4,General Government transactions - Revenue - Taxes and social contributions - ESA2010 Code ( D2 + D5 + D91 + D61),13218.0
"General Government Transactions ESA 2010: Revenue, Expenditure, Financing and Deficit",2003Q4,General Government transactions - Revenue - Taxes - ESA2010 Code (D2 + D5 + D91),11402.0
"General Government Transactions ESA 2010: Revenue, Expenditure, Financing and Deficit",2003Q4,General Government transactions - Revenue - Social contributions - ESA2010 Code (D61),1816.0
"General Government Transactions ESA 2010: Revenue, Expenditure, Financing and Deficit",2003Q4,General Government transactions - Revenue - Sales of goods and services - ESA2010 Code (P10),656.0
"General Government Transactions ESA 2010: Revenue, Expenditure, Financing and Deficit",2003Q4,General Government transactions - Revenue - Investment income - ESA2010 Code (D4),149.0
"General Government Transactions ESA 2010: Revenue, Expenditure, Financing and Deficit",2003Q4,General Government transactions - Revenue - Current transfer revenue (excluding taxes) - ESA2010 Code (D7),130.0
"General Government Transactions ESA 2010: Revenue, Expenditure, Financing and Deficit",2003Q4,General Government transactions - Revenue - Capital transfer revenue (excluding taxes) - ESA2010 Code (D9N),386.0
"General Government Transactions ESA 2010: Revenue, Expenditure, Financing and Deficit",2003Q4,General Government transactions - Expenditure - ESA2010 Code (TE),13695.0
"General Government Transactions ESA 2010: Revenue, Expenditure, Financing and Deficit",2003Q4,General Government transactions - Expenditure - Expense - ESA2010 Code (Expense),12071.0
"General Government Transactions ESA 2010: Revenue, Expenditure, Financing and Deficit",2003Q4,General Government transactions - Expenditure - Compensation of employees - ESA2010 Code (D1),3582.0
"General Government Transactions ESA 2010: Revenue, Expenditure, Financing and Deficit",2003Q4,General Government transactions - Expenditure - Use of goods and services plus taxes payable - ESA2010 Code (P2 + D5 + D29),2082.0
"General Government Transactions ESA 2010: Revenue, Expenditure, Financing and Deficit",2003Q4,General Government transactions - Expenditure - Depreciation (consumption of fixed capital) - ESA2010 Code (P51c),637.0
"General Government Transactions ESA 2010: Revenue, Expenditure, Financing and Deficit",2003Q4,General Government transactions - Expenditure - Interest (excluding FISIM) - ESA2010 Code (D41),511.0
"General Government Transactions ESA 2010: Revenue, Expenditure, Financing and Deficit",2003Q4,General Government transactions - Expenditure - Subsidies - ESA2010 Code (D3),453.0
"General Government Transactions ESA 2010: Revenue, Expenditure, Financing and Deficit",2003Q4,General Government transactions - Expenditure - Social benefits - ESA2010 Code (D62 + D632),3793.0
"General Government Transactions ESA 2010: Revenue, Expenditure, Financing and Deficit",2003Q4,General Government transactions - Expenditure - Other current transfers - ESA2010 Code (D7),636.0
"General Government Transactions ESA 2010: Revenue, Expenditure, Financing and Deficit",2003Q4,General Government transactions - Expenditure - Capital transfers - ESA2010 Code (D9),378.0
"General Government Transactions ESA 2010: Revenue, Expenditure, Financing and Deficit",2003Q4,Net operating balance - ESA2010 Code  (NOB),2468.0
"General Government Transactions ESA 2010: Revenue, Expenditure, Financing and Deficit",2003Q4,Net acquisition of non-financial assets - ESA2010 Code (P5 + NP - P51c),1624.0
"General Government Transactions ESA 2010: Revenue, Expenditure, Financing and Deficit",2003Q4,General Government Surplus/Deficit - ESA2010 Code (B9),845.0
"General Government Transactions ESA 2010: Revenue, Expenditure, Financing and Deficit",2003Q4,Net acquisition of financial assets,
"General Government Transactions ESA 2010: Revenue, Expenditure, Financing and Deficit",2003Q4,Net acquisition of financial assets - Debt instruments - ESA2010 Code (F2 + F3 + F4),
"General Government Transactions ESA 2010: Revenue, Expenditure, Financing and Deficit",2003Q4,Net acquisition of financial assets - Equity and Investment Fund Shares - ESA2010 Code (F5),
"General Government Transactions ESA 2010: Revenue, Expenditure, Financing and Deficit",2003Q4,Net acquisition of financial assets - Other financial assets - ESA2010 Code (F6 + F7 + F8),
"General Government Transactions ESA 2010: Revenue, Expenditure, Financing and Deficit",2003Q4,Net incurrence of liabilities,
"General Government Transactions ESA 2010: Revenue, Expenditure, Financing and Deficit",2003Q4,Net incurrence of liabilities - Debt instruments - ESA2010 Code (F2 + F3 + F4),
"General Government Transactions ESA 2010: Revenue, Expenditure, Financing and Deficit",2003Q4,Net incurrence of liabilities - Other liabilities - ESA2010 Code (F5 + F6 + F7 + F8),
"General Government Transactions ESA 2010: Revenue, Expenditure, Financing and Deficit",2003Q4,Memo: Net derivative flows on debt interest swap contracts,0.0
"General Government Transactions ESA 2010: Revenue, Expenditure, Financing and Deficit",2003Q4,General Government transactions - Seasonally Adjusted Revenue - ESA2010 Code (TR),12609.0
"General Government Transactions ESA 2010: Revenue, Expenditure, Financing and Deficit",2003Q4,General Government transactions - Seasonally Adjusted Expenditure - ESA2010 Code (TE),12041.0
"General Government Transactions ESA 2010: Revenue, Expenditure, Financing and Deficit",2003Q4,General Government Seasonally Adjusted Surplus/Deficit - ESA2010 Code (B9),568.0
"General Government Transactions ESA 2010: Revenue, Expenditure, Financing and Deficit",2004Q1,General Government transactions - Revenue - ESA2010 Code (TR),12056.0
"General Government Transactions ESA 2010: Revenue, Expenditure, Financing and Deficit",2004Q1,General Government transactions - Revenue - Taxes and social contributions - ESA2010 Code ( D2 + D5 + D91 + D61),10968.0
"General Government Transactions ESA 2010: Revenue, Expenditure, Financing and Deficit",2004Q1,General Government transactions - Revenue - Taxes - ESA2010 Code (D2 + D5 + D91),8956.0
"General Government Transactions ESA 2010: Revenue, Expenditure, Financing and Deficit",2004Q1,General Government transactions - Revenue - Social contributions - ESA2010 Code (D61),2013.0
"General Government Transactions ESA 2010: Revenue, Expenditure, Financing and Deficit",2004Q1,General Government transactions - Revenue - Sales of goods and services - ESA2010 Code (P10),593.0
"General Government Transactions ESA 2010: Revenue, Expenditure, Financing and Deficit",2004Q1,General Government transactions - Revenue - Investment income - ESA2010 Code (D4),125.0
"General Government Transactions ESA 2010: Revenue, Expenditure, Financing and Deficit",2004Q1,General Government transactions - Revenue - Current transfer revenue (excluding taxes) - ESA2010 Code (D7),13.0
"General Government Transactions ESA 2010: Revenue, Expenditure, Financing and Deficit",2004Q1,General Government transactions - Revenue - Capital transfer revenue (excluding taxes) - ESA2010 Code (D9N),357.0
"General Government Transactions ESA 2010: Revenue, Expenditure, Financing and Deficit",2004Q1,General Government transactions - Expenditure - ESA2010 Code (TE),11257.0
"General Government Transactions ESA 2010: Revenue, Expenditure, Financing and Deficit",2004Q1,General Government transactions - Expenditure - Expense - ESA2010 Code (Expense),11135.0
"General Government Transactions ESA 2010: Revenue, Expenditure, Financing and Deficit",2004Q1,General Government transactions - Expenditure - Compensation of employees - ESA2010 Code (D1),3431.0
"General Government Transactions ESA 2010: Revenue, Expenditure, Financing and Deficit",2004Q1,General Government transactions - Expenditure - Use of goods and services plus taxes payable - ESA2010 Code (P2 + D5 + D29),1585.0
"General Government Transactions ESA 2010: Revenue, Expenditure, Financing and Deficit",2004Q1,General Government transactions - Expenditure - Depreciation (consumption of fixed capital) - ESA2010 Code (P51c),697.0
"General Government Transactions ESA 2010: Revenue, Expenditure, Financing and Deficit",2004Q1,General Government transactions - Expenditure - Interest (excluding FISIM) - ESA2010 Code (D41),437.0
"General Government Transactions ESA 2010: Revenue, Expenditure, Financing and Deficit",2004Q1,General Government transactions - Expenditure - Subsidies - ESA2010 Code (D3),346.0
"General Government Transactions ESA 2010: Revenue, Expenditure, Financing and Deficit",2004Q1,General Government transactions - Expenditure - Social benefits - ESA2010 Code (D62 + D632),3597.0
"General Government Transactions ESA 2010: Revenue, Expenditure, Financing and Deficit",2004Q1,General Government transactions - Expenditure - Other current transfers - ESA2010 Code (D7),754.0
"General Government Transactions ESA 2010: Revenue, Expenditure, Financing and Deficit",2004Q1,General Government transactions - Expenditure - Capital transfers - ESA2010 Code (D9),286.0
"General Government Transactions ESA 2010: Revenue, Expenditure, Financing and Deficit",2004Q1,Net operating balance - ESA2010 Code  (NOB),921.0
"General Government Transactions ESA 2010: Revenue, Expenditure, Financing and Deficit",2004Q1,Net acquisition of non-financial assets - ESA2010 Code (P5 + NP - P51c),122.0
"General Government Transactions ESA 2010: Revenue, Expenditure, Financing and Deficit",2004Q1,General Government Surplus/Deficit - ESA2010 Code (B9),799.0
"General Government Transactions ESA 2010: Revenue, Expenditure, Financing and Deficit",2004Q1,Net acquisition of financial assets,
"General Government Transactions ESA 2010: Revenue, Expenditure, Financing and Deficit",2004Q1,Net acquisition of financial assets - Debt instruments - ESA2010 Code (F2 + F3 + F4),
"General Government Transactions ESA 2010: Revenue, Expenditure, Financing and Deficit",2004Q1,Net acquisition of financial assets - Equity and Investment Fund Shares - ESA2010 Code (F5),
"General Government Transactions ESA 2010: Revenue, Expenditure, Financing and Deficit",2004Q1,Net acquisition of financial assets - Other financial assets - ESA2010 Code (F6 + F7 + F8),
"General Government Transactions ESA 2010: Revenue, Expenditure, Financing and Deficit",2004Q1,Net incurrence of liabilities,
"General Government Transactions ESA 2010: Revenue, Expenditure, Financing and Deficit",2004Q1,Net incurrence of liabilities - Debt instruments - ESA2010 Code (F2 + F3 + F4),
"General Government Transactions ESA 2010: Revenue, Expenditure, Financing and Deficit",2004Q1,Net incurrence of liabilities - Other liabilities - ESA2010 Code (F5 + F6 + F7 + F8),
"General Government Transactions ESA 2010: Revenue, Expenditure, Financing and Deficit",2004Q1,Memo: Net derivative flows on debt interest swap contracts,0.0
"General Government Transactions ESA 2010: Revenue, Expenditure, Financing and Deficit",2004Q1,General Government transactions - Seasonally Adjusted Revenue - ESA2010 Code (TR),12666.0
"General Government Transactions ESA 2010: Revenue, Expenditure, Financing and Deficit",2004Q1,General Government transactions - Seasonally Adjusted Expenditure - ESA2010 Code (TE),12200.0
"General Government Transactions ESA 2010: Revenue, Expenditure, Financing and Deficit",2004Q1,General Government Seasonally Adjusted Surplus/Deficit - ESA2010 Code (B9),466.0
"General Government Transactions ESA 2010: Revenue, Expenditure, Financing and Deficit",2004Q2,General Government transactions - Revenue - ESA2010 Code (TR),12847.0
"General Government Transactions ESA 2010: Revenue, Expenditure, Financing and Deficit",2004Q2,General Government transactions - Revenue - Taxes and social contributions - ESA2010 Code ( D2 + D5 + D91 + D61),11560.0
"General Government Transactions ESA 2010: Revenue, Expenditure, Financing and Deficit",2004Q2,General Government transactions - Revenue - Taxes - ESA2010 Code (D2 + D5 + D91),9548.0
"General Government Transactions ESA 2010: Revenue, Expenditure, Financing and Deficit",2004Q2,General Government transactions - Revenue - Social contributions - ESA2010 Code (D61),2013.0
"General Government Transactions ESA 2010: Revenue, Expenditure, Financing and Deficit",2004Q2,General Government transactions - Revenue - Sales of goods and services - ESA2010 Code (P10),588.0
"General Government Transactions ESA 2010: Revenue, Expenditure, Financing and Deficit",2004Q2,General Government transactions - Revenue - Investment income - ESA2010 Code (D4),334.0
"General Government Transactions ESA 2010: Revenue, Expenditure, Financing and Deficit",2004Q2,General Government transactions - Revenue - Current transfer revenue (excluding taxes) - ESA2010 Code (D7),14.0
"General Government Transactions ESA 2010: Revenue, Expenditure, Financing and Deficit",2004Q2,General Government transactions - Revenue - Capital transfer revenue (excluding taxes) - ESA2010 Code (D9N),351.0
"General Government Transactions ESA 2010: Revenue, Expenditure, Financing and Deficit",2004Q2,General Government transactions - Expenditure - ESA2010 Code (TE),12134.0
"General Government Transactions ESA 2010: Revenue, Expenditure, Financing and Deficit",2004Q2,General Government transactions - Expenditure - Expense - ESA2010 Code (Expense),11773.0
"General Government Transactions ESA 2010: Revenue, Expenditure, Financing and Deficit",2004Q2,General Government transactions - Expenditure - Compensation of employees - ESA2010 Code (D1),3495.0
"General Government Transactions ESA 2010: Revenue, Expenditure, Financing and Deficit",2004Q2,General Government transactions - Expenditure - Use of goods and services plus taxes payable - ESA2010 Code (P2 + D5 + D29),2036.0
"General Government Transactions ESA 2010: Revenue, Expenditure, Financing and Deficit",2004Q2,General Government transactions - Expenditure - Depreciation (consumption of fixed capital) - ESA2010 Code (P51c),697.0
"General Government Transactions ESA 2010: Revenue, Expenditure, Financing and Deficit",2004Q2,General Government transactions - Expenditure - Interest (excluding FISIM) - ESA2010 Code (D41),426.0
"General Government Transactions ESA 2010: Revenue, Expenditure, Financing and Deficit",2004Q2,General Government transactions - Expenditure - Subsidies - ESA2010 Code (D3),366.0
"General Government Transactions ESA 2010: Revenue, Expenditure, Financing and Deficit",2004Q2,General Government transactions - Expenditure - Social benefits - ESA2010 Code (D62 + D632),3796.0
"General Government Transactions ESA 2010: Revenue, Expenditure, Financing and Deficit",2004Q2,General Government transactions - Expenditure - Other current transfers - ESA2010 Code (D7),645.0
"General Government Transactions ESA 2010: Revenue, Expenditure, Financing and Deficit",2004Q2,General Government transactions - Expenditure - Capital transfers - ESA2010 Code (D9),312.0
"General Government Transactions ESA 2010: Revenue, Expenditure, Financing and Deficit",2004Q2,Net operating balance - ESA2010 Code  (NOB),1074.0
"General Government Transactions ESA 2010: Revenue, Expenditure, Financing and Deficit",2004Q2,Net acquisition of non-financial assets - ESA2010 Code (P5 + NP - P51c),360.0
"General Government Transactions ESA 2010: Revenue, Expenditure, Financing and Deficit",2004Q2,General Government Surplus/Deficit - ESA2010 Code (B9),714.0
"General Government Transactions ESA 2010: Revenue, Expenditure, Financing and Deficit",2004Q2,Net acquisition of financial assets,
"General Government Transactions ESA 2010: Revenue, Expenditure, Financing and Deficit",2004Q2,Net acquisition of financial assets - Debt instruments - ESA2010 Code (F2 + F3 + F4),
"General Government Transactions ESA 2010: Revenue, Expenditure, Financing and Deficit",2004Q2,Net acquisition of financial assets - Equity and Investment Fund Shares - ESA2010 Code (F5),
"General Government Transactions ESA 2010: Revenue, Expenditure, Financing and Deficit",2004Q2,Net acquisition of financial assets - Other financial assets - ESA2010 Code (F6 + F7 + F8),
"General Government Transactions ESA 2010: Revenue, Expenditure, Financing and Deficit",2004Q2,Net incurrence of liabilities,
"General Government Transactions ESA 2010: Revenue, Expenditure, Financing and Deficit",2004Q2,Net incurrence of liabilities - Debt instruments - ESA2010 Code (F2 + F3 + F4),
"General Government Transactions ESA 2010: Revenue, Expenditure, Financing and Deficit",2004Q2,Net incurrence of liabilities - Other liabilities - ESA2010 Code (F5 + F6 + F7 + F8),
"General Government Transactions ESA 2010: Revenue, Expenditure, Financing and Deficit",2004Q2,Memo: Net derivative flows on debt interest swap contracts,0.0
"General Government Transactions ESA 2010: Revenue, Expenditure, Financing and Deficit",2004Q2,General Government transactions - Seasonally Adjusted Revenue - ESA2010 Code (TR),13379.0
"General Government Transactions ESA 2010: Revenue, Expenditure, Financing and Deficit",2004Q2,General Government transactions - Seasonally Adjusted Expenditure - ESA2010 Code (TE),12604.0
"General Government Transactions ESA 2010: Revenue, Expenditure, Financing and Deficit",2004Q2,General Government Seasonally Adjusted Surplus/Deficit - ESA2010 Code (B9),775.0
"General Government Transactions ESA 2010: Revenue, Expenditure, Financing and Deficit",2004Q3,General Government transactions - Revenue - ESA2010 Code (TR),12291.0
"General Government Transactions ESA 2010: Revenue, Expenditure, Financing and Deficit",2004Q3,General Government transactions - Revenue - Taxes and social contributions - ESA2010 Code ( D2 + D5 + D91 + D61),11024.0
"General Government Transactions ESA 2010: Revenue, Expenditure, Financing and Deficit",2004Q3,General Government transactions - Revenue - Taxes - ESA2010 Code (D2 + D5 + D91),9012.0
"General Government Transactions ESA 2010: Revenue, Expenditure, Financing and Deficit",2004Q3,General Government transactions - Revenue - Social contributions - ESA2010 Code (D61),2013.0
"General Government Transactions ESA 2010: Revenue, Expenditure, Financing and Deficit",2004Q3,General Government transactions - Revenue - Sales of goods and services - ESA2010 Code (P10),605.0
"General Government Transactions ESA 2010: Revenue, Expenditure, Financing and Deficit",2004Q3,General Government transactions - Revenue - Investment income - ESA2010 Code (D4),144.0
"General Government Transactions ESA 2010: Revenue, Expenditure, Financing and Deficit",2004Q3,General Government transactions - Revenue - Current transfer revenue (excluding taxes) - ESA2010 Code (D7),135.0
"General Government Transactions ESA 2010: Revenue, Expenditure, Financing and Deficit",2004Q3,General Government transactions - Revenue - Capital transfer revenue (excluding taxes) - ESA2010 Code (D9N),382.0
"General Government Transactions ESA 2010: Revenue, Expenditure, Financing and Deficit",2004Q3,General Government transactions - Expenditure - ESA2010 Code (TE),12812.0
"General Government Transactions ESA 2010: Revenue, Expenditure, Financing and Deficit",2004Q3,General Government transactions - Expenditure - Expense - ESA2010 Code (Expense),12275.0
"General Government Transactions ESA 2010: Revenue, Expenditure, Financing and Deficit",2004Q3,General Government transactions - Expenditure - Compensation of employees - ESA2010 Code (D1),3639.0
"General Government Transactions ESA 2010: Revenue, Expenditure, Financing and Deficit",2004Q3,General Government transactions - Expenditure - Use of goods and services plus taxes payable - ESA2010 Code (P2 + D5 + D29),2188.0
"General Government Transactions ESA 2010: Revenue, Expenditure, Financing and Deficit",2004Q3,General Government transactions - Expenditure - Depreciation (consumption of fixed capital) - ESA2010 Code (P51c),697.0
"General Government Transactions ESA 2010: Revenue, Expenditure, Financing and Deficit",2004Q3,General Government transactions - Expenditure - Interest (excluding FISIM) - ESA2010 Code (D41),415.0
"General Government Transactions ESA 2010: Revenue, Expenditure, Financing and Deficit",2004Q3,General Government transactions - Expenditure - Subsidies - ESA2010 Code (D3),360.0
"General Government Transactions ESA 2010: Revenue, Expenditure, Financing and Deficit",2004Q3,General Government transactions - Expenditure - Social benefits - ESA2010 Code (D62 + D632),3963.0
"General Government Transactions ESA 2010: Revenue, Expenditure, Financing and Deficit",2004Q3,General Government transactions - Expenditure - Other current transfers - ESA2010 Code (D7),698.0
"General Government Transactions ESA 2010: Revenue, Expenditure, Financing and Deficit",2004Q3,General Government transactions - Expenditure - Capital transfers - ESA2010 Code (D9),315.0
"General Government Transactions ESA 2010: Revenue, Expenditure, Financing and Deficit",2004Q3,Net operating balance - ESA2010 Code  (NOB),17.0
"General Government Transactions ESA 2010: Revenue, Expenditure, Financing and Deficit",2004Q3,Net acquisition of non-financial assets - ESA2010 Code (P5 + NP - P51c),538.0
"General Government Transactions ESA 2010: Revenue, Expenditure, Financing and Deficit",2004Q3,General Government Surplus/Deficit - ESA2010 Code (B9),-521.0
"General Government Transactions ESA 2010: Revenue, Expenditure, Financing and Deficit",2004Q3,Net acquisition of financial assets,
"General Government Transactions ESA 2010: Revenue, Expenditure, Financing and Deficit",2004Q3,Net acquisition of financial assets - Debt instruments - ESA2010 Code (F2 + F3 + F4),
"General Government Transactions ESA 2010: Revenue, Expenditure, Financing and Deficit",2004Q3,Net acquisition of financial assets - Equity and Investment Fund Shares - ESA2010 Code (F5),
"General Government Transactions ESA 2010: Revenue, Expenditure, Financing and Deficit",2004Q3,Net acquisition of financial assets - Other financial assets - ESA2010 Code (F6 + F7 + F8),
"General Government Transactions ESA 2010: Revenue, Expenditure, Financing and Deficit",2004Q3,Net incurrence of liabilities,
"General Government Transactions ESA 2010: Revenue, Expenditure, Financing and Deficit",2004Q3,Net incurrence of liabilities - Debt instruments - ESA2010 Code (F2 + F3 + F4),
"General Government Transactions ESA 2010: Revenue, Expenditure, Financing and Deficit",2004Q3,Net incurrence of liabilities - Other liabilities - ESA2010 Code (F5 + F6 + F7 + F8),
"General Government Transactions ESA 2010: Revenue, Expenditure, Financing and Deficit",2004Q3,Memo: Net derivative flows on debt interest swap contracts,0.0
"General Government Transactions ESA 2010: Revenue, Expenditure, Financing and Deficit",2004Q3,General Government transactions - Seasonally Adjusted Revenue - ESA2010 Code (TR),13426.0
"General Government Transactions ESA 2010: Revenue, Expenditure, Financing and Deficit",2004Q3,General Government transactions - Seasonally Adjusted Expenditure - ESA2010 Code (TE),13045.0
"General Government Transactions ESA 2010: Revenue, Expenditure, Financing and Deficit",2004Q3,General Government Seasonally Adjusted Surplus/Deficit - ESA2010 Code (B9),382.0
"General Government Transactions ESA 2010: Revenue, Expenditure, Financing and Deficit",2004Q4,General Government transactions - Revenue - ESA2010 Code (TR),16121.0
"General Government Transactions ESA 2010: Revenue, Expenditure, Financing and Deficit",2004Q4,General Government transactions - Revenue - Taxes and social contributions - ESA2010 Code ( D2 + D5 + D91 + D61),14558.0
"General Government Transactions ESA 2010: Revenue, Expenditure, Financing and Deficit",2004Q4,General Government transactions - Revenue - Taxes - ESA2010 Code (D2 + D5 + D91),12545.0
"General Government Transactions ESA 2010: Revenue, Expenditure, Financing and Deficit",2004Q4,General Government transactions - Revenue - Social contributions - ESA2010 Code (D61),2013.0
"General Government Transactions ESA 2010: Revenue, Expenditure, Financing and Deficit",2004Q4,General Government transactions - Revenue - Sales of goods and services - ESA2010 Code (P10),718.0
"General Government Transactions ESA 2010: Revenue, Expenditure, Financing and Deficit",2004Q4,General Government transactions - Revenue - Investment income - ESA2010 Code (D4),182.0
"General Government Transactions ESA 2010: Revenue, Expenditure, Financing and Deficit",2004Q4,General Government transactions - Revenue - Current transfer revenue (excluding taxes) - ESA2010 Code (D7),122.0
"General Government Transactions ESA 2010: Revenue, Expenditure, Financing and Deficit",2004Q4,General Government transactions - Revenue - Capital transfer revenue (excluding taxes) - ESA2010 Code (D9N),541.0
"General Government Transactions ESA 2010: Revenue, Expenditure, Financing and Deficit",2004Q4,General Government transactions - Expenditure - ESA2010 Code (TE),15084.0
"General Government Transactions ESA 2010: Revenue, Expenditure, Financing and Deficit",2004Q4,General Government transactions - Expenditure - Expense - ESA2010 Code (Expense),13385.0
"General Government Transactions ESA 2010: Revenue, Expenditure, Financing and Deficit",2004Q4,General Government transactions - Expenditure - Compensation of employees - ESA2010 Code (D1),3929.0
"General Government Transactions ESA 2010: Revenue, Expenditure, Financing and Deficit",2004Q4,General Government transactions - Expenditure - Use of goods and services plus taxes payable - ESA2010 Code (P2 + D5 + D29),2328.0
"General Government Transactions ESA 2010: Revenue, Expenditure, Financing and Deficit",2004Q4,General Government transactions - Expenditure - Depreciation (consumption of fixed capital) - ESA2010 Code (P51c),697.0
"General Government Transactions ESA 2010: Revenue, Expenditure, Financing and Deficit",2004Q4,General Government transactions - Expenditure - Interest (excluding FISIM) - ESA2010 Code (D41),435.0
"General Government Transactions ESA 2010: Revenue, Expenditure, Financing and Deficit",2004Q4,General Government transactions - Expenditure - Subsidies - ESA2010 Code (D3),467.0
"General Government Transactions ESA 2010: Revenue, Expenditure, Financing and Deficit",2004Q4,General Government transactions - Expenditure - Social benefits - ESA2010 Code (D62 + D632),4319.0
"General Government Transactions ESA 2010: Revenue, Expenditure, Financing and Deficit",2004Q4,General Government transactions - Expenditure - Other current transfers - ESA2010 Code (D7),742.0
"General Government Transactions ESA 2010: Revenue, Expenditure, Financing and Deficit",2004Q4,General Government transactions - Expenditure - Capital transfers - ESA2010 Code (D9),467.0
"General Government Transactions ESA 2010: Revenue, Expenditure, Financing and Deficit",2004Q4,Net operating balance - ESA2010 Code  (NOB),2735.0
"General Government Transactions ESA 2010: Revenue, Expenditure, Financing and Deficit",2004Q4,Net acquisition of non-financial assets - ESA2010 Code (P5 + NP - P51c),1699.0
"General Government Transactions ESA 2010: Revenue, Expenditure, Financing and Deficit",2004Q4,General Government Surplus/Deficit - ESA2010 Code (B9),1037.0
"General Government Transactions ESA 2010: Revenue, Expenditure, Financing and Deficit",2004Q4,Net acquisition of financial assets,
"General Government Transactions ESA 2010: Revenue, Expenditure, Financing and Deficit",2004Q4,Net acquisition of financial assets - Debt instruments - ESA2010 Code (F2 + F3 + F4),
"General Government Transactions ESA 2010: Revenue, Expenditure, Financing and Deficit",2004Q4,Net acquisition of financial assets - Equity and Investment Fund Shares - ESA2010 Code (F5),
"General Government Transactions ESA 2010: Revenue, Expenditure, Financing and Deficit",2004Q4,Net acquisition of financial assets - Other financial assets - ESA2010 Code (F6 + F7 + F8),
"General Government Transactions ESA 2010: Revenue, Expenditure, Financing and Deficit",2004Q4,Net incurrence of liabilities,
"General Government Transactions ESA 2010: Revenue, Expenditure, Financing and Deficit",2004Q4,Net incurrence of liabilities - Debt instruments - ESA2010 Code (F2 + F3 + F4),
"General Government Transactions ESA 2010: Revenue, Expenditure, Financing and Deficit",2004Q4,Net incurrence of liabilities - Other liabilities - ESA2010 Code (F5 + F6 + F7 + F8),
"General Government Transactions ESA 2010: Revenue, Expenditure, Financing and Deficit",2004Q4,Memo: Net derivative flows on debt interest swap contracts,0.0
"General Government Transactions ESA 2010: Revenue, Expenditure, Financing and Deficit",2004Q4,General Government transactions - Seasonally Adjusted Revenue - ESA2010 Code (TR),13642.0
"General Government Transactions ESA 2010: Revenue, Expenditure, Financing and Deficit",2004Q4,General Government transactions - Seasonally Adjusted Expenditure - ESA2010 Code (TE),13359.0
"General Government Transactions ESA 2010: Revenue, Expenditure, Financing and Deficit",2004Q4,General Government Seasonally Adjusted Surplus/Deficit - ESA2010 Code (B9),284.0
"General Government Transactions ESA 2010: Revenue, Expenditure, Financing and Deficit",2005Q1,General Government transactions - Revenue - ESA2010 Code (TR),13374.0
"General Government Transactions ESA 2010: Revenue, Expenditure, Financing and Deficit",2005Q1,General Government transactions - Revenue - Taxes and social contributions - ESA2010 Code ( D2 + D5 + D91 + D61),12206.0
"General Government Transactions ESA 2010: Revenue, Expenditure, Financing and Deficit",2005Q1,General Government transactions - Revenue - Taxes - ESA2010 Code (D2 + D5 + D91),10017.0
"General Government Transactions ESA 2010: Revenue, Expenditure, Financing and Deficit",2005Q1,General Government transactions - Revenue - Social contributions - ESA2010 Code (D61),2189.0
"General Government Transactions ESA 2010: Revenue, Expenditure, Financing and Deficit",2005Q1,General Government transactions - Revenue - Sales of goods and services - ESA2010 Code (P10),519.0
"General Government Transactions ESA 2010: Revenue, Expenditure, Financing and Deficit",2005Q1,General Government transactions - Revenue - Investment income - ESA2010 Code (D4),191.0
"General Government Transactions ESA 2010: Revenue, Expenditure, Financing and Deficit",2005Q1,General Government transactions - Revenue - Current transfer revenue (excluding taxes) - ESA2010 Code (D7),33.0
"General Government Transactions ESA 2010: Revenue, Expenditure, Financing and Deficit",2005Q1,General Government transactions - Revenue - Capital transfer revenue (excluding taxes) - ESA2010 Code (D9N),425.0
"General Government Transactions ESA 2010: Revenue, Expenditure, Financing and Deficit",2005Q1,General Government transactions - Expenditure - ESA2010 Code (TE),12566.0
"General Government Transactions ESA 2010: Revenue, Expenditure, Financing and Deficit",2005Q1,General Government transactions - Expenditure - Expense - ESA2010 Code (Expense),12563.0
"General Government Transactions ESA 2010: Revenue, Expenditure, Financing and Deficit",2005Q1,General Government transactions - Expenditure - Compensation of employees - ESA2010 Code (D1),3854.0
"General Government Transactions ESA 2010: Revenue, Expenditure, Financing and Deficit",2005Q1,General Government transactions - Expenditure - Use of goods and services plus taxes payable - ESA2010 Code (P2 + D5 + D29),1798.0
"General Government Transactions ESA 2010: Revenue, Expenditure, Financing and Deficit",2005Q1,General Government transactions - Expenditure - Depreciation (consumption of fixed capital) - ESA2010 Code (P51c),752.0
"General Government Transactions ESA 2010: Revenue, Expenditure, Financing and Deficit",2005Q1,General Government transactions - Expenditure - Interest (excluding FISIM) - ESA2010 Code (D41),436.0
"General Government Transactions ESA 2010: Revenue, Expenditure, Financing and Deficit",2005Q1,General Government transactions - Expenditure - Subsidies - ESA2010 Code (D3),335.0
"General Government Transactions ESA 2010: Revenue, Expenditure, Financing and Deficit",2005Q1,General Government transactions - Expenditure - Social benefits - ESA2010 Code (D62 + D632),4260.0
"General Government Transactions ESA 2010: Revenue, Expenditure, Financing and Deficit",2005Q1,General Government transactions - Expenditure - Other current transfers - ESA2010 Code (D7),866.0
"General Government Transactions ESA 2010: Revenue, Expenditure, Financing and Deficit",2005Q1,General Government transactions - Expenditure - Capital transfers - ESA2010 Code (D9),260.0
"General Government Transactions ESA 2010: Revenue, Expenditure, Financing and Deficit",2005Q1,Net operating balance - ESA2010 Code  (NOB),812.0
"General Government Transactions ESA 2010: Revenue, Expenditure, Financing and Deficit",2005Q1,Net acquisition of non-financial assets - ESA2010 Code (P5 + NP - P51c),3.0
"General Government Transactions ESA 2010: Revenue, Expenditure, Financing and Deficit",2005Q1,General Government Surplus/Deficit - ESA2010 Code (B9),808.0
"General Government Transactions ESA 2010: Revenue, Expenditure, Financing and Deficit",2005Q1,Net acquisition of financial assets,
"General Government Transactions ESA 2010: Revenue, Expenditure, Financing and Deficit",2005Q1,Net acquisition of financial assets - Debt instruments - ESA2010 Code (F2 + F3 + F4),
"General Government Transactions ESA 2010: Revenue, Expenditure, Financing and Deficit",2005Q1,Net acquisition of financial assets - Equity and Investment Fund Shares - ESA2010 Code (F5),
"General Government Transactions ESA 2010: Revenue, Expenditure, Financing and Deficit",2005Q1,Net acquisition of financial assets - Other financial assets - ESA2010 Code (F6 + F7 + F8),
"General Government Transactions ESA 2010: Revenue, Expenditure, Financing and Deficit",2005Q1,Net incurrence of liabilities,
"General Government Transactions ESA 2010: Revenue, Expenditure, Financing and Deficit",2005Q1,Net incurrence of liabilities - Debt instruments - ESA2010 Code (F2 + F3 + F4),
"General Government Transactions ESA 2010: Revenue, Expenditure, Financing and Deficit",2005Q1,Net incurrence of liabilities - Other liabilities - ESA2010 Code (F5 + F6 + F7 + F8),
"General Government Transactions ESA 2010: Revenue, Expenditure, Financing and Deficit",2005Q1,Memo: Net derivative flows on debt interest swap contracts,0.0
"General Government Transactions ESA 2010: Revenue, Expenditure, Financing and Deficit",2005Q1,General Government transactions - Seasonally Adjusted Revenue - ESA2010 Code (TR),13836.0
"General Government Transactions ESA 2010: Revenue, Expenditure, Financing and Deficit",2005Q1,General Government transactions - Seasonally Adjusted Expenditure - ESA2010 Code (TE),13574.0
"General Government Transactions ESA 2010: Revenue, Expenditure, Financing and Deficit",2005Q1,General Government Seasonally Adjusted Surplus/Deficit - ESA2010 Code (B9),262.0
"General Government Transactions ESA 2010: Revenue, Expenditure, Financing and Deficit",2005Q2,General Government transactions - Revenue - ESA2010 Code (TR),13054.0
"General Government Transactions ESA 2010: Revenue, Expenditure, Financing and Deficit",2005Q2,General Government transactions - Revenue - Taxes and social contributions - ESA2010 Code ( D2 + D5 + D91 + D61),11536.0
"General Government Transactions ESA 2010: Revenue, Expenditure, Financing and Deficit",2005Q2,General Government transactions - Revenue - Taxes - ESA2010 Code (D2 + D5 + D91),9347.0
"General Government Transactions ESA 2010: Revenue, Expenditure, Financing and Deficit",2005Q2,General Government transactions - Revenue - Social contributions - ESA2010 Code (D61),2189.0
"General Government Transactions ESA 2010: Revenue, Expenditure, Financing and Deficit",2005Q2,General Government transactions - Revenue - Sales of goods and services - ESA2010 Code (P10),723.0
"General Government Transactions ESA 2010: Revenue, Expenditure, Financing and Deficit",2005Q2,General Government transactions - Revenue - Investment income - ESA2010 Code (D4),334.0
"General Government Transactions ESA 2010: Revenue, Expenditure, Financing and Deficit",2005Q2,General Government transactions - Revenue - Current transfer revenue (excluding taxes) - ESA2010 Code (D7),32.0
"General Government Transactions ESA 2010: Revenue, Expenditure, Financing and Deficit",2005Q2,General Government transactions - Revenue - Capital transfer revenue (excluding taxes) - ESA2010 Code (D9N),429.0
"General Government Transactions ESA 2010: Revenue, Expenditure, Financing and Deficit",2005Q2,General Government transactions - Expenditure - ESA2010 Code (TE),13309.0
"General Government Transactions ESA 2010: Revenue, Expenditure, Financing and Deficit",2005Q2,General Government transactions - Expenditure - Expense - ESA2010 Code (Expense),12892.0
"General Government Transactions ESA 2010: Revenue, Expenditure, Financing and Deficit",2005Q2,General Government transactions - Expenditure - Compensation of employees - ESA2010 Code (D1),3867.0
"General Government Transactions ESA 2010: Revenue, Expenditure, Financing and Deficit",2005Q2,General Government transactions - Expenditure - Use of goods and services plus taxes payable - ESA2010 Code (P2 + D5 + D29),2045.0
"General Government Transactions ESA 2010: Revenue, Expenditure, Financing and Deficit",2005Q2,General Government transactions - Expenditure - Depreciation (consumption of fixed capital) - ESA2010 Code (P51c),752.0
"General Government Transactions ESA 2010: Revenue, Expenditure, Financing and Deficit",2005Q2,General Government transactions - Expenditure - Interest (excluding FISIM) - ESA2010 Code (D41),434.0
"General Government Transactions ESA 2010: Revenue, Expenditure, Financing and Deficit",2005Q2,General Government transactions - Expenditure - Subsidies - ESA2010 Code (D3),385.0
"General Government Transactions ESA 2010: Revenue, Expenditure, Financing and Deficit",2005Q2,General Government transactions - Expenditure - Social benefits - ESA2010 Code (D62 + D632),4476.0
"General Government Transactions ESA 2010: Revenue, Expenditure, Financing and Deficit",2005Q2,General Government transactions - Expenditure - Other current transfers - ESA2010 Code (D7),627.0
"General Government Transactions ESA 2010: Revenue, Expenditure, Financing and Deficit",2005Q2,General Government transactions - Expenditure - Capital transfers - ESA2010 Code (D9),307.0
"General Government Transactions ESA 2010: Revenue, Expenditure, Financing and Deficit",2005Q2,Net operating balance - ESA2010 Code  (NOB),162.0
"General Government Transactions ESA 2010: Revenue, Expenditure, Financing and Deficit",2005Q2,Net acquisition of non-financial assets - ESA2010 Code (P5 + NP - P51c),417.0
"General Government Transactions ESA 2010: Revenue, Expenditure, Financing and Deficit",2005Q2,General Government Surplus/Deficit - ESA2010 Code (B9),-255.0
"General Government Transactions ESA 2010: Revenue, Expenditure, Financing and Deficit",2005Q2,Net acquisition of financial assets,
"General Government Transactions ESA 2010: Revenue, Expenditure, Financing and Deficit",2005Q2,Net acquisition of financial assets - Debt instruments - ESA2010 Code (F2 + F3 + F4),
"General Government Transactions ESA 2010: Revenue, Expenditure, Financing and Deficit",2005Q2,Net acquisition of financial assets - Equity and Investment Fund Shares - ESA2010 Code (F5),
"General Government Transactions ESA 2010: Revenue, Expenditure, Financing and Deficit",2005Q2,Net acquisition of financial assets - Other financial assets - ESA2010 Code (F6 + F7 + F8),
"General Government Transactions ESA 2010: Revenue, Expenditure, Financing and Deficit",2005Q2,Net incurrence of liabilities,
"General Government Transactions ESA 2010: Revenue, Expenditure, Financing and Deficit",2005Q2,Net incurrence of liabilities - Debt instruments - ESA2010 Code (F2 + F3 + F4),
"General Government Transactions ESA 2010: Revenue, Expenditure, Financing and Deficit",2005Q2,Net incurrence of liabilities - Other liabilities - ESA2010 Code (F5 + F6 + F7 + F8),
"General Government Transactions ESA 2010: Revenue, Expenditure, Financing and Deficit",2005Q2,Memo: Net derivative flows on debt interest swap contracts,0.0
"General Government Transactions ESA 2010: Revenue, Expenditure, Financing and Deficit",2005Q2,General Government transactions - Seasonally Adjusted Revenue - ESA2010 Code (TR),14167.0
"General Government Transactions ESA 2010: Revenue, Expenditure, Financing and Deficit",2005Q2,General Government transactions - Seasonally Adjusted Expenditure - ESA2010 Code (TE),13829.0
"General Government Transactions ESA 2010: Revenue, Expenditure, Financing and Deficit",2005Q2,General Government Seasonally Adjusted Surplus/Deficit - ESA2010 Code (B9),338.0
"General Government Transactions ESA 2010: Revenue, Expenditure, Financing and Deficit",2005Q3,General Government transactions - Revenue - ESA2010 Code (TR),13999.0
"General Government Transactions ESA 2010: Revenue, Expenditure, Financing and Deficit",2005Q3,General Government transactions - Revenue - Taxes and social contributions - ESA2010 Code ( D2 + D5 + D91 + D61),12636.0
"General Government Transactions ESA 2010: Revenue, Expenditure, Financing and Deficit",2005Q3,General Government transactions - Revenue - Taxes - ESA2010 Code (D2 + D5 + D91),10447.0
"General Government Transactions ESA 2010: Revenue, Expenditure, Financing and Deficit",2005Q3,General Government transactions - Revenue - Social contributions - ESA2010 Code (D61),2189.0
"General Government Transactions ESA 2010: Revenue, Expenditure, Financing and Deficit",2005Q3,General Government transactions - Revenue - Sales of goods and services - ESA2010 Code (P10),655.0
"General Government Transactions ESA 2010: Revenue, Expenditure, Financing and Deficit",2005Q3,General Government transactions - Revenue - Investment income - ESA2010 Code (D4),222.0
"General Government Transactions ESA 2010: Revenue, Expenditure, Financing and Deficit",2005Q3,General Government transactions - Revenue - Current transfer revenue (excluding taxes) - ESA2010 Code (D7),51.0
"General Government Transactions ESA 2010: Revenue, Expenditure, Financing and Deficit",2005Q3,General Government transactions - Revenue - Capital transfer revenue (excluding taxes) - ESA2010 Code (D9N),435.0
"General Government Transactions ESA 2010: Revenue, Expenditure, Financing and Deficit",2005Q3,General Government transactions - Expenditure - ESA2010 Code (TE),13943.0
"General Government Transactions ESA 2010: Revenue, Expenditure, Financing and Deficit",2005Q3,General Government transactions - Expenditure - Expense - ESA2010 Code (Expense),13355.0
"General Government Transactions ESA 2010: Revenue, Expenditure, Financing and Deficit",2005Q3,General Government transactions - Expenditure - Compensation of employees - ESA2010 Code (D1),4191.0
"General Government Transactions ESA 2010: Revenue, Expenditure, Financing and Deficit",2005Q3,General Government transactions - Expenditure - Use of goods and services plus taxes payable - ESA2010 Code (P2 + D5 + D29),1967.0
"General Government Transactions ESA 2010: Revenue, Expenditure, Financing and Deficit",2005Q3,General Government transactions - Expenditure - Depreciation (consumption of fixed capital) - ESA2010 Code (P51c),752.0
"General Government Transactions ESA 2010: Revenue, Expenditure, Financing and Deficit",2005Q3,General Government transactions - Expenditure - Interest (excluding FISIM) - ESA2010 Code (D41),435.0
"General Government Transactions ESA 2010: Revenue, Expenditure, Financing and Deficit",2005Q3,General Government transactions - Expenditure - Subsidies - ESA2010 Code (D3),445.0
"General Government Transactions ESA 2010: Revenue, Expenditure, Financing and Deficit",2005Q3,General Government transactions - Expenditure - Social benefits - ESA2010 Code (D62 + D632),4529.0
"General Government Transactions ESA 2010: Revenue, Expenditure, Financing and Deficit",2005Q3,General Government transactions - Expenditure - Other current transfers - ESA2010 Code (D7),694.0
"General Government Transactions ESA 2010: Revenue, Expenditure, Financing and Deficit",2005Q3,General Government transactions - Expenditure - Capital transfers - ESA2010 Code (D9),342.0
"General Government Transactions ESA 2010: Revenue, Expenditure, Financing and Deficit",2005Q3,Net operating balance - ESA2010 Code  (NOB),644.0
"General Government Transactions ESA 2010: Revenue, Expenditure, Financing and Deficit",2005Q3,Net acquisition of non-financial assets - ESA2010 Code (P5 + NP - P51c),587.0
"General Government Transactions ESA 2010: Revenue, Expenditure, Financing and Deficit",2005Q3,General Government Surplus/Deficit - ESA2010 Code (B9),57.0
"General Government Transactions ESA 2010: Revenue, Expenditure, Financing and Deficit",2005Q3,Net acquisition of financial assets,
"General Government Transactions ESA 2010: Revenue, Expenditure, Financing and Deficit",2005Q3,Net acquisition of financial assets - Debt instruments - ESA2010 Code (F2 + F3 + F4),
"General Government Transactions ESA 2010: Revenue, Expenditure, Financing and Deficit",2005Q3,Net acquisition of financial assets - Equity and Investment Fund Shares - ESA2010 Code (F5),
"General Government Transactions ESA 2010: Revenue, Expenditure, Financing and Deficit",2005Q3,Net acquisition of financial assets - Other financial assets - ESA2010 Code (F6 + F7 + F8),
"General Government Transactions ESA 2010: Revenue, Expenditure, Financing and Deficit",2005Q3,Net incurrence of liabilities,
"General Government Transactions ESA 2010: Revenue, Expenditure, Financing and Deficit",2005Q3,Net incurrence of liabilities - Debt instruments - ESA2010 Code (F2 + F3 + F4),
"General Government Transactions ESA 2010: Revenue, Expenditure, Financing and Deficit",2005Q3,Net incurrence of liabilities - Other liabilities - ESA2010 Code (F5 + F6 + F7 + F8),
"General Government Transactions ESA 2010: Revenue, Expenditure, Financing and Deficit",2005Q3,Memo: Net derivative flows on debt interest swap contracts,0.0
"General Government Transactions ESA 2010: Revenue, Expenditure, Financing and Deficit",2005Q3,General Government transactions - Seasonally Adjusted Revenue - ESA2010 Code (TR),15347.0
"General Government Transactions ESA 2010: Revenue, Expenditure, Financing and Deficit",2005Q3,General Government transactions - Seasonally Adjusted Expenditure - ESA2010 Code (TE),14103.0
"General Government Transactions ESA 2010: Revenue, Expenditure, Financing and Deficit",2005Q3,General Government Seasonally Adjusted Surplus/Deficit - ESA2010 Code (B9),1244.0
"General Government Transactions ESA 2010: Revenue, Expenditure, Financing and Deficit",2005Q4,General Government transactions - Revenue - ESA2010 Code (TR),18485.0
"General Government Transactions ESA 2010: Revenue, Expenditure, Financing and Deficit",2005Q4,General Government transactions - Revenue - Taxes and social contributions - ESA2010 Code ( D2 + D5 + D91 + D61),16772.0
"General Government Transactions ESA 2010: Revenue, Expenditure, Financing and Deficit",2005Q4,General Government transactions - Revenue - Taxes - ESA2010 Code (D2 + D5 + D91),14583.0
"General Government Transactions ESA 2010: Revenue, Expenditure, Financing and Deficit",2005Q4,General Government transactions - Revenue - Social contributions - ESA2010 Code (D61),2189.0
"General Government Transactions ESA 2010: Revenue, Expenditure, Financing and Deficit",2005Q4,General Government transactions - Revenue - Sales of goods and services - ESA2010 Code (P10),964.0
"General Government Transactions ESA 2010: Revenue, Expenditure, Financing and Deficit",2005Q4,General Government transactions - Revenue - Investment income - ESA2010 Code (D4),192.0
"General Government Transactions ESA 2010: Revenue, Expenditure, Financing and Deficit",2005Q4,General Government transactions - Revenue - Current transfer revenue (excluding taxes) - ESA2010 Code (D7),149.0
"General Government Transactions ESA 2010: Revenue, Expenditure, Financing and Deficit",2005Q4,General Government transactions - Revenue - Capital transfer revenue (excluding taxes) - ESA2010 Code (D9N),408.0
"General Government Transactions ESA 2010: Revenue, Expenditure, Financing and Deficit",2005Q4,General Government transactions - Expenditure - ESA2010 Code (TE),16421.0
"General Government Transactions ESA 2010: Revenue, Expenditure, Financing and Deficit",2005Q4,General Government transactions - Expenditure - Expense - ESA2010 Code (Expense),14415.0
"General Government Transactions ESA 2010: Revenue, Expenditure, Financing and Deficit",2005Q4,General Government transactions - Expenditure - Compensation of employees - ESA2010 Code (D1),4654.0
"General Government Transactions ESA 2010: Revenue, Expenditure, Financing and Deficit",2005Q4,General Government transactions - Expenditure - Use of goods and services plus taxes payable - ESA2010 Code (P2 + D5 + D29),2086.0
"General Government Transactions ESA 2010: Revenue, Expenditure, Financing and Deficit",2005Q4,General Government transactions - Expenditure - Depreciation (consumption of fixed capital) - ESA2010 Code (P51c),752.0
"General Government Transactions ESA 2010: Revenue, Expenditure, Financing and Deficit",2005Q4,General Government transactions - Expenditure - Interest (excluding FISIM) - ESA2010 Code (D41),436.0
"General Government Transactions ESA 2010: Revenue, Expenditure, Financing and Deficit",2005Q4,General Government transactions - Expenditure - Subsidies - ESA2010 Code (D3),561.0
"General Government Transactions ESA 2010: Revenue, Expenditure, Financing and Deficit",2005Q4,General Government transactions - Expenditure - Social benefits - ESA2010 Code (D62 + D632),4579.0
"General Government Transactions ESA 2010: Revenue, Expenditure, Financing and Deficit",2005Q4,General Government transactions - Expenditure - Other current transfers - ESA2010 Code (D7),875.0
"General Government Transactions ESA 2010: Revenue, Expenditure, Financing and Deficit",2005Q4,General Government transactions - Expenditure - Capital transfers - ESA2010 Code (D9),472.0
"General Government Transactions ESA 2010: Revenue, Expenditure, Financing and Deficit",2005Q4,Net operating balance - ESA2010 Code  (NOB),4070.0
"General Government Transactions ESA 2010: Revenue, Expenditure, Financing and Deficit",2005Q4,Net acquisition of non-financial assets - ESA2010 Code (P5 + NP - P51c),2006.0
"General Government Transactions ESA 2010: Revenue, Expenditure, Financing and Deficit",2005Q4,General Government Surplus/Deficit - ESA2010 Code (B9),2064.0
"General Government Transactions ESA 2010: Revenue, Expenditure, Financing and Deficit",2005Q4,Net acquisition of financial assets,
"General Government Transactions ESA 2010: Revenue, Expenditure, Financing and Deficit",2005Q4,Net acquisition of financial assets - Debt instruments - ESA2010 Code (F2 + F3 + F4),
"General Government Transactions ESA 2010: Revenue, Expenditure, Financing and Deficit",2005Q4,Net acquisition of financial assets - Equity and Investment Fund Shares - ESA2010 Code (F5),
"General Government Transactions ESA 2010: Revenue, Expenditure, Financing and Deficit",2005Q4,Net acquisition of financial assets - Other financial assets - ESA2010 Code (F6 + F7 + F8),
"General Government Transactions ESA 2010: Revenue, Expenditure, Financing and Deficit",2005Q4,Net incurrence of liabilities,
"General Government Transactions ESA 2010: Revenue, Expenditure, Financing and Deficit",2005Q4,Net incurrence of liabilities - Debt instruments - ESA2010 Code (F2 + F3 + F4),
"General Government Transactions ESA 2010: Revenue, Expenditure, Financing and Deficit",2005Q4,Net incurrence of liabilities - Other liabilities - ESA2010 Code (F5 + F6 + F7 + F8),
"General Government Transactions ESA 2010: Revenue, Expenditure, Financing and Deficit",2005Q4,Memo: Net derivative flows on debt interest swap contracts,0.0
"General Government Transactions ESA 2010: Revenue, Expenditure, Financing and Deficit",2005Q4,General Government transactions - Seasonally Adjusted Revenue - ESA2010 Code (TR),15277.0
"General Government Transactions ESA 2010: Revenue, Expenditure, Financing and Deficit",2005Q4,General Government transactions - Seasonally Adjusted Expenditure - ESA2010 Code (TE),14710.0
"General Government Transactions ESA 2010: Revenue, Expenditure, Financing and Deficit",2005Q4,General Government Seasonally Adjusted Surplus/Deficit - ESA2010 Code (B9),566.0
"General Government Transactions ESA 2010: Revenue, Expenditure, Financing and Deficit",2006Q1,General Government transactions - Revenue - ESA2010 Code (TR),15585.0
"General Government Transactions ESA 2010: Revenue, Expenditure, Financing and Deficit",2006Q1,General Government transactions - Revenue - Taxes and social contributions - ESA2010 Code ( D2 + D5 + D91 + D61),14027.0
"General Government Transactions ESA 2010: Revenue, Expenditure, Financing and Deficit",2006Q1,General Government transactions - Revenue - Taxes - ESA2010 Code (D2 + D5 + D91),11613.0
"General Government Transactions ESA 2010: Revenue, Expenditure, Financing and Deficit",2006Q1,General Government transactions - Revenue - Social contributions - ESA2010 Code (D61),2414.0
"General Government Transactions ESA 2010: Revenue, Expenditure, Financing and Deficit",2006Q1,General Government transactions - Revenue - Sales of goods and services - ESA2010 Code (P10),691.0
"General Government Transactions ESA 2010: Revenue, Expenditure, Financing and Deficit",2006Q1,General Government transactions - Revenue - Investment income - ESA2010 Code (D4),239.0
"General Government Transactions ESA 2010: Revenue, Expenditure, Financing and Deficit",2006Q1,General Government transactions - Revenue - Current transfer revenue (excluding taxes) - ESA2010 Code (D7),21.0
"General Government Transactions ESA 2010: Revenue, Expenditure, Financing and Deficit",2006Q1,General Government transactions - Revenue - Capital transfer revenue (excluding taxes) - ESA2010 Code (D9N),607.0
"General Government Transactions ESA 2010: Revenue, Expenditure, Financing and Deficit",2006Q1,General Government transactions - Expenditure - ESA2010 Code (TE),13658.0
"General Government Transactions ESA 2010: Revenue, Expenditure, Financing and Deficit",2006Q1,General Government transactions - Expenditure - Expense - ESA2010 Code (Expense),13579.0
"General Government Transactions ESA 2010: Revenue, Expenditure, Financing and Deficit",2006Q1,General Government transactions - Expenditure - Compensation of employees - ESA2010 Code (D1),4239.0
"General Government Transactions ESA 2010: Revenue, Expenditure, Financing and Deficit",2006Q1,General Government transactions - Expenditure - Use of goods and services plus taxes payable - ESA2010 Code (P2 + D5 + D29),2054.0
"General Government Transactions ESA 2010: Revenue, Expenditure, Financing and Deficit",2006Q1,General Government transactions - Expenditure - Depreciation (consumption of fixed capital) - ESA2010 Code (P51c),815.0
"General Government Transactions ESA 2010: Revenue, Expenditure, Financing and Deficit",2006Q1,General Government transactions - Expenditure - Interest (excluding FISIM) - ESA2010 Code (D41),462.0
"General Government Transactions ESA 2010: Revenue, Expenditure, Financing and Deficit",2006Q1,General Government transactions - Expenditure - Subsidies - ESA2010 Code (D3),324.0
"General Government Transactions ESA 2010: Revenue, Expenditure, Financing and Deficit",2006Q1,General Government transactions - Expenditure - Social benefits - ESA2010 Code (D62 + D632),4458.0
"General Government Transactions ESA 2010: Revenue, Expenditure, Financing and Deficit",2006Q1,General Government transactions - Expenditure - Other current transfers - ESA2010 Code (D7),986.0
"General Government Transactions ESA 2010: Revenue, Expenditure, Financing and Deficit",2006Q1,General Government transactions - Expenditure - Capital transfers - ESA2010 Code (D9),241.0
"General Government Transactions ESA 2010: Revenue, Expenditure, Financing and Deficit",2006Q1,Net operating balance - ESA2010 Code  (NOB),2006.0
"General Government Transactions ESA 2010: Revenue, Expenditure, Financing and Deficit",2006Q1,Net acquisition of non-financial assets - ESA2010 Code (P5 + NP - P51c),78.0
"General Government Transactions ESA 2010: Revenue, Expenditure, Financing and Deficit",2006Q1,General Government Surplus/Deficit - ESA2010 Code (B9),1928.0
"General Government Transactions ESA 2010: Revenue, Expenditure, Financing and Deficit",2006Q1,Net acquisition of financial assets,
"General Government Transactions ESA 2010: Revenue, Expenditure, Financing and Deficit",2006Q1,Net acquisition of financial assets - Debt instruments - ESA2010 Code (F2 + F3 + F4),
"General Government Transactions ESA 2010: Revenue, Expenditure, Financing and Deficit",2006Q1,Net acquisition of financial assets - Equity and Investment Fund Shares - ESA2010 Code (F5),
"General Government Transactions ESA 2010: Revenue, Expenditure, Financing and Deficit",2006Q1,Net acquisition of financial assets - Other financial assets - ESA2010 Code (F6 + F7 + F8),
"General Government Transactions ESA 2010: Revenue, Expenditure, Financing and Deficit",2006Q1,Net incurrence of liabilities,
"General Government Transactions ESA 2010: Revenue, Expenditure, Financing and Deficit",2006Q1,Net incurrence of liabilities - Debt instruments - ESA2010 Code (F2 + F3 + F4),
"General Government Transactions ESA 2010: Revenue, Expenditure, Financing and Deficit",2006Q1,Net incurrence of liabilities - Other liabilities - ESA2010 Code (F5 + F6 + F7 + F8),
"General Government Transactions ESA 2010: Revenue, Expenditure, Financing and Deficit",2006Q1,Memo: Net derivative flows on debt interest swap contracts,0.0
"General Government Transactions ESA 2010: Revenue, Expenditure, Financing and Deficit",2006Q1,General Government transactions - Seasonally Adjusted Revenue - ESA2010 Code (TR),15985.0
"General Government Transactions ESA 2010: Revenue, Expenditure, Financing and Deficit",2006Q1,General Government transactions - Seasonally Adjusted Expenditure - ESA2010 Code (TE),14626.0
"General Government Transactions ESA 2010: Revenue, Expenditure, Financing and Deficit",2006Q1,General Government Seasonally Adjusted Surplus/Deficit - ESA2010 Code (B9),1359.0
"General Government Transactions ESA 2010: Revenue, Expenditure, Financing and Deficit",2006Q2,General Government transactions - Revenue - ESA2010 Code (TR),14226.0
"General Government Transactions ESA 2010: Revenue, Expenditure, Financing and Deficit",2006Q2,General Government transactions - Revenue - Taxes and social contributions - ESA2010 Code ( D2 + D5 + D91 + D61),12462.0
"General Government Transactions ESA 2010: Revenue, Expenditure, Financing and Deficit",2006Q2,General Government transactions - Revenue - Taxes - ESA2010 Code (D2 + D5 + D91),10165.0
"General Government Transactions ESA 2010: Revenue, Expenditure, Financing and Deficit",2006Q2,General Government transactions - Revenue - Social contributions - ESA2010 Code (D61),2297.0
"General Government Transactions ESA 2010: Revenue, Expenditure, Financing and Deficit",2006Q2,General Government transactions - Revenue - Sales of goods and services - ESA2010 Code (P10),718.0
"General Government Transactions ESA 2010: Revenue, Expenditure, Financing and Deficit",2006Q2,General Government transactions - Revenue - Investment income - ESA2010 Code (D4),464.0
"General Government Transactions ESA 2010: Revenue, Expenditure, Financing and Deficit",2006Q2,General Government transactions - Revenue - Current transfer revenue (excluding taxes) - ESA2010 Code (D7),21.0
"General Government Transactions ESA 2010: Revenue, Expenditure, Financing and Deficit",2006Q2,General Government transactions - Revenue - Capital transfer revenue (excluding taxes) - ESA2010 Code (D9N),562.0
"General Government Transactions ESA 2010: Revenue, Expenditure, Financing and Deficit",2006Q2,General Government transactions - Expenditure - ESA2010 Code (TE),14650.0
"General Government Transactions ESA 2010: Revenue, Expenditure, Financing and Deficit",2006Q2,General Government transactions - Expenditure - Expense - ESA2010 Code (Expense),14157.0
"General Government Transactions ESA 2010: Revenue, Expenditure, Financing and Deficit",2006Q2,General Government transactions - Expenditure - Compensation of employees - ESA2010 Code (D1),4308.0
"General Government Transactions ESA 2010: Revenue, Expenditure, Financing and Deficit",2006Q2,General Government transactions - Expenditure - Use of goods and services plus taxes payable - ESA2010 Code (P2 + D5 + D29),2153.0
"General Government Transactions ESA 2010: Revenue, Expenditure, Financing and Deficit",2006Q2,General Government transactions - Expenditure - Depreciation (consumption of fixed capital) - ESA2010 Code (P51c),815.0
"General Government Transactions ESA 2010: Revenue, Expenditure, Financing and Deficit",2006Q2,General Government transactions - Expenditure - Interest (excluding FISIM) - ESA2010 Code (D41),462.0
"General Government Transactions ESA 2010: Revenue, Expenditure, Financing and Deficit",2006Q2,General Government transactions - Expenditure - Subsidies - ESA2010 Code (D3),371.0
"General Government Transactions ESA 2010: Revenue, Expenditure, Financing and Deficit",2006Q2,General Government transactions - Expenditure - Social benefits - ESA2010 Code (D62 + D632),5056.0
"General Government Transactions ESA 2010: Revenue, Expenditure, Financing and Deficit",2006Q2,General Government transactions - Expenditure - Other current transfers - ESA2010 Code (D7),727.0
"General Government Transactions ESA 2010: Revenue, Expenditure, Financing and Deficit",2006Q2,General Government transactions - Expenditure - Capital transfers - ESA2010 Code (D9),266.0
"General Government Transactions ESA 2010: Revenue, Expenditure, Financing and Deficit",2006Q2,Net operating balance - ESA2010 Code  (NOB),69.0
"General Government Transactions ESA 2010: Revenue, Expenditure, Financing and Deficit",2006Q2,Net acquisition of non-financial assets - ESA2010 Code (P5 + NP - P51c),493.0
"General Government Transactions ESA 2010: Revenue, Expenditure, Financing and Deficit",2006Q2,General Government Surplus/Deficit - ESA2010 Code (B9),-424.0
"General Government Transactions ESA 2010: Revenue, Expenditure, Financing and Deficit",2006Q2,Net acquisition of financial assets,
"General Government Transactions ESA 2010: Revenue, Expenditure, Financing and Deficit",2006Q2,Net acquisition of financial assets - Debt instruments - ESA2010 Code (F2 + F3 + F4),
"General Government Transactions ESA 2010: Revenue, Expenditure, Financing and Deficit",2006Q2,Net acquisition of financial assets - Equity and Investment Fund Shares - ESA2010 Code (F5),
"General Government Transactions ESA 2010: Revenue, Expenditure, Financing and Deficit",2006Q2,Net acquisition of financial assets - Other financial assets - ESA2010 Code (F6 + F7 + F8),
"General Government Transactions ESA 2010: Revenue, Expenditure, Financing and Deficit",2006Q2,Net incurrence of liabilities,
"General Government Transactions ESA 2010: Revenue, Expenditure, Financing and Deficit",2006Q2,Net incurrence of liabilities - Debt instruments - ESA2010 Code (F2 + F3 + F4),
"General Government Transactions ESA 2010: Revenue, Expenditure, Financing and Deficit",2006Q2,Net incurrence of liabilities - Other liabilities - ESA2010 Code (F5 + F6 + F7 + F8),
"General Government Transactions ESA 2010: Revenue, Expenditure, Financing and Deficit",2006Q2,Memo: Net derivative flows on debt interest swap contracts,0.0
"General Government Transactions ESA 2010: Revenue, Expenditure, Financing and Deficit",2006Q2,General Government transactions - Seasonally Adjusted Revenue - ESA2010 Code (TR),15991.0
"General Government Transactions ESA 2010: Revenue, Expenditure, Financing and Deficit",2006Q2,General Government transactions - Seasonally Adjusted Expenditure - ESA2010 Code (TE),15213.0
"General Government Transactions ESA 2010: Revenue, Expenditure, Financing and Deficit",2006Q2,General Government Seasonally Adjusted Surplus/Deficit - ESA2010 Code (B9),778.0
"General Government Transactions ESA 2010: Revenue, Expenditure, Financing and Deficit",2006Q3,General Government transactions - Revenue - ESA2010 Code (TR),15107.0
"General Government Transactions ESA 2010: Revenue, Expenditure, Financing and Deficit",2006Q3,General Government transactions - Revenue - Taxes and social contributions - ESA2010 Code ( D2 + D5 + D91 + D61),13506.0
"General Government Transactions ESA 2010: Revenue, Expenditure, Financing and Deficit",2006Q3,General Government transactions - Revenue - Taxes - ESA2010 Code (D2 + D5 + D91),11172.0
"General Government Transactions ESA 2010: Revenue, Expenditure, Financing and Deficit",2006Q3,General Government transactions - Revenue - Social contributions - ESA2010 Code (D61),2334.0
"General Government Transactions ESA 2010: Revenue, Expenditure, Financing and Deficit",2006Q3,General Government transactions - Revenue - Sales of goods and services - ESA2010 Code (P10),755.0
"General Government Transactions ESA 2010: Revenue, Expenditure, Financing and Deficit",2006Q3,General Government transactions - Revenue - Investment income - ESA2010 Code (D4),295.0
"General Government Transactions ESA 2010: Revenue, Expenditure, Financing and Deficit",2006Q3,General Government transactions - Revenue - Current transfer revenue (excluding taxes) - ESA2010 Code (D7),14.0
"General Government Transactions ESA 2010: Revenue, Expenditure, Financing and Deficit",2006Q3,General Government transactions - Revenue - Capital transfer revenue (excluding taxes) - ESA2010 Code (D9N),538.0
"General Government Transactions ESA 2010: Revenue, Expenditure, Financing and Deficit",2006Q3,General Government transactions - Expenditure - ESA2010 Code (TE),15650.0
"General Government Transactions ESA 2010: Revenue, Expenditure, Financing and Deficit",2006Q3,General Government transactions - Expenditure - Expense - ESA2010 Code (Expense),14809.0
"General Government Transactions ESA 2010: Revenue, Expenditure, Financing and Deficit",2006Q3,General Government transactions - Expenditure - Compensation of employees - ESA2010 Code (D1),4528.0
"General Government Transactions ESA 2010: Revenue, Expenditure, Financing and Deficit",2006Q3,General Government transactions - Expenditure - Use of goods and services plus taxes payable - ESA2010 Code (P2 + D5 + D29),2227.0
"General Government Transactions ESA 2010: Revenue, Expenditure, Financing and Deficit",2006Q3,General Government transactions - Expenditure - Depreciation (consumption of fixed capital) - ESA2010 Code (P51c),815.0
"General Government Transactions ESA 2010: Revenue, Expenditure, Financing and Deficit",2006Q3,General Government transactions - Expenditure - Interest (excluding FISIM) - ESA2010 Code (D41),462.0
"General Government Transactions ESA 2010: Revenue, Expenditure, Financing and Deficit",2006Q3,General Government transactions - Expenditure - Subsidies - ESA2010 Code (D3),438.0
"General Government Transactions ESA 2010: Revenue, Expenditure, Financing and Deficit",2006Q3,General Government transactions - Expenditure - Social benefits - ESA2010 Code (D62 + D632),5220.0
"General Government Transactions ESA 2010: Revenue, Expenditure, Financing and Deficit",2006Q3,General Government transactions - Expenditure - Other current transfers - ESA2010 Code (D7),805.0
"General Government Transactions ESA 2010: Revenue, Expenditure, Financing and Deficit",2006Q3,General Government transactions - Expenditure - Capital transfers - ESA2010 Code (D9),313.0
"General Government Transactions ESA 2010: Revenue, Expenditure, Financing and Deficit",2006Q3,Net operating balance - ESA2010 Code  (NOB),298.0
"General Government Transactions ESA 2010: Revenue, Expenditure, Financing and Deficit",2006Q3,Net acquisition of non-financial assets - ESA2010 Code (P5 + NP - P51c),842.0
"General Government Transactions ESA 2010: Revenue, Expenditure, Financing and Deficit",2006Q3,General Government Surplus/Deficit - ESA2010 Code (B9),-543.0
"General Government Transactions ESA 2010: Revenue, Expenditure, Financing and Deficit",2006Q3,Net acquisition of financial assets,
"General Government Transactions ESA 2010: Revenue, Expenditure, Financing and Deficit",2006Q3,Net acquisition of financial assets - Debt instruments - ESA2010 Code (F2 + F3 + F4),
"General Government Transactions ESA 2010: Revenue, Expenditure, Financing and Deficit",2006Q3,Net acquisition of financial assets - Equity and Investment Fund Shares - ESA2010 Code (F5),
"General Government Transactions ESA 2010: Revenue, Expenditure, Financing and Deficit",2006Q3,Net acquisition of financial assets - Other financial assets - ESA2010 Code (F6 + F7 + F8),
"General Government Transactions ESA 2010: Revenue, Expenditure, Financing and Deficit",2006Q3,Net incurrence of liabilities,
"General Government Transactions ESA 2010: Revenue, Expenditure, Financing and Deficit",2006Q3,Net incurrence of liabilities - Debt instruments - ESA2010 Code (F2 + F3 + F4),
"General Government Transactions ESA 2010: Revenue, Expenditure, Financing and Deficit",2006Q3,Net incurrence of liabilities - Other liabilities - ESA2010 Code (F5 + F6 + F7 + F8),
"General Government Transactions ESA 2010: Revenue, Expenditure, Financing and Deficit",2006Q3,Memo: Net derivative flows on debt interest swap contracts,0.0
"General Government Transactions ESA 2010: Revenue, Expenditure, Financing and Deficit",2006Q3,General Government transactions - Seasonally Adjusted Revenue - ESA2010 Code (TR),16565.0
"General Government Transactions ESA 2010: Revenue, Expenditure, Financing and Deficit",2006Q3,General Government transactions - Seasonally Adjusted Expenditure - ESA2010 Code (TE),15787.0
"General Government Transactions ESA 2010: Revenue, Expenditure, Financing and Deficit",2006Q3,General Government Seasonally Adjusted Surplus/Deficit - ESA2010 Code (B9),778.0
"General Government Transactions ESA 2010: Revenue, Expenditure, Financing and Deficit",2006Q4,General Government transactions - Revenue - ESA2010 Code (TR),22276.0
"General Government Transactions ESA 2010: Revenue, Expenditure, Financing and Deficit",2006Q4,General Government transactions - Revenue - Taxes and social contributions - ESA2010 Code ( D2 + D5 + D91 + D61),20273.0
"General Government Transactions ESA 2010: Revenue, Expenditure, Financing and Deficit",2006Q4,General Government transactions - Revenue - Taxes - ESA2010 Code (D2 + D5 + D91),17736.0
"General Government Transactions ESA 2010: Revenue, Expenditure, Financing and Deficit",2006Q4,General Government transactions - Revenue - Social contributions - ESA2010 Code (D61),2537.0
"General Government Transactions ESA 2010: Revenue, Expenditure, Financing and Deficit",2006Q4,General Government transactions - Revenue - Sales of goods and services - ESA2010 Code (P10),1095.0
"General Government Transactions ESA 2010: Revenue, Expenditure, Financing and Deficit",2006Q4,General Government transactions - Revenue - Investment income - ESA2010 Code (D4),256.0
"General Government Transactions ESA 2010: Revenue, Expenditure, Financing and Deficit",2006Q4,General Government transactions - Revenue - Current transfer revenue (excluding taxes) - ESA2010 Code (D7),174.0
"General Government Transactions ESA 2010: Revenue, Expenditure, Financing and Deficit",2006Q4,General Government transactions - Revenue - Capital transfer revenue (excluding taxes) - ESA2010 Code (D9N),478.0
"General Government Transactions ESA 2010: Revenue, Expenditure, Financing and Deficit",2006Q4,General Government transactions - Expenditure - ESA2010 Code (TE),18105.0
"General Government Transactions ESA 2010: Revenue, Expenditure, Financing and Deficit",2006Q4,General Government transactions - Expenditure - Expense - ESA2010 Code (Expense),15706.0
"General Government Transactions ESA 2010: Revenue, Expenditure, Financing and Deficit",2006Q4,General Government transactions - Expenditure - Compensation of employees - ESA2010 Code (D1),5090.0
"General Government Transactions ESA 2010: Revenue, Expenditure, Financing and Deficit",2006Q4,General Government transactions - Expenditure - Use of goods and services plus taxes payable - ESA2010 Code (P2 + D5 + D29),2346.0
"General Government Transactions ESA 2010: Revenue, Expenditure, Financing and Deficit",2006Q4,General Government transactions - Expenditure - Depreciation (consumption of fixed capital) - ESA2010 Code (P51c),815.0
"General Government Transactions ESA 2010: Revenue, Expenditure, Financing and Deficit",2006Q4,General Government transactions - Expenditure - Interest (excluding FISIM) - ESA2010 Code (D41),464.0
"General Government Transactions ESA 2010: Revenue, Expenditure, Financing and Deficit",2006Q4,General Government transactions - Expenditure - Subsidies - ESA2010 Code (D3),545.0
"General Government Transactions ESA 2010: Revenue, Expenditure, Financing and Deficit",2006Q4,General Government transactions - Expenditure - Social benefits - ESA2010 Code (D62 + D632),5187.0
"General Government Transactions ESA 2010: Revenue, Expenditure, Financing and Deficit",2006Q4,General Government transactions - Expenditure - Other current transfers - ESA2010 Code (D7),841.0
"General Government Transactions ESA 2010: Revenue, Expenditure, Financing and Deficit",2006Q4,General Government transactions - Expenditure - Capital transfers - ESA2010 Code (D9),419.0
"General Government Transactions ESA 2010: Revenue, Expenditure, Financing and Deficit",2006Q4,Net operating balance - ESA2010 Code  (NOB),6570.0
"General Government Transactions ESA 2010: Revenue, Expenditure, Financing and Deficit",2006Q4,Net acquisition of non-financial assets - ESA2010 Code (P5 + NP - P51c),2398.0
"General Government Transactions ESA 2010: Revenue, Expenditure, Financing and Deficit",2006Q4,General Government Surplus/Deficit - ESA2010 Code (B9),4171.0
"General Government Transactions ESA 2010: Revenue, Expenditure, Financing and Deficit",2006Q4,Net acquisition of financial assets,
"General Government Transactions ESA 2010: Revenue, Expenditure, Financing and Deficit",2006Q4,Net acquisition of financial assets - Debt instruments - ESA2010 Code (F2 + F3 + F4),
"General Government Transactions ESA 2010: Revenue, Expenditure, Financing and Deficit",2006Q4,Net acquisition of financial assets - Equity and Investment Fund Shares - ESA2010 Code (F5),
"General Government Transactions ESA 2010: Revenue, Expenditure, Financing and Deficit",2006Q4,Net acquisition of financial assets - Other financial assets - ESA2010 Code (F6 + F7 + F8),
"General Government Transactions ESA 2010: Revenue, Expenditure, Financing and Deficit",2006Q4,Net incurrence of liabilities,
"General Government Transactions ESA 2010: Revenue, Expenditure, Financing and Deficit",2006Q4,Net incurrence of liabilities - Debt instruments - ESA2010 Code (F2 + F3 + F4),
"General Government Transactions ESA 2010: Revenue, Expenditure, Financing and Deficit",2006Q4,Net incurrence of liabilities - Other liabilities - ESA2010 Code (F5 + F6 + F7 + F8),
"General Government Transactions ESA 2010: Revenue, Expenditure, Financing and Deficit",2006Q4,Memo: Net derivative flows on debt interest swap contracts,0.0
"General Government Transactions ESA 2010: Revenue, Expenditure, Financing and Deficit",2006Q4,General Government transactions - Seasonally Adjusted Revenue - ESA2010 Code (TR),18009.0
"General Government Transactions ESA 2010: Revenue, Expenditure, Financing and Deficit",2006Q4,General Government transactions - Seasonally Adjusted Expenditure - ESA2010 Code (TE),16388.0
"General Government Transactions ESA 2010: Revenue, Expenditure, Financing and Deficit",2006Q4,General Government Seasonally Adjusted Surplus/Deficit - ESA2010 Code (B9),1621.0
"General Government Transactions ESA 2010: Revenue, Expenditure, Financing and Deficit",2007Q1,General Government transactions - Revenue - ESA2010 Code (TR),17331.0
"General Government Transactions ESA 2010: Revenue, Expenditure, Financing and Deficit",2007Q1,General Government transactions - Revenue - Taxes and social contributions - ESA2010 Code ( D2 + D5 + D91 + D61),15679.0
"General Government Transactions ESA 2010: Revenue, Expenditure, Financing and Deficit",2007Q1,General Government transactions - Revenue - Taxes - ESA2010 Code (D2 + D5 + D91),12921.0
"General Government Transactions ESA 2010: Revenue, Expenditure, Financing and Deficit",2007Q1,General Government transactions - Revenue - Social contributions - ESA2010 Code (D61),2758.0
"General Government Transactions ESA 2010: Revenue, Expenditure, Financing and Deficit",2007Q1,General Government transactions - Revenue - Sales of goods and services - ESA2010 Code (P10),658.0
"General Government Transactions ESA 2010: Revenue, Expenditure, Financing and Deficit",2007Q1,General Government transactions - Revenue - Investment income - ESA2010 Code (D4),267.0
"General Government Transactions ESA 2010: Revenue, Expenditure, Financing and Deficit",2007Q1,General Government transactions - Revenue - Current transfer revenue (excluding taxes) - ESA2010 Code (D7),49.0
"General Government Transactions ESA 2010: Revenue, Expenditure, Financing and Deficit",2007Q1,General Government transactions - Revenue - Capital transfer revenue (excluding taxes) - ESA2010 Code (D9N),677.0
"General Government Transactions ESA 2010: Revenue, Expenditure, Financing and Deficit",2007Q1,General Government transactions - Expenditure - ESA2010 Code (TE),15898.0
"General Government Transactions ESA 2010: Revenue, Expenditure, Financing and Deficit",2007Q1,General Government transactions - Expenditure - Expense - ESA2010 Code (Expense),15323.0
"General Government Transactions ESA 2010: Revenue, Expenditure, Financing and Deficit",2007Q1,General Government transactions - Expenditure - Compensation of employees - ESA2010 Code (D1),4863.0
"General Government Transactions ESA 2010: Revenue, Expenditure, Financing and Deficit",2007Q1,General Government transactions - Expenditure - Use of goods and services plus taxes payable - ESA2010 Code (P2 + D5 + D29),2162.0
"General Government Transactions ESA 2010: Revenue, Expenditure, Financing and Deficit",2007Q1,General Government transactions - Expenditure - Depreciation (consumption of fixed capital) - ESA2010 Code (P51c),858.0
"General Government Transactions ESA 2010: Revenue, Expenditure, Financing and Deficit",2007Q1,General Government transactions - Expenditure - Interest (excluding FISIM) - ESA2010 Code (D41),515.0
"General Government Transactions ESA 2010: Revenue, Expenditure, Financing and Deficit",2007Q1,General Government transactions - Expenditure - Subsidies - ESA2010 Code (D3),371.0
"General Government Transactions ESA 2010: Revenue, Expenditure, Financing and Deficit",2007Q1,General Government transactions - Expenditure - Social benefits - ESA2010 Code (D62 + D632),5218.0
"General Government Transactions ESA 2010: Revenue, Expenditure, Financing and Deficit",2007Q1,General Government transactions - Expenditure - Other current transfers - ESA2010 Code (D7),943.0
"General Government Transactions ESA 2010: Revenue, Expenditure, Financing and Deficit",2007Q1,General Government transactions - Expenditure - Capital transfers - ESA2010 Code (D9),392.0
"General Government Transactions ESA 2010: Revenue, Expenditure, Financing and Deficit",2007Q1,Net operating balance - ESA2010 Code  (NOB),2008.0
"General Government Transactions ESA 2010: Revenue, Expenditure, Financing and Deficit",2007Q1,Net acquisition of non-financial assets - ESA2010 Code (P5 + NP - P51c),575.0
"General Government Transactions ESA 2010: Revenue, Expenditure, Financing and Deficit",2007Q1,General Government Surplus/Deficit - ESA2010 Code (B9),1433.0
"General Government Transactions ESA 2010: Revenue, Expenditure, Financing and Deficit",2007Q1,Net acquisition of financial assets,
"General Government Transactions ESA 2010: Revenue, Expenditure, Financing and Deficit",2007Q1,Net acquisition of financial assets - Debt instruments - ESA2010 Code (F2 + F3 + F4),
"General Government Transactions ESA 2010: Revenue, Expenditure, Financing and Deficit",2007Q1,Net acquisition of financial assets - Equity and Investment Fund Shares - ESA2010 Code (F5),
"General Government Transactions ESA 2010: Revenue, Expenditure, Financing and Deficit",2007Q1,Net acquisition of financial assets - Other financial assets - ESA2010 Code (F6 + F7 + F8),
"General Government Transactions ESA 2010: Revenue, Expenditure, Financing and Deficit",2007Q1,Net incurrence of liabilities,
"General Government Transactions ESA 2010: Revenue, Expenditure, Financing and Deficit",2007Q1,Net incurrence of liabilities - Debt instruments - ESA2010 Code (F2 + F3 + F4),
"General Government Transactions ESA 2010: Revenue, Expenditure, Financing and Deficit",2007Q1,Net incurrence of liabilities - Other liabilities - ESA2010 Code (F5 + F6 + F7 + F8),
"General Government Transactions ESA 2010: Revenue, Expenditure, Financing and Deficit",2007Q1,Memo: Net derivative flows on debt interest swap contracts,0.0
"General Government Transactions ESA 2010: Revenue, Expenditure, Financing and Deficit",2007Q1,General Government transactions - Seasonally Adjusted Revenue - ESA2010 Code (TR),17936.0
"General Government Transactions ESA 2010: Revenue, Expenditure, Financing and Deficit",2007Q1,General Government transactions - Seasonally Adjusted Expenditure - ESA2010 Code (TE),16930.0
"General Government Transactions ESA 2010: Revenue, Expenditure, Financing and Deficit",2007Q1,General Government Seasonally Adjusted Surplus/Deficit - ESA2010 Code (B9),1006.0
"General Government Transactions ESA 2010: Revenue, Expenditure, Financing and Deficit",2007Q2,General Government transactions - Revenue - ESA2010 Code (TR),14855.0
"General Government Transactions ESA 2010: Revenue, Expenditure, Financing and Deficit",2007Q2,General Government transactions - Revenue - Taxes and social contributions - ESA2010 Code ( D2 + D5 + D91 + D61),12901.0
"General Government Transactions ESA 2010: Revenue, Expenditure, Financing and Deficit",2007Q2,General Government transactions - Revenue - Taxes - ESA2010 Code (D2 + D5 + D91),10300.0
"General Government Transactions ESA 2010: Revenue, Expenditure, Financing and Deficit",2007Q2,General Government transactions - Revenue - Social contributions - ESA2010 Code (D61),2601.0
"General Government Transactions ESA 2010: Revenue, Expenditure, Financing and Deficit",2007Q2,General Government transactions - Revenue - Sales of goods and services - ESA2010 Code (P10),736.0
"General Government Transactions ESA 2010: Revenue, Expenditure, Financing and Deficit",2007Q2,General Government transactions - Revenue - Investment income - ESA2010 Code (D4),586.0
"General Government Transactions ESA 2010: Revenue, Expenditure, Financing and Deficit",2007Q2,General Government transactions - Revenue - Current transfer revenue (excluding taxes) - ESA2010 Code (D7),21.0
"General Government Transactions ESA 2010: Revenue, Expenditure, Financing and Deficit",2007Q2,General Government transactions - Revenue - Capital transfer revenue (excluding taxes) - ESA2010 Code (D9N),611.0
"General Government Transactions ESA 2010: Revenue, Expenditure, Financing and Deficit",2007Q2,General Government transactions - Expenditure - ESA2010 Code (TE),16448.0
"General Government Transactions ESA 2010: Revenue, Expenditure, Financing and Deficit",2007Q2,General Government transactions - Expenditure - Expense - ESA2010 Code (Expense),15429.0
"General Government Transactions ESA 2010: Revenue, Expenditure, Financing and Deficit",2007Q2,General Government transactions - Expenditure - Compensation of employees - ESA2010 Code (D1),4828.0
"General Government Transactions ESA 2010: Revenue, Expenditure, Financing and Deficit",2007Q2,General Government transactions - Expenditure - Use of goods and services plus taxes payable - ESA2010 Code (P2 + D5 + D29),2341.0
"General Government Transactions ESA 2010: Revenue, Expenditure, Financing and Deficit",2007Q2,General Government transactions - Expenditure - Depreciation (consumption of fixed capital) - ESA2010 Code (P51c),858.0
"General Government Transactions ESA 2010: Revenue, Expenditure, Financing and Deficit",2007Q2,General Government transactions - Expenditure - Interest (excluding FISIM) - ESA2010 Code (D41),488.0
"General Government Transactions ESA 2010: Revenue, Expenditure, Financing and Deficit",2007Q2,General Government transactions - Expenditure - Subsidies - ESA2010 Code (D3),417.0
"General Government Transactions ESA 2010: Revenue, Expenditure, Financing and Deficit",2007Q2,General Government transactions - Expenditure - Social benefits - ESA2010 Code (D62 + D632),5466.0
"General Government Transactions ESA 2010: Revenue, Expenditure, Financing and Deficit",2007Q2,General Government transactions - Expenditure - Other current transfers - ESA2010 Code (D7),602.0
"General Government Transactions ESA 2010: Revenue, Expenditure, Financing and Deficit",2007Q2,General Government transactions - Expenditure - Capital transfers - ESA2010 Code (D9),427.0
"General Government Transactions ESA 2010: Revenue, Expenditure, Financing and Deficit",2007Q2,Net operating balance - ESA2010 Code  (NOB),-573.0
"General Government Transactions ESA 2010: Revenue, Expenditure, Financing and Deficit",2007Q2,Net acquisition of non-financial assets - ESA2010 Code (P5 + NP - P51c),1019.0
"General Government Transactions ESA 2010: Revenue, Expenditure, Financing and Deficit",2007Q2,General Government Surplus/Deficit - ESA2010 Code (B9),-1593.0
"General Government Transactions ESA 2010: Revenue, Expenditure, Financing and Deficit",2007Q2,Net acquisition of financial assets,
"General Government Transactions ESA 2010: Revenue, Expenditure, Financing and Deficit",2007Q2,Net acquisition of financial assets - Debt instruments - ESA2010 Code (F2 + F3 + F4),
"General Government Transactions ESA 2010: Revenue, Expenditure, Financing and Deficit",2007Q2,Net acquisition of financial assets - Equity and Investment Fund Shares - ESA2010 Code (F5),
"General Government Transactions ESA 2010: Revenue, Expenditure, Financing and Deficit",2007Q2,Net acquisition of financial assets - Other financial assets - ESA2010 Code (F6 + F7 + F8),
"General Government Transactions ESA 2010: Revenue, Expenditure, Financing and Deficit",2007Q2,Net incurrence of liabilities,
"General Government Transactions ESA 2010: Revenue, Expenditure, Financing and Deficit",2007Q2,Net incurrence of liabilities - Debt instruments - ESA2010 Code (F2 + F3 + F4),
"General Government Transactions ESA 2010: Revenue, Expenditure, Financing and Deficit",2007Q2,Net incurrence of liabilities - Other liabilities - ESA2010 Code (F5 + F6 + F7 + F8),
"General Government Transactions ESA 2010: Revenue, Expenditure, Financing and Deficit",2007Q2,Memo: Net derivative flows on debt interest swap contracts,0.0
"General Government Transactions ESA 2010: Revenue, Expenditure, Financing and Deficit",2007Q2,General Government transactions - Seasonally Adjusted Revenue - ESA2010 Code (TR),16965.0
"General Government Transactions ESA 2010: Revenue, Expenditure, Financing and Deficit",2007Q2,General Government transactions - Seasonally Adjusted Expenditure - ESA2010 Code (TE),16948.0
"General Government Transactions ESA 2010: Revenue, Expenditure, Financing and Deficit",2007Q2,General Government Seasonally Adjusted Surplus/Deficit - ESA2010 Code (B9),17.0
"General Government Transactions ESA 2010: Revenue, Expenditure, Financing and Deficit",2007Q3,General Government transactions - Revenue - ESA2010 Code (TR),15741.0
"General Government Transactions ESA 2010: Revenue, Expenditure, Financing and Deficit",2007Q3,General Government transactions - Revenue - Taxes and social contributions - ESA2010 Code ( D2 + D5 + D91 + D61),14001.0
"General Government Transactions ESA 2010: Revenue, Expenditure, Financing and Deficit",2007Q3,General Government transactions - Revenue - Taxes - ESA2010 Code (D2 + D5 + D91),11481.0
"General Government Transactions ESA 2010: Revenue, Expenditure, Financing and Deficit",2007Q3,General Government transactions - Revenue - Social contributions - ESA2010 Code (D61),2520.0
"General Government Transactions ESA 2010: Revenue, Expenditure, Financing and Deficit",2007Q3,General Government transactions - Revenue - Sales of goods and services - ESA2010 Code (P10),706.0
"General Government Transactions ESA 2010: Revenue, Expenditure, Financing and Deficit",2007Q3,General Government transactions - Revenue - Investment income - ESA2010 Code (D4),402.0
"General Government Transactions ESA 2010: Revenue, Expenditure, Financing and Deficit",2007Q3,General Government transactions - Revenue - Current transfer revenue (excluding taxes) - ESA2010 Code (D7),22.0
"General Government Transactions ESA 2010: Revenue, Expenditure, Financing and Deficit",2007Q3,General Government transactions - Revenue - Capital transfer revenue (excluding taxes) - ESA2010 Code (D9N),609.0
"General Government Transactions ESA 2010: Revenue, Expenditure, Financing and Deficit",2007Q3,General Government transactions - Expenditure - ESA2010 Code (TE),17891.0
"General Government Transactions ESA 2010: Revenue, Expenditure, Financing and Deficit",2007Q3,General Government transactions - Expenditure - Expense - ESA2010 Code (Expense),16254.0
"General Government Transactions ESA 2010: Revenue, Expenditure, Financing and Deficit",2007Q3,General Government transactions - Expenditure - Compensation of employees - ESA2010 Code (D1),4913.0
"General Government Transactions ESA 2010: Revenue, Expenditure, Financing and Deficit",2007Q3,General Government transactions - Expenditure - Use of goods and services plus taxes payable - ESA2010 Code (P2 + D5 + D29),2426.0
"General Government Transactions ESA 2010: Revenue, Expenditure, Financing and Deficit",2007Q3,General Government transactions - Expenditure - Depreciation (consumption of fixed capital) - ESA2010 Code (P51c),858.0
"General Government Transactions ESA 2010: Revenue, Expenditure, Financing and Deficit",2007Q3,General Government transactions - Expenditure - Interest (excluding FISIM) - ESA2010 Code (D41),494.0
"General Government Transactions ESA 2010: Revenue, Expenditure, Financing and Deficit",2007Q3,General Government transactions - Expenditure - Subsidies - ESA2010 Code (D3),487.0
"General Government Transactions ESA 2010: Revenue, Expenditure, Financing and Deficit",2007Q3,General Government transactions - Expenditure - Social benefits - ESA2010 Code (D62 + D632),5868.0
"General Government Transactions ESA 2010: Revenue, Expenditure, Financing and Deficit",2007Q3,General Government transactions - Expenditure - Other current transfers - ESA2010 Code (D7),733.0
"General Government Transactions ESA 2010: Revenue, Expenditure, Financing and Deficit",2007Q3,General Government transactions - Expenditure - Capital transfers - ESA2010 Code (D9),475.0
"General Government Transactions ESA 2010: Revenue, Expenditure, Financing and Deficit",2007Q3,Net operating balance - ESA2010 Code  (NOB),-513.0
"General Government Transactions ESA 2010: Revenue, Expenditure, Financing and Deficit",2007Q3,Net acquisition of non-financial assets - ESA2010 Code (P5 + NP - P51c),1637.0
"General Government Transactions ESA 2010: Revenue, Expenditure, Financing and Deficit",2007Q3,General Government Surplus/Deficit - ESA2010 Code (B9),-2150.0
"General Government Transactions ESA 2010: Revenue, Expenditure, Financing and Deficit",2007Q3,Net acquisition of financial assets,
"General Government Transactions ESA 2010: Revenue, Expenditure, Financing and Deficit",2007Q3,Net acquisition of financial assets - Debt instruments - ESA2010 Code (F2 + F3 + F4),
"General Government Transactions ESA 2010: Revenue, Expenditure, Financing and Deficit",2007Q3,Net acquisition of financial assets - Equity and Investment Fund Shares - ESA2010 Code (F5),
"General Government Transactions ESA 2010: Revenue, Expenditure, Financing and Deficit",2007Q3,Net acquisition of financial assets - Other financial assets - ESA2010 Code (F6 + F7 + F8),
"General Government Transactions ESA 2010: Revenue, Expenditure, Financing and Deficit",2007Q3,Net incurrence of liabilities,
"General Government Transactions ESA 2010: Revenue, Expenditure, Financing and Deficit",2007Q3,Net incurrence of liabilities - Debt instruments - ESA2010 Code (F2 + F3 + F4),
"General Government Transactions ESA 2010: Revenue, Expenditure, Financing and Deficit",2007Q3,Net incurrence of liabilities - Other liabilities - ESA2010 Code (F5 + F6 + F7 + F8),
"General Government Transactions ESA 2010: Revenue, Expenditure, Financing and Deficit",2007Q3,Memo: Net derivative flows on debt interest swap contracts,0.0
"General Government Transactions ESA 2010: Revenue, Expenditure, Financing and Deficit",2007Q3,General Government transactions - Seasonally Adjusted Revenue - ESA2010 Code (TR),17051.0
"General Government Transactions ESA 2010: Revenue, Expenditure, Financing and Deficit",2007Q3,General Government transactions - Seasonally Adjusted Expenditure - ESA2010 Code (TE),18016.0
"General Government Transactions ESA 2010: Revenue, Expenditure, Financing and Deficit",2007Q3,General Government Seasonally Adjusted Surplus/Deficit - ESA2010 Code (B9),-965.0
"General Government Transactions ESA 2010: Revenue, Expenditure, Financing and Deficit",2007Q4,General Government transactions - Revenue - ESA2010 Code (TR),22837.0
"General Government Transactions ESA 2010: Revenue, Expenditure, Financing and Deficit",2007Q4,General Government transactions - Revenue - Taxes and social contributions - ESA2010 Code ( D2 + D5 + D91 + D61),20515.0
"General Government Transactions ESA 2010: Revenue, Expenditure, Financing and Deficit",2007Q4,General Government transactions - Revenue - Taxes - ESA2010 Code (D2 + D5 + D91),17672.0
"General Government Transactions ESA 2010: Revenue, Expenditure, Financing and Deficit",2007Q4,General Government transactions - Revenue - Social contributions - ESA2010 Code (D61),2843.0
"General Government Transactions ESA 2010: Revenue, Expenditure, Financing and Deficit",2007Q4,General Government transactions - Revenue - Sales of goods and services - ESA2010 Code (P10),1223.0
"General Government Transactions ESA 2010: Revenue, Expenditure, Financing and Deficit",2007Q4,General Government transactions - Revenue - Investment income - ESA2010 Code (D4),355.0
"General Government Transactions ESA 2010: Revenue, Expenditure, Financing and Deficit",2007Q4,General Government transactions - Revenue - Current transfer revenue (excluding taxes) - ESA2010 Code (D7),136.0
"General Government Transactions ESA 2010: Revenue, Expenditure, Financing and Deficit",2007Q4,General Government transactions - Revenue - Capital transfer revenue (excluding taxes) - ESA2010 Code (D9N),607.0
"General Government Transactions ESA 2010: Revenue, Expenditure, Financing and Deficit",2007Q4,General Government transactions - Expenditure - ESA2010 Code (TE),19999.0
"General Government Transactions ESA 2010: Revenue, Expenditure, Financing and Deficit",2007Q4,General Government transactions - Expenditure - Expense - ESA2010 Code (Expense),17457.0
"General Government Transactions ESA 2010: Revenue, Expenditure, Financing and Deficit",2007Q4,General Government transactions - Expenditure - Compensation of employees - ESA2010 Code (D1),5300.0
"General Government Transactions ESA 2010: Revenue, Expenditure, Financing and Deficit",2007Q4,General Government transactions - Expenditure - Use of goods and services plus taxes payable - ESA2010 Code (P2 + D5 + D29),2804.0
"General Government Transactions ESA 2010: Revenue, Expenditure, Financing and Deficit",2007Q4,General Government transactions - Expenditure - Depreciation (consumption of fixed capital) - ESA2010 Code (P51c),858.0
"General Government Transactions ESA 2010: Revenue, Expenditure, Financing and Deficit",2007Q4,General Government transactions - Expenditure - Interest (excluding FISIM) - ESA2010 Code (D41),488.0
"General Government Transactions ESA 2010: Revenue, Expenditure, Financing and Deficit",2007Q4,General Government transactions - Expenditure - Subsidies - ESA2010 Code (D3),522.0
"General Government Transactions ESA 2010: Revenue, Expenditure, Financing and Deficit",2007Q4,General Government transactions - Expenditure - Social benefits - ESA2010 Code (D62 + D632),6056.0
"General Government Transactions ESA 2010: Revenue, Expenditure, Financing and Deficit",2007Q4,General Government transactions - Expenditure - Other current transfers - ESA2010 Code (D7),869.0
"General Government Transactions ESA 2010: Revenue, Expenditure, Financing and Deficit",2007Q4,General Government transactions - Expenditure - Capital transfers - ESA2010 Code (D9),560.0
"General Government Transactions ESA 2010: Revenue, Expenditure, Financing and Deficit",2007Q4,Net operating balance - ESA2010 Code  (NOB),5381.0
"General Government Transactions ESA 2010: Revenue, Expenditure, Financing and Deficit",2007Q4,Net acquisition of non-financial assets - ESA2010 Code (P5 + NP - P51c),2542.0
"General Government Transactions ESA 2010: Revenue, Expenditure, Financing and Deficit",2007Q4,General Government Surplus/Deficit - ESA2010 Code (B9),2838.0
"General Government Transactions ESA 2010: Revenue, Expenditure, Financing and Deficit",2007Q4,Net acquisition of financial assets,
"General Government Transactions ESA 2010: Revenue, Expenditure, Financing and Deficit",2007Q4,Net acquisition of financial assets - Debt instruments - ESA2010 Code (F2 + F3 + F4),
"General Government Transactions ESA 2010: Revenue, Expenditure, Financing and Deficit",2007Q4,Net acquisition of financial assets - Equity and Investment Fund Shares - ESA2010 Code (F5),
"General Government Transactions ESA 2010: Revenue, Expenditure, Financing and Deficit",2007Q4,Net acquisition of financial assets - Other financial assets - ESA2010 Code (F6 + F7 + F8),
"General Government Transactions ESA 2010: Revenue, Expenditure, Financing and Deficit",2007Q4,Net incurrence of liabilities,
"General Government Transactions ESA 2010: Revenue, Expenditure, Financing and Deficit",2007Q4,Net incurrence of liabilities - Debt instruments - ESA2010 Code (F2 + F3 + F4),
"General Government Transactions ESA 2010: Revenue, Expenditure, Financing and Deficit",2007Q4,Net incurrence of liabilities - Other liabilities - ESA2010 Code (F5 + F6 + F7 + F8),
"General Government Transactions ESA 2010: Revenue, Expenditure, Financing and Deficit",2007Q4,Memo: Net derivative flows on debt interest swap contracts,0.0
"General Government Transactions ESA 2010: Revenue, Expenditure, Financing and Deficit",2007Q4,General Government transactions - Seasonally Adjusted Revenue - ESA2010 Code (TR),18374.0
"General Government Transactions ESA 2010: Revenue, Expenditure, Financing and Deficit",2007Q4,General Government transactions - Seasonally Adjusted Expenditure - ESA2010 Code (TE),18478.0
"General Government Transactions ESA 2010: Revenue, Expenditure, Financing and Deficit",2007Q4,General Government Seasonally Adjusted Surplus/Deficit - ESA2010 Code (B9),-104.0
"General Government Transactions ESA 2010: Revenue, Expenditure, Financing and Deficit",2008Q1,General Government transactions - Revenue - ESA2010 Code (TR),16423.0
"General Government Transactions ESA 2010: Revenue, Expenditure, Financing and Deficit",2008Q1,General Government transactions - Revenue - Taxes and social contributions - ESA2010 Code ( D2 + D5 + D91 + D61),14877.0
"General Government Transactions ESA 2010: Revenue, Expenditure, Financing and Deficit",2008Q1,General Government transactions - Revenue - Taxes - ESA2010 Code (D2 + D5 + D91),11969.0
"General Government Transactions ESA 2010: Revenue, Expenditure, Financing and Deficit",2008Q1,General Government transactions - Revenue - Social contributions - ESA2010 Code (D61),2908.0
"General Government Transactions ESA 2010: Revenue, Expenditure, Financing and Deficit",2008Q1,General Government transactions - Revenue - Sales of goods and services - ESA2010 Code (P10),678.0
"General Government Transactions ESA 2010: Revenue, Expenditure, Financing and Deficit",2008Q1,General Government transactions - Revenue - Investment income - ESA2010 Code (D4),342.0
"General Government Transactions ESA 2010: Revenue, Expenditure, Financing and Deficit",2008Q1,General Government transactions - Revenue - Current transfer revenue (excluding taxes) - ESA2010 Code (D7),62.0
"General Government Transactions ESA 2010: Revenue, Expenditure, Financing and Deficit",2008Q1,General Government transactions - Revenue - Capital transfer revenue (excluding taxes) - ESA2010 Code (D9N),464.0
"General Government Transactions ESA 2010: Revenue, Expenditure, Financing and Deficit",2008Q1,General Government transactions - Expenditure - ESA2010 Code (TE),18240.0
"General Government Transactions ESA 2010: Revenue, Expenditure, Financing and Deficit",2008Q1,General Government transactions - Expenditure - Expense - ESA2010 Code (Expense),16987.0
"General Government Transactions ESA 2010: Revenue, Expenditure, Financing and Deficit",2008Q1,General Government transactions - Expenditure - Compensation of employees - ESA2010 Code (D1),5072.0
"General Government Transactions ESA 2010: Revenue, Expenditure, Financing and Deficit",2008Q1,General Government transactions - Expenditure - Use of goods and services plus taxes payable - ESA2010 Code (P2 + D5 + D29),2404.0
"General Government Transactions ESA 2010: Revenue, Expenditure, Financing and Deficit",2008Q1,General Government transactions - Expenditure - Depreciation (consumption of fixed capital) - ESA2010 Code (P51c),844.0
"General Government Transactions ESA 2010: Revenue, Expenditure, Financing and Deficit",2008Q1,General Government transactions - Expenditure - Interest (excluding FISIM) - ESA2010 Code (D41),530.0
"General Government Transactions ESA 2010: Revenue, Expenditure, Financing and Deficit",2008Q1,General Government transactions - Expenditure - Subsidies - ESA2010 Code (D3),425.0
"General Government Transactions ESA 2010: Revenue, Expenditure, Financing and Deficit",2008Q1,General Government transactions - Expenditure - Social benefits - ESA2010 Code (D62 + D632),5916.0
"General Government Transactions ESA 2010: Revenue, Expenditure, Financing and Deficit",2008Q1,General Government transactions - Expenditure - Other current transfers - ESA2010 Code (D7),1164.0
"General Government Transactions ESA 2010: Revenue, Expenditure, Financing and Deficit",2008Q1,General Government transactions - Expenditure - Capital transfers - ESA2010 Code (D9),633.0
"General Government Transactions ESA 2010: Revenue, Expenditure, Financing and Deficit",2008Q1,Net operating balance - ESA2010 Code  (NOB),-564.0
"General Government Transactions ESA 2010: Revenue, Expenditure, Financing and Deficit",2008Q1,Net acquisition of non-financial assets - ESA2010 Code (P5 + NP - P51c),1253.0
"General Government Transactions ESA 2010: Revenue, Expenditure, Financing and Deficit",2008Q1,General Government Surplus/Deficit - ESA2010 Code (B9),-1817.0
"General Government Transactions ESA 2010: Revenue, Expenditure, Financing and Deficit",2008Q1,Net acquisition of financial assets,
"General Government Transactions ESA 2010: Revenue, Expenditure, Financing and Deficit",2008Q1,Net acquisition of financial assets - Debt instruments - ESA2010 Code (F2 + F3 + F4),
"General Government Transactions ESA 2010: Revenue, Expenditure, Financing and Deficit",2008Q1,Net acquisition of financial assets - Equity and Investment Fund Shares - ESA2010 Code (F5),
"General Government Transactions ESA 2010: Revenue, Expenditure, Financing and Deficit",2008Q1,Net acquisition of financial assets - Other financial assets - ESA2010 Code (F6 + F7 + F8),
"General Government Transactions ESA 2010: Revenue, Expenditure, Financing and Deficit",2008Q1,Net incurrence of liabilities,
"General Government Transactions ESA 2010: Revenue, Expenditure, Financing and Deficit",2008Q1,Net incurrence of liabilities - Debt instruments - ESA2010 Code (F2 + F3 + F4),
"General Government Transactions ESA 2010: Revenue, Expenditure, Financing and Deficit",2008Q1,Net incurrence of liabilities - Other liabilities - ESA2010 Code (F5 + F6 + F7 + F8),
"General Government Transactions ESA 2010: Revenue, Expenditure, Financing and Deficit",2008Q1,Memo: Net derivative flows on debt interest swap contracts,0.0
"General Government Transactions ESA 2010: Revenue, Expenditure, Financing and Deficit",2008Q1,General Government transactions - Seasonally Adjusted Revenue - ESA2010 Code (TR),17323.0
"General Government Transactions ESA 2010: Revenue, Expenditure, Financing and Deficit",2008Q1,General Government transactions - Seasonally Adjusted Expenditure - ESA2010 Code (TE),19044.0
"General Government Transactions ESA 2010: Revenue, Expenditure, Financing and Deficit",2008Q1,General Government Seasonally Adjusted Surplus/Deficit - ESA2010 Code (B9),-1721.0
"General Government Transactions ESA 2010: Revenue, Expenditure, Financing and Deficit",2008Q2,General Government transactions - Revenue - ESA2010 Code (TR),14106.0
"General Government Transactions ESA 2010: Revenue, Expenditure, Financing and Deficit",2008Q2,General Government transactions - Revenue - Taxes and social contributions - ESA2010 Code ( D2 + D5 + D91 + D61),12035.0
"General Government Transactions ESA 2010: Revenue, Expenditure, Financing and Deficit",2008Q2,General Government transactions - Revenue - Taxes - ESA2010 Code (D2 + D5 + D91),9305.0
"General Government Transactions ESA 2010: Revenue, Expenditure, Financing and Deficit",2008Q2,General Government transactions - Revenue - Social contributions - ESA2010 Code (D61),2730.0
"General Government Transactions ESA 2010: Revenue, Expenditure, Financing and Deficit",2008Q2,General Government transactions - Revenue - Sales of goods and services - ESA2010 Code (P10),800.0
"General Government Transactions ESA 2010: Revenue, Expenditure, Financing and Deficit",2008Q2,General Government transactions - Revenue - Investment income - ESA2010 Code (D4),786.0
"General Government Transactions ESA 2010: Revenue, Expenditure, Financing and Deficit",2008Q2,General Government transactions - Revenue - Current transfer revenue (excluding taxes) - ESA2010 Code (D7),23.0
"General Government Transactions ESA 2010: Revenue, Expenditure, Financing and Deficit",2008Q2,General Government transactions - Revenue - Capital transfer revenue (excluding taxes) - ESA2010 Code (D9N),461.0
"General Government Transactions ESA 2010: Revenue, Expenditure, Financing and Deficit",2008Q2,General Government transactions - Expenditure - ESA2010 Code (TE),18671.0
"General Government Transactions ESA 2010: Revenue, Expenditure, Financing and Deficit",2008Q2,General Government transactions - Expenditure - Expense - ESA2010 Code (Expense),17227.0
"General Government Transactions ESA 2010: Revenue, Expenditure, Financing and Deficit",2008Q2,General Government transactions - Expenditure - Compensation of employees - ESA2010 Code (D1),5173.0
"General Government Transactions ESA 2010: Revenue, Expenditure, Financing and Deficit",2008Q2,General Government transactions - Expenditure - Use of goods and services plus taxes payable - ESA2010 Code (P2 + D5 + D29),2504.0
"General Government Transactions ESA 2010: Revenue, Expenditure, Financing and Deficit",2008Q2,General Government transactions - Expenditure - Depreciation (consumption of fixed capital) - ESA2010 Code (P51c),844.0
"General Government Transactions ESA 2010: Revenue, Expenditure, Financing and Deficit",2008Q2,General Government transactions - Expenditure - Interest (excluding FISIM) - ESA2010 Code (D41),600.0
"General Government Transactions ESA 2010: Revenue, Expenditure, Financing and Deficit",2008Q2,General Government transactions - Expenditure - Subsidies - ESA2010 Code (D3),434.0
"General Government Transactions ESA 2010: Revenue, Expenditure, Financing and Deficit",2008Q2,General Government transactions - Expenditure - Social benefits - ESA2010 Code (D62 + D632),6234.0
"General Government Transactions ESA 2010: Revenue, Expenditure, Financing and Deficit",2008Q2,General Government transactions - Expenditure - Other current transfers - ESA2010 Code (D7),768.0
"General Government Transactions ESA 2010: Revenue, Expenditure, Financing and Deficit",2008Q2,General Government transactions - Expenditure - Capital transfers - ESA2010 Code (D9),671.0
"General Government Transactions ESA 2010: Revenue, Expenditure, Financing and Deficit",2008Q2,Net operating balance - ESA2010 Code  (NOB),-3122.0
"General Government Transactions ESA 2010: Revenue, Expenditure, Financing and Deficit",2008Q2,Net acquisition of non-financial assets - ESA2010 Code (P5 + NP - P51c),1443.0
"General Government Transactions ESA 2010: Revenue, Expenditure, Financing and Deficit",2008Q2,General Government Surplus/Deficit - ESA2010 Code (B9),-4565.0
"General Government Transactions ESA 2010: Revenue, Expenditure, Financing and Deficit",2008Q2,Net acquisition of financial assets,
"General Government Transactions ESA 2010: Revenue, Expenditure, Financing and Deficit",2008Q2,Net acquisition of financial assets - Debt instruments - ESA2010 Code (F2 + F3 + F4),
"General Government Transactions ESA 2010: Revenue, Expenditure, Financing and Deficit",2008Q2,Net acquisition of financial assets - Equity and Investment Fund Shares - ESA2010 Code (F5),
"General Government Transactions ESA 2010: Revenue, Expenditure, Financing and Deficit",2008Q2,Net acquisition of financial assets - Other financial assets - ESA2010 Code (F6 + F7 + F8),
"General Government Transactions ESA 2010: Revenue, Expenditure, Financing and Deficit",2008Q2,Net incurrence of liabilities,
"General Government Transactions ESA 2010: Revenue, Expenditure, Financing and Deficit",2008Q2,Net incurrence of liabilities - Debt instruments - ESA2010 Code (F2 + F3 + F4),
"General Government Transactions ESA 2010: Revenue, Expenditure, Financing and Deficit",2008Q2,Net incurrence of liabilities - Other liabilities - ESA2010 Code (F5 + F6 + F7 + F8),
"General Government Transactions ESA 2010: Revenue, Expenditure, Financing and Deficit",2008Q2,Memo: Net derivative flows on debt interest swap contracts,0.0
"General Government Transactions ESA 2010: Revenue, Expenditure, Financing and Deficit",2008Q2,General Government transactions - Seasonally Adjusted Revenue - ESA2010 Code (TR),15932.0
"General Government Transactions ESA 2010: Revenue, Expenditure, Financing and Deficit",2008Q2,General Government transactions - Seasonally Adjusted Expenditure - ESA2010 Code (TE),19207.0
"General Government Transactions ESA 2010: Revenue, Expenditure, Financing and Deficit",2008Q2,General Government Seasonally Adjusted Surplus/Deficit - ESA2010 Code (B9),-3275.0
"General Government Transactions ESA 2010: Revenue, Expenditure, Financing and Deficit",2008Q3,General Government transactions - Revenue - ESA2010 Code (TR),14907.0
"General Government Transactions ESA 2010: Revenue, Expenditure, Financing and Deficit",2008Q3,General Government transactions - Revenue - Taxes and social contributions - ESA2010 Code ( D2 + D5 + D91 + D61),13224.0
"General Government Transactions ESA 2010: Revenue, Expenditure, Financing and Deficit",2008Q3,General Government transactions - Revenue - Taxes - ESA2010 Code (D2 + D5 + D91),10643.0
"General Government Transactions ESA 2010: Revenue, Expenditure, Financing and Deficit",2008Q3,General Government transactions - Revenue - Social contributions - ESA2010 Code (D61),2581.0
"General Government Transactions ESA 2010: Revenue, Expenditure, Financing and Deficit",2008Q3,General Government transactions - Revenue - Sales of goods and services - ESA2010 Code (P10),684.0
"General Government Transactions ESA 2010: Revenue, Expenditure, Financing and Deficit",2008Q3,General Government transactions - Revenue - Investment income - ESA2010 Code (D4),495.0
"General Government Transactions ESA 2010: Revenue, Expenditure, Financing and Deficit",2008Q3,General Government transactions - Revenue - Current transfer revenue (excluding taxes) - ESA2010 Code (D7),23.0
"General Government Transactions ESA 2010: Revenue, Expenditure, Financing and Deficit",2008Q3,General Government transactions - Revenue - Capital transfer revenue (excluding taxes) - ESA2010 Code (D9N),482.0
"General Government Transactions ESA 2010: Revenue, Expenditure, Financing and Deficit",2008Q3,General Government transactions - Expenditure - ESA2010 Code (TE),19183.0
"General Government Transactions ESA 2010: Revenue, Expenditure, Financing and Deficit",2008Q3,General Government transactions - Expenditure - Expense - ESA2010 Code (Expense),17627.0
"General Government Transactions ESA 2010: Revenue, Expenditure, Financing and Deficit",2008Q3,General Government transactions - Expenditure - Compensation of employees - ESA2010 Code (D1),5251.0
"General Government Transactions ESA 2010: Revenue, Expenditure, Financing and Deficit",2008Q3,General Government transactions - Expenditure - Use of goods and services plus taxes payable - ESA2010 Code (P2 + D5 + D29),2316.0
"General Government Transactions ESA 2010: Revenue, Expenditure, Financing and Deficit",2008Q3,General Government transactions - Expenditure - Depreciation (consumption of fixed capital) - ESA2010 Code (P51c),844.0
"General Government Transactions ESA 2010: Revenue, Expenditure, Financing and Deficit",2008Q3,General Government transactions - Expenditure - Interest (excluding FISIM) - ESA2010 Code (D41),613.0
"General Government Transactions ESA 2010: Revenue, Expenditure, Financing and Deficit",2008Q3,General Government transactions - Expenditure - Subsidies - ESA2010 Code (D3),479.0
"General Government Transactions ESA 2010: Revenue, Expenditure, Financing and Deficit",2008Q3,General Government transactions - Expenditure - Social benefits - ESA2010 Code (D62 + D632),6679.0
"General Government Transactions ESA 2010: Revenue, Expenditure, Financing and Deficit",2008Q3,General Government transactions - Expenditure - Other current transfers - ESA2010 Code (D7),708.0
"General Government Transactions ESA 2010: Revenue, Expenditure, Financing and Deficit",2008Q3,General Government transactions - Expenditure - Capital transfers - ESA2010 Code (D9),738.0
"General Government Transactions ESA 2010: Revenue, Expenditure, Financing and Deficit",2008Q3,Net operating balance - ESA2010 Code  (NOB),-2720.0
"General Government Transactions ESA 2010: Revenue, Expenditure, Financing and Deficit",2008Q3,Net acquisition of non-financial assets - ESA2010 Code (P5 + NP - P51c),1556.0
"General Government Transactions ESA 2010: Revenue, Expenditure, Financing and Deficit",2008Q3,General Government Surplus/Deficit - ESA2010 Code (B9),-4276.0
"General Government Transactions ESA 2010: Revenue, Expenditure, Financing and Deficit",2008Q3,Net acquisition of financial assets,
"General Government Transactions ESA 2010: Revenue, Expenditure, Financing and Deficit",2008Q3,Net acquisition of financial assets - Debt instruments - ESA2010 Code (F2 + F3 + F4),
"General Government Transactions ESA 2010: Revenue, Expenditure, Financing and Deficit",2008Q3,Net acquisition of financial assets - Equity and Investment Fund Shares - ESA2010 Code (F5),
"General Government Transactions ESA 2010: Revenue, Expenditure, Financing and Deficit",2008Q3,Net acquisition of financial assets - Other financial assets - ESA2010 Code (F6 + F7 + F8),
"General Government Transactions ESA 2010: Revenue, Expenditure, Financing and Deficit",2008Q3,Net incurrence of liabilities,
"General Government Transactions ESA 2010: Revenue, Expenditure, Financing and Deficit",2008Q3,Net incurrence of liabilities - Debt instruments - ESA2010 Code (F2 + F3 + F4),
"General Government Transactions ESA 2010: Revenue, Expenditure, Financing and Deficit",2008Q3,Net incurrence of liabilities - Other liabilities - ESA2010 Code (F5 + F6 + F7 + F8),
"General Government Transactions ESA 2010: Revenue, Expenditure, Financing and Deficit",2008Q3,Memo: Net derivative flows on debt interest swap contracts,0.0
"General Government Transactions ESA 2010: Revenue, Expenditure, Financing and Deficit",2008Q3,General Government transactions - Seasonally Adjusted Revenue - ESA2010 Code (TR),15899.0
"General Government Transactions ESA 2010: Revenue, Expenditure, Financing and Deficit",2008Q3,General Government transactions - Seasonally Adjusted Expenditure - ESA2010 Code (TE),19401.0
"General Government Transactions ESA 2010: Revenue, Expenditure, Financing and Deficit",2008Q3,General Government Seasonally Adjusted Surplus/Deficit - ESA2010 Code (B9),-3501.0
"General Government Transactions ESA 2010: Revenue, Expenditure, Financing and Deficit",2008Q4,General Government transactions - Revenue - ESA2010 Code (TR),19227.0
"General Government Transactions ESA 2010: Revenue, Expenditure, Financing and Deficit",2008Q4,General Government transactions - Revenue - Taxes and social contributions - ESA2010 Code ( D2 + D5 + D91 + D61),16762.0
"General Government Transactions ESA 2010: Revenue, Expenditure, Financing and Deficit",2008Q4,General Government transactions - Revenue - Taxes - ESA2010 Code (D2 + D5 + D91),13971.0
"General Government Transactions ESA 2010: Revenue, Expenditure, Financing and Deficit",2008Q4,General Government transactions - Revenue - Social contributions - ESA2010 Code (D61),2791.0
"General Government Transactions ESA 2010: Revenue, Expenditure, Financing and Deficit",2008Q4,General Government transactions - Revenue - Sales of goods and services - ESA2010 Code (P10),1312.0
"General Government Transactions ESA 2010: Revenue, Expenditure, Financing and Deficit",2008Q4,General Government transactions - Revenue - Investment income - ESA2010 Code (D4),544.0
"General Government Transactions ESA 2010: Revenue, Expenditure, Financing and Deficit",2008Q4,General Government transactions - Revenue - Current transfer revenue (excluding taxes) - ESA2010 Code (D7),64.0
"General Government Transactions ESA 2010: Revenue, Expenditure, Financing and Deficit",2008Q4,General Government transactions - Revenue - Capital transfer revenue (excluding taxes) - ESA2010 Code (D9N),546.0
"General Government Transactions ESA 2010: Revenue, Expenditure, Financing and Deficit",2008Q4,General Government transactions - Expenditure - ESA2010 Code (TE),21736.0
"General Government Transactions ESA 2010: Revenue, Expenditure, Financing and Deficit",2008Q4,General Government transactions - Expenditure - Expense - ESA2010 Code (Expense),19213.0
"General Government Transactions ESA 2010: Revenue, Expenditure, Financing and Deficit",2008Q4,General Government transactions - Expenditure - Compensation of employees - ESA2010 Code (D1),5711.0
"General Government Transactions ESA 2010: Revenue, Expenditure, Financing and Deficit",2008Q4,General Government transactions - Expenditure - Use of goods and services plus taxes payable - ESA2010 Code (P2 + D5 + D29),2811.0
"General Government Transactions ESA 2010: Revenue, Expenditure, Financing and Deficit",2008Q4,General Government transactions - Expenditure - Depreciation (consumption of fixed capital) - ESA2010 Code (P51c),844.0
"General Government Transactions ESA 2010: Revenue, Expenditure, Financing and Deficit",2008Q4,General Government transactions - Expenditure - Interest (excluding FISIM) - ESA2010 Code (D41),660.0
"General Government Transactions ESA 2010: Revenue, Expenditure, Financing and Deficit",2008Q4,General Government transactions - Expenditure - Subsidies - ESA2010 Code (D3),584.0
"General Government Transactions ESA 2010: Revenue, Expenditure, Financing and Deficit",2008Q4,General Government transactions - Expenditure - Social benefits - ESA2010 Code (D62 + D632),6776.0
"General Government Transactions ESA 2010: Revenue, Expenditure, Financing and Deficit",2008Q4,General Government transactions - Expenditure - Other current transfers - ESA2010 Code (D7),872.0
"General Government Transactions ESA 2010: Revenue, Expenditure, Financing and Deficit",2008Q4,General Government transactions - Expenditure - Capital transfers - ESA2010 Code (D9),955.0
"General Government Transactions ESA 2010: Revenue, Expenditure, Financing and Deficit",2008Q4,Net operating balance - ESA2010 Code  (NOB),15.0
"General Government Transactions ESA 2010: Revenue, Expenditure, Financing and Deficit",2008Q4,Net acquisition of non-financial assets - ESA2010 Code (P5 + NP - P51c),2524.0
"General Government Transactions ESA 2010: Revenue, Expenditure, Financing and Deficit",2008Q4,General Government Surplus/Deficit - ESA2010 Code (B9),-2509.0
"General Government Transactions ESA 2010: Revenue, Expenditure, Financing and Deficit",2008Q4,Net acquisition of financial assets,
"General Government Transactions ESA 2010: Revenue, Expenditure, Financing and Deficit",2008Q4,Net acquisition of financial assets - Debt instruments - ESA2010 Code (F2 + F3 + F4),
"General Government Transactions ESA 2010: Revenue, Expenditure, Financing and Deficit",2008Q4,Net acquisition of financial assets - Equity and Investment Fund Shares - ESA2010 Code (F5),
"General Government Transactions ESA 2010: Revenue, Expenditure, Financing and Deficit",2008Q4,Net acquisition of financial assets - Other financial assets - ESA2010 Code (F6 + F7 + F8),
"General Government Transactions ESA 2010: Revenue, Expenditure, Financing and Deficit",2008Q4,Net incurrence of liabilities,
"General Government Transactions ESA 2010: Revenue, Expenditure, Financing and Deficit",2008Q4,Net incurrence of liabilities - Debt instruments - ESA2010 Code (F2 + F3 + F4),
"General Government Transactions ESA 2010: Revenue, Expenditure, Financing and Deficit",2008Q4,Net incurrence of liabilities - Other liabilities - ESA2010 Code (F5 + F6 + F7 + F8),
"General Government Transactions ESA 2010: Revenue, Expenditure, Financing and Deficit",2008Q4,Memo: Net derivative flows on debt interest swap contracts,0.0
"General Government Transactions ESA 2010: Revenue, Expenditure, Financing and Deficit",2008Q4,General Government transactions - Seasonally Adjusted Revenue - ESA2010 Code (TR),15641.0
"General Government Transactions ESA 2010: Revenue, Expenditure, Financing and Deficit",2008Q4,General Government transactions - Seasonally Adjusted Expenditure - ESA2010 Code (TE),20214.0
"General Government Transactions ESA 2010: Revenue, Expenditure, Financing and Deficit",2008Q4,General Government Seasonally Adjusted Surplus/Deficit - ESA2010 Code (B9),-4573.0
"General Government Transactions ESA 2010: Revenue, Expenditure, Financing and Deficit",2009Q1,General Government transactions - Revenue - ESA2010 Code (TR),13450.0
"General Government Transactions ESA 2010: Revenue, Expenditure, Financing and Deficit",2009Q1,General Government transactions - Revenue - Taxes and social contributions - ESA2010 Code ( D2 + D5 + D91 + D61),12100.0
"General Government Transactions ESA 2010: Revenue, Expenditure, Financing and Deficit",2009Q1,General Government transactions - Revenue - Taxes - ESA2010 Code (D2 + D5 + D91),9507.0
"General Government Transactions ESA 2010: Revenue, Expenditure, Financing and Deficit",2009Q1,General Government transactions - Revenue - Social contributions - ESA2010 Code (D61),2593.0
"General Government Transactions ESA 2010: Revenue, Expenditure, Financing and Deficit",2009Q1,General Government transactions - Revenue - Sales of goods and services - ESA2010 Code (P10),775.0
"General Government Transactions ESA 2010: Revenue, Expenditure, Financing and Deficit",2009Q1,General Government transactions - Revenue - Investment income - ESA2010 Code (D4),395.0
"General Government Transactions ESA 2010: Revenue, Expenditure, Financing and Deficit",2009Q1,General Government transactions - Revenue - Current transfer revenue (excluding taxes) - ESA2010 Code (D7),25.0
"General Government Transactions ESA 2010: Revenue, Expenditure, Financing and Deficit",2009Q1,General Government transactions - Revenue - Capital transfer revenue (excluding taxes) - ESA2010 Code (D9N),155.0
"General Government Transactions ESA 2010: Revenue, Expenditure, Financing and Deficit",2009Q1,General Government transactions - Expenditure - ESA2010 Code (TE),18366.0
"General Government Transactions ESA 2010: Revenue, Expenditure, Financing and Deficit",2009Q1,General Government transactions - Expenditure - Expense - ESA2010 Code (Expense),17838.0
"General Government Transactions ESA 2010: Revenue, Expenditure, Financing and Deficit",2009Q1,General Government transactions - Expenditure - Compensation of employees - ESA2010 Code (D1),5182.0
"General Government Transactions ESA 2010: Revenue, Expenditure, Financing and Deficit",2009Q1,General Government transactions - Expenditure - Use of goods and services plus taxes payable - ESA2010 Code (P2 + D5 + D29),2633.0
"General Government Transactions ESA 2010: Revenue, Expenditure, Financing and Deficit",2009Q1,General Government transactions - Expenditure - Depreciation (consumption of fixed capital) - ESA2010 Code (P51c),810.0
"General Government Transactions ESA 2010: Revenue, Expenditure, Financing and Deficit",2009Q1,General Government transactions - Expenditure - Interest (excluding FISIM) - ESA2010 Code (D41),854.0
"General Government Transactions ESA 2010: Revenue, Expenditure, Financing and Deficit",2009Q1,General Government transactions - Expenditure - Subsidies - ESA2010 Code (D3),453.0
"General Government Transactions ESA 2010: Revenue, Expenditure, Financing and Deficit",2009Q1,General Government transactions - Expenditure - Social benefits - ESA2010 Code (D62 + D632),6671.0
"General Government Transactions ESA 2010: Revenue, Expenditure, Financing and Deficit",2009Q1,General Government transactions - Expenditure - Other current transfers - ESA2010 Code (D7),992.0
"General Government Transactions ESA 2010: Revenue, Expenditure, Financing and Deficit",2009Q1,General Government transactions - Expenditure - Capital transfers - ESA2010 Code (D9),243.0
"General Government Transactions ESA 2010: Revenue, Expenditure, Financing and Deficit",2009Q1,Net operating balance - ESA2010 Code  (NOB),-4389.0
"General Government Transactions ESA 2010: Revenue, Expenditure, Financing and Deficit",2009Q1,Net acquisition of non-financial assets - ESA2010 Code (P5 + NP - P51c),528.0
"General Government Transactions ESA 2010: Revenue, Expenditure, Financing and Deficit",2009Q1,General Government Surplus/Deficit - ESA2010 Code (B9),-4916.0
"General Government Transactions ESA 2010: Revenue, Expenditure, Financing and Deficit",2009Q1,Net acquisition of financial assets,5712.0
"General Government Transactions ESA 2010: Revenue, Expenditure, Financing and Deficit",2009Q1,Net acquisition of financial assets - Debt instruments - ESA2010 Code (F2 + F3 + F4),6506.0
"General Government Transactions ESA 2010: Revenue, Expenditure, Financing and Deficit",2009Q1,Net acquisition of financial assets - Equity and Investment Fund Shares - ESA2010 Code (F5),71.0
"General Government Transactions ESA 2010: Revenue, Expenditure, Financing and Deficit",2009Q1,Net acquisition of financial assets - Other financial assets - ESA2010 Code (F6 + F7 + F8),-865.0
"General Government Transactions ESA 2010: Revenue, Expenditure, Financing and Deficit",2009Q1,Net incurrence of liabilities,9885.0
"General Government Transactions ESA 2010: Revenue, Expenditure, Financing and Deficit",2009Q1,Net incurrence of liabilities - Debt instruments - ESA2010 Code (F2 + F3 + F4),10348.0
"General Government Transactions ESA 2010: Revenue, Expenditure, Financing and Deficit",2009Q1,Net incurrence of liabilities - Other liabilities - ESA2010 Code (F5 + F6 + F7 + F8),-463.0
"General Government Transactions ESA 2010: Revenue, Expenditure, Financing and Deficit",2009Q1,Memo: Net derivative flows on debt interest swap contracts,-2.0
"General Government Transactions ESA 2010: Revenue, Expenditure, Financing and Deficit",2009Q1,General Government transactions - Seasonally Adjusted Revenue - ESA2010 Code (TR),14478.0
"General Government Transactions ESA 2010: Revenue, Expenditure, Financing and Deficit",2009Q1,General Government transactions - Seasonally Adjusted Expenditure - ESA2010 Code (TE),19000.0
"General Government Transactions ESA 2010: Revenue, Expenditure, Financing and Deficit",2009Q1,General Government Seasonally Adjusted Surplus/Deficit - ESA2010 Code (B9),-4522.0
"General Government Transactions ESA 2010: Revenue, Expenditure, Financing and Deficit",2009Q2,General Government transactions - Revenue - ESA2010 Code (TR),13245.0
"General Government Transactions ESA 2010: Revenue, Expenditure, Financing and Deficit",2009Q2,General Government transactions - Revenue - Taxes and social contributions - ESA2010 Code ( D2 + D5 + D91 + D61),11452.0
"General Government Transactions ESA 2010: Revenue, Expenditure, Financing and Deficit",2009Q2,General Government transactions - Revenue - Taxes - ESA2010 Code (D2 + D5 + D91),8982.0
"General Government Transactions ESA 2010: Revenue, Expenditure, Financing and Deficit",2009Q2,General Government transactions - Revenue - Social contributions - ESA2010 Code (D61),2470.0
"General Government Transactions ESA 2010: Revenue, Expenditure, Financing and Deficit",2009Q2,General Government transactions - Revenue - Sales of goods and services - ESA2010 Code (P10),834.0
"General Government Transactions ESA 2010: Revenue, Expenditure, Financing and Deficit",2009Q2,General Government transactions - Revenue - Investment income - ESA2010 Code (D4),745.0
"General Government Transactions ESA 2010: Revenue, Expenditure, Financing and Deficit",2009Q2,General Government transactions - Revenue - Current transfer revenue (excluding taxes) - ESA2010 Code (D7),34.0
"General Government Transactions ESA 2010: Revenue, Expenditure, Financing and Deficit",2009Q2,General Government transactions - Revenue - Capital transfer revenue (excluding taxes) - ESA2010 Code (D9N),179.0
"General Government Transactions ESA 2010: Revenue, Expenditure, Financing and Deficit",2009Q2,General Government transactions - Expenditure - ESA2010 Code (TE),21284.0
"General Government Transactions ESA 2010: Revenue, Expenditure, Financing and Deficit",2009Q2,General Government transactions - Expenditure - Expense - ESA2010 Code (Expense),20710.0
"General Government Transactions ESA 2010: Revenue, Expenditure, Financing and Deficit",2009Q2,General Government transactions - Expenditure - Compensation of employees - ESA2010 Code (D1),5025.0
"General Government Transactions ESA 2010: Revenue, Expenditure, Financing and Deficit",2009Q2,General Government transactions - Expenditure - Use of goods and services plus taxes payable - ESA2010 Code (P2 + D5 + D29),2278.0
"General Government Transactions ESA 2010: Revenue, Expenditure, Financing and Deficit",2009Q2,General Government transactions - Expenditure - Depreciation (consumption of fixed capital) - ESA2010 Code (P51c),810.0
"General Government Transactions ESA 2010: Revenue, Expenditure, Financing and Deficit",2009Q2,General Government transactions - Expenditure - Interest (excluding FISIM) - ESA2010 Code (D41),819.0
"General Government Transactions ESA 2010: Revenue, Expenditure, Financing and Deficit",2009Q2,General Government transactions - Expenditure - Subsidies - ESA2010 Code (D3),461.0
"General Government Transactions ESA 2010: Revenue, Expenditure, Financing and Deficit",2009Q2,General Government transactions - Expenditure - Social benefits - ESA2010 Code (D62 + D632),7161.0
"General Government Transactions ESA 2010: Revenue, Expenditure, Financing and Deficit",2009Q2,General Government transactions - Expenditure - Other current transfers - ESA2010 Code (D7),651.0
"General Government Transactions ESA 2010: Revenue, Expenditure, Financing and Deficit",2009Q2,General Government transactions - Expenditure - Capital transfers - ESA2010 Code (D9),3506.0
"General Government Transactions ESA 2010: Revenue, Expenditure, Financing and Deficit",2009Q2,Net operating balance - ESA2010 Code  (NOB),-7465.0
"General Government Transactions ESA 2010: Revenue, Expenditure, Financing and Deficit",2009Q2,Net acquisition of non-financial assets - ESA2010 Code (P5 + NP - P51c),574.0
"General Government Transactions ESA 2010: Revenue, Expenditure, Financing and Deficit",2009Q2,General Government Surplus/Deficit - ESA2010 Code (B9),-8038.0
"General Government Transactions ESA 2010: Revenue, Expenditure, Financing and Deficit",2009Q2,Net acquisition of financial assets,3017.0
"General Government Transactions ESA 2010: Revenue, Expenditure, Financing and Deficit",2009Q2,Net acquisition of financial assets - Debt instruments - ESA2010 Code (F2 + F3 + F4),3409.0
"General Government Transactions ESA 2010: Revenue, Expenditure, Financing and Deficit",2009Q2,Net acquisition of financial assets - Equity and Investment Fund Shares - ESA2010 Code (F5),-349.0
"General Government Transactions ESA 2010: Revenue, Expenditure, Financing and Deficit",2009Q2,Net acquisition of financial assets - Other financial assets - ESA2010 Code (F6 + F7 + F8),-44.0
"General Government Transactions ESA 2010: Revenue, Expenditure, Financing and Deficit",2009Q2,Net incurrence of liabilities,11086.0
"General Government Transactions ESA 2010: Revenue, Expenditure, Financing and Deficit",2009Q2,Net incurrence of liabilities - Debt instruments - ESA2010 Code (F2 + F3 + F4),10945.0
"General Government Transactions ESA 2010: Revenue, Expenditure, Financing and Deficit",2009Q2,Net incurrence of liabilities - Other liabilities - ESA2010 Code (F5 + F6 + F7 + F8),141.0
"General Government Transactions ESA 2010: Revenue, Expenditure, Financing and Deficit",2009Q2,Memo: Net derivative flows on debt interest swap contracts,-2.0
"General Government Transactions ESA 2010: Revenue, Expenditure, Financing and Deficit",2009Q2,General Government transactions - Seasonally Adjusted Revenue - ESA2010 Code (TR),14559.0
"General Government Transactions ESA 2010: Revenue, Expenditure, Financing and Deficit",2009Q2,General Government transactions - Seasonally Adjusted Expenditure - ESA2010 Code (TE),22056.0
"General Government Transactions ESA 2010: Revenue, Expenditure, Financing and Deficit",2009Q2,General Government Seasonally Adjusted Surplus/Deficit - ESA2010 Code (B9),-7497.0
"General Government Transactions ESA 2010: Revenue, Expenditure, Financing and Deficit",2009Q3,General Government transactions - Revenue - ESA2010 Code (TR),13518.0
"General Government Transactions ESA 2010: Revenue, Expenditure, Financing and Deficit",2009Q3,General Government transactions - Revenue - Taxes and social contributions - ESA2010 Code ( D2 + D5 + D91 + D61),11921.0
"General Government Transactions ESA 2010: Revenue, Expenditure, Financing and Deficit",2009Q3,General Government transactions - Revenue - Taxes - ESA2010 Code (D2 + D5 + D91),9389.0
"General Government Transactions ESA 2010: Revenue, Expenditure, Financing and Deficit",2009Q3,General Government transactions - Revenue - Social contributions - ESA2010 Code (D61),2532.0
"General Government Transactions ESA 2010: Revenue, Expenditure, Financing and Deficit",2009Q3,General Government transactions - Revenue - Sales of goods and services - ESA2010 Code (P10),969.0
"General Government Transactions ESA 2010: Revenue, Expenditure, Financing and Deficit",2009Q3,General Government transactions - Revenue - Investment income - ESA2010 Code (D4),419.0
"General Government Transactions ESA 2010: Revenue, Expenditure, Financing and Deficit",2009Q3,General Government transactions - Revenue - Current transfer revenue (excluding taxes) - ESA2010 Code (D7),25.0
"General Government Transactions ESA 2010: Revenue, Expenditure, Financing and Deficit",2009Q3,General Government transactions - Revenue - Capital transfer revenue (excluding taxes) - ESA2010 Code (D9N),184.0
"General Government Transactions ESA 2010: Revenue, Expenditure, Financing and Deficit",2009Q3,General Government transactions - Expenditure - ESA2010 Code (TE),20137.0
"General Government Transactions ESA 2010: Revenue, Expenditure, Financing and Deficit",2009Q3,General Government transactions - Expenditure - Expense - ESA2010 Code (Expense),19197.0
"General Government Transactions ESA 2010: Revenue, Expenditure, Financing and Deficit",2009Q3,General Government transactions - Expenditure - Compensation of employees - ESA2010 Code (D1),5048.0
"General Government Transactions ESA 2010: Revenue, Expenditure, Financing and Deficit",2009Q3,General Government transactions - Expenditure - Use of goods and services plus taxes payable - ESA2010 Code (P2 + D5 + D29),2387.0
"General Government Transactions ESA 2010: Revenue, Expenditure, Financing and Deficit",2009Q3,General Government transactions - Expenditure - Depreciation (consumption of fixed capital) - ESA2010 Code (P51c),810.0
"General Government Transactions ESA 2010: Revenue, Expenditure, Financing and Deficit",2009Q3,General Government transactions - Expenditure - Interest (excluding FISIM) - ESA2010 Code (D41),896.0
"General Government Transactions ESA 2010: Revenue, Expenditure, Financing and Deficit",2009Q3,General Government transactions - Expenditure - Subsidies - ESA2010 Code (D3),462.0
"General Government Transactions ESA 2010: Revenue, Expenditure, Financing and Deficit",2009Q3,General Government transactions - Expenditure - Social benefits - ESA2010 Code (D62 + D632),7455.0
"General Government Transactions ESA 2010: Revenue, Expenditure, Financing and Deficit",2009Q3,General Government transactions - Expenditure - Other current transfers - ESA2010 Code (D7),566.0
"General Government Transactions ESA 2010: Revenue, Expenditure, Financing and Deficit",2009Q3,General Government transactions - Expenditure - Capital transfers - ESA2010 Code (D9),1574.0
"General Government Transactions ESA 2010: Revenue, Expenditure, Financing and Deficit",2009Q3,Net operating balance - ESA2010 Code  (NOB),-5679.0
"General Government Transactions ESA 2010: Revenue, Expenditure, Financing and Deficit",2009Q3,Net acquisition of non-financial assets - ESA2010 Code (P5 + NP - P51c),940.0
"General Government Transactions ESA 2010: Revenue, Expenditure, Financing and Deficit",2009Q3,General Government Surplus/Deficit - ESA2010 Code (B9),-6619.0
"General Government Transactions ESA 2010: Revenue, Expenditure, Financing and Deficit",2009Q3,Net acquisition of financial assets,-3662.0
"General Government Transactions ESA 2010: Revenue, Expenditure, Financing and Deficit",2009Q3,Net acquisition of financial assets - Debt instruments - ESA2010 Code (F2 + F3 + F4),-2469.0
"General Government Transactions ESA 2010: Revenue, Expenditure, Financing and Deficit",2009Q3,Net acquisition of financial assets - Equity and Investment Fund Shares - ESA2010 Code (F5),-859.0
"General Government Transactions ESA 2010: Revenue, Expenditure, Financing and Deficit",2009Q3,Net acquisition of financial assets - Other financial assets - ESA2010 Code (F6 + F7 + F8),-334.0
"General Government Transactions ESA 2010: Revenue, Expenditure, Financing and Deficit",2009Q3,Net incurrence of liabilities,2805.0
"General Government Transactions ESA 2010: Revenue, Expenditure, Financing and Deficit",2009Q3,Net incurrence of liabilities - Debt instruments - ESA2010 Code (F2 + F3 + F4),2762.0
"General Government Transactions ESA 2010: Revenue, Expenditure, Financing and Deficit",2009Q3,Net incurrence of liabilities - Other liabilities - ESA2010 Code (F5 + F6 + F7 + F8),43.0
"General Government Transactions ESA 2010: Revenue, Expenditure, Financing and Deficit",2009Q3,Memo: Net derivative flows on debt interest swap contracts,-2.0
"General Government Transactions ESA 2010: Revenue, Expenditure, Financing and Deficit",2009Q3,General Government transactions - Seasonally Adjusted Revenue - ESA2010 Code (TR),14155.0
"General Government Transactions ESA 2010: Revenue, Expenditure, Financing and Deficit",2009Q3,General Government transactions - Seasonally Adjusted Expenditure - ESA2010 Code (TE),20080.0
"General Government Transactions ESA 2010: Revenue, Expenditure, Financing and Deficit",2009Q3,General Government Seasonally Adjusted Surplus/Deficit - ESA2010 Code (B9),-5924.0
"General Government Transactions ESA 2010: Revenue, Expenditure, Financing and Deficit",2009Q4,General Government transactions - Revenue - ESA2010 Code (TR),15731.0
"General Government Transactions ESA 2010: Revenue, Expenditure, Financing and Deficit",2009Q4,General Government transactions - Revenue - Taxes and social contributions - ESA2010 Code ( D2 + D5 + D91 + D61),13525.0
"General Government Transactions ESA 2010: Revenue, Expenditure, Financing and Deficit",2009Q4,General Government transactions - Revenue - Taxes - ESA2010 Code (D2 + D5 + D91),10852.0
"General Government Transactions ESA 2010: Revenue, Expenditure, Financing and Deficit",2009Q4,General Government transactions - Revenue - Social contributions - ESA2010 Code (D61),2674.0
"General Government Transactions ESA 2010: Revenue, Expenditure, Financing and Deficit",2009Q4,General Government transactions - Revenue - Sales of goods and services - ESA2010 Code (P10),1426.0
"General Government Transactions ESA 2010: Revenue, Expenditure, Financing and Deficit",2009Q4,General Government transactions - Revenue - Investment income - ESA2010 Code (D4),442.0
"General Government Transactions ESA 2010: Revenue, Expenditure, Financing and Deficit",2009Q4,General Government transactions - Revenue - Current transfer revenue (excluding taxes) - ESA2010 Code (D7),58.0
"General Government Transactions ESA 2010: Revenue, Expenditure, Financing and Deficit",2009Q4,General Government transactions - Revenue - Capital transfer revenue (excluding taxes) - ESA2010 Code (D9N),279.0
"General Government Transactions ESA 2010: Revenue, Expenditure, Financing and Deficit",2009Q4,General Government transactions - Expenditure - ESA2010 Code (TE),19674.0
"General Government Transactions ESA 2010: Revenue, Expenditure, Financing and Deficit",2009Q4,General Government transactions - Expenditure - Expense - ESA2010 Code (Expense),18546.0
"General Government Transactions ESA 2010: Revenue, Expenditure, Financing and Deficit",2009Q4,General Government transactions - Expenditure - Compensation of employees - ESA2010 Code (D1),5457.0
"General Government Transactions ESA 2010: Revenue, Expenditure, Financing and Deficit",2009Q4,General Government transactions - Expenditure - Use of goods and services plus taxes payable - ESA2010 Code (P2 + D5 + D29),2684.0
"General Government Transactions ESA 2010: Revenue, Expenditure, Financing and Deficit",2009Q4,General Government transactions - Expenditure - Depreciation (consumption of fixed capital) - ESA2010 Code (P51c),810.0
"General Government Transactions ESA 2010: Revenue, Expenditure, Financing and Deficit",2009Q4,General Government transactions - Expenditure - Interest (excluding FISIM) - ESA2010 Code (D41),847.0
"General Government Transactions ESA 2010: Revenue, Expenditure, Financing and Deficit",2009Q4,General Government transactions - Expenditure - Subsidies - ESA2010 Code (D3),514.0
"General Government Transactions ESA 2010: Revenue, Expenditure, Financing and Deficit",2009Q4,General Government transactions - Expenditure - Social benefits - ESA2010 Code (D62 + D632),7065.0
"General Government Transactions ESA 2010: Revenue, Expenditure, Financing and Deficit",2009Q4,General Government transactions - Expenditure - Other current transfers - ESA2010 Code (D7),516.0
"General Government Transactions ESA 2010: Revenue, Expenditure, Financing and Deficit",2009Q4,General Government transactions - Expenditure - Capital transfers - ESA2010 Code (D9),653.0
"General Government Transactions ESA 2010: Revenue, Expenditure, Financing and Deficit",2009Q4,Net operating balance - ESA2010 Code  (NOB),-2816.0
"General Government Transactions ESA 2010: Revenue, Expenditure, Financing and Deficit",2009Q4,Net acquisition of non-financial assets - ESA2010 Code (P5 + NP - P51c),1127.0
"General Government Transactions ESA 2010: Revenue, Expenditure, Financing and Deficit",2009Q4,General Government Surplus/Deficit - ESA2010 Code (B9),-3943.0
"General Government Transactions ESA 2010: Revenue, Expenditure, Financing and Deficit",2009Q4,Net acquisition of financial assets,-2243.0
"General Government Transactions ESA 2010: Revenue, Expenditure, Financing and Deficit",2009Q4,Net acquisition of financial assets - Debt instruments - ESA2010 Code (F2 + F3 + F4),-2307.0
"General Government Transactions ESA 2010: Revenue, Expenditure, Financing and Deficit",2009Q4,Net acquisition of financial assets - Equity and Investment Fund Shares - ESA2010 Code (F5),-1220.0
"General Government Transactions ESA 2010: Revenue, Expenditure, Financing and Deficit",2009Q4,Net acquisition of financial assets - Other financial assets - ESA2010 Code (F6 + F7 + F8),1284.0
"General Government Transactions ESA 2010: Revenue, Expenditure, Financing and Deficit",2009Q4,Net incurrence of liabilities,2601.0
"General Government Transactions ESA 2010: Revenue, Expenditure, Financing and Deficit",2009Q4,Net incurrence of liabilities - Debt instruments - ESA2010 Code (F2 + F3 + F4),2200.0
"General Government Transactions ESA 2010: Revenue, Expenditure, Financing and Deficit",2009Q4,Net incurrence of liabilities - Other liabilities - ESA2010 Code (F5 + F6 + F7 + F8),401.0
"General Government Transactions ESA 2010: Revenue, Expenditure, Financing and Deficit",2009Q4,Memo: Net derivative flows on debt interest swap contracts,-2.0
"General Government Transactions ESA 2010: Revenue, Expenditure, Financing and Deficit",2009Q4,General Government transactions - Seasonally Adjusted Revenue - ESA2010 Code (TR),13159.0
"General Government Transactions ESA 2010: Revenue, Expenditure, Financing and Deficit",2009Q4,General Government transactions - Seasonally Adjusted Expenditure - ESA2010 Code (TE),18596.0
"General Government Transactions ESA 2010: Revenue, Expenditure, Financing and Deficit",2009Q4,General Government Seasonally Adjusted Surplus/Deficit - ESA2010 Code (B9),-5437.0
"General Government Transactions ESA 2010: Revenue, Expenditure, Financing and Deficit",2010Q1,General Government transactions - Revenue - ESA2010 Code (TR),12535.0
"General Government Transactions ESA 2010: Revenue, Expenditure, Financing and Deficit",2010Q1,General Government transactions - Revenue - Taxes and social contributions - ESA2010 Code ( D2 + D5 + D91 + D61),11187.0
"General Government Transactions ESA 2010: Revenue, Expenditure, Financing and Deficit",2010Q1,General Government transactions - Revenue - Taxes - ESA2010 Code (D2 + D5 + D91),8690.0
"General Government Transactions ESA 2010: Revenue, Expenditure, Financing and Deficit",2010Q1,General Government transactions - Revenue - Social contributions - ESA2010 Code (D61),2497.0
"General Government Transactions ESA 2010: Revenue, Expenditure, Financing and Deficit",2010Q1,General Government transactions - Revenue - Sales of goods and services - ESA2010 Code (P10),963.0
"General Government Transactions ESA 2010: Revenue, Expenditure, Financing and Deficit",2010Q1,General Government transactions - Revenue - Investment income - ESA2010 Code (D4),274.0
"General Government Transactions ESA 2010: Revenue, Expenditure, Financing and Deficit",2010Q1,General Government transactions - Revenue - Current transfer revenue (excluding taxes) - ESA2010 Code (D7),53.0
"General Government Transactions ESA 2010: Revenue, Expenditure, Financing and Deficit",2010Q1,General Government transactions - Revenue - Capital transfer revenue (excluding taxes) - ESA2010 Code (D9N),57.0
"General Government Transactions ESA 2010: Revenue, Expenditure, Financing and Deficit",2010Q1,General Government transactions - Expenditure - ESA2010 Code (TE),29060.0
"General Government Transactions ESA 2010: Revenue, Expenditure, Financing and Deficit",2010Q1,General Government transactions - Expenditure - Expense - ESA2010 Code (Expense),28650.0
"General Government Transactions ESA 2010: Revenue, Expenditure, Financing and Deficit",2010Q1,General Government transactions - Expenditure - Compensation of employees - ESA2010 Code (D1),4829.0
"General Government Transactions ESA 2010: Revenue, Expenditure, Financing and Deficit",2010Q1,General Government transactions - Expenditure - Use of goods and services plus taxes payable - ESA2010 Code (P2 + D5 + D29),2150.0
"General Government Transactions ESA 2010: Revenue, Expenditure, Financing and Deficit",2010Q1,General Government transactions - Expenditure - Depreciation (consumption of fixed capital) - ESA2010 Code (P51c),778.0
"General Government Transactions ESA 2010: Revenue, Expenditure, Financing and Deficit",2010Q1,General Government transactions - Expenditure - Interest (excluding FISIM) - ESA2010 Code (D41),1162.0
"General Government Transactions ESA 2010: Revenue, Expenditure, Financing and Deficit",2010Q1,General Government transactions - Expenditure - Subsidies - ESA2010 Code (D3),484.0
"General Government Transactions ESA 2010: Revenue, Expenditure, Financing and Deficit",2010Q1,General Government transactions - Expenditure - Social benefits - ESA2010 Code (D62 + D632),6774.0
"General Government Transactions ESA 2010: Revenue, Expenditure, Financing and Deficit",2010Q1,General Government transactions - Expenditure - Other current transfers - ESA2010 Code (D7),821.0
"General Government Transactions ESA 2010: Revenue, Expenditure, Financing and Deficit",2010Q1,General Government transactions - Expenditure - Capital transfers - ESA2010 Code (D9),11653.0
"General Government Transactions ESA 2010: Revenue, Expenditure, Financing and Deficit",2010Q1,Net operating balance - ESA2010 Code  (NOB),-16116.0
"General Government Transactions ESA 2010: Revenue, Expenditure, Financing and Deficit",2010Q1,Net acquisition of non-financial assets - ESA2010 Code (P5 + NP - P51c),410.0
"General Government Transactions ESA 2010: Revenue, Expenditure, Financing and Deficit",2010Q1,General Government Surplus/Deficit - ESA2010 Code (B9),-16526.0
"General Government Transactions ESA 2010: Revenue, Expenditure, Financing and Deficit",2010Q1,Net acquisition of financial assets,5044.0
"General Government Transactions ESA 2010: Revenue, Expenditure, Financing and Deficit",2010Q1,Net acquisition of financial assets - Debt instruments - ESA2010 Code (F2 + F3 + F4),4991.0
"General Government Transactions ESA 2010: Revenue, Expenditure, Financing and Deficit",2010Q1,Net acquisition of financial assets - Equity and Investment Fund Shares - ESA2010 Code (F5),604.0
"General Government Transactions ESA 2010: Revenue, Expenditure, Financing and Deficit",2010Q1,Net acquisition of financial assets - Other financial assets - ESA2010 Code (F6 + F7 + F8),-550.0
"General Government Transactions ESA 2010: Revenue, Expenditure, Financing and Deficit",2010Q1,Net incurrence of liabilities,20903.0
"General Government Transactions ESA 2010: Revenue, Expenditure, Financing and Deficit",2010Q1,Net incurrence of liabilities - Debt instruments - ESA2010 Code (F2 + F3 + F4),19885.0
"General Government Transactions ESA 2010: Revenue, Expenditure, Financing and Deficit",2010Q1,Net incurrence of liabilities - Other liabilities - ESA2010 Code (F5 + F6 + F7 + F8),1017.0
"General Government Transactions ESA 2010: Revenue, Expenditure, Financing and Deficit",2010Q1,Memo: Net derivative flows on debt interest swap contracts,3.0
"General Government Transactions ESA 2010: Revenue, Expenditure, Financing and Deficit",2010Q1,General Government transactions - Seasonally Adjusted Revenue - ESA2010 Code (TR),13593.0
"General Government Transactions ESA 2010: Revenue, Expenditure, Financing and Deficit",2010Q1,General Government transactions - Seasonally Adjusted Expenditure - ESA2010 Code (TE),29662.0
"General Government Transactions ESA 2010: Revenue, Expenditure, Financing and Deficit",2010Q1,General Government Seasonally Adjusted Surplus/Deficit - ESA2010 Code (B9),-16070.0
"General Government Transactions ESA 2010: Revenue, Expenditure, Financing and Deficit",2010Q2,General Government transactions - Revenue - ESA2010 Code (TR),13167.0
"General Government Transactions ESA 2010: Revenue, Expenditure, Financing and Deficit",2010Q2,General Government transactions - Revenue - Taxes and social contributions - ESA2010 Code ( D2 + D5 + D91 + D61),11093.0
"General Government Transactions ESA 2010: Revenue, Expenditure, Financing and Deficit",2010Q2,General Government transactions - Revenue - Taxes - ESA2010 Code (D2 + D5 + D91),8731.0
"General Government Transactions ESA 2010: Revenue, Expenditure, Financing and Deficit",2010Q2,General Government transactions - Revenue - Social contributions - ESA2010 Code (D61),2362.0
"General Government Transactions ESA 2010: Revenue, Expenditure, Financing and Deficit",2010Q2,General Government transactions - Revenue - Sales of goods and services - ESA2010 Code (P10),802.0
"General Government Transactions ESA 2010: Revenue, Expenditure, Financing and Deficit",2010Q2,General Government transactions - Revenue - Investment income - ESA2010 Code (D4),1120.0
"General Government Transactions ESA 2010: Revenue, Expenditure, Financing and Deficit",2010Q2,General Government transactions - Revenue - Current transfer revenue (excluding taxes) - ESA2010 Code (D7),53.0
"General Government Transactions ESA 2010: Revenue, Expenditure, Financing and Deficit",2010Q2,General Government transactions - Revenue - Capital transfer revenue (excluding taxes) - ESA2010 Code (D9N),100.0
"General Government Transactions ESA 2010: Revenue, Expenditure, Financing and Deficit",2010Q2,General Government transactions - Expenditure - ESA2010 Code (TE),19485.0
"General Government Transactions ESA 2010: Revenue, Expenditure, Financing and Deficit",2010Q2,General Government transactions - Expenditure - Expense - ESA2010 Code (Expense),19204.0
"General Government Transactions ESA 2010: Revenue, Expenditure, Financing and Deficit",2010Q2,General Government transactions - Expenditure - Compensation of employees - ESA2010 Code (D1),4636.0
"General Government Transactions ESA 2010: Revenue, Expenditure, Financing and Deficit",2010Q2,General Government transactions - Expenditure - Use of goods and services plus taxes payable - ESA2010 Code (P2 + D5 + D29),1971.0
"General Government Transactions ESA 2010: Revenue, Expenditure, Financing and Deficit",2010Q2,General Government transactions - Expenditure - Depreciation (consumption of fixed capital) - ESA2010 Code (P51c),778.0
"General Government Transactions ESA 2010: Revenue, Expenditure, Financing and Deficit",2010Q2,General Government transactions - Expenditure - Interest (excluding FISIM) - ESA2010 Code (D41),1062.0
"General Government Transactions ESA 2010: Revenue, Expenditure, Financing and Deficit",2010Q2,General Government transactions - Expenditure - Subsidies - ESA2010 Code (D3),439.0
"General Government Transactions ESA 2010: Revenue, Expenditure, Financing and Deficit",2010Q2,General Government transactions - Expenditure - Social benefits - ESA2010 Code (D62 + D632),7096.0
"General Government Transactions ESA 2010: Revenue, Expenditure, Financing and Deficit",2010Q2,General Government transactions - Expenditure - Other current transfers - ESA2010 Code (D7),564.0
"General Government Transactions ESA 2010: Revenue, Expenditure, Financing and Deficit",2010Q2,General Government transactions - Expenditure - Capital transfers - ESA2010 Code (D9),2658.0
"General Government Transactions ESA 2010: Revenue, Expenditure, Financing and Deficit",2010Q2,Net operating balance - ESA2010 Code  (NOB),-6037.0
"General Government Transactions ESA 2010: Revenue, Expenditure, Financing and Deficit",2010Q2,Net acquisition of non-financial assets - ESA2010 Code (P5 + NP - P51c),281.0
"General Government Transactions ESA 2010: Revenue, Expenditure, Financing and Deficit",2010Q2,General Government Surplus/Deficit - ESA2010 Code (B9),-6318.0
"General Government Transactions ESA 2010: Revenue, Expenditure, Financing and Deficit",2010Q2,Net acquisition of financial assets,-7093.0
"General Government Transactions ESA 2010: Revenue, Expenditure, Financing and Deficit",2010Q2,Net acquisition of financial assets - Debt instruments - ESA2010 Code (F2 + F3 + F4),-9359.0
"General Government Transactions ESA 2010: Revenue, Expenditure, Financing and Deficit",2010Q2,Net acquisition of financial assets - Equity and Investment Fund Shares - ESA2010 Code (F5),2129.0
"General Government Transactions ESA 2010: Revenue, Expenditure, Financing and Deficit",2010Q2,Net acquisition of financial assets - Other financial assets - ESA2010 Code (F6 + F7 + F8),137.0
"General Government Transactions ESA 2010: Revenue, Expenditure, Financing and Deficit",2010Q2,Net incurrence of liabilities,-635.0
"General Government Transactions ESA 2010: Revenue, Expenditure, Financing and Deficit",2010Q2,Net incurrence of liabilities - Debt instruments - ESA2010 Code (F2 + F3 + F4),-1167.0
"General Government Transactions ESA 2010: Revenue, Expenditure, Financing and Deficit",2010Q2,Net incurrence of liabilities - Other liabilities - ESA2010 Code (F5 + F6 + F7 + F8),531.0
"General Government Transactions ESA 2010: Revenue, Expenditure, Financing and Deficit",2010Q2,Memo: Net derivative flows on debt interest swap contracts,3.0
"General Government Transactions ESA 2010: Revenue, Expenditure, Financing and Deficit",2010Q2,General Government transactions - Seasonally Adjusted Revenue - ESA2010 Code (TR),14053.0
"General Government Transactions ESA 2010: Revenue, Expenditure, Financing and Deficit",2010Q2,General Government transactions - Seasonally Adjusted Expenditure - ESA2010 Code (TE),20494.0
"General Government Transactions ESA 2010: Revenue, Expenditure, Financing and Deficit",2010Q2,General Government Seasonally Adjusted Surplus/Deficit - ESA2010 Code (B9),-6441.0
"General Government Transactions ESA 2010: Revenue, Expenditure, Financing and Deficit",2010Q3,General Government transactions - Revenue - ESA2010 Code (TR),12876.0
"General Government Transactions ESA 2010: Revenue, Expenditure, Financing and Deficit",2010Q3,General Government transactions - Revenue - Taxes and social contributions - ESA2010 Code ( D2 + D5 + D91 + D61),11470.0
"General Government Transactions ESA 2010: Revenue, Expenditure, Financing and Deficit",2010Q3,General Government transactions - Revenue - Taxes - ESA2010 Code (D2 + D5 + D91),9332.0
"General Government Transactions ESA 2010: Revenue, Expenditure, Financing and Deficit",2010Q3,General Government transactions - Revenue - Social contributions - ESA2010 Code (D61),2139.0
"General Government Transactions ESA 2010: Revenue, Expenditure, Financing and Deficit",2010Q3,General Government transactions - Revenue - Sales of goods and services - ESA2010 Code (P10),926.0
"General Government Transactions ESA 2010: Revenue, Expenditure, Financing and Deficit",2010Q3,General Government transactions - Revenue - Investment income - ESA2010 Code (D4),341.0
"General Government Transactions ESA 2010: Revenue, Expenditure, Financing and Deficit",2010Q3,General Government transactions - Revenue - Current transfer revenue (excluding taxes) - ESA2010 Code (D7),53.0
"General Government Transactions ESA 2010: Revenue, Expenditure, Financing and Deficit",2010Q3,General Government transactions - Revenue - Capital transfer revenue (excluding taxes) - ESA2010 Code (D9N),84.0
"General Government Transactions ESA 2010: Revenue, Expenditure, Financing and Deficit",2010Q3,General Government transactions - Expenditure - ESA2010 Code (TE),26487.0
"General Government Transactions ESA 2010: Revenue, Expenditure, Financing and Deficit",2010Q3,General Government transactions - Expenditure - Expense - ESA2010 Code (Expense),26242.0
"General Government Transactions ESA 2010: Revenue, Expenditure, Financing and Deficit",2010Q3,General Government transactions - Expenditure - Compensation of employees - ESA2010 Code (D1),4764.0
"General Government Transactions ESA 2010: Revenue, Expenditure, Financing and Deficit",2010Q3,General Government transactions - Expenditure - Use of goods and services plus taxes payable - ESA2010 Code (P2 + D5 + D29),1912.0
"General Government Transactions ESA 2010: Revenue, Expenditure, Financing and Deficit",2010Q3,General Government transactions - Expenditure - Depreciation (consumption of fixed capital) - ESA2010 Code (P51c),778.0
"General Government Transactions ESA 2010: Revenue, Expenditure, Financing and Deficit",2010Q3,General Government transactions - Expenditure - Interest (excluding FISIM) - ESA2010 Code (D41),1530.0
"General Government Transactions ESA 2010: Revenue, Expenditure, Financing and Deficit",2010Q3,General Government transactions - Expenditure - Subsidies - ESA2010 Code (D3),473.0
"General Government Transactions ESA 2010: Revenue, Expenditure, Financing and Deficit",2010Q3,General Government transactions - Expenditure - Social benefits - ESA2010 Code (D62 + D632),7071.0
"General Government Transactions ESA 2010: Revenue, Expenditure, Financing and Deficit",2010Q3,General Government transactions - Expenditure - Other current transfers - ESA2010 Code (D7),629.0
"General Government Transactions ESA 2010: Revenue, Expenditure, Financing and Deficit",2010Q3,General Government transactions - Expenditure - Capital transfers - ESA2010 Code (D9),9086.0
"General Government Transactions ESA 2010: Revenue, Expenditure, Financing and Deficit",2010Q3,Net operating balance - ESA2010 Code  (NOB),-13367.0
"General Government Transactions ESA 2010: Revenue, Expenditure, Financing and Deficit",2010Q3,Net acquisition of non-financial assets - ESA2010 Code (P5 + NP - P51c),245.0
"General Government Transactions ESA 2010: Revenue, Expenditure, Financing and Deficit",2010Q3,General Government Surplus/Deficit - ESA2010 Code (B9),-13611.0
"General Government Transactions ESA 2010: Revenue, Expenditure, Financing and Deficit",2010Q3,Net acquisition of financial assets,3031.0
"General Government Transactions ESA 2010: Revenue, Expenditure, Financing and Deficit",2010Q3,Net acquisition of financial assets - Debt instruments - ESA2010 Code (F2 + F3 + F4),2459.0
"General Government Transactions ESA 2010: Revenue, Expenditure, Financing and Deficit",2010Q3,Net acquisition of financial assets - Equity and Investment Fund Shares - ESA2010 Code (F5),698.0
"General Government Transactions ESA 2010: Revenue, Expenditure, Financing and Deficit",2010Q3,Net acquisition of financial assets - Other financial assets - ESA2010 Code (F6 + F7 + F8),-126.0
"General Government Transactions ESA 2010: Revenue, Expenditure, Financing and Deficit",2010Q3,Net incurrence of liabilities,16824.0
"General Government Transactions ESA 2010: Revenue, Expenditure, Financing and Deficit",2010Q3,Net incurrence of liabilities - Debt instruments - ESA2010 Code (F2 + F3 + F4),16843.0
"General Government Transactions ESA 2010: Revenue, Expenditure, Financing and Deficit",2010Q3,Net incurrence of liabilities - Other liabilities - ESA2010 Code (F5 + F6 + F7 + F8),-19.0
"General Government Transactions ESA 2010: Revenue, Expenditure, Financing and Deficit",2010Q3,Memo: Net derivative flows on debt interest swap contracts,3.0
"General Government Transactions ESA 2010: Revenue, Expenditure, Financing and Deficit",2010Q3,General Government transactions - Seasonally Adjusted Revenue - ESA2010 Code (TR),13352.0
"General Government Transactions ESA 2010: Revenue, Expenditure, Financing and Deficit",2010Q3,General Government transactions - Seasonally Adjusted Expenditure - ESA2010 Code (TE),26117.0
"General Government Transactions ESA 2010: Revenue, Expenditure, Financing and Deficit",2010Q3,General Government Seasonally Adjusted Surplus/Deficit - ESA2010 Code (B9),-12765.0
"General Government Transactions ESA 2010: Revenue, Expenditure, Financing and Deficit",2010Q4,General Government transactions - Revenue - ESA2010 Code (TR),16286.0
"General Government Transactions ESA 2010: Revenue, Expenditure, Financing and Deficit",2010Q4,General Government transactions - Revenue - Taxes and social contributions - ESA2010 Code ( D2 + D5 + D91 + D61),13651.0
"General Government Transactions ESA 2010: Revenue, Expenditure, Financing and Deficit",2010Q4,General Government transactions - Revenue - Taxes - ESA2010 Code (D2 + D5 + D91),11137.0
"General Government Transactions ESA 2010: Revenue, Expenditure, Financing and Deficit",2010Q4,General Government transactions - Revenue - Social contributions - ESA2010 Code (D61),2513.0
"General Government Transactions ESA 2010: Revenue, Expenditure, Financing and Deficit",2010Q4,General Government transactions - Revenue - Sales of goods and services - ESA2010 Code (P10),2055.0
"General Government Transactions ESA 2010: Revenue, Expenditure, Financing and Deficit",2010Q4,General Government transactions - Revenue - Investment income - ESA2010 Code (D4),393.0
"General Government Transactions ESA 2010: Revenue, Expenditure, Financing and Deficit",2010Q4,General Government transactions - Revenue - Current transfer revenue (excluding taxes) - ESA2010 Code (D7),106.0
"General Government Transactions ESA 2010: Revenue, Expenditure, Financing and Deficit",2010Q4,General Government transactions - Revenue - Capital transfer revenue (excluding taxes) - ESA2010 Code (D9N),81.0
"General Government Transactions ESA 2010: Revenue, Expenditure, Financing and Deficit",2010Q4,General Government transactions - Expenditure - ESA2010 Code (TE),33595.0
"General Government Transactions ESA 2010: Revenue, Expenditure, Financing and Deficit",2010Q4,General Government transactions - Expenditure - Expense - ESA2010 Code (Expense),32032.0
"General Government Transactions ESA 2010: Revenue, Expenditure, Financing and Deficit",2010Q4,General Government transactions - Expenditure - Compensation of employees - ESA2010 Code (D1),5064.0
"General Government Transactions ESA 2010: Revenue, Expenditure, Financing and Deficit",2010Q4,General Government transactions - Expenditure - Use of goods and services plus taxes payable - ESA2010 Code (P2 + D5 + D29),3135.0
"General Government Transactions ESA 2010: Revenue, Expenditure, Financing and Deficit",2010Q4,General Government transactions - Expenditure - Depreciation (consumption of fixed capital) - ESA2010 Code (P51c),778.0
"General Government Transactions ESA 2010: Revenue, Expenditure, Financing and Deficit",2010Q4,General Government transactions - Expenditure - Interest (excluding FISIM) - ESA2010 Code (D41),994.0
"General Government Transactions ESA 2010: Revenue, Expenditure, Financing and Deficit",2010Q4,General Government transactions - Expenditure - Subsidies - ESA2010 Code (D3),641.0
"General Government Transactions ESA 2010: Revenue, Expenditure, Financing and Deficit",2010Q4,General Government transactions - Expenditure - Social benefits - ESA2010 Code (D62 + D632),7165.0
"General Government Transactions ESA 2010: Revenue, Expenditure, Financing and Deficit",2010Q4,General Government transactions - Expenditure - Other current transfers - ESA2010 Code (D7),651.0
"General Government Transactions ESA 2010: Revenue, Expenditure, Financing and Deficit",2010Q4,General Government transactions - Expenditure - Capital transfers - ESA2010 Code (D9),13605.0
"General Government Transactions ESA 2010: Revenue, Expenditure, Financing and Deficit",2010Q4,Net operating balance - ESA2010 Code  (NOB),-15746.0
"General Government Transactions ESA 2010: Revenue, Expenditure, Financing and Deficit",2010Q4,Net acquisition of non-financial assets - ESA2010 Code (P5 + NP - P51c),1564.0
"General Government Transactions ESA 2010: Revenue, Expenditure, Financing and Deficit",2010Q4,General Government Surplus/Deficit - ESA2010 Code (B9),-17309.0
"General Government Transactions ESA 2010: Revenue, Expenditure, Financing and Deficit",2010Q4,Net acquisition of financial assets,-12957.0
"General Government Transactions ESA 2010: Revenue, Expenditure, Financing and Deficit",2010Q4,Net acquisition of financial assets - Debt instruments - ESA2010 Code (F2 + F3 + F4),-7226.0
"General Government Transactions ESA 2010: Revenue, Expenditure, Financing and Deficit",2010Q4,Net acquisition of financial assets - Equity and Investment Fund Shares - ESA2010 Code (F5),-5819.0
"General Government Transactions ESA 2010: Revenue, Expenditure, Financing and Deficit",2010Q4,Net acquisition of financial assets - Other financial assets - ESA2010 Code (F6 + F7 + F8),88.0
"General Government Transactions ESA 2010: Revenue, Expenditure, Financing and Deficit",2010Q4,Net incurrence of liabilities,4691.0
"General Government Transactions ESA 2010: Revenue, Expenditure, Financing and Deficit",2010Q4,Net incurrence of liabilities - Debt instruments - ESA2010 Code (F2 + F3 + F4),5091.0
"General Government Transactions ESA 2010: Revenue, Expenditure, Financing and Deficit",2010Q4,Net incurrence of liabilities - Other liabilities - ESA2010 Code (F5 + F6 + F7 + F8),-399.0
"General Government Transactions ESA 2010: Revenue, Expenditure, Financing and Deficit",2010Q4,Memo: Net derivative flows on debt interest swap contracts,3.0
"General Government Transactions ESA 2010: Revenue, Expenditure, Financing and Deficit",2010Q4,General Government transactions - Seasonally Adjusted Revenue - ESA2010 Code (TR),13986.0
"General Government Transactions ESA 2010: Revenue, Expenditure, Financing and Deficit",2010Q4,General Government transactions - Seasonally Adjusted Expenditure - ESA2010 Code (TE),31540.0
"General Government Transactions ESA 2010: Revenue, Expenditure, Financing and Deficit",2010Q4,General Government Seasonally Adjusted Surplus/Deficit - ESA2010 Code (B9),-17554.0
"General Government Transactions ESA 2010: Revenue, Expenditure, Financing and Deficit",2011Q1,General Government transactions - Revenue - ESA2010 Code (TR),13225.0
"General Government Transactions ESA 2010: Revenue, Expenditure, Financing and Deficit",2011Q1,General Government transactions - Revenue - Taxes and social contributions - ESA2010 Code ( D2 + D5 + D91 + D61),11770.0
"General Government Transactions ESA 2010: Revenue, Expenditure, Financing and Deficit",2011Q1,General Government transactions - Revenue - Taxes - ESA2010 Code (D2 + D5 + D91),8879.0
"General Government Transactions ESA 2010: Revenue, Expenditure, Financing and Deficit",2011Q1,General Government transactions - Revenue - Social contributions - ESA2010 Code (D61),2891.0
"General Government Transactions ESA 2010: Revenue, Expenditure, Financing and Deficit",2011Q1,General Government transactions - Revenue - Sales of goods and services - ESA2010 Code (P10),983.0
"General Government Transactions ESA 2010: Revenue, Expenditure, Financing and Deficit",2011Q1,General Government transactions - Revenue - Investment income - ESA2010 Code (D4),267.0
"General Government Transactions ESA 2010: Revenue, Expenditure, Financing and Deficit",2011Q1,General Government transactions - Revenue - Current transfer revenue (excluding taxes) - ESA2010 Code (D7),54.0
"General Government Transactions ESA 2010: Revenue, Expenditure, Financing and Deficit",2011Q1,General Government transactions - Revenue - Capital transfer revenue (excluding taxes) - ESA2010 Code (D9N),151.0
"General Government Transactions ESA 2010: Revenue, Expenditure, Financing and Deficit",2011Q1,General Government transactions - Expenditure - ESA2010 Code (TE),17655.0
"General Government Transactions ESA 2010: Revenue, Expenditure, Financing and Deficit",2011Q1,General Government transactions - Expenditure - Expense - ESA2010 Code (Expense),17693.0
"General Government Transactions ESA 2010: Revenue, Expenditure, Financing and Deficit",2011Q1,General Government transactions - Expenditure - Compensation of employees - ESA2010 Code (D1),5174.0
"General Government Transactions ESA 2010: Revenue, Expenditure, Financing and Deficit",2011Q1,General Government transactions - Expenditure - Use of goods and services plus taxes payable - ESA2010 Code (P2 + D5 + D29),2062.0
"General Government Transactions ESA 2010: Revenue, Expenditure, Financing and Deficit",2011Q1,General Government transactions - Expenditure - Depreciation (consumption of fixed capital) - ESA2010 Code (P51c),763.0
"General Government Transactions ESA 2010: Revenue, Expenditure, Financing and Deficit",2011Q1,General Government transactions - Expenditure - Interest (excluding FISIM) - ESA2010 Code (D41),1081.0
"General Government Transactions ESA 2010: Revenue, Expenditure, Financing and Deficit",2011Q1,General Government transactions - Expenditure - Subsidies - ESA2010 Code (D3),446.0
"General Government Transactions ESA 2010: Revenue, Expenditure, Financing and Deficit",2011Q1,General Government transactions - Expenditure - Social benefits - ESA2010 Code (D62 + D632),6740.0
"General Government Transactions ESA 2010: Revenue, Expenditure, Financing and Deficit",2011Q1,General Government transactions - Expenditure - Other current transfers - ESA2010 Code (D7),960.0
"General Government Transactions ESA 2010: Revenue, Expenditure, Financing and Deficit",2011Q1,General Government transactions - Expenditure - Capital transfers - ESA2010 Code (D9),468.0
"General Government Transactions ESA 2010: Revenue, Expenditure, Financing and Deficit",2011Q1,Net operating balance - ESA2010 Code  (NOB),-4468.0
"General Government Transactions ESA 2010: Revenue, Expenditure, Financing and Deficit",2011Q1,Net acquisition of non-financial assets - ESA2010 Code (P5 + NP - P51c),-38.0
"General Government Transactions ESA 2010: Revenue, Expenditure, Financing and Deficit",2011Q1,General Government Surplus/Deficit - ESA2010 Code (B9),-4429.0
"General Government Transactions ESA 2010: Revenue, Expenditure, Financing and Deficit",2011Q1,Net acquisition of financial assets,8616.0
"General Government Transactions ESA 2010: Revenue, Expenditure, Financing and Deficit",2011Q1,Net acquisition of financial assets - Debt instruments - ESA2010 Code (F2 + F3 + F4),10719.0
"General Government Transactions ESA 2010: Revenue, Expenditure, Financing and Deficit",2011Q1,Net acquisition of financial assets - Equity and Investment Fund Shares - ESA2010 Code (F5),-3796.0
"General Government Transactions ESA 2010: Revenue, Expenditure, Financing and Deficit",2011Q1,Net acquisition of financial assets - Other financial assets - ESA2010 Code (F6 + F7 + F8),1693.0
"General Government Transactions ESA 2010: Revenue, Expenditure, Financing and Deficit",2011Q1,Net incurrence of liabilities,12680.0
"General Government Transactions ESA 2010: Revenue, Expenditure, Financing and Deficit",2011Q1,Net incurrence of liabilities - Debt instruments - ESA2010 Code (F2 + F3 + F4),11608.0
"General Government Transactions ESA 2010: Revenue, Expenditure, Financing and Deficit",2011Q1,Net incurrence of liabilities - Other liabilities - ESA2010 Code (F5 + F6 + F7 + F8),1072.0
"General Government Transactions ESA 2010: Revenue, Expenditure, Financing and Deficit",2011Q1,Memo: Net derivative flows on debt interest swap contracts,-33.0
"General Government Transactions ESA 2010: Revenue, Expenditure, Financing and Deficit",2011Q1,General Government transactions - Seasonally Adjusted Revenue - ESA2010 Code (TR),14350.0
"General Government Transactions ESA 2010: Revenue, Expenditure, Financing and Deficit",2011Q1,General Government transactions - Seasonally Adjusted Expenditure - ESA2010 Code (TE),18322.0
"General Government Transactions ESA 2010: Revenue, Expenditure, Financing and Deficit",2011Q1,General Government Seasonally Adjusted Surplus/Deficit - ESA2010 Code (B9),-3973.0
"General Government Transactions ESA 2010: Revenue, Expenditure, Financing and Deficit",2011Q2,General Government transactions - Revenue - ESA2010 Code (TR),13653.0
"General Government Transactions ESA 2010: Revenue, Expenditure, Financing and Deficit",2011Q2,General Government transactions - Revenue - Taxes and social contributions - ESA2010 Code ( D2 + D5 + D91 + D61),11285.0
"General Government Transactions ESA 2010: Revenue, Expenditure, Financing and Deficit",2011Q2,General Government transactions - Revenue - Taxes - ESA2010 Code (D2 + D5 + D91),8592.0
"General Government Transactions ESA 2010: Revenue, Expenditure, Financing and Deficit",2011Q2,General Government transactions - Revenue - Social contributions - ESA2010 Code (D61),2693.0
"General Government Transactions ESA 2010: Revenue, Expenditure, Financing and Deficit",2011Q2,General Government transactions - Revenue - Sales of goods and services - ESA2010 Code (P10),1117.0
"General Government Transactions ESA 2010: Revenue, Expenditure, Financing and Deficit",2011Q2,General Government transactions - Revenue - Investment income - ESA2010 Code (D4),1138.0
"General Government Transactions ESA 2010: Revenue, Expenditure, Financing and Deficit",2011Q2,General Government transactions - Revenue - Current transfer revenue (excluding taxes) - ESA2010 Code (D7),54.0
"General Government Transactions ESA 2010: Revenue, Expenditure, Financing and Deficit",2011Q2,General Government transactions - Revenue - Capital transfer revenue (excluding taxes) - ESA2010 Code (D9N),58.0
"General Government Transactions ESA 2010: Revenue, Expenditure, Financing and Deficit",2011Q2,General Government transactions - Expenditure - ESA2010 Code (TE),17591.0
"General Government Transactions ESA 2010: Revenue, Expenditure, Financing and Deficit",2011Q2,General Government transactions - Expenditure - Expense - ESA2010 Code (Expense),17568.0
"General Government Transactions ESA 2010: Revenue, Expenditure, Financing and Deficit",2011Q2,General Government transactions - Expenditure - Compensation of employees - ESA2010 Code (D1),5177.0
"General Government Transactions ESA 2010: Revenue, Expenditure, Financing and Deficit",2011Q2,General Government transactions - Expenditure - Use of goods and services plus taxes payable - ESA2010 Code (P2 + D5 + D29),2372.0
"General Government Transactions ESA 2010: Revenue, Expenditure, Financing and Deficit",2011Q2,General Government transactions - Expenditure - Depreciation (consumption of fixed capital) - ESA2010 Code (P51c),763.0
"General Government Transactions ESA 2010: Revenue, Expenditure, Financing and Deficit",2011Q2,General Government transactions - Expenditure - Interest (excluding FISIM) - ESA2010 Code (D41),1211.0
"General Government Transactions ESA 2010: Revenue, Expenditure, Financing and Deficit",2011Q2,General Government transactions - Expenditure - Subsidies - ESA2010 Code (D3),441.0
"General Government Transactions ESA 2010: Revenue, Expenditure, Financing and Deficit",2011Q2,General Government transactions - Expenditure - Social benefits - ESA2010 Code (D62 + D632),6805.0
"General Government Transactions ESA 2010: Revenue, Expenditure, Financing and Deficit",2011Q2,General Government transactions - Expenditure - Other current transfers - ESA2010 Code (D7),561.0
"General Government Transactions ESA 2010: Revenue, Expenditure, Financing and Deficit",2011Q2,General Government transactions - Expenditure - Capital transfers - ESA2010 Code (D9),238.0
"General Government Transactions ESA 2010: Revenue, Expenditure, Financing and Deficit",2011Q2,Net operating balance - ESA2010 Code  (NOB),-3915.0
"General Government Transactions ESA 2010: Revenue, Expenditure, Financing and Deficit",2011Q2,Net acquisition of non-financial assets - ESA2010 Code (P5 + NP - P51c),23.0
"General Government Transactions ESA 2010: Revenue, Expenditure, Financing and Deficit",2011Q2,General Government Surplus/Deficit - ESA2010 Code (B9),-3938.0
"General Government Transactions ESA 2010: Revenue, Expenditure, Financing and Deficit",2011Q2,Net acquisition of financial assets,-1647.0
"General Government Transactions ESA 2010: Revenue, Expenditure, Financing and Deficit",2011Q2,Net acquisition of financial assets - Debt instruments - ESA2010 Code (F2 + F3 + F4),-1481.0
"General Government Transactions ESA 2010: Revenue, Expenditure, Financing and Deficit",2011Q2,Net acquisition of financial assets - Equity and Investment Fund Shares - ESA2010 Code (F5),796.0
"General Government Transactions ESA 2010: Revenue, Expenditure, Financing and Deficit",2011Q2,Net acquisition of financial assets - Other financial assets - ESA2010 Code (F6 + F7 + F8),-962.0
"General Government Transactions ESA 2010: Revenue, Expenditure, Financing and Deficit",2011Q2,Net incurrence of liabilities,1826.0
"General Government Transactions ESA 2010: Revenue, Expenditure, Financing and Deficit",2011Q2,Net incurrence of liabilities - Debt instruments - ESA2010 Code (F2 + F3 + F4),2100.0
"General Government Transactions ESA 2010: Revenue, Expenditure, Financing and Deficit",2011Q2,Net incurrence of liabilities - Other liabilities - ESA2010 Code (F5 + F6 + F7 + F8),-274.0
"General Government Transactions ESA 2010: Revenue, Expenditure, Financing and Deficit",2011Q2,Memo: Net derivative flows on debt interest swap contracts,-33.0
"General Government Transactions ESA 2010: Revenue, Expenditure, Financing and Deficit",2011Q2,General Government transactions - Seasonally Adjusted Revenue - ESA2010 Code (TR),14255.0
"General Government Transactions ESA 2010: Revenue, Expenditure, Financing and Deficit",2011Q2,General Government transactions - Seasonally Adjusted Expenditure - ESA2010 Code (TE),18531.0
"General Government Transactions ESA 2010: Revenue, Expenditure, Financing and Deficit",2011Q2,General Government Seasonally Adjusted Surplus/Deficit - ESA2010 Code (B9),-4276.0
"General Government Transactions ESA 2010: Revenue, Expenditure, Financing and Deficit",2011Q3,General Government transactions - Revenue - ESA2010 Code (TR),14290.0
"General Government Transactions ESA 2010: Revenue, Expenditure, Financing and Deficit",2011Q3,General Government transactions - Revenue - Taxes and social contributions - ESA2010 Code ( D2 + D5 + D91 + D61),12553.0
"General Government Transactions ESA 2010: Revenue, Expenditure, Financing and Deficit",2011Q3,General Government transactions - Revenue - Taxes - ESA2010 Code (D2 + D5 + D91),9934.0
"General Government Transactions ESA 2010: Revenue, Expenditure, Financing and Deficit",2011Q3,General Government transactions - Revenue - Social contributions - ESA2010 Code (D61),2619.0
"General Government Transactions ESA 2010: Revenue, Expenditure, Financing and Deficit",2011Q3,General Government transactions - Revenue - Sales of goods and services - ESA2010 Code (P10),1108.0
"General Government Transactions ESA 2010: Revenue, Expenditure, Financing and Deficit",2011Q3,General Government transactions - Revenue - Investment income - ESA2010 Code (D4),498.0
"General Government Transactions ESA 2010: Revenue, Expenditure, Financing and Deficit",2011Q3,General Government transactions - Revenue - Current transfer revenue (excluding taxes) - ESA2010 Code (D7),54.0
"General Government Transactions ESA 2010: Revenue, Expenditure, Financing and Deficit",2011Q3,General Government transactions - Revenue - Capital transfer revenue (excluding taxes) - ESA2010 Code (D9N),76.0
"General Government Transactions ESA 2010: Revenue, Expenditure, Financing and Deficit",2011Q3,General Government transactions - Expenditure - ESA2010 Code (TE),25682.0
"General Government Transactions ESA 2010: Revenue, Expenditure, Financing and Deficit",2011Q3,General Government transactions - Expenditure - Expense - ESA2010 Code (Expense),25472.0
"General Government Transactions ESA 2010: Revenue, Expenditure, Financing and Deficit",2011Q3,General Government transactions - Expenditure - Compensation of employees - ESA2010 Code (D1),5129.0
"General Government Transactions ESA 2010: Revenue, Expenditure, Financing and Deficit",2011Q3,General Government transactions - Expenditure - Use of goods and services plus taxes payable - ESA2010 Code (P2 + D5 + D29),2334.0
"General Government Transactions ESA 2010: Revenue, Expenditure, Financing and Deficit",2011Q3,General Government transactions - Expenditure - Depreciation (consumption of fixed capital) - ESA2010 Code (P51c),813.0
"General Government Transactions ESA 2010: Revenue, Expenditure, Financing and Deficit",2011Q3,General Government transactions - Expenditure - Interest (excluding FISIM) - ESA2010 Code (D41),1845.0
"General Government Transactions ESA 2010: Revenue, Expenditure, Financing and Deficit",2011Q3,General Government transactions - Expenditure - Subsidies - ESA2010 Code (D3),469.0
"General Government Transactions ESA 2010: Revenue, Expenditure, Financing and Deficit",2011Q3,General Government transactions - Expenditure - Social benefits - ESA2010 Code (D62 + D632),7138.0
"General Government Transactions ESA 2010: Revenue, Expenditure, Financing and Deficit",2011Q3,General Government transactions - Expenditure - Other current transfers - ESA2010 Code (D7),638.0
"General Government Transactions ESA 2010: Revenue, Expenditure, Financing and Deficit",2011Q3,General Government transactions - Expenditure - Capital transfers - ESA2010 Code (D9),7107.0
"General Government Transactions ESA 2010: Revenue, Expenditure, Financing and Deficit",2011Q3,Net operating balance - ESA2010 Code  (NOB),-11182.0
"General Government Transactions ESA 2010: Revenue, Expenditure, Financing and Deficit",2011Q3,Net acquisition of non-financial assets - ESA2010 Code (P5 + NP - P51c),209.0
"General Government Transactions ESA 2010: Revenue, Expenditure, Financing and Deficit",2011Q3,General Government Surplus/Deficit - ESA2010 Code (B9),-11392.0
"General Government Transactions ESA 2010: Revenue, Expenditure, Financing and Deficit",2011Q3,Net acquisition of financial assets,8.0
"General Government Transactions ESA 2010: Revenue, Expenditure, Financing and Deficit",2011Q3,Net acquisition of financial assets - Debt instruments - ESA2010 Code (F2 + F3 + F4),-6983.0
"General Government Transactions ESA 2010: Revenue, Expenditure, Financing and Deficit",2011Q3,Net acquisition of financial assets - Equity and Investment Fund Shares - ESA2010 Code (F5),7441.0
"General Government Transactions ESA 2010: Revenue, Expenditure, Financing and Deficit",2011Q3,Net acquisition of financial assets - Other financial assets - ESA2010 Code (F6 + F7 + F8),-450.0
"General Government Transactions ESA 2010: Revenue, Expenditure, Financing and Deficit",2011Q3,Net incurrence of liabilities,10369.0
"General Government Transactions ESA 2010: Revenue, Expenditure, Financing and Deficit",2011Q3,Net incurrence of liabilities - Debt instruments - ESA2010 Code (F2 + F3 + F4),10527.0
"General Government Transactions ESA 2010: Revenue, Expenditure, Financing and Deficit",2011Q3,Net incurrence of liabilities - Other liabilities - ESA2010 Code (F5 + F6 + F7 + F8),-158.0
"General Government Transactions ESA 2010: Revenue, Expenditure, Financing and Deficit",2011Q3,Memo: Net derivative flows on debt interest swap contracts,-33.0
"General Government Transactions ESA 2010: Revenue, Expenditure, Financing and Deficit",2011Q3,General Government transactions - Seasonally Adjusted Revenue - ESA2010 Code (TR),14716.0
"General Government Transactions ESA 2010: Revenue, Expenditure, Financing and Deficit",2011Q3,General Government transactions - Seasonally Adjusted Expenditure - ESA2010 Code (TE),24863.0
"General Government Transactions ESA 2010: Revenue, Expenditure, Financing and Deficit",2011Q3,General Government Seasonally Adjusted Surplus/Deficit - ESA2010 Code (B9),-10148.0
"General Government Transactions ESA 2010: Revenue, Expenditure, Financing and Deficit",2011Q4,General Government transactions - Revenue - ESA2010 Code (TR),16625.0
"General Government Transactions ESA 2010: Revenue, Expenditure, Financing and Deficit",2011Q4,General Government transactions - Revenue - Taxes and social contributions - ESA2010 Code ( D2 + D5 + D91 + D61),14240.0
"General Government Transactions ESA 2010: Revenue, Expenditure, Financing and Deficit",2011Q4,General Government transactions - Revenue - Taxes - ESA2010 Code (D2 + D5 + D91),11471.0
"General Government Transactions ESA 2010: Revenue, Expenditure, Financing and Deficit",2011Q4,General Government transactions - Revenue - Social contributions - ESA2010 Code (D61),2769.0
"General Government Transactions ESA 2010: Revenue, Expenditure, Financing and Deficit",2011Q4,General Government transactions - Revenue - Sales of goods and services - ESA2010 Code (P10),1393.0
"General Government Transactions ESA 2010: Revenue, Expenditure, Financing and Deficit",2011Q4,General Government transactions - Revenue - Investment income - ESA2010 Code (D4),569.0
"General Government Transactions ESA 2010: Revenue, Expenditure, Financing and Deficit",2011Q4,General Government transactions - Revenue - Current transfer revenue (excluding taxes) - ESA2010 Code (D7),99.0
"General Government Transactions ESA 2010: Revenue, Expenditure, Financing and Deficit",2011Q4,General Government transactions - Revenue - Capital transfer revenue (excluding taxes) - ESA2010 Code (D9N),324.0
"General Government Transactions ESA 2010: Revenue, Expenditure, Financing and Deficit",2011Q4,General Government transactions - Expenditure - ESA2010 Code (TE),20187.0
"General Government Transactions ESA 2010: Revenue, Expenditure, Financing and Deficit",2011Q4,General Government transactions - Expenditure - Expense - ESA2010 Code (Expense),19159.0
"General Government Transactions ESA 2010: Revenue, Expenditure, Financing and Deficit",2011Q4,General Government transactions - Expenditure - Compensation of employees - ESA2010 Code (D1),5090.0
"General Government Transactions ESA 2010: Revenue, Expenditure, Financing and Deficit",2011Q4,General Government transactions - Expenditure - Use of goods and services plus taxes payable - ESA2010 Code (P2 + D5 + D29),2451.0
"General Government Transactions ESA 2010: Revenue, Expenditure, Financing and Deficit",2011Q4,General Government transactions - Expenditure - Depreciation (consumption of fixed capital) - ESA2010 Code (P51c),813.0
"General Government Transactions ESA 2010: Revenue, Expenditure, Financing and Deficit",2011Q4,General Government transactions - Expenditure - Interest (excluding FISIM) - ESA2010 Code (D41),1632.0
"General Government Transactions ESA 2010: Revenue, Expenditure, Financing and Deficit",2011Q4,General Government transactions - Expenditure - Subsidies - ESA2010 Code (D3),602.0
"General Government Transactions ESA 2010: Revenue, Expenditure, Financing and Deficit",2011Q4,General Government transactions - Expenditure - Social benefits - ESA2010 Code (D62 + D632),7502.0
"General Government Transactions ESA 2010: Revenue, Expenditure, Financing and Deficit",2011Q4,General Government transactions - Expenditure - Other current transfers - ESA2010 Code (D7),733.0
"General Government Transactions ESA 2010: Revenue, Expenditure, Financing and Deficit",2011Q4,General Government transactions - Expenditure - Capital transfers - ESA2010 Code (D9),335.0
"General Government Transactions ESA 2010: Revenue, Expenditure, Financing and Deficit",2011Q4,Net operating balance - ESA2010 Code  (NOB),-2533.0
"General Government Transactions ESA 2010: Revenue, Expenditure, Financing and Deficit",2011Q4,Net acquisition of non-financial assets - ESA2010 Code (P5 + NP - P51c),1028.0
"General Government Transactions ESA 2010: Revenue, Expenditure, Financing and Deficit",2011Q4,General Government Surplus/Deficit - ESA2010 Code (B9),-3561.0
"General Government Transactions ESA 2010: Revenue, Expenditure, Financing and Deficit",2011Q4,Net acquisition of financial assets,-3297.0
"General Government Transactions ESA 2010: Revenue, Expenditure, Financing and Deficit",2011Q4,Net acquisition of financial assets - Debt instruments - ESA2010 Code (F2 + F3 + F4),-2991.0
"General Government Transactions ESA 2010: Revenue, Expenditure, Financing and Deficit",2011Q4,Net acquisition of financial assets - Equity and Investment Fund Shares - ESA2010 Code (F5),-735.0
"General Government Transactions ESA 2010: Revenue, Expenditure, Financing and Deficit",2011Q4,Net acquisition of financial assets - Other financial assets - ESA2010 Code (F6 + F7 + F8),429.0
"General Government Transactions ESA 2010: Revenue, Expenditure, Financing and Deficit",2011Q4,Net incurrence of liabilities,499.0
"General Government Transactions ESA 2010: Revenue, Expenditure, Financing and Deficit",2011Q4,Net incurrence of liabilities - Debt instruments - ESA2010 Code (F2 + F3 + F4),790.0
"General Government Transactions ESA 2010: Revenue, Expenditure, Financing and Deficit",2011Q4,Net incurrence of liabilities - Other liabilities - ESA2010 Code (F5 + F6 + F7 + F8),-291.0
"General Government Transactions ESA 2010: Revenue, Expenditure, Financing and Deficit",2011Q4,Memo: Net derivative flows on debt interest swap contracts,-33.0
"General Government Transactions ESA 2010: Revenue, Expenditure, Financing and Deficit",2011Q4,General Government transactions - Seasonally Adjusted Revenue - ESA2010 Code (TR),14609.0
"General Government Transactions ESA 2010: Revenue, Expenditure, Financing and Deficit",2011Q4,General Government transactions - Seasonally Adjusted Expenditure - ESA2010 Code (TE),19164.0
"General Government Transactions ESA 2010: Revenue, Expenditure, Financing and Deficit",2011Q4,General Government Seasonally Adjusted Surplus/Deficit - ESA2010 Code (B9),-4555.0
"General Government Transactions ESA 2010: Revenue, Expenditure, Financing and Deficit",2012Q1,General Government transactions - Revenue - ESA2010 Code (TR),13694.0
"General Government Transactions ESA 2010: Revenue, Expenditure, Financing and Deficit",2012Q1,General Government transactions - Revenue - Taxes and social contributions - ESA2010 Code ( D2 + D5 + D91 + D61),12169.0
"General Government Transactions ESA 2010: Revenue, Expenditure, Financing and Deficit",2012Q1,General Government transactions - Revenue - Taxes - ESA2010 Code (D2 + D5 + D91),9576.0
"General Government Transactions ESA 2010: Revenue, Expenditure, Financing and Deficit",2012Q1,General Government transactions - Revenue - Social contributions - ESA2010 Code (D61),2593.0
"General Government Transactions ESA 2010: Revenue, Expenditure, Financing and Deficit",2012Q1,General Government transactions - Revenue - Sales of goods and services - ESA2010 Code (P10),908.0
"General Government Transactions ESA 2010: Revenue, Expenditure, Financing and Deficit",2012Q1,General Government transactions - Revenue - Investment income - ESA2010 Code (D4),475.0
"General Government Transactions ESA 2010: Revenue, Expenditure, Financing and Deficit",2012Q1,General Government transactions - Revenue - Current transfer revenue (excluding taxes) - ESA2010 Code (D7),52.0
"General Government Transactions ESA 2010: Revenue, Expenditure, Financing and Deficit",2012Q1,General Government transactions - Revenue - Capital transfer revenue (excluding taxes) - ESA2010 Code (D9N),90.0
"General Government Transactions ESA 2010: Revenue, Expenditure, Financing and Deficit",2012Q1,General Government transactions - Expenditure - ESA2010 Code (TE),18421.0
"General Government Transactions ESA 2010: Revenue, Expenditure, Financing and Deficit",2012Q1,General Government transactions - Expenditure - Expense - ESA2010 Code (Expense),17958.0
"General Government Transactions ESA 2010: Revenue, Expenditure, Financing and Deficit",2012Q1,General Government transactions - Expenditure - Compensation of employees - ESA2010 Code (D1),4998.0
"General Government Transactions ESA 2010: Revenue, Expenditure, Financing and Deficit",2012Q1,General Government transactions - Expenditure - Use of goods and services plus taxes payable - ESA2010 Code (P2 + D5 + D29),1927.0
"General Government Transactions ESA 2010: Revenue, Expenditure, Financing and Deficit",2012Q1,General Government transactions - Expenditure - Depreciation (consumption of fixed capital) - ESA2010 Code (P51c),802.0
"General Government Transactions ESA 2010: Revenue, Expenditure, Financing and Deficit",2012Q1,General Government transactions - Expenditure - Interest (excluding FISIM) - ESA2010 Code (D41),1681.0
"General Government Transactions ESA 2010: Revenue, Expenditure, Financing and Deficit",2012Q1,General Government transactions - Expenditure - Subsidies - ESA2010 Code (D3),453.0
"General Government Transactions ESA 2010: Revenue, Expenditure, Financing and Deficit",2012Q1,General Government transactions - Expenditure - Social benefits - ESA2010 Code (D62 + D632),6807.0
"General Government Transactions ESA 2010: Revenue, Expenditure, Financing and Deficit",2012Q1,General Government transactions - Expenditure - Other current transfers - ESA2010 Code (D7),993.0
"General Government Transactions ESA 2010: Revenue, Expenditure, Financing and Deficit",2012Q1,General Government transactions - Expenditure - Capital transfers - ESA2010 Code (D9),297.0
"General Government Transactions ESA 2010: Revenue, Expenditure, Financing and Deficit",2012Q1,Net operating balance - ESA2010 Code  (NOB),-4266.0
"General Government Transactions ESA 2010: Revenue, Expenditure, Financing and Deficit",2012Q1,Net acquisition of non-financial assets - ESA2010 Code (P5 + NP - P51c),462.0
"General Government Transactions ESA 2010: Revenue, Expenditure, Financing and Deficit",2012Q1,General Government Surplus/Deficit - ESA2010 Code (B9),-4728.0
"General Government Transactions ESA 2010: Revenue, Expenditure, Financing and Deficit",2012Q1,Net acquisition of financial assets,-152.0
"General Government Transactions ESA 2010: Revenue, Expenditure, Financing and Deficit",2012Q1,Net acquisition of financial assets - Debt instruments - ESA2010 Code (F2 + F3 + F4),1343.0
"General Government Transactions ESA 2010: Revenue, Expenditure, Financing and Deficit",2012Q1,Net acquisition of financial assets - Equity and Investment Fund Shares - ESA2010 Code (F5),-52.0
"General Government Transactions ESA 2010: Revenue, Expenditure, Financing and Deficit",2012Q1,Net acquisition of financial assets - Other financial assets - ESA2010 Code (F6 + F7 + F8),-1442.0
"General Government Transactions ESA 2010: Revenue, Expenditure, Financing and Deficit",2012Q1,Net incurrence of liabilities,4368.0
"General Government Transactions ESA 2010: Revenue, Expenditure, Financing and Deficit",2012Q1,Net incurrence of liabilities - Debt instruments - ESA2010 Code (F2 + F3 + F4),4567.0
"General Government Transactions ESA 2010: Revenue, Expenditure, Financing and Deficit",2012Q1,Net incurrence of liabilities - Other liabilities - ESA2010 Code (F5 + F6 + F7 + F8),-199.0
"General Government Transactions ESA 2010: Revenue, Expenditure, Financing and Deficit",2012Q1,Memo: Net derivative flows on debt interest swap contracts,-49.0
"General Government Transactions ESA 2010: Revenue, Expenditure, Financing and Deficit",2012Q1,General Government transactions - Seasonally Adjusted Revenue - ESA2010 Code (TR),14804.0
"General Government Transactions ESA 2010: Revenue, Expenditure, Financing and Deficit",2012Q1,General Government transactions - Seasonally Adjusted Expenditure - ESA2010 Code (TE),19217.0
"General Government Transactions ESA 2010: Revenue, Expenditure, Financing and Deficit",2012Q1,General Government Seasonally Adjusted Surplus/Deficit - ESA2010 Code (B9),-4413.0
"General Government Transactions ESA 2010: Revenue, Expenditure, Financing and Deficit",2012Q2,General Government transactions - Revenue - ESA2010 Code (TR),14651.0
"General Government Transactions ESA 2010: Revenue, Expenditure, Financing and Deficit",2012Q2,General Government transactions - Revenue - Taxes and social contributions - ESA2010 Code ( D2 + D5 + D91 + D61),11922.0
"General Government Transactions ESA 2010: Revenue, Expenditure, Financing and Deficit",2012Q2,General Government transactions - Revenue - Taxes - ESA2010 Code (D2 + D5 + D91),9245.0
"General Government Transactions ESA 2010: Revenue, Expenditure, Financing and Deficit",2012Q2,General Government transactions - Revenue - Social contributions - ESA2010 Code (D61),2677.0
"General Government Transactions ESA 2010: Revenue, Expenditure, Financing and Deficit",2012Q2,General Government transactions - Revenue - Sales of goods and services - ESA2010 Code (P10),1010.0
"General Government Transactions ESA 2010: Revenue, Expenditure, Financing and Deficit",2012Q2,General Government transactions - Revenue - Investment income - ESA2010 Code (D4),1600.0
"General Government Transactions ESA 2010: Revenue, Expenditure, Financing and Deficit",2012Q2,General Government transactions - Revenue - Current transfer revenue (excluding taxes) - ESA2010 Code (D7),52.0
"General Government Transactions ESA 2010: Revenue, Expenditure, Financing and Deficit",2012Q2,General Government transactions - Revenue - Capital transfer revenue (excluding taxes) - ESA2010 Code (D9N),67.0
"General Government Transactions ESA 2010: Revenue, Expenditure, Financing and Deficit",2012Q2,General Government transactions - Expenditure - ESA2010 Code (TE),18674.0
"General Government Transactions ESA 2010: Revenue, Expenditure, Financing and Deficit",2012Q2,General Government transactions - Expenditure - Expense - ESA2010 Code (Expense),18193.0
"General Government Transactions ESA 2010: Revenue, Expenditure, Financing and Deficit",2012Q2,General Government transactions - Expenditure - Compensation of employees - ESA2010 Code (D1),4883.0
"General Government Transactions ESA 2010: Revenue, Expenditure, Financing and Deficit",2012Q2,General Government transactions - Expenditure - Use of goods and services plus taxes payable - ESA2010 Code (P2 + D5 + D29),2119.0
"General Government Transactions ESA 2010: Revenue, Expenditure, Financing and Deficit",2012Q2,General Government transactions - Expenditure - Depreciation (consumption of fixed capital) - ESA2010 Code (P51c),802.0
"General Government Transactions ESA 2010: Revenue, Expenditure, Financing and Deficit",2012Q2,General Government transactions - Expenditure - Interest (excluding FISIM) - ESA2010 Code (D41),1760.0
"General Government Transactions ESA 2010: Revenue, Expenditure, Financing and Deficit",2012Q2,General Government transactions - Expenditure - Subsidies - ESA2010 Code (D3),473.0
"General Government Transactions ESA 2010: Revenue, Expenditure, Financing and Deficit",2012Q2,General Government transactions - Expenditure - Social benefits - ESA2010 Code (D62 + D632),6984.0
"General Government Transactions ESA 2010: Revenue, Expenditure, Financing and Deficit",2012Q2,General Government transactions - Expenditure - Other current transfers - ESA2010 Code (D7),551.0
"General Government Transactions ESA 2010: Revenue, Expenditure, Financing and Deficit",2012Q2,General Government transactions - Expenditure - Capital transfers - ESA2010 Code (D9),620.0
"General Government Transactions ESA 2010: Revenue, Expenditure, Financing and Deficit",2012Q2,Net operating balance - ESA2010 Code  (NOB),-3542.0
"General Government Transactions ESA 2010: Revenue, Expenditure, Financing and Deficit",2012Q2,Net acquisition of non-financial assets - ESA2010 Code (P5 + NP - P51c),482.0
"General Government Transactions ESA 2010: Revenue, Expenditure, Financing and Deficit",2012Q2,General Government Surplus/Deficit - ESA2010 Code (B9),-4023.0
"General Government Transactions ESA 2010: Revenue, Expenditure, Financing and Deficit",2012Q2,Net acquisition of financial assets,833.0
"General Government Transactions ESA 2010: Revenue, Expenditure, Financing and Deficit",2012Q2,Net acquisition of financial assets - Debt instruments - ESA2010 Code (F2 + F3 + F4),-253.0
"General Government Transactions ESA 2010: Revenue, Expenditure, Financing and Deficit",2012Q2,Net acquisition of financial assets - Equity and Investment Fund Shares - ESA2010 Code (F5),1389.0
"General Government Transactions ESA 2010: Revenue, Expenditure, Financing and Deficit",2012Q2,Net acquisition of financial assets - Other financial assets - ESA2010 Code (F6 + F7 + F8),-303.0
"General Government Transactions ESA 2010: Revenue, Expenditure, Financing and Deficit",2012Q2,Net incurrence of liabilities,5220.0
"General Government Transactions ESA 2010: Revenue, Expenditure, Financing and Deficit",2012Q2,Net incurrence of liabilities - Debt instruments - ESA2010 Code (F2 + F3 + F4),5333.0
"General Government Transactions ESA 2010: Revenue, Expenditure, Financing and Deficit",2012Q2,Net incurrence of liabilities - Other liabilities - ESA2010 Code (F5 + F6 + F7 + F8),-114.0
"General Government Transactions ESA 2010: Revenue, Expenditure, Financing and Deficit",2012Q2,Memo: Net derivative flows on debt interest swap contracts,-54.0
"General Government Transactions ESA 2010: Revenue, Expenditure, Financing and Deficit",2012Q2,General Government transactions - Seasonally Adjusted Revenue - ESA2010 Code (TR),15042.0
"General Government Transactions ESA 2010: Revenue, Expenditure, Financing and Deficit",2012Q2,General Government transactions - Seasonally Adjusted Expenditure - ESA2010 Code (TE),19398.0
"General Government Transactions ESA 2010: Revenue, Expenditure, Financing and Deficit",2012Q2,General Government Seasonally Adjusted Surplus/Deficit - ESA2010 Code (B9),-4357.0
"General Government Transactions ESA 2010: Revenue, Expenditure, Financing and Deficit",2012Q3,General Government transactions - Revenue - ESA2010 Code (TR),14773.0
"General Government Transactions ESA 2010: Revenue, Expenditure, Financing and Deficit",2012Q3,General Government transactions - Revenue - Taxes and social contributions - ESA2010 Code ( D2 + D5 + D91 + D61),12907.0
"General Government Transactions ESA 2010: Revenue, Expenditure, Financing and Deficit",2012Q3,General Government transactions - Revenue - Taxes - ESA2010 Code (D2 + D5 + D91),10299.0
"General Government Transactions ESA 2010: Revenue, Expenditure, Financing and Deficit",2012Q3,General Government transactions - Revenue - Social contributions - ESA2010 Code (D61),2608.0
"General Government Transactions ESA 2010: Revenue, Expenditure, Financing and Deficit",2012Q3,General Government transactions - Revenue - Sales of goods and services - ESA2010 Code (P10),1118.0
"General Government Transactions ESA 2010: Revenue, Expenditure, Financing and Deficit",2012Q3,General Government transactions - Revenue - Investment income - ESA2010 Code (D4),604.0
"General Government Transactions ESA 2010: Revenue, Expenditure, Financing and Deficit",2012Q3,General Government transactions - Revenue - Current transfer revenue (excluding taxes) - ESA2010 Code (D7),60.0
"General Government Transactions ESA 2010: Revenue, Expenditure, Financing and Deficit",2012Q3,General Government transactions - Revenue - Capital transfer revenue (excluding taxes) - ESA2010 Code (D9N),83.0
"General Government Transactions ESA 2010: Revenue, Expenditure, Financing and Deficit",2012Q3,General Government transactions - Expenditure - ESA2010 Code (TE),18201.0
"General Government Transactions ESA 2010: Revenue, Expenditure, Financing and Deficit",2012Q3,General Government transactions - Expenditure - Expense - ESA2010 Code (Expense),18746.0
"General Government Transactions ESA 2010: Revenue, Expenditure, Financing and Deficit",2012Q3,General Government transactions - Expenditure - Compensation of employees - ESA2010 Code (D1),4900.0
"General Government Transactions ESA 2010: Revenue, Expenditure, Financing and Deficit",2012Q3,General Government transactions - Expenditure - Use of goods and services plus taxes payable - ESA2010 Code (P2 + D5 + D29),2259.0
"General Government Transactions ESA 2010: Revenue, Expenditure, Financing and Deficit",2012Q3,General Government transactions - Expenditure - Depreciation (consumption of fixed capital) - ESA2010 Code (P51c),802.0
"General Government Transactions ESA 2010: Revenue, Expenditure, Financing and Deficit",2012Q3,General Government transactions - Expenditure - Interest (excluding FISIM) - ESA2010 Code (D41),1883.0
"General Government Transactions ESA 2010: Revenue, Expenditure, Financing and Deficit",2012Q3,General Government transactions - Expenditure - Subsidies - ESA2010 Code (D3),497.0
"General Government Transactions ESA 2010: Revenue, Expenditure, Financing and Deficit",2012Q3,General Government transactions - Expenditure - Social benefits - ESA2010 Code (D62 + D632),7298.0
"General Government Transactions ESA 2010: Revenue, Expenditure, Financing and Deficit",2012Q3,General Government transactions - Expenditure - Other current transfers - ESA2010 Code (D7),783.0
"General Government Transactions ESA 2010: Revenue, Expenditure, Financing and Deficit",2012Q3,General Government transactions - Expenditure - Capital transfers - ESA2010 Code (D9),324.0
"General Government Transactions ESA 2010: Revenue, Expenditure, Financing and Deficit",2012Q3,Net operating balance - ESA2010 Code  (NOB),-3973.0
"General Government Transactions ESA 2010: Revenue, Expenditure, Financing and Deficit",2012Q3,Net acquisition of non-financial assets - ESA2010 Code (P5 + NP - P51c),-544.0
"General Government Transactions ESA 2010: Revenue, Expenditure, Financing and Deficit",2012Q3,General Government Surplus/Deficit - ESA2010 Code (B9),-3429.0
"General Government Transactions ESA 2010: Revenue, Expenditure, Financing and Deficit",2012Q3,Net acquisition of financial assets,8521.0
"General Government Transactions ESA 2010: Revenue, Expenditure, Financing and Deficit",2012Q3,Net acquisition of financial assets - Debt instruments - ESA2010 Code (F2 + F3 + F4),8665.0
"General Government Transactions ESA 2010: Revenue, Expenditure, Financing and Deficit",2012Q3,Net acquisition of financial assets - Equity and Investment Fund Shares - ESA2010 Code (F5),12.0
"General Government Transactions ESA 2010: Revenue, Expenditure, Financing and Deficit",2012Q3,Net acquisition of financial assets - Other financial assets - ESA2010 Code (F6 + F7 + F8),-157.0
"General Government Transactions ESA 2010: Revenue, Expenditure, Financing and Deficit",2012Q3,Net incurrence of liabilities,11211.0
"General Government Transactions ESA 2010: Revenue, Expenditure, Financing and Deficit",2012Q3,Net incurrence of liabilities - Debt instruments - ESA2010 Code (F2 + F3 + F4),11277.0
"General Government Transactions ESA 2010: Revenue, Expenditure, Financing and Deficit",2012Q3,Net incurrence of liabilities - Other liabilities - ESA2010 Code (F5 + F6 + F7 + F8),-66.0
"General Government Transactions ESA 2010: Revenue, Expenditure, Financing and Deficit",2012Q3,Memo: Net derivative flows on debt interest swap contracts,-55.0
"General Government Transactions ESA 2010: Revenue, Expenditure, Financing and Deficit",2012Q3,General Government transactions - Seasonally Adjusted Revenue - ESA2010 Code (TR),15230.0
"General Government Transactions ESA 2010: Revenue, Expenditure, Financing and Deficit",2012Q3,General Government transactions - Seasonally Adjusted Expenditure - ESA2010 Code (TE),17850.0
"General Government Transactions ESA 2010: Revenue, Expenditure, Financing and Deficit",2012Q3,General Government Seasonally Adjusted Surplus/Deficit - ESA2010 Code (B9),-2621.0
"General Government Transactions ESA 2010: Revenue, Expenditure, Financing and Deficit",2012Q4,General Government transactions - Revenue - ESA2010 Code (TR),16685.0
"General Government Transactions ESA 2010: Revenue, Expenditure, Financing and Deficit",2012Q4,General Government transactions - Revenue - Taxes and social contributions - ESA2010 Code ( D2 + D5 + D91 + D61),14735.0
"General Government Transactions ESA 2010: Revenue, Expenditure, Financing and Deficit",2012Q4,General Government transactions - Revenue - Taxes - ESA2010 Code (D2 + D5 + D91),11820.0
"General Government Transactions ESA 2010: Revenue, Expenditure, Financing and Deficit",2012Q4,General Government transactions - Revenue - Social contributions - ESA2010 Code (D61),2914.0
"General Government Transactions ESA 2010: Revenue, Expenditure, Financing and Deficit",2012Q4,General Government transactions - Revenue - Sales of goods and services - ESA2010 Code (P10),1412.0
"General Government Transactions ESA 2010: Revenue, Expenditure, Financing and Deficit",2012Q4,General Government transactions - Revenue - Investment income - ESA2010 Code (D4),389.0
"General Government Transactions ESA 2010: Revenue, Expenditure, Financing and Deficit",2012Q4,General Government transactions - Revenue - Current transfer revenue (excluding taxes) - ESA2010 Code (D7),90.0
"General Government Transactions ESA 2010: Revenue, Expenditure, Financing and Deficit",2012Q4,General Government transactions - Revenue - Capital transfer revenue (excluding taxes) - ESA2010 Code (D9N),59.0
"General Government Transactions ESA 2010: Revenue, Expenditure, Financing and Deficit",2012Q4,General Government transactions - Expenditure - ESA2010 Code (TE),19372.0
"General Government Transactions ESA 2010: Revenue, Expenditure, Financing and Deficit",2012Q4,General Government transactions - Expenditure - Expense - ESA2010 Code (Expense),19295.0
"General Government Transactions ESA 2010: Revenue, Expenditure, Financing and Deficit",2012Q4,General Government transactions - Expenditure - Compensation of employees - ESA2010 Code (D1),4907.0
"General Government Transactions ESA 2010: Revenue, Expenditure, Financing and Deficit",2012Q4,General Government transactions - Expenditure - Use of goods and services plus taxes payable - ESA2010 Code (P2 + D5 + D29),2414.0
"General Government Transactions ESA 2010: Revenue, Expenditure, Financing and Deficit",2012Q4,General Government transactions - Expenditure - Depreciation (consumption of fixed capital) - ESA2010 Code (P51c),802.0
"General Government Transactions ESA 2010: Revenue, Expenditure, Financing and Deficit",2012Q4,General Government transactions - Expenditure - Interest (excluding FISIM) - ESA2010 Code (D41),1974.0
"General Government Transactions ESA 2010: Revenue, Expenditure, Financing and Deficit",2012Q4,General Government transactions - Expenditure - Subsidies - ESA2010 Code (D3),703.0
"General Government Transactions ESA 2010: Revenue, Expenditure, Financing and Deficit",2012Q4,General Government transactions - Expenditure - Social benefits - ESA2010 Code (D62 + D632),7798.0
"General Government Transactions ESA 2010: Revenue, Expenditure, Financing and Deficit",2012Q4,General Government transactions - Expenditure - Other current transfers - ESA2010 Code (D7),523.0
"General Government Transactions ESA 2010: Revenue, Expenditure, Financing and Deficit",2012Q4,General Government transactions - Expenditure - Capital transfers - ESA2010 Code (D9),173.0
"General Government Transactions ESA 2010: Revenue, Expenditure, Financing and Deficit",2012Q4,Net operating balance - ESA2010 Code  (NOB),-2610.0
"General Government Transactions ESA 2010: Revenue, Expenditure, Financing and Deficit",2012Q4,Net acquisition of non-financial assets - ESA2010 Code (P5 + NP - P51c),77.0
"General Government Transactions ESA 2010: Revenue, Expenditure, Financing and Deficit",2012Q4,General Government Surplus/Deficit - ESA2010 Code (B9),-2687.0
"General Government Transactions ESA 2010: Revenue, Expenditure, Financing and Deficit",2012Q4,Net acquisition of financial assets,-3784.0
"General Government Transactions ESA 2010: Revenue, Expenditure, Financing and Deficit",2012Q4,Net acquisition of financial assets - Debt instruments - ESA2010 Code (F2 + F3 + F4),-5807.0
"General Government Transactions ESA 2010: Revenue, Expenditure, Financing and Deficit",2012Q4,Net acquisition of financial assets - Equity and Investment Fund Shares - ESA2010 Code (F5),483.0
"General Government Transactions ESA 2010: Revenue, Expenditure, Financing and Deficit",2012Q4,Net acquisition of financial assets - Other financial assets - ESA2010 Code (F6 + F7 + F8),1540.0
"General Government Transactions ESA 2010: Revenue, Expenditure, Financing and Deficit",2012Q4,Net incurrence of liabilities,-227.0
"General Government Transactions ESA 2010: Revenue, Expenditure, Financing and Deficit",2012Q4,Net incurrence of liabilities - Debt instruments - ESA2010 Code (F2 + F3 + F4),-624.0
"General Government Transactions ESA 2010: Revenue, Expenditure, Financing and Deficit",2012Q4,Net incurrence of liabilities - Other liabilities - ESA2010 Code (F5 + F6 + F7 + F8),397.0
"General Government Transactions ESA 2010: Revenue, Expenditure, Financing and Deficit",2012Q4,Memo: Net derivative flows on debt interest swap contracts,-63.0
"General Government Transactions ESA 2010: Revenue, Expenditure, Financing and Deficit",2012Q4,General Government transactions - Seasonally Adjusted Revenue - ESA2010 Code (TR),14845.0
"General Government Transactions ESA 2010: Revenue, Expenditure, Financing and Deficit",2012Q4,General Government transactions - Seasonally Adjusted Expenditure - ESA2010 Code (TE),18281.0
"General Government Transactions ESA 2010: Revenue, Expenditure, Financing and Deficit",2012Q4,General Government Seasonally Adjusted Surplus/Deficit - ESA2010 Code (B9),-3436.0
"General Government Transactions ESA 2010: Revenue, Expenditure, Financing and Deficit",2013Q1,General Government transactions - Revenue - ESA2010 Code (TR),14109.0
"General Government Transactions ESA 2010: Revenue, Expenditure, Financing and Deficit",2013Q1,General Government transactions - Revenue - Taxes and social contributions - ESA2010 Code ( D2 + D5 + D91 + D61),12487.0
"General Government Transactions ESA 2010: Revenue, Expenditure, Financing and Deficit",2013Q1,General Government transactions - Revenue - Taxes - ESA2010 Code (D2 + D5 + D91),9784.0
"General Government Transactions ESA 2010: Revenue, Expenditure, Financing and Deficit",2013Q1,General Government transactions - Revenue - Social contributions - ESA2010 Code (D61),2703.0
"General Government Transactions ESA 2010: Revenue, Expenditure, Financing and Deficit",2013Q1,General Government transactions - Revenue - Sales of goods and services - ESA2010 Code (P10),1014.0
"General Government Transactions ESA 2010: Revenue, Expenditure, Financing and Deficit",2013Q1,General Government transactions - Revenue - Investment income - ESA2010 Code (D4),490.0
"General Government Transactions ESA 2010: Revenue, Expenditure, Financing and Deficit",2013Q1,General Government transactions - Revenue - Current transfer revenue (excluding taxes) - ESA2010 Code (D7),40.0
"General Government Transactions ESA 2010: Revenue, Expenditure, Financing and Deficit",2013Q1,General Government transactions - Revenue - Capital transfer revenue (excluding taxes) - ESA2010 Code (D9N),79.0
"General Government Transactions ESA 2010: Revenue, Expenditure, Financing and Deficit",2013Q1,General Government transactions - Expenditure - ESA2010 Code (TE),18176.0
"General Government Transactions ESA 2010: Revenue, Expenditure, Financing and Deficit",2013Q1,General Government transactions - Expenditure - Expense - ESA2010 Code (Expense),17565.0
"General Government Transactions ESA 2010: Revenue, Expenditure, Financing and Deficit",2013Q1,General Government transactions - Expenditure - Compensation of employees - ESA2010 Code (D1),4744.0
"General Government Transactions ESA 2010: Revenue, Expenditure, Financing and Deficit",2013Q1,General Government transactions - Expenditure - Use of goods and services plus taxes payable - ESA2010 Code (P2 + D5 + D29),1726.0
"General Government Transactions ESA 2010: Revenue, Expenditure, Financing and Deficit",2013Q1,General Government transactions - Expenditure - Depreciation (consumption of fixed capital) - ESA2010 Code (P51c),816.0
"General Government Transactions ESA 2010: Revenue, Expenditure, Financing and Deficit",2013Q1,General Government transactions - Expenditure - Interest (excluding FISIM) - ESA2010 Code (D41),1960.0
"General Government Transactions ESA 2010: Revenue, Expenditure, Financing and Deficit",2013Q1,General Government transactions - Expenditure - Subsidies - ESA2010 Code (D3),457.0
"General Government Transactions ESA 2010: Revenue, Expenditure, Financing and Deficit",2013Q1,General Government transactions - Expenditure - Social benefits - ESA2010 Code (D62 + D632),6639.0
"General Government Transactions ESA 2010: Revenue, Expenditure, Financing and Deficit",2013Q1,General Government transactions - Expenditure - Other current transfers - ESA2010 Code (D7),877.0
"General Government Transactions ESA 2010: Revenue, Expenditure, Financing and Deficit",2013Q1,General Government transactions - Expenditure - Capital transfers - ESA2010 Code (D9),346.0
"General Government Transactions ESA 2010: Revenue, Expenditure, Financing and Deficit",2013Q1,Net operating balance - ESA2010 Code  (NOB),-3455.0
"General Government Transactions ESA 2010: Revenue, Expenditure, Financing and Deficit",2013Q1,Net acquisition of non-financial assets - ESA2010 Code (P5 + NP - P51c),612.0
"General Government Transactions ESA 2010: Revenue, Expenditure, Financing and Deficit",2013Q1,General Government Surplus/Deficit - ESA2010 Code (B9),-4067.0
"General Government Transactions ESA 2010: Revenue, Expenditure, Financing and Deficit",2013Q1,Net acquisition of financial assets,5502.0
"General Government Transactions ESA 2010: Revenue, Expenditure, Financing and Deficit",2013Q1,Net acquisition of financial assets - Debt instruments - ESA2010 Code (F2 + F3 + F4),6404.0
"General Government Transactions ESA 2010: Revenue, Expenditure, Financing and Deficit",2013Q1,Net acquisition of financial assets - Equity and Investment Fund Shares - ESA2010 Code (F5),52.0
"General Government Transactions ESA 2010: Revenue, Expenditure, Financing and Deficit",2013Q1,Net acquisition of financial assets - Other financial assets - ESA2010 Code (F6 + F7 + F8),-954.0
"General Government Transactions ESA 2010: Revenue, Expenditure, Financing and Deficit",2013Q1,Net incurrence of liabilities,9185.0
"General Government Transactions ESA 2010: Revenue, Expenditure, Financing and Deficit",2013Q1,Net incurrence of liabilities - Debt instruments - ESA2010 Code (F2 + F3 + F4),9152.0
"General Government Transactions ESA 2010: Revenue, Expenditure, Financing and Deficit",2013Q1,Net incurrence of liabilities - Other liabilities - ESA2010 Code (F5 + F6 + F7 + F8),33.0
"General Government Transactions ESA 2010: Revenue, Expenditure, Financing and Deficit",2013Q1,Memo: Net derivative flows on debt interest swap contracts,-80.0
"General Government Transactions ESA 2010: Revenue, Expenditure, Financing and Deficit",2013Q1,General Government transactions - Seasonally Adjusted Revenue - ESA2010 Code (TR),15218.0
"General Government Transactions ESA 2010: Revenue, Expenditure, Financing and Deficit",2013Q1,General Government transactions - Seasonally Adjusted Expenditure - ESA2010 Code (TE),18984.0
"General Government Transactions ESA 2010: Revenue, Expenditure, Financing and Deficit",2013Q1,General Government Seasonally Adjusted Surplus/Deficit - ESA2010 Code (B9),-3766.0
"General Government Transactions ESA 2010: Revenue, Expenditure, Financing and Deficit",2013Q2,General Government transactions - Revenue - ESA2010 Code (TR),15365.0
"General Government Transactions ESA 2010: Revenue, Expenditure, Financing and Deficit",2013Q2,General Government transactions - Revenue - Taxes and social contributions - ESA2010 Code ( D2 + D5 + D91 + D61),12444.0
"General Government Transactions ESA 2010: Revenue, Expenditure, Financing and Deficit",2013Q2,General Government transactions - Revenue - Taxes - ESA2010 Code (D2 + D5 + D91),9760.0
"General Government Transactions ESA 2010: Revenue, Expenditure, Financing and Deficit",2013Q2,General Government transactions - Revenue - Social contributions - ESA2010 Code (D61),2684.0
"General Government Transactions ESA 2010: Revenue, Expenditure, Financing and Deficit",2013Q2,General Government transactions - Revenue - Sales of goods and services - ESA2010 Code (P10),1065.0
"General Government Transactions ESA 2010: Revenue, Expenditure, Financing and Deficit",2013Q2,General Government transactions - Revenue - Investment income - ESA2010 Code (D4),1781.0
"General Government Transactions ESA 2010: Revenue, Expenditure, Financing and Deficit",2013Q2,General Government transactions - Revenue - Current transfer revenue (excluding taxes) - ESA2010 Code (D7),35.0
"General Government Transactions ESA 2010: Revenue, Expenditure, Financing and Deficit",2013Q2,General Government transactions - Revenue - Capital transfer revenue (excluding taxes) - ESA2010 Code (D9N),40.0
"General Government Transactions ESA 2010: Revenue, Expenditure, Financing and Deficit",2013Q2,General Government transactions - Expenditure - ESA2010 Code (TE),17265.0
"General Government Transactions ESA 2010: Revenue, Expenditure, Financing and Deficit",2013Q2,General Government transactions - Expenditure - Expense - ESA2010 Code (Expense),17616.0
"General Government Transactions ESA 2010: Revenue, Expenditure, Financing and Deficit",2013Q2,General Government transactions - Expenditure - Compensation of employees - ESA2010 Code (D1),4791.0
"General Government Transactions ESA 2010: Revenue, Expenditure, Financing and Deficit",2013Q2,General Government transactions - Expenditure - Use of goods and services plus taxes payable - ESA2010 Code (P2 + D5 + D29),2017.0
"General Government Transactions ESA 2010: Revenue, Expenditure, Financing and Deficit",2013Q2,General Government transactions - Expenditure - Depreciation (consumption of fixed capital) - ESA2010 Code (P51c),816.0
"General Government Transactions ESA 2010: Revenue, Expenditure, Financing and Deficit",2013Q2,General Government transactions - Expenditure - Interest (excluding FISIM) - ESA2010 Code (D41),1909.0
"General Government Transactions ESA 2010: Revenue, Expenditure, Financing and Deficit",2013Q2,General Government transactions - Expenditure - Subsidies - ESA2010 Code (D3),476.0
"General Government Transactions ESA 2010: Revenue, Expenditure, Financing and Deficit",2013Q2,General Government transactions - Expenditure - Social benefits - ESA2010 Code (D62 + D632),6672.0
"General Government Transactions ESA 2010: Revenue, Expenditure, Financing and Deficit",2013Q2,General Government transactions - Expenditure - Other current transfers - ESA2010 Code (D7),713.0
"General Government Transactions ESA 2010: Revenue, Expenditure, Financing and Deficit",2013Q2,General Government transactions - Expenditure - Capital transfers - ESA2010 Code (D9),221.0
"General Government Transactions ESA 2010: Revenue, Expenditure, Financing and Deficit",2013Q2,Net operating balance - ESA2010 Code  (NOB),-2251.0
"General Government Transactions ESA 2010: Revenue, Expenditure, Financing and Deficit",2013Q2,Net acquisition of non-financial assets - ESA2010 Code (P5 + NP - P51c),-350.0
"General Government Transactions ESA 2010: Revenue, Expenditure, Financing and Deficit",2013Q2,General Government Surplus/Deficit - ESA2010 Code (B9),-1901.0
"General Government Transactions ESA 2010: Revenue, Expenditure, Financing and Deficit",2013Q2,Net acquisition of financial assets,-2525.0
"General Government Transactions ESA 2010: Revenue, Expenditure, Financing and Deficit",2013Q2,Net acquisition of financial assets - Debt instruments - ESA2010 Code (F2 + F3 + F4),-2634.0
"General Government Transactions ESA 2010: Revenue, Expenditure, Financing and Deficit",2013Q2,Net acquisition of financial assets - Equity and Investment Fund Shares - ESA2010 Code (F5),475.0
"General Government Transactions ESA 2010: Revenue, Expenditure, Financing and Deficit",2013Q2,Net acquisition of financial assets - Other financial assets - ESA2010 Code (F6 + F7 + F8),-366.0
"General Government Transactions ESA 2010: Revenue, Expenditure, Financing and Deficit",2013Q2,Net incurrence of liabilities,-758.0
"General Government Transactions ESA 2010: Revenue, Expenditure, Financing and Deficit",2013Q2,Net incurrence of liabilities - Debt instruments - ESA2010 Code (F2 + F3 + F4),-725.0
"General Government Transactions ESA 2010: Revenue, Expenditure, Financing and Deficit",2013Q2,Net incurrence of liabilities - Other liabilities - ESA2010 Code (F5 + F6 + F7 + F8),-33.0
"General Government Transactions ESA 2010: Revenue, Expenditure, Financing and Deficit",2013Q2,Memo: Net derivative flows on debt interest swap contracts,-58.0
"General Government Transactions ESA 2010: Revenue, Expenditure, Financing and Deficit",2013Q2,General Government transactions - Seasonally Adjusted Revenue - ESA2010 Code (TR),15582.0
"General Government Transactions ESA 2010: Revenue, Expenditure, Financing and Deficit",2013Q2,General Government transactions - Seasonally Adjusted Expenditure - ESA2010 Code (TE),17808.0
"General Government Transactions ESA 2010: Revenue, Expenditure, Financing and Deficit",2013Q2,General Government Seasonally Adjusted Surplus/Deficit - ESA2010 Code (B9),-2226.0
"General Government Transactions ESA 2010: Revenue, Expenditure, Financing and Deficit",2013Q3,General Government transactions - Revenue - ESA2010 Code (TR),14844.0
"General Government Transactions ESA 2010: Revenue, Expenditure, Financing and Deficit",2013Q3,General Government transactions - Revenue - Taxes and social contributions - ESA2010 Code ( D2 + D5 + D91 + D61),13383.0
"General Government Transactions ESA 2010: Revenue, Expenditure, Financing and Deficit",2013Q3,General Government transactions - Revenue - Taxes - ESA2010 Code (D2 + D5 + D91),10744.0
"General Government Transactions ESA 2010: Revenue, Expenditure, Financing and Deficit",2013Q3,General Government transactions - Revenue - Social contributions - ESA2010 Code (D61),2638.0
"General Government Transactions ESA 2010: Revenue, Expenditure, Financing and Deficit",2013Q3,General Government transactions - Revenue - Sales of goods and services - ESA2010 Code (P10),935.0
"General Government Transactions ESA 2010: Revenue, Expenditure, Financing and Deficit",2013Q3,General Government transactions - Revenue - Investment income - ESA2010 Code (D4),437.0
"General Government Transactions ESA 2010: Revenue, Expenditure, Financing and Deficit",2013Q3,General Government transactions - Revenue - Current transfer revenue (excluding taxes) - ESA2010 Code (D7),38.0
"General Government Transactions ESA 2010: Revenue, Expenditure, Financing and Deficit",2013Q3,General Government transactions - Revenue - Capital transfer revenue (excluding taxes) - ESA2010 Code (D9N),51.0
"General Government Transactions ESA 2010: Revenue, Expenditure, Financing and Deficit",2013Q3,General Government transactions - Expenditure - ESA2010 Code (TE),17879.0
"General Government Transactions ESA 2010: Revenue, Expenditure, Financing and Deficit",2013Q3,General Government transactions - Expenditure - Expense - ESA2010 Code (Expense),18375.0
"General Government Transactions ESA 2010: Revenue, Expenditure, Financing and Deficit",2013Q3,General Government transactions - Expenditure - Compensation of employees - ESA2010 Code (D1),4703.0
"General Government Transactions ESA 2010: Revenue, Expenditure, Financing and Deficit",2013Q3,General Government transactions - Expenditure - Use of goods and services plus taxes payable - ESA2010 Code (P2 + D5 + D29),2154.0
"General Government Transactions ESA 2010: Revenue, Expenditure, Financing and Deficit",2013Q3,General Government transactions - Expenditure - Depreciation (consumption of fixed capital) - ESA2010 Code (P51c),816.0
"General Government Transactions ESA 2010: Revenue, Expenditure, Financing and Deficit",2013Q3,General Government transactions - Expenditure - Interest (excluding FISIM) - ESA2010 Code (D41),1947.0
"General Government Transactions ESA 2010: Revenue, Expenditure, Financing and Deficit",2013Q3,General Government transactions - Expenditure - Subsidies - ESA2010 Code (D3),501.0
"General Government Transactions ESA 2010: Revenue, Expenditure, Financing and Deficit",2013Q3,General Government transactions - Expenditure - Social benefits - ESA2010 Code (D62 + D632),7122.0
"General Government Transactions ESA 2010: Revenue, Expenditure, Financing and Deficit",2013Q3,General Government transactions - Expenditure - Other current transfers - ESA2010 Code (D7),835.0
"General Government Transactions ESA 2010: Revenue, Expenditure, Financing and Deficit",2013Q3,General Government transactions - Expenditure - Capital transfers - ESA2010 Code (D9),296.0
"General Government Transactions ESA 2010: Revenue, Expenditure, Financing and Deficit",2013Q3,Net operating balance - ESA2010 Code  (NOB),-3531.0
"General Government Transactions ESA 2010: Revenue, Expenditure, Financing and Deficit",2013Q3,Net acquisition of non-financial assets - ESA2010 Code (P5 + NP - P51c),-497.0
"General Government Transactions ESA 2010: Revenue, Expenditure, Financing and Deficit",2013Q3,General Government Surplus/Deficit - ESA2010 Code (B9),-3034.0
"General Government Transactions ESA 2010: Revenue, Expenditure, Financing and Deficit",2013Q3,Net acquisition of financial assets,-1764.0
"General Government Transactions ESA 2010: Revenue, Expenditure, Financing and Deficit",2013Q3,Net acquisition of financial assets - Debt instruments - ESA2010 Code (F2 + F3 + F4),-585.0
"General Government Transactions ESA 2010: Revenue, Expenditure, Financing and Deficit",2013Q3,Net acquisition of financial assets - Equity and Investment Fund Shares - ESA2010 Code (F5),-1293.0
"General Government Transactions ESA 2010: Revenue, Expenditure, Financing and Deficit",2013Q3,Net acquisition of financial assets - Other financial assets - ESA2010 Code (F6 + F7 + F8),114.0
"General Government Transactions ESA 2010: Revenue, Expenditure, Financing and Deficit",2013Q3,Net incurrence of liabilities,1242.0
"General Government Transactions ESA 2010: Revenue, Expenditure, Financing and Deficit",2013Q3,Net incurrence of liabilities - Debt instruments - ESA2010 Code (F2 + F3 + F4),1290.0
"General Government Transactions ESA 2010: Revenue, Expenditure, Financing and Deficit",2013Q3,Net incurrence of liabilities - Other liabilities - ESA2010 Code (F5 + F6 + F7 + F8),-48.0
"General Government Transactions ESA 2010: Revenue, Expenditure, Financing and Deficit",2013Q3,Memo: Net derivative flows on debt interest swap contracts,-58.0
"General Government Transactions ESA 2010: Revenue, Expenditure, Financing and Deficit",2013Q3,General Government transactions - Seasonally Adjusted Revenue - ESA2010 Code (TR),15411.0
"General Government Transactions ESA 2010: Revenue, Expenditure, Financing and Deficit",2013Q3,General Government transactions - Seasonally Adjusted Expenditure - ESA2010 Code (TE),17723.0
"General Government Transactions ESA 2010: Revenue, Expenditure, Financing and Deficit",2013Q3,General Government Seasonally Adjusted Surplus/Deficit - ESA2010 Code (B9),-2312.0
"General Government Transactions ESA 2010: Revenue, Expenditure, Financing and Deficit",2013Q4,General Government transactions - Revenue - ESA2010 Code (TR),17077.0
"General Government Transactions ESA 2010: Revenue, Expenditure, Financing and Deficit",2013Q4,General Government transactions - Revenue - Taxes and social contributions - ESA2010 Code ( D2 + D5 + D91 + D61),15138.0
"General Government Transactions ESA 2010: Revenue, Expenditure, Financing and Deficit",2013Q4,General Government transactions - Revenue - Taxes - ESA2010 Code (D2 + D5 + D91),12229.0
"General Government Transactions ESA 2010: Revenue, Expenditure, Financing and Deficit",2013Q4,General Government transactions - Revenue - Social contributions - ESA2010 Code (D61),2909.0
"General Government Transactions ESA 2010: Revenue, Expenditure, Financing and Deficit",2013Q4,General Government transactions - Revenue - Sales of goods and services - ESA2010 Code (P10),1216.0
"General Government Transactions ESA 2010: Revenue, Expenditure, Financing and Deficit",2013Q4,General Government transactions - Revenue - Investment income - ESA2010 Code (D4),570.0
"General Government Transactions ESA 2010: Revenue, Expenditure, Financing and Deficit",2013Q4,General Government transactions - Revenue - Current transfer revenue (excluding taxes) - ESA2010 Code (D7),38.0
"General Government Transactions ESA 2010: Revenue, Expenditure, Financing and Deficit",2013Q4,General Government transactions - Revenue - Capital transfer revenue (excluding taxes) - ESA2010 Code (D9N),115.0
"General Government Transactions ESA 2010: Revenue, Expenditure, Financing and Deficit",2013Q4,General Government transactions - Expenditure - ESA2010 Code (TE),19559.0
"General Government Transactions ESA 2010: Revenue, Expenditure, Financing and Deficit",2013Q4,General Government transactions - Expenditure - Expense - ESA2010 Code (Expense),18867.0
"General Government Transactions ESA 2010: Revenue, Expenditure, Financing and Deficit",2013Q4,General Government transactions - Expenditure - Compensation of employees - ESA2010 Code (D1),4673.0
"General Government Transactions ESA 2010: Revenue, Expenditure, Financing and Deficit",2013Q4,General Government transactions - Expenditure - Use of goods and services plus taxes payable - ESA2010 Code (P2 + D5 + D29),2411.0
"General Government Transactions ESA 2010: Revenue, Expenditure, Financing and Deficit",2013Q4,General Government transactions - Expenditure - Depreciation (consumption of fixed capital) - ESA2010 Code (P51c),816.0
"General Government Transactions ESA 2010: Revenue, Expenditure, Financing and Deficit",2013Q4,General Government transactions - Expenditure - Interest (excluding FISIM) - ESA2010 Code (D41),1946.0
"General Government Transactions ESA 2010: Revenue, Expenditure, Financing and Deficit",2013Q4,General Government transactions - Expenditure - Subsidies - ESA2010 Code (D3),692.0
"General Government Transactions ESA 2010: Revenue, Expenditure, Financing and Deficit",2013Q4,General Government transactions - Expenditure - Social benefits - ESA2010 Code (D62 + D632),7505.0
"General Government Transactions ESA 2010: Revenue, Expenditure, Financing and Deficit",2013Q4,General Government transactions - Expenditure - Other current transfers - ESA2010 Code (D7),753.0
"General Government Transactions ESA 2010: Revenue, Expenditure, Financing and Deficit",2013Q4,General Government transactions - Expenditure - Capital transfers - ESA2010 Code (D9),71.0
"General Government Transactions ESA 2010: Revenue, Expenditure, Financing and Deficit",2013Q4,Net operating balance - ESA2010 Code  (NOB),-1790.0
"General Government Transactions ESA 2010: Revenue, Expenditure, Financing and Deficit",2013Q4,Net acquisition of non-financial assets - ESA2010 Code (P5 + NP - P51c),692.0
"General Government Transactions ESA 2010: Revenue, Expenditure, Financing and Deficit",2013Q4,General Government Surplus/Deficit - ESA2010 Code (B9),-2482.0
"General Government Transactions ESA 2010: Revenue, Expenditure, Financing and Deficit",2013Q4,Net acquisition of financial assets,-7057.0
"General Government Transactions ESA 2010: Revenue, Expenditure, Financing and Deficit",2013Q4,Net acquisition of financial assets - Debt instruments - ESA2010 Code (F2 + F3 + F4),-7718.0
"General Government Transactions ESA 2010: Revenue, Expenditure, Financing and Deficit",2013Q4,Net acquisition of financial assets - Equity and Investment Fund Shares - ESA2010 Code (F5),-537.0
"General Government Transactions ESA 2010: Revenue, Expenditure, Financing and Deficit",2013Q4,Net acquisition of financial assets - Other financial assets - ESA2010 Code (F6 + F7 + F8),1199.0
"General Government Transactions ESA 2010: Revenue, Expenditure, Financing and Deficit",2013Q4,Net incurrence of liabilities,-4107.0
"General Government Transactions ESA 2010: Revenue, Expenditure, Financing and Deficit",2013Q4,Net incurrence of liabilities - Debt instruments - ESA2010 Code (F2 + F3 + F4),-4143.0
"General Government Transactions ESA 2010: Revenue, Expenditure, Financing and Deficit",2013Q4,Net incurrence of liabilities - Other liabilities - ESA2010 Code (F5 + F6 + F7 + F8),37.0
"General Government Transactions ESA 2010: Revenue, Expenditure, Financing and Deficit",2013Q4,Memo: Net derivative flows on debt interest swap contracts,-77.0
"General Government Transactions ESA 2010: Revenue, Expenditure, Financing and Deficit",2013Q4,General Government transactions - Seasonally Adjusted Revenue - ESA2010 Code (TR),15231.0
"General Government Transactions ESA 2010: Revenue, Expenditure, Financing and Deficit",2013Q4,General Government transactions - Seasonally Adjusted Expenditure - ESA2010 Code (TE),18470.0
"General Government Transactions ESA 2010: Revenue, Expenditure, Financing and Deficit",2013Q4,General Government Seasonally Adjusted Surplus/Deficit - ESA2010 Code (B9),-3239.0
"General Government Transactions ESA 2010: Revenue, Expenditure, Financing and Deficit",2014Q1,General Government transactions - Revenue - ESA2010 Code (TR),15034.0
"General Government Transactions ESA 2010: Revenue, Expenditure, Financing and Deficit",2014Q1,General Government transactions - Revenue - Taxes and social contributions - ESA2010 Code ( D2 + D5 + D91 + D61),13428.0
"General Government Transactions ESA 2010: Revenue, Expenditure, Financing and Deficit",2014Q1,General Government transactions - Revenue - Taxes - ESA2010 Code (D2 + D5 + D91),10473.0
"General Government Transactions ESA 2010: Revenue, Expenditure, Financing and Deficit",2014Q1,General Government transactions - Revenue - Social contributions - ESA2010 Code (D61),2955.0
"General Government Transactions ESA 2010: Revenue, Expenditure, Financing and Deficit",2014Q1,General Government transactions - Revenue - Sales of goods and services - ESA2010 Code (P10),889.0
"General Government Transactions ESA 2010: Revenue, Expenditure, Financing and Deficit",2014Q1,General Government transactions - Revenue - Investment income - ESA2010 Code (D4),541.0
"General Government Transactions ESA 2010: Revenue, Expenditure, Financing and Deficit",2014Q1,General Government transactions - Revenue - Current transfer revenue (excluding taxes) - ESA2010 Code (D7),74.0
"General Government Transactions ESA 2010: Revenue, Expenditure, Financing and Deficit",2014Q1,General Government transactions - Revenue - Capital transfer revenue (excluding taxes) - ESA2010 Code (D9N),102.0
"General Government Transactions ESA 2010: Revenue, Expenditure, Financing and Deficit",2014Q1,General Government transactions - Expenditure - ESA2010 Code (TE),17805.0
"General Government Transactions ESA 2010: Revenue, Expenditure, Financing and Deficit",2014Q1,General Government transactions - Expenditure - Expense - ESA2010 Code (Expense),17566.0
"General Government Transactions ESA 2010: Revenue, Expenditure, Financing and Deficit",2014Q1,General Government transactions - Expenditure - Compensation of employees - ESA2010 Code (D1),4783.0
"General Government Transactions ESA 2010: Revenue, Expenditure, Financing and Deficit",2014Q1,General Government transactions - Expenditure - Use of goods and services plus taxes payable - ESA2010 Code (P2 + D5 + D29),1923.0
"General Government Transactions ESA 2010: Revenue, Expenditure, Financing and Deficit",2014Q1,General Government transactions - Expenditure - Depreciation (consumption of fixed capital) - ESA2010 Code (P51c),858.0
"General Government Transactions ESA 2010: Revenue, Expenditure, Financing and Deficit",2014Q1,General Government transactions - Expenditure - Interest (excluding FISIM) - ESA2010 Code (D41),1888.0
"General Government Transactions ESA 2010: Revenue, Expenditure, Financing and Deficit",2014Q1,General Government transactions - Expenditure - Subsidies - ESA2010 Code (D3),439.0
"General Government Transactions ESA 2010: Revenue, Expenditure, Financing and Deficit",2014Q1,General Government transactions - Expenditure - Social benefits - ESA2010 Code (D62 + D632),6503.0
"General Government Transactions ESA 2010: Revenue, Expenditure, Financing and Deficit",2014Q1,General Government transactions - Expenditure - Other current transfers - ESA2010 Code (D7),861.0
"General Government Transactions ESA 2010: Revenue, Expenditure, Financing and Deficit",2014Q1,General Government transactions - Expenditure - Capital transfers - ESA2010 Code (D9),311.0
"General Government Transactions ESA 2010: Revenue, Expenditure, Financing and Deficit",2014Q1,Net operating balance - ESA2010 Code  (NOB),-2532.0
"General Government Transactions ESA 2010: Revenue, Expenditure, Financing and Deficit",2014Q1,Net acquisition of non-financial assets - ESA2010 Code (P5 + NP - P51c),239.0
"General Government Transactions ESA 2010: Revenue, Expenditure, Financing and Deficit",2014Q1,General Government Surplus/Deficit - ESA2010 Code (B9),-2771.0
"General Government Transactions ESA 2010: Revenue, Expenditure, Financing and Deficit",2014Q1,Net acquisition of financial assets,-2783.0
"General Government Transactions ESA 2010: Revenue, Expenditure, Financing and Deficit",2014Q1,Net acquisition of financial assets - Debt instruments - ESA2010 Code (F2 + F3 + F4),-622.0
"General Government Transactions ESA 2010: Revenue, Expenditure, Financing and Deficit",2014Q1,Net acquisition of financial assets - Equity and Investment Fund Shares - ESA2010 Code (F5),-1193.0
"General Government Transactions ESA 2010: Revenue, Expenditure, Financing and Deficit",2014Q1,Net acquisition of financial assets - Other financial assets - ESA2010 Code (F6 + F7 + F8),-968.0
"General Government Transactions ESA 2010: Revenue, Expenditure, Financing and Deficit",2014Q1,Net incurrence of liabilities,322.0
"General Government Transactions ESA 2010: Revenue, Expenditure, Financing and Deficit",2014Q1,Net incurrence of liabilities - Debt instruments - ESA2010 Code (F2 + F3 + F4),220.0
"General Government Transactions ESA 2010: Revenue, Expenditure, Financing and Deficit",2014Q1,Net incurrence of liabilities - Other liabilities - ESA2010 Code (F5 + F6 + F7 + F8),103.0
"General Government Transactions ESA 2010: Revenue, Expenditure, Financing and Deficit",2014Q1,Memo: Net derivative flows on debt interest swap contracts,-69.0
"General Government Transactions ESA 2010: Revenue, Expenditure, Financing and Deficit",2014Q1,General Government transactions - Seasonally Adjusted Revenue - ESA2010 Code (TR),16221.0
"General Government Transactions ESA 2010: Revenue, Expenditure, Financing and Deficit",2014Q1,General Government transactions - Seasonally Adjusted Expenditure - ESA2010 Code (TE),18408.0
"General Government Transactions ESA 2010: Revenue, Expenditure, Financing and Deficit",2014Q1,General Government Seasonally Adjusted Surplus/Deficit - ESA2010 Code (B9),-2187.0
"General Government Transactions ESA 2010: Revenue, Expenditure, Financing and Deficit",2014Q2,General Government transactions - Revenue - ESA2010 Code (TR),16420.0
"General Government Transactions ESA 2010: Revenue, Expenditure, Financing and Deficit",2014Q2,General Government transactions - Revenue - Taxes and social contributions - ESA2010 Code ( D2 + D5 + D91 + D61),13528.0
"General Government Transactions ESA 2010: Revenue, Expenditure, Financing and Deficit",2014Q2,General Government transactions - Revenue - Taxes - ESA2010 Code (D2 + D5 + D91),10706.0
"General Government Transactions ESA 2010: Revenue, Expenditure, Financing and Deficit",2014Q2,General Government transactions - Revenue - Social contributions - ESA2010 Code (D61),2823.0
"General Government Transactions ESA 2010: Revenue, Expenditure, Financing and Deficit",2014Q2,General Government transactions - Revenue - Sales of goods and services - ESA2010 Code (P10),1025.0
"General Government Transactions ESA 2010: Revenue, Expenditure, Financing and Deficit",2014Q2,General Government transactions - Revenue - Investment income - ESA2010 Code (D4),1727.0
"General Government Transactions ESA 2010: Revenue, Expenditure, Financing and Deficit",2014Q2,General Government transactions - Revenue - Current transfer revenue (excluding taxes) - ESA2010 Code (D7),74.0
"General Government Transactions ESA 2010: Revenue, Expenditure, Financing and Deficit",2014Q2,General Government transactions - Revenue - Capital transfer revenue (excluding taxes) - ESA2010 Code (D9N),67.0
"General Government Transactions ESA 2010: Revenue, Expenditure, Financing and Deficit",2014Q2,General Government transactions - Expenditure - ESA2010 Code (TE),17836.0
"General Government Transactions ESA 2010: Revenue, Expenditure, Financing and Deficit",2014Q2,General Government transactions - Expenditure - Expense - ESA2010 Code (Expense),17580.0
"General Government Transactions ESA 2010: Revenue, Expenditure, Financing and Deficit",2014Q2,General Government transactions - Expenditure - Compensation of employees - ESA2010 Code (D1),4811.0
"General Government Transactions ESA 2010: Revenue, Expenditure, Financing and Deficit",2014Q2,General Government transactions - Expenditure - Use of goods and services plus taxes payable - ESA2010 Code (P2 + D5 + D29),2297.0
"General Government Transactions ESA 2010: Revenue, Expenditure, Financing and Deficit",2014Q2,General Government transactions - Expenditure - Depreciation (consumption of fixed capital) - ESA2010 Code (P51c),858.0
"General Government Transactions ESA 2010: Revenue, Expenditure, Financing and Deficit",2014Q2,General Government transactions - Expenditure - Interest (excluding FISIM) - ESA2010 Code (D41),1921.0
"General Government Transactions ESA 2010: Revenue, Expenditure, Financing and Deficit",2014Q2,General Government transactions - Expenditure - Subsidies - ESA2010 Code (D3),455.0
"General Government Transactions ESA 2010: Revenue, Expenditure, Financing and Deficit",2014Q2,General Government transactions - Expenditure - Social benefits - ESA2010 Code (D62 + D632),6545.0
"General Government Transactions ESA 2010: Revenue, Expenditure, Financing and Deficit",2014Q2,General Government transactions - Expenditure - Other current transfers - ESA2010 Code (D7),454.0
"General Government Transactions ESA 2010: Revenue, Expenditure, Financing and Deficit",2014Q2,General Government transactions - Expenditure - Capital transfers - ESA2010 Code (D9),240.0
"General Government Transactions ESA 2010: Revenue, Expenditure, Financing and Deficit",2014Q2,Net operating balance - ESA2010 Code  (NOB),-1160.0
"General Government Transactions ESA 2010: Revenue, Expenditure, Financing and Deficit",2014Q2,Net acquisition of non-financial assets - ESA2010 Code (P5 + NP - P51c),256.0
"General Government Transactions ESA 2010: Revenue, Expenditure, Financing and Deficit",2014Q2,General Government Surplus/Deficit - ESA2010 Code (B9),-1416.0
"General Government Transactions ESA 2010: Revenue, Expenditure, Financing and Deficit",2014Q2,Net acquisition of financial assets,-7064.0
"General Government Transactions ESA 2010: Revenue, Expenditure, Financing and Deficit",2014Q2,Net acquisition of financial assets - Debt instruments - ESA2010 Code (F2 + F3 + F4),-8049.0
"General Government Transactions ESA 2010: Revenue, Expenditure, Financing and Deficit",2014Q2,Net acquisition of financial assets - Equity and Investment Fund Shares - ESA2010 Code (F5),567.0
"General Government Transactions ESA 2010: Revenue, Expenditure, Financing and Deficit",2014Q2,Net acquisition of financial assets - Other financial assets - ESA2010 Code (F6 + F7 + F8),417.0
"General Government Transactions ESA 2010: Revenue, Expenditure, Financing and Deficit",2014Q2,Net incurrence of liabilities,-5754.0
"General Government Transactions ESA 2010: Revenue, Expenditure, Financing and Deficit",2014Q2,Net incurrence of liabilities - Debt instruments - ESA2010 Code (F2 + F3 + F4),-5766.0
"General Government Transactions ESA 2010: Revenue, Expenditure, Financing and Deficit",2014Q2,Net incurrence of liabilities - Other liabilities - ESA2010 Code (F5 + F6 + F7 + F8),12.0
"General Government Transactions ESA 2010: Revenue, Expenditure, Financing and Deficit",2014Q2,Memo: Net derivative flows on debt interest swap contracts,-68.0
"General Government Transactions ESA 2010: Revenue, Expenditure, Financing and Deficit",2014Q2,General Government transactions - Seasonally Adjusted Revenue - ESA2010 Code (TR),16505.0
"General Government Transactions ESA 2010: Revenue, Expenditure, Financing and Deficit",2014Q2,General Government transactions - Seasonally Adjusted Expenditure - ESA2010 Code (TE),18364.0
"General Government Transactions ESA 2010: Revenue, Expenditure, Financing and Deficit",2014Q2,General Government Seasonally Adjusted Surplus/Deficit - ESA2010 Code (B9),-1859.0
"General Government Transactions ESA 2010: Revenue, Expenditure, Financing and Deficit",2014Q3,General Government transactions - Revenue - ESA2010 Code (TR),16003.0
"General Government Transactions ESA 2010: Revenue, Expenditure, Financing and Deficit",2014Q3,General Government transactions - Revenue - Taxes and social contributions - ESA2010 Code ( D2 + D5 + D91 + D61),14341.0
"General Government Transactions ESA 2010: Revenue, Expenditure, Financing and Deficit",2014Q3,General Government transactions - Revenue - Taxes - ESA2010 Code (D2 + D5 + D91),11543.0
"General Government Transactions ESA 2010: Revenue, Expenditure, Financing and Deficit",2014Q3,General Government transactions - Revenue - Social contributions - ESA2010 Code (D61),2798.0
"General Government Transactions ESA 2010: Revenue, Expenditure, Financing and Deficit",2014Q3,General Government transactions - Revenue - Sales of goods and services - ESA2010 Code (P10),1031.0
"General Government Transactions ESA 2010: Revenue, Expenditure, Financing and Deficit",2014Q3,General Government transactions - Revenue - Investment income - ESA2010 Code (D4),446.0
"General Government Transactions ESA 2010: Revenue, Expenditure, Financing and Deficit",2014Q3,General Government transactions - Revenue - Current transfer revenue (excluding taxes) - ESA2010 Code (D7),74.0
"General Government Transactions ESA 2010: Revenue, Expenditure, Financing and Deficit",2014Q3,General Government transactions - Revenue - Capital transfer revenue (excluding taxes) - ESA2010 Code (D9N),112.0
"General Government Transactions ESA 2010: Revenue, Expenditure, Financing and Deficit",2014Q3,General Government transactions - Expenditure - ESA2010 Code (TE),18060.0
"General Government Transactions ESA 2010: Revenue, Expenditure, Financing and Deficit",2014Q3,General Government transactions - Expenditure - Expense - ESA2010 Code (Expense),18173.0
"General Government Transactions ESA 2010: Revenue, Expenditure, Financing and Deficit",2014Q3,General Government transactions - Expenditure - Compensation of employees - ESA2010 Code (D1),4742.0
"General Government Transactions ESA 2010: Revenue, Expenditure, Financing and Deficit",2014Q3,General Government transactions - Expenditure - Use of goods and services plus taxes payable - ESA2010 Code (P2 + D5 + D29),2371.0
"General Government Transactions ESA 2010: Revenue, Expenditure, Financing and Deficit",2014Q3,General Government transactions - Expenditure - Depreciation (consumption of fixed capital) - ESA2010 Code (P51c),858.0
"General Government Transactions ESA 2010: Revenue, Expenditure, Financing and Deficit",2014Q3,General Government transactions - Expenditure - Interest (excluding FISIM) - ESA2010 Code (D41),1911.0
"General Government Transactions ESA 2010: Revenue, Expenditure, Financing and Deficit",2014Q3,General Government transactions - Expenditure - Subsidies - ESA2010 Code (D3),477.0
"General Government Transactions ESA 2010: Revenue, Expenditure, Financing and Deficit",2014Q3,General Government transactions - Expenditure - Social benefits - ESA2010 Code (D62 + D632),7002.0
"General Government Transactions ESA 2010: Revenue, Expenditure, Financing and Deficit",2014Q3,General Government transactions - Expenditure - Other current transfers - ESA2010 Code (D7),558.0
"General Government Transactions ESA 2010: Revenue, Expenditure, Financing and Deficit",2014Q3,General Government transactions - Expenditure - Capital transfers - ESA2010 Code (D9),255.0
"General Government Transactions ESA 2010: Revenue, Expenditure, Financing and Deficit",2014Q3,Net operating balance - ESA2010 Code  (NOB),-2170.0
"General Government Transactions ESA 2010: Revenue, Expenditure, Financing and Deficit",2014Q3,Net acquisition of non-financial assets - ESA2010 Code (P5 + NP - P51c),-113.0
"General Government Transactions ESA 2010: Revenue, Expenditure, Financing and Deficit",2014Q3,General Government Surplus/Deficit - ESA2010 Code (B9),-2057.0
"General Government Transactions ESA 2010: Revenue, Expenditure, Financing and Deficit",2014Q3,Net acquisition of financial assets,-2635.0
"General Government Transactions ESA 2010: Revenue, Expenditure, Financing and Deficit",2014Q3,Net acquisition of financial assets - Debt instruments - ESA2010 Code (F2 + F3 + F4),-2407.0
"General Government Transactions ESA 2010: Revenue, Expenditure, Financing and Deficit",2014Q3,Net acquisition of financial assets - Equity and Investment Fund Shares - ESA2010 Code (F5),285.0
"General Government Transactions ESA 2010: Revenue, Expenditure, Financing and Deficit",2014Q3,Net acquisition of financial assets - Other financial assets - ESA2010 Code (F6 + F7 + F8),-513.0
"General Government Transactions ESA 2010: Revenue, Expenditure, Financing and Deficit",2014Q3,Net incurrence of liabilities,-223.0
"General Government Transactions ESA 2010: Revenue, Expenditure, Financing and Deficit",2014Q3,Net incurrence of liabilities - Debt instruments - ESA2010 Code (F2 + F3 + F4),-153.0
"General Government Transactions ESA 2010: Revenue, Expenditure, Financing and Deficit",2014Q3,Net incurrence of liabilities - Other liabilities - ESA2010 Code (F5 + F6 + F7 + F8),-71.0
"General Government Transactions ESA 2010: Revenue, Expenditure, Financing and Deficit",2014Q3,Memo: Net derivative flows on debt interest swap contracts,-74.0
"General Government Transactions ESA 2010: Revenue, Expenditure, Financing and Deficit",2014Q3,General Government transactions - Seasonally Adjusted Revenue - ESA2010 Code (TR),16817.0
"General Government Transactions ESA 2010: Revenue, Expenditure, Financing and Deficit",2014Q3,General Government transactions - Seasonally Adjusted Expenditure - ESA2010 Code (TE),18179.0
"General Government Transactions ESA 2010: Revenue, Expenditure, Financing and Deficit",2014Q3,General Government Seasonally Adjusted Surplus/Deficit - ESA2010 Code (B9),-1362.0
"General Government Transactions ESA 2010: Revenue, Expenditure, Financing and Deficit",2014Q4,General Government transactions - Revenue - ESA2010 Code (TR),18810.0
"General Government Transactions ESA 2010: Revenue, Expenditure, Financing and Deficit",2014Q4,General Government transactions - Revenue - Taxes and social contributions - ESA2010 Code ( D2 + D5 + D91 + D61),16917.0
"General Government Transactions ESA 2010: Revenue, Expenditure, Financing and Deficit",2014Q4,General Government transactions - Revenue - Taxes - ESA2010 Code (D2 + D5 + D91),13786.0
"General Government Transactions ESA 2010: Revenue, Expenditure, Financing and Deficit",2014Q4,General Government transactions - Revenue - Social contributions - ESA2010 Code (D61),3131.0
"General Government Transactions ESA 2010: Revenue, Expenditure, Financing and Deficit",2014Q4,General Government transactions - Revenue - Sales of goods and services - ESA2010 Code (P10),1207.0
"General Government Transactions ESA 2010: Revenue, Expenditure, Financing and Deficit",2014Q4,General Government transactions - Revenue - Investment income - ESA2010 Code (D4),362.0
"General Government Transactions ESA 2010: Revenue, Expenditure, Financing and Deficit",2014Q4,General Government transactions - Revenue - Current transfer revenue (excluding taxes) - ESA2010 Code (D7),98.0
"General Government Transactions ESA 2010: Revenue, Expenditure, Financing and Deficit",2014Q4,General Government transactions - Revenue - Capital transfer revenue (excluding taxes) - ESA2010 Code (D9N),226.0
"General Government Transactions ESA 2010: Revenue, Expenditure, Financing and Deficit",2014Q4,General Government transactions - Expenditure - ESA2010 Code (TE),19625.0
"General Government Transactions ESA 2010: Revenue, Expenditure, Financing and Deficit",2014Q4,General Government transactions - Expenditure - Expense - ESA2010 Code (Expense),19109.0
"General Government Transactions ESA 2010: Revenue, Expenditure, Financing and Deficit",2014Q4,General Government transactions - Expenditure - Compensation of employees - ESA2010 Code (D1),4796.0
"General Government Transactions ESA 2010: Revenue, Expenditure, Financing and Deficit",2014Q4,General Government transactions - Expenditure - Use of goods and services plus taxes payable - ESA2010 Code (P2 + D5 + D29),2420.0
"General Government Transactions ESA 2010: Revenue, Expenditure, Financing and Deficit",2014Q4,General Government transactions - Expenditure - Depreciation (consumption of fixed capital) - ESA2010 Code (P51c),858.0
"General Government Transactions ESA 2010: Revenue, Expenditure, Financing and Deficit",2014Q4,General Government transactions - Expenditure - Interest (excluding FISIM) - ESA2010 Code (D41),1871.0
"General Government Transactions ESA 2010: Revenue, Expenditure, Financing and Deficit",2014Q4,General Government transactions - Expenditure - Subsidies - ESA2010 Code (D3),677.0
"General Government Transactions ESA 2010: Revenue, Expenditure, Financing and Deficit",2014Q4,General Government transactions - Expenditure - Social benefits - ESA2010 Code (D62 + D632),7406.0
"General Government Transactions ESA 2010: Revenue, Expenditure, Financing and Deficit",2014Q4,General Government transactions - Expenditure - Other current transfers - ESA2010 Code (D7),761.0
"General Government Transactions ESA 2010: Revenue, Expenditure, Financing and Deficit",2014Q4,General Government transactions - Expenditure - Capital transfers - ESA2010 Code (D9),321.0
"General Government Transactions ESA 2010: Revenue, Expenditure, Financing and Deficit",2014Q4,Net operating balance - ESA2010 Code  (NOB),-299.0
"General Government Transactions ESA 2010: Revenue, Expenditure, Financing and Deficit",2014Q4,Net acquisition of non-financial assets - ESA2010 Code (P5 + NP - P51c),516.0
"General Government Transactions ESA 2010: Revenue, Expenditure, Financing and Deficit",2014Q4,General Government Surplus/Deficit - ESA2010 Code (B9),-815.0
"General Government Transactions ESA 2010: Revenue, Expenditure, Financing and Deficit",2014Q4,Net acquisition of financial assets,-6302.0
"General Government Transactions ESA 2010: Revenue, Expenditure, Financing and Deficit",2014Q4,Net acquisition of financial assets - Debt instruments - ESA2010 Code (F2 + F3 + F4),-8500.0
"General Government Transactions ESA 2010: Revenue, Expenditure, Financing and Deficit",2014Q4,Net acquisition of financial assets - Equity and Investment Fund Shares - ESA2010 Code (F5),256.0
"General Government Transactions ESA 2010: Revenue, Expenditure, Financing and Deficit",2014Q4,Net acquisition of financial assets - Other financial assets - ESA2010 Code (F6 + F7 + F8),1943.0
"General Government Transactions ESA 2010: Revenue, Expenditure, Financing and Deficit",2014Q4,Net incurrence of liabilities,-5742.0
"General Government Transactions ESA 2010: Revenue, Expenditure, Financing and Deficit",2014Q4,Net incurrence of liabilities - Debt instruments - ESA2010 Code (F2 + F3 + F4),-6468.0
"General Government Transactions ESA 2010: Revenue, Expenditure, Financing and Deficit",2014Q4,Net incurrence of liabilities - Other liabilities - ESA2010 Code (F5 + F6 + F7 + F8),726.0
"General Government Transactions ESA 2010: Revenue, Expenditure, Financing and Deficit",2014Q4,Memo: Net derivative flows on debt interest swap contracts,-53.0
"General Government Transactions ESA 2010: Revenue, Expenditure, Financing and Deficit",2014Q4,General Government transactions - Seasonally Adjusted Revenue - ESA2010 Code (TR),16663.0
"General Government Transactions ESA 2010: Revenue, Expenditure, Financing and Deficit",2014Q4,General Government transactions - Seasonally Adjusted Expenditure - ESA2010 Code (TE),18368.0
"General Government Transactions ESA 2010: Revenue, Expenditure, Financing and Deficit",2014Q4,General Government Seasonally Adjusted Surplus/Deficit - ESA2010 Code (B9),-1706.0
"General Government Transactions ESA 2010: Revenue, Expenditure, Financing and Deficit",2015Q1,General Government transactions - Revenue - ESA2010 Code (TR),16075.0
"General Government Transactions ESA 2010: Revenue, Expenditure, Financing and Deficit",2015Q1,General Government transactions - Revenue - Taxes and social contributions - ESA2010 Code ( D2 + D5 + D91 + D61),14431.0
"General Government Transactions ESA 2010: Revenue, Expenditure, Financing and Deficit",2015Q1,General Government transactions - Revenue - Taxes - ESA2010 Code (D2 + D5 + D91),11357.0
"General Government Transactions ESA 2010: Revenue, Expenditure, Financing and Deficit",2015Q1,General Government transactions - Revenue - Social contributions - ESA2010 Code (D61),3074.0
"General Government Transactions ESA 2010: Revenue, Expenditure, Financing and Deficit",2015Q1,General Government transactions - Revenue - Sales of goods and services - ESA2010 Code (P10),986.0
"General Government Transactions ESA 2010: Revenue, Expenditure, Financing and Deficit",2015Q1,General Government transactions - Revenue - Investment income - ESA2010 Code (D4),417.0
"General Government Transactions ESA 2010: Revenue, Expenditure, Financing and Deficit",2015Q1,General Government transactions - Revenue - Current transfer revenue (excluding taxes) - ESA2010 Code (D7),144.0
"General Government Transactions ESA 2010: Revenue, Expenditure, Financing and Deficit",2015Q1,General Government transactions - Revenue - Capital transfer revenue (excluding taxes) - ESA2010 Code (D9N),97.0
"General Government Transactions ESA 2010: Revenue, Expenditure, Financing and Deficit",2015Q1,General Government transactions - Expenditure - ESA2010 Code (TE),18330.0
"General Government Transactions ESA 2010: Revenue, Expenditure, Financing and Deficit",2015Q1,General Government transactions - Expenditure - Expense - ESA2010 Code (Expense),18002.0
"General Government Transactions ESA 2010: Revenue, Expenditure, Financing and Deficit",2015Q1,General Government transactions - Expenditure - Compensation of employees - ESA2010 Code (D1),4797.0
"General Government Transactions ESA 2010: Revenue, Expenditure, Financing and Deficit",2015Q1,General Government transactions - Expenditure - Use of goods and services plus taxes payable - ESA2010 Code (P2 + D5 + D29),2176.0
"General Government Transactions ESA 2010: Revenue, Expenditure, Financing and Deficit",2015Q1,General Government transactions - Expenditure - Depreciation (consumption of fixed capital) - ESA2010 Code (P51c),916.0
"General Government Transactions ESA 2010: Revenue, Expenditure, Financing and Deficit",2015Q1,General Government transactions - Expenditure - Interest (excluding FISIM) - ESA2010 Code (D41),1753.0
"General Government Transactions ESA 2010: Revenue, Expenditure, Financing and Deficit",2015Q1,General Government transactions - Expenditure - Subsidies - ESA2010 Code (D3),426.0
"General Government Transactions ESA 2010: Revenue, Expenditure, Financing and Deficit",2015Q1,General Government transactions - Expenditure - Social benefits - ESA2010 Code (D62 + D632),6563.0
"General Government Transactions ESA 2010: Revenue, Expenditure, Financing and Deficit",2015Q1,General Government transactions - Expenditure - Other current transfers - ESA2010 Code (D7),924.0
"General Government Transactions ESA 2010: Revenue, Expenditure, Financing and Deficit",2015Q1,General Government transactions - Expenditure - Capital transfers - ESA2010 Code (D9),448.0
"General Government Transactions ESA 2010: Revenue, Expenditure, Financing and Deficit",2015Q1,Net operating balance - ESA2010 Code  (NOB),-1927.0
"General Government Transactions ESA 2010: Revenue, Expenditure, Financing and Deficit",2015Q1,Net acquisition of non-financial assets - ESA2010 Code (P5 + NP - P51c),328.0
"General Government Transactions ESA 2010: Revenue, Expenditure, Financing and Deficit",2015Q1,General Government Surplus/Deficit - ESA2010 Code (B9),-2255.0
"General Government Transactions ESA 2010: Revenue, Expenditure, Financing and Deficit",2015Q1,Net acquisition of financial assets,-2599.0
"General Government Transactions ESA 2010: Revenue, Expenditure, Financing and Deficit",2015Q1,Net acquisition of financial assets - Debt instruments - ESA2010 Code (F2 + F3 + F4),-174.0
"General Government Transactions ESA 2010: Revenue, Expenditure, Financing and Deficit",2015Q1,Net acquisition of financial assets - Equity and Investment Fund Shares - ESA2010 Code (F5),473.0
"General Government Transactions ESA 2010: Revenue, Expenditure, Financing and Deficit",2015Q1,Net acquisition of financial assets - Other financial assets - ESA2010 Code (F6 + F7 + F8),-2898.0
"General Government Transactions ESA 2010: Revenue, Expenditure, Financing and Deficit",2015Q1,Net incurrence of liabilities,-1092.0
"General Government Transactions ESA 2010: Revenue, Expenditure, Financing and Deficit",2015Q1,Net incurrence of liabilities - Debt instruments - ESA2010 Code (F2 + F3 + F4),-1289.0
"General Government Transactions ESA 2010: Revenue, Expenditure, Financing and Deficit",2015Q1,Net incurrence of liabilities - Other liabilities - ESA2010 Code (F5 + F6 + F7 + F8),196.0
"General Government Transactions ESA 2010: Revenue, Expenditure, Financing and Deficit",2015Q1,Memo: Net derivative flows on debt interest swap contracts,-22.0
"General Government Transactions ESA 2010: Revenue, Expenditure, Financing and Deficit",2015Q1,General Government transactions - Seasonally Adjusted Revenue - ESA2010 Code (TR),17383.0
"General Government Transactions ESA 2010: Revenue, Expenditure, Financing and Deficit",2015Q1,General Government transactions - Seasonally Adjusted Expenditure - ESA2010 Code (TE),18877.0
"General Government Transactions ESA 2010: Revenue, Expenditure, Financing and Deficit",2015Q1,General Government Seasonally Adjusted Surplus/Deficit - ESA2010 Code (B9),-1495.0
"General Government Transactions ESA 2010: Revenue, Expenditure, Financing and Deficit",2015Q2,General Government transactions - Revenue - ESA2010 Code (TR),17527.0
"General Government Transactions ESA 2010: Revenue, Expenditure, Financing and Deficit",2015Q2,General Government transactions - Revenue - Taxes and social contributions - ESA2010 Code ( D2 + D5 + D91 + D61),14528.0
"General Government Transactions ESA 2010: Revenue, Expenditure, Financing and Deficit",2015Q2,General Government transactions - Revenue - Taxes - ESA2010 Code (D2 + D5 + D91),11582.0
"General Government Transactions ESA 2010: Revenue, Expenditure, Financing and Deficit",2015Q2,General Government transactions - Revenue - Social contributions - ESA2010 Code (D61),2946.0
"General Government Transactions ESA 2010: Revenue, Expenditure, Financing and Deficit",2015Q2,General Government transactions - Revenue - Sales of goods and services - ESA2010 Code (P10),1137.0
"General Government Transactions ESA 2010: Revenue, Expenditure, Financing and Deficit",2015Q2,General Government transactions - Revenue - Investment income - ESA2010 Code (D4),1684.0
"General Government Transactions ESA 2010: Revenue, Expenditure, Financing and Deficit",2015Q2,General Government transactions - Revenue - Current transfer revenue (excluding taxes) - ESA2010 Code (D7),103.0
"General Government Transactions ESA 2010: Revenue, Expenditure, Financing and Deficit",2015Q2,General Government transactions - Revenue - Capital transfer revenue (excluding taxes) - ESA2010 Code (D9N),76.0
"General Government Transactions ESA 2010: Revenue, Expenditure, Financing and Deficit",2015Q2,General Government transactions - Expenditure - ESA2010 Code (TE),18068.0
"General Government Transactions ESA 2010: Revenue, Expenditure, Financing and Deficit",2015Q2,General Government transactions - Expenditure - Expense - ESA2010 Code (Expense),17818.0
"General Government Transactions ESA 2010: Revenue, Expenditure, Financing and Deficit",2015Q2,General Government transactions - Expenditure - Compensation of employees - ESA2010 Code (D1),4883.0
"General Government Transactions ESA 2010: Revenue, Expenditure, Financing and Deficit",2015Q2,General Government transactions - Expenditure - Use of goods and services plus taxes payable - ESA2010 Code (P2 + D5 + D29),2306.0
"General Government Transactions ESA 2010: Revenue, Expenditure, Financing and Deficit",2015Q2,General Government transactions - Expenditure - Depreciation (consumption of fixed capital) - ESA2010 Code (P51c),916.0
"General Government Transactions ESA 2010: Revenue, Expenditure, Financing and Deficit",2015Q2,General Government transactions - Expenditure - Interest (excluding FISIM) - ESA2010 Code (D41),1716.0
"General Government Transactions ESA 2010: Revenue, Expenditure, Financing and Deficit",2015Q2,General Government transactions - Expenditure - Subsidies - ESA2010 Code (D3),441.0
"General Government Transactions ESA 2010: Revenue, Expenditure, Financing and Deficit",2015Q2,General Government transactions - Expenditure - Social benefits - ESA2010 Code (D62 + D632),6609.0
"General Government Transactions ESA 2010: Revenue, Expenditure, Financing and Deficit",2015Q2,General Government transactions - Expenditure - Other current transfers - ESA2010 Code (D7),681.0
"General Government Transactions ESA 2010: Revenue, Expenditure, Financing and Deficit",2015Q2,General Government transactions - Expenditure - Capital transfers - ESA2010 Code (D9),265.0
"General Government Transactions ESA 2010: Revenue, Expenditure, Financing and Deficit",2015Q2,Net operating balance - ESA2010 Code  (NOB),-291.0
"General Government Transactions ESA 2010: Revenue, Expenditure, Financing and Deficit",2015Q2,Net acquisition of non-financial assets - ESA2010 Code (P5 + NP - P51c),250.0
"General Government Transactions ESA 2010: Revenue, Expenditure, Financing and Deficit",2015Q2,General Government Surplus/Deficit - ESA2010 Code (B9),-541.0
"General Government Transactions ESA 2010: Revenue, Expenditure, Financing and Deficit",2015Q2,Net acquisition of financial assets,455.0
"General Government Transactions ESA 2010: Revenue, Expenditure, Financing and Deficit",2015Q2,Net acquisition of financial assets - Debt instruments - ESA2010 Code (F2 + F3 + F4),1385.0
"General Government Transactions ESA 2010: Revenue, Expenditure, Financing and Deficit",2015Q2,Net acquisition of financial assets - Equity and Investment Fund Shares - ESA2010 Code (F5),-831.0
"General Government Transactions ESA 2010: Revenue, Expenditure, Financing and Deficit",2015Q2,Net acquisition of financial assets - Other financial assets - ESA2010 Code (F6 + F7 + F8),-99.0
"General Government Transactions ESA 2010: Revenue, Expenditure, Financing and Deficit",2015Q2,Net incurrence of liabilities,454.0
"General Government Transactions ESA 2010: Revenue, Expenditure, Financing and Deficit",2015Q2,Net incurrence of liabilities - Debt instruments - ESA2010 Code (F2 + F3 + F4),154.0
"General Government Transactions ESA 2010: Revenue, Expenditure, Financing and Deficit",2015Q2,Net incurrence of liabilities - Other liabilities - ESA2010 Code (F5 + F6 + F7 + F8),299.0
"General Government Transactions ESA 2010: Revenue, Expenditure, Financing and Deficit",2015Q2,Memo: Net derivative flows on debt interest swap contracts,-74.0
"General Government Transactions ESA 2010: Revenue, Expenditure, Financing and Deficit",2015Q2,General Government transactions - Seasonally Adjusted Revenue - ESA2010 Code (TR),17566.0
"General Government Transactions ESA 2010: Revenue, Expenditure, Financing and Deficit",2015Q2,General Government transactions - Seasonally Adjusted Expenditure - ESA2010 Code (TE),18718.0
"General Government Transactions ESA 2010: Revenue, Expenditure, Financing and Deficit",2015Q2,General Government Seasonally Adjusted Surplus/Deficit - ESA2010 Code (B9),-1152.0
"General Government Transactions ESA 2010: Revenue, Expenditure, Financing and Deficit",2015Q3,General Government transactions - Revenue - ESA2010 Code (TR),16763.0
"General Government Transactions ESA 2010: Revenue, Expenditure, Financing and Deficit",2015Q3,General Government transactions - Revenue - Taxes and social contributions - ESA2010 Code ( D2 + D5 + D91 + D61),15097.0
"General Government Transactions ESA 2010: Revenue, Expenditure, Financing and Deficit",2015Q3,General Government transactions - Revenue - Taxes - ESA2010 Code (D2 + D5 + D91),12199.0
"General Government Transactions ESA 2010: Revenue, Expenditure, Financing and Deficit",2015Q3,General Government transactions - Revenue - Social contributions - ESA2010 Code (D61),2897.0
"General Government Transactions ESA 2010: Revenue, Expenditure, Financing and Deficit",2015Q3,General Government transactions - Revenue - Sales of goods and services - ESA2010 Code (P10),1144.0
"General Government Transactions ESA 2010: Revenue, Expenditure, Financing and Deficit",2015Q3,General Government transactions - Revenue - Investment income - ESA2010 Code (D4),330.0
"General Government Transactions ESA 2010: Revenue, Expenditure, Financing and Deficit",2015Q3,General Government transactions - Revenue - Current transfer revenue (excluding taxes) - ESA2010 Code (D7),124.0
"General Government Transactions ESA 2010: Revenue, Expenditure, Financing and Deficit",2015Q3,General Government transactions - Revenue - Capital transfer revenue (excluding taxes) - ESA2010 Code (D9N),68.0
"General Government Transactions ESA 2010: Revenue, Expenditure, Financing and Deficit",2015Q3,General Government transactions - Expenditure - ESA2010 Code (TE),18155.0
"General Government Transactions ESA 2010: Revenue, Expenditure, Financing and Deficit",2015Q3,General Government transactions - Expenditure - Expense - ESA2010 Code (Expense),18020.0
"General Government Transactions ESA 2010: Revenue, Expenditure, Financing and Deficit",2015Q3,General Government transactions - Expenditure - Compensation of employees - ESA2010 Code (D1),4802.0
"General Government Transactions ESA 2010: Revenue, Expenditure, Financing and Deficit",2015Q3,General Government transactions - Expenditure - Use of goods and services plus taxes payable - ESA2010 Code (P2 + D5 + D29),2440.0
"General Government Transactions ESA 2010: Revenue, Expenditure, Financing and Deficit",2015Q3,General Government transactions - Expenditure - Depreciation (consumption of fixed capital) - ESA2010 Code (P51c),916.0
"General Government Transactions ESA 2010: Revenue, Expenditure, Financing and Deficit",2015Q3,General Government transactions - Expenditure - Interest (excluding FISIM) - ESA2010 Code (D41),1723.0
"General Government Transactions ESA 2010: Revenue, Expenditure, Financing and Deficit",2015Q3,General Government transactions - Expenditure - Subsidies - ESA2010 Code (D3),461.0
"General Government Transactions ESA 2010: Revenue, Expenditure, Financing and Deficit",2015Q3,General Government transactions - Expenditure - Social benefits - ESA2010 Code (D62 + D632),7081.0
"General Government Transactions ESA 2010: Revenue, Expenditure, Financing and Deficit",2015Q3,General Government transactions - Expenditure - Other current transfers - ESA2010 Code (D7),249.0
"General Government Transactions ESA 2010: Revenue, Expenditure, Financing and Deficit",2015Q3,General Government transactions - Expenditure - Capital transfers - ESA2010 Code (D9),348.0
"General Government Transactions ESA 2010: Revenue, Expenditure, Financing and Deficit",2015Q3,Net operating balance - ESA2010 Code  (NOB),-1257.0
"General Government Transactions ESA 2010: Revenue, Expenditure, Financing and Deficit",2015Q3,Net acquisition of non-financial assets - ESA2010 Code (P5 + NP - P51c),135.0
"General Government Transactions ESA 2010: Revenue, Expenditure, Financing and Deficit",2015Q3,General Government Surplus/Deficit - ESA2010 Code (B9),-1391.0
"General Government Transactions ESA 2010: Revenue, Expenditure, Financing and Deficit",2015Q3,Net acquisition of financial assets,-8.0
"General Government Transactions ESA 2010: Revenue, Expenditure, Financing and Deficit",2015Q3,Net acquisition of financial assets - Debt instruments - ESA2010 Code (F2 + F3 + F4),144.0
"General Government Transactions ESA 2010: Revenue, Expenditure, Financing and Deficit",2015Q3,Net acquisition of financial assets - Equity and Investment Fund Shares - ESA2010 Code (F5),-34.0
"General Government Transactions ESA 2010: Revenue, Expenditure, Financing and Deficit",2015Q3,Net acquisition of financial assets - Other financial assets - ESA2010 Code (F6 + F7 + F8),-118.0
"General Government Transactions ESA 2010: Revenue, Expenditure, Financing and Deficit",2015Q3,Net incurrence of liabilities,610.0
"General Government Transactions ESA 2010: Revenue, Expenditure, Financing and Deficit",2015Q3,Net incurrence of liabilities - Debt instruments - ESA2010 Code (F2 + F3 + F4),477.0
"General Government Transactions ESA 2010: Revenue, Expenditure, Financing and Deficit",2015Q3,Net incurrence of liabilities - Other liabilities - ESA2010 Code (F5 + F6 + F7 + F8),133.0
"General Government Transactions ESA 2010: Revenue, Expenditure, Financing and Deficit",2015Q3,Memo: Net derivative flows on debt interest swap contracts,-73.0
"General Government Transactions ESA 2010: Revenue, Expenditure, Financing and Deficit",2015Q3,General Government transactions - Seasonally Adjusted Revenue - ESA2010 Code (TR),17838.0
"General Government Transactions ESA 2010: Revenue, Expenditure, Financing and Deficit",2015Q3,General Government transactions - Seasonally Adjusted Expenditure - ESA2010 Code (TE),18243.0
"General Government Transactions ESA 2010: Revenue, Expenditure, Financing and Deficit",2015Q3,General Government Seasonally Adjusted Surplus/Deficit - ESA2010 Code (B9),-405.0
"General Government Transactions ESA 2010: Revenue, Expenditure, Financing and Deficit",2015Q4,General Government transactions - Revenue - ESA2010 Code (TR),20693.0
"General Government Transactions ESA 2010: Revenue, Expenditure, Financing and Deficit",2015Q4,General Government transactions - Revenue - Taxes and social contributions - ESA2010 Code ( D2 + D5 + D91 + D61),18915.0
"General Government Transactions ESA 2010: Revenue, Expenditure, Financing and Deficit",2015Q4,General Government transactions - Revenue - Taxes - ESA2010 Code (D2 + D5 + D91),15611.0
"General Government Transactions ESA 2010: Revenue, Expenditure, Financing and Deficit",2015Q4,General Government transactions - Revenue - Social contributions - ESA2010 Code (D61),3304.0
"General Government Transactions ESA 2010: Revenue, Expenditure, Financing and Deficit",2015Q4,General Government transactions - Revenue - Sales of goods and services - ESA2010 Code (P10),1340.0
"General Government Transactions ESA 2010: Revenue, Expenditure, Financing and Deficit",2015Q4,General Government transactions - Revenue - Investment income - ESA2010 Code (D4),289.0
"General Government Transactions ESA 2010: Revenue, Expenditure, Financing and Deficit",2015Q4,General Government transactions - Revenue - Current transfer revenue (excluding taxes) - ESA2010 Code (D7),81.0
"General Government Transactions ESA 2010: Revenue, Expenditure, Financing and Deficit",2015Q4,General Government transactions - Revenue - Capital transfer revenue (excluding taxes) - ESA2010 Code (D9N),69.0
"General Government Transactions ESA 2010: Revenue, Expenditure, Financing and Deficit",2015Q4,General Government transactions - Expenditure - ESA2010 Code (TE),21883.0
"General Government Transactions ESA 2010: Revenue, Expenditure, Financing and Deficit",2015Q4,General Government transactions - Expenditure - Expense - ESA2010 Code (Expense),21595.0
"General Government Transactions ESA 2010: Revenue, Expenditure, Financing and Deficit",2015Q4,General Government transactions - Expenditure - Compensation of employees - ESA2010 Code (D1),4975.0
"General Government Transactions ESA 2010: Revenue, Expenditure, Financing and Deficit",2015Q4,General Government transactions - Expenditure - Use of goods and services plus taxes payable - ESA2010 Code (P2 + D5 + D29),2638.0
"General Government Transactions ESA 2010: Revenue, Expenditure, Financing and Deficit",2015Q4,General Government transactions - Expenditure - Depreciation (consumption of fixed capital) - ESA2010 Code (P51c),916.0
"General Government Transactions ESA 2010: Revenue, Expenditure, Financing and Deficit",2015Q4,General Government transactions - Expenditure - Interest (excluding FISIM) - ESA2010 Code (D41),1744.0
"General Government Transactions ESA 2010: Revenue, Expenditure, Financing and Deficit",2015Q4,General Government transactions - Expenditure - Subsidies - ESA2010 Code (D3),667.0
"General Government Transactions ESA 2010: Revenue, Expenditure, Financing and Deficit",2015Q4,General Government transactions - Expenditure - Social benefits - ESA2010 Code (D62 + D632),7480.0
"General Government Transactions ESA 2010: Revenue, Expenditure, Financing and Deficit",2015Q4,General Government transactions - Expenditure - Other current transfers - ESA2010 Code (D7),742.0
"General Government Transactions ESA 2010: Revenue, Expenditure, Financing and Deficit",2015Q4,General Government transactions - Expenditure - Capital transfers - ESA2010 Code (D9),2434.0
"General Government Transactions ESA 2010: Revenue, Expenditure, Financing and Deficit",2015Q4,Net operating balance - ESA2010 Code  (NOB),-902.0
"General Government Transactions ESA 2010: Revenue, Expenditure, Financing and Deficit",2015Q4,Net acquisition of non-financial assets - ESA2010 Code (P5 + NP - P51c),288.0
"General Government Transactions ESA 2010: Revenue, Expenditure, Financing and Deficit",2015Q4,General Government Surplus/Deficit - ESA2010 Code (B9),-1191.0
"General Government Transactions ESA 2010: Revenue, Expenditure, Financing and Deficit",2015Q4,Net acquisition of financial assets,-6261.0
"General Government Transactions ESA 2010: Revenue, Expenditure, Financing and Deficit",2015Q4,Net acquisition of financial assets - Debt instruments - ESA2010 Code (F2 + F3 + F4),-8151.0
"General Government Transactions ESA 2010: Revenue, Expenditure, Financing and Deficit",2015Q4,Net acquisition of financial assets - Equity and Investment Fund Shares - ESA2010 Code (F5),633.0
"General Government Transactions ESA 2010: Revenue, Expenditure, Financing and Deficit",2015Q4,Net acquisition of financial assets - Other financial assets - ESA2010 Code (F6 + F7 + F8),1257.0
"General Government Transactions ESA 2010: Revenue, Expenditure, Financing and Deficit",2015Q4,Net incurrence of liabilities,-2460.0
"General Government Transactions ESA 2010: Revenue, Expenditure, Financing and Deficit",2015Q4,Net incurrence of liabilities - Debt instruments - ESA2010 Code (F2 + F3 + F4),-2443.0
"General Government Transactions ESA 2010: Revenue, Expenditure, Financing and Deficit",2015Q4,Net incurrence of liabilities - Other liabilities - ESA2010 Code (F5 + F6 + F7 + F8),-17.0
"General Government Transactions ESA 2010: Revenue, Expenditure, Financing and Deficit",2015Q4,Memo: Net derivative flows on debt interest swap contracts,-71.0
"General Government Transactions ESA 2010: Revenue, Expenditure, Financing and Deficit",2015Q4,General Government transactions - Seasonally Adjusted Revenue - ESA2010 Code (TR),18081.0
"General Government Transactions ESA 2010: Revenue, Expenditure, Financing and Deficit",2015Q4,General Government transactions - Seasonally Adjusted Expenditure - ESA2010 Code (TE),20458.0
"General Government Transactions ESA 2010: Revenue, Expenditure, Financing and Deficit",2015Q4,General Government Seasonally Adjusted Surplus/Deficit - ESA2010 Code (B9),-2376.0
"General Government Transactions ESA 2010: Revenue, Expenditure, Financing and Deficit",2016Q1,General Government transactions - Revenue - ESA2010 Code (TR),16447.0
"General Government Transactions ESA 2010: Revenue, Expenditure, Financing and Deficit",2016Q1,General Government transactions - Revenue - Taxes and social contributions - ESA2010 Code ( D2 + D5 + D91 + D61),15109.0
"General Government Transactions ESA 2010: Revenue, Expenditure, Financing and Deficit",2016Q1,General Government transactions - Revenue - Taxes - ESA2010 Code (D2 + D5 + D91),11857.0
"General Government Transactions ESA 2010: Revenue, Expenditure, Financing and Deficit",2016Q1,General Government transactions - Revenue - Social contributions - ESA2010 Code (D61),3252.0
"General Government Transactions ESA 2010: Revenue, Expenditure, Financing and Deficit",2016Q1,General Government transactions - Revenue - Sales of goods and services - ESA2010 Code (P10),988.0
"General Government Transactions ESA 2010: Revenue, Expenditure, Financing and Deficit",2016Q1,General Government transactions - Revenue - Investment income - ESA2010 Code (D4),109.0
"General Government Transactions ESA 2010: Revenue, Expenditure, Financing and Deficit",2016Q1,General Government transactions - Revenue - Current transfer revenue (excluding taxes) - ESA2010 Code (D7),120.0
"General Government Transactions ESA 2010: Revenue, Expenditure, Financing and Deficit",2016Q1,General Government transactions - Revenue - Capital transfer revenue (excluding taxes) - ESA2010 Code (D9N),120.0
"General Government Transactions ESA 2010: Revenue, Expenditure, Financing and Deficit",2016Q1,General Government transactions - Expenditure - ESA2010 Code (TE),18231.0
"General Government Transactions ESA 2010: Revenue, Expenditure, Financing and Deficit",2016Q1,General Government transactions - Expenditure - Expense - ESA2010 Code (Expense),17961.0
"General Government Transactions ESA 2010: Revenue, Expenditure, Financing and Deficit",2016Q1,General Government transactions - Expenditure - Compensation of employees - ESA2010 Code (D1),4951.0
"General Government Transactions ESA 2010: Revenue, Expenditure, Financing and Deficit",2016Q1,General Government transactions - Expenditure - Use of goods and services plus taxes payable - ESA2010 Code (P2 + D5 + D29),2259.0
"General Government Transactions ESA 2010: Revenue, Expenditure, Financing and Deficit",2016Q1,General Government transactions - Expenditure - Depreciation (consumption of fixed capital) - ESA2010 Code (P51c),978.0
"General Government Transactions ESA 2010: Revenue, Expenditure, Financing and Deficit",2016Q1,General Government transactions - Expenditure - Interest (excluding FISIM) - ESA2010 Code (D41),1665.0
"General Government Transactions ESA 2010: Revenue, Expenditure, Financing and Deficit",2016Q1,General Government transactions - Expenditure - Subsidies - ESA2010 Code (D3),423.0
"General Government Transactions ESA 2010: Revenue, Expenditure, Financing and Deficit",2016Q1,General Government transactions - Expenditure - Social benefits - ESA2010 Code (D62 + D632),6564.0
"General Government Transactions ESA 2010: Revenue, Expenditure, Financing and Deficit",2016Q1,General Government transactions - Expenditure - Other current transfers - ESA2010 Code (D7),833.0
"General Government Transactions ESA 2010: Revenue, Expenditure, Financing and Deficit",2016Q1,General Government transactions - Expenditure - Capital transfers - ESA2010 Code (D9),289.0
"General Government Transactions ESA 2010: Revenue, Expenditure, Financing and Deficit",2016Q1,Net operating balance - ESA2010 Code  (NOB),-1514.0
"General Government Transactions ESA 2010: Revenue, Expenditure, Financing and Deficit",2016Q1,Net acquisition of non-financial assets - ESA2010 Code (P5 + NP - P51c),270.0
"General Government Transactions ESA 2010: Revenue, Expenditure, Financing and Deficit",2016Q1,General Government Surplus/Deficit - ESA2010 Code (B9),-1784.0
"General Government Transactions ESA 2010: Revenue, Expenditure, Financing and Deficit",2016Q1,Net acquisition of financial assets,3865.0
"General Government Transactions ESA 2010: Revenue, Expenditure, Financing and Deficit",2016Q1,Net acquisition of financial assets - Debt instruments - ESA2010 Code (F2 + F3 + F4),3955.0
"General Government Transactions ESA 2010: Revenue, Expenditure, Financing and Deficit",2016Q1,Net acquisition of financial assets - Equity and Investment Fund Shares - ESA2010 Code (F5),627.0
"General Government Transactions ESA 2010: Revenue, Expenditure, Financing and Deficit",2016Q1,Net acquisition of financial assets - Other financial assets - ESA2010 Code (F6 + F7 + F8),-717.0
"General Government Transactions ESA 2010: Revenue, Expenditure, Financing and Deficit",2016Q1,Net incurrence of liabilities,4916.0
"General Government Transactions ESA 2010: Revenue, Expenditure, Financing and Deficit",2016Q1,Net incurrence of liabilities - Debt instruments - ESA2010 Code (F2 + F3 + F4),4933.0
"General Government Transactions ESA 2010: Revenue, Expenditure, Financing and Deficit",2016Q1,Net incurrence of liabilities - Other liabilities - ESA2010 Code (F5 + F6 + F7 + F8),-18.0
"General Government Transactions ESA 2010: Revenue, Expenditure, Financing and Deficit",2016Q1,Memo: Net derivative flows on debt interest swap contracts,-71.0
"General Government Transactions ESA 2010: Revenue, Expenditure, Financing and Deficit",2016Q1,General Government transactions - Seasonally Adjusted Revenue - ESA2010 Code (TR),17909.0
"General Government Transactions ESA 2010: Revenue, Expenditure, Financing and Deficit",2016Q1,General Government transactions - Seasonally Adjusted Expenditure - ESA2010 Code (TE),18852.0
"General Government Transactions ESA 2010: Revenue, Expenditure, Financing and Deficit",2016Q1,General Government Seasonally Adjusted Surplus/Deficit - ESA2010 Code (B9),-943.0
"General Government Transactions ESA 2010: Revenue, Expenditure, Financing and Deficit",2016Q2,General Government transactions - Revenue - ESA2010 Code (TR),18446.0
"General Government Transactions ESA 2010: Revenue, Expenditure, Financing and Deficit",2016Q2,General Government transactions - Revenue - Taxes and social contributions - ESA2010 Code ( D2 + D5 + D91 + D61),15693.0
"General Government Transactions ESA 2010: Revenue, Expenditure, Financing and Deficit",2016Q2,General Government transactions - Revenue - Taxes - ESA2010 Code (D2 + D5 + D91),12558.0
"General Government Transactions ESA 2010: Revenue, Expenditure, Financing and Deficit",2016Q2,General Government transactions - Revenue - Social contributions - ESA2010 Code (D61),3136.0
"General Government Transactions ESA 2010: Revenue, Expenditure, Financing and Deficit",2016Q2,General Government transactions - Revenue - Sales of goods and services - ESA2010 Code (P10),1140.0
"General Government Transactions ESA 2010: Revenue, Expenditure, Financing and Deficit",2016Q2,General Government transactions - Revenue - Investment income - ESA2010 Code (D4),1339.0
"General Government Transactions ESA 2010: Revenue, Expenditure, Financing and Deficit",2016Q2,General Government transactions - Revenue - Current transfer revenue (excluding taxes) - ESA2010 Code (D7),136.0
"General Government Transactions ESA 2010: Revenue, Expenditure, Financing and Deficit",2016Q2,General Government transactions - Revenue - Capital transfer revenue (excluding taxes) - ESA2010 Code (D9N),138.0
"General Government Transactions ESA 2010: Revenue, Expenditure, Financing and Deficit",2016Q2,General Government transactions - Expenditure - ESA2010 Code (TE),18267.0
"General Government Transactions ESA 2010: Revenue, Expenditure, Financing and Deficit",2016Q2,General Government transactions - Expenditure - Expense - ESA2010 Code (Expense),17797.0
"General Government Transactions ESA 2010: Revenue, Expenditure, Financing and Deficit",2016Q2,General Government transactions - Expenditure - Compensation of employees - ESA2010 Code (D1),5029.0
"General Government Transactions ESA 2010: Revenue, Expenditure, Financing and Deficit",2016Q2,General Government transactions - Expenditure - Use of goods and services plus taxes payable - ESA2010 Code (P2 + D5 + D29),2390.0
"General Government Transactions ESA 2010: Revenue, Expenditure, Financing and Deficit",2016Q2,General Government transactions - Expenditure - Depreciation (consumption of fixed capital) - ESA2010 Code (P51c),978.0
"General Government Transactions ESA 2010: Revenue, Expenditure, Financing and Deficit",2016Q2,General Government transactions - Expenditure - Interest (excluding FISIM) - ESA2010 Code (D41),1585.0
"General Government Transactions ESA 2010: Revenue, Expenditure, Financing and Deficit",2016Q2,General Government transactions - Expenditure - Subsidies - ESA2010 Code (D3),439.0
"General Government Transactions ESA 2010: Revenue, Expenditure, Financing and Deficit",2016Q2,General Government transactions - Expenditure - Social benefits - ESA2010 Code (D62 + D632),6617.0
"General Government Transactions ESA 2010: Revenue, Expenditure, Financing and Deficit",2016Q2,General Government transactions - Expenditure - Other current transfers - ESA2010 Code (D7),445.0
"General Government Transactions ESA 2010: Revenue, Expenditure, Financing and Deficit",2016Q2,General Government transactions - Expenditure - Capital transfers - ESA2010 Code (D9),314.0
"General Government Transactions ESA 2010: Revenue, Expenditure, Financing and Deficit",2016Q2,Net operating balance - ESA2010 Code  (NOB),649.0
"General Government Transactions ESA 2010: Revenue, Expenditure, Financing and Deficit",2016Q2,Net acquisition of non-financial assets - ESA2010 Code (P5 + NP - P51c),470.0
"General Government Transactions ESA 2010: Revenue, Expenditure, Financing and Deficit",2016Q2,General Government Surplus/Deficit - ESA2010 Code (B9),179.0
"General Government Transactions ESA 2010: Revenue, Expenditure, Financing and Deficit",2016Q2,Net acquisition of financial assets,-7932.0
"General Government Transactions ESA 2010: Revenue, Expenditure, Financing and Deficit",2016Q2,Net acquisition of financial assets - Debt instruments - ESA2010 Code (F2 + F3 + F4),-6144.0
"General Government Transactions ESA 2010: Revenue, Expenditure, Financing and Deficit",2016Q2,Net acquisition of financial assets - Equity and Investment Fund Shares - ESA2010 Code (F5),-1508.0
"General Government Transactions ESA 2010: Revenue, Expenditure, Financing and Deficit",2016Q2,Net acquisition of financial assets - Other financial assets - ESA2010 Code (F6 + F7 + F8),-280.0
"General Government Transactions ESA 2010: Revenue, Expenditure, Financing and Deficit",2016Q2,Net incurrence of liabilities,-7150.0
"General Government Transactions ESA 2010: Revenue, Expenditure, Financing and Deficit",2016Q2,Net incurrence of liabilities - Debt instruments - ESA2010 Code (F2 + F3 + F4),-7128.0
"General Government Transactions ESA 2010: Revenue, Expenditure, Financing and Deficit",2016Q2,Net incurrence of liabilities - Other liabilities - ESA2010 Code (F5 + F6 + F7 + F8),-22.0
"General Government Transactions ESA 2010: Revenue, Expenditure, Financing and Deficit",2016Q2,Memo: Net derivative flows on debt interest swap contracts,-70.0
"General Government Transactions ESA 2010: Revenue, Expenditure, Financing and Deficit",2016Q2,General Government transactions - Seasonally Adjusted Revenue - ESA2010 Code (TR),18485.0
"General Government Transactions ESA 2010: Revenue, Expenditure, Financing and Deficit",2016Q2,General Government transactions - Seasonally Adjusted Expenditure - ESA2010 Code (TE),18831.0
"General Government Transactions ESA 2010: Revenue, Expenditure, Financing and Deficit",2016Q2,General Government Seasonally Adjusted Surplus/Deficit - ESA2010 Code (B9),-346.0
"General Government Transactions ESA 2010: Revenue, Expenditure, Financing and Deficit",2016Q3,General Government transactions - Revenue - ESA2010 Code (TR),17188.0
"General Government Transactions ESA 2010: Revenue, Expenditure, Financing and Deficit",2016Q3,General Government transactions - Revenue - Taxes and social contributions - ESA2010 Code ( D2 + D5 + D91 + D61),15134.0
"General Government Transactions ESA 2010: Revenue, Expenditure, Financing and Deficit",2016Q3,General Government transactions - Revenue - Taxes - ESA2010 Code (D2 + D5 + D91),12016.0
"General Government Transactions ESA 2010: Revenue, Expenditure, Financing and Deficit",2016Q3,General Government transactions - Revenue - Social contributions - ESA2010 Code (D61),3117.0
"General Government Transactions ESA 2010: Revenue, Expenditure, Financing and Deficit",2016Q3,General Government transactions - Revenue - Sales of goods and services - ESA2010 Code (P10),1147.0
"General Government Transactions ESA 2010: Revenue, Expenditure, Financing and Deficit",2016Q3,General Government transactions - Revenue - Investment income - ESA2010 Code (D4),118.0
"General Government Transactions ESA 2010: Revenue, Expenditure, Financing and Deficit",2016Q3,General Government transactions - Revenue - Current transfer revenue (excluding taxes) - ESA2010 Code (D7),142.0
"General Government Transactions ESA 2010: Revenue, Expenditure, Financing and Deficit",2016Q3,General Government transactions - Revenue - Capital transfer revenue (excluding taxes) - ESA2010 Code (D9N),648.0
"General Government Transactions ESA 2010: Revenue, Expenditure, Financing and Deficit",2016Q3,General Government transactions - Expenditure - ESA2010 Code (TE),18953.0
"General Government Transactions ESA 2010: Revenue, Expenditure, Financing and Deficit",2016Q3,General Government transactions - Expenditure - Expense - ESA2010 Code (Expense),18608.0
"General Government Transactions ESA 2010: Revenue, Expenditure, Financing and Deficit",2016Q3,General Government transactions - Expenditure - Compensation of employees - ESA2010 Code (D1),5002.0
"General Government Transactions ESA 2010: Revenue, Expenditure, Financing and Deficit",2016Q3,General Government transactions - Expenditure - Use of goods and services plus taxes payable - ESA2010 Code (P2 + D5 + D29),2618.0
"General Government Transactions ESA 2010: Revenue, Expenditure, Financing and Deficit",2016Q3,General Government transactions - Expenditure - Depreciation (consumption of fixed capital) - ESA2010 Code (P51c),978.0
"General Government Transactions ESA 2010: Revenue, Expenditure, Financing and Deficit",2016Q3,General Government transactions - Expenditure - Interest (excluding FISIM) - ESA2010 Code (D41),1554.0
"General Government Transactions ESA 2010: Revenue, Expenditure, Financing and Deficit",2016Q3,General Government transactions - Expenditure - Subsidies - ESA2010 Code (D3),459.0
"General Government Transactions ESA 2010: Revenue, Expenditure, Financing and Deficit",2016Q3,General Government transactions - Expenditure - Social benefits - ESA2010 Code (D62 + D632),7157.0
"General Government Transactions ESA 2010: Revenue, Expenditure, Financing and Deficit",2016Q3,General Government transactions - Expenditure - Other current transfers - ESA2010 Code (D7),632.0
"General Government Transactions ESA 2010: Revenue, Expenditure, Financing and Deficit",2016Q3,General Government transactions - Expenditure - Capital transfers - ESA2010 Code (D9),209.0
"General Government Transactions ESA 2010: Revenue, Expenditure, Financing and Deficit",2016Q3,Net operating balance - ESA2010 Code  (NOB),-1420.0
"General Government Transactions ESA 2010: Revenue, Expenditure, Financing and Deficit",2016Q3,Net acquisition of non-financial assets - ESA2010 Code (P5 + NP - P51c),345.0
"General Government Transactions ESA 2010: Revenue, Expenditure, Financing and Deficit",2016Q3,General Government Surplus/Deficit - ESA2010 Code (B9),-1765.0
"General Government Transactions ESA 2010: Revenue, Expenditure, Financing and Deficit",2016Q3,Net acquisition of financial assets,1338.0
"General Government Transactions ESA 2010: Revenue, Expenditure, Financing and Deficit",2016Q3,Net acquisition of financial assets - Debt instruments - ESA2010 Code (F2 + F3 + F4),1086.0
"General Government Transactions ESA 2010: Revenue, Expenditure, Financing and Deficit",2016Q3,Net acquisition of financial assets - Equity and Investment Fund Shares - ESA2010 Code (F5),552.0
"General Government Transactions ESA 2010: Revenue, Expenditure, Financing and Deficit",2016Q3,Net acquisition of financial assets - Other financial assets - ESA2010 Code (F6 + F7 + F8),-300.0
"General Government Transactions ESA 2010: Revenue, Expenditure, Financing and Deficit",2016Q3,Net incurrence of liabilities,1921.0
"General Government Transactions ESA 2010: Revenue, Expenditure, Financing and Deficit",2016Q3,Net incurrence of liabilities - Debt instruments - ESA2010 Code (F2 + F3 + F4),2233.0
"General Government Transactions ESA 2010: Revenue, Expenditure, Financing and Deficit",2016Q3,Net incurrence of liabilities - Other liabilities - ESA2010 Code (F5 + F6 + F7 + F8),-312.0
"General Government Transactions ESA 2010: Revenue, Expenditure, Financing and Deficit",2016Q3,Memo: Net derivative flows on debt interest swap contracts,-69.0
"General Government Transactions ESA 2010: Revenue, Expenditure, Financing and Deficit",2016Q3,General Government transactions - Seasonally Adjusted Revenue - ESA2010 Code (TR),18451.0
"General Government Transactions ESA 2010: Revenue, Expenditure, Financing and Deficit",2016Q3,General Government transactions - Seasonally Adjusted Expenditure - ESA2010 Code (TE),19044.0
"General Government Transactions ESA 2010: Revenue, Expenditure, Financing and Deficit",2016Q3,General Government Seasonally Adjusted Surplus/Deficit - ESA2010 Code (B9),-593.0
"General Government Transactions ESA 2010: Revenue, Expenditure, Financing and Deficit",2016Q4,General Government transactions - Revenue - ESA2010 Code (TR),21741.0
"General Government Transactions ESA 2010: Revenue, Expenditure, Financing and Deficit",2016Q4,General Government transactions - Revenue - Taxes and social contributions - ESA2010 Code ( D2 + D5 + D91 + D61),19930.0
"General Government Transactions ESA 2010: Revenue, Expenditure, Financing and Deficit",2016Q4,General Government transactions - Revenue - Taxes - ESA2010 Code (D2 + D5 + D91),16383.0
"General Government Transactions ESA 2010: Revenue, Expenditure, Financing and Deficit",2016Q4,General Government transactions - Revenue - Social contributions - ESA2010 Code (D61),3547.0
"General Government Transactions ESA 2010: Revenue, Expenditure, Financing and Deficit",2016Q4,General Government transactions - Revenue - Sales of goods and services - ESA2010 Code (P10),1343.0
"General Government Transactions ESA 2010: Revenue, Expenditure, Financing and Deficit",2016Q4,General Government transactions - Revenue - Investment income - ESA2010 Code (D4),259.0
"General Government Transactions ESA 2010: Revenue, Expenditure, Financing and Deficit",2016Q4,General Government transactions - Revenue - Current transfer revenue (excluding taxes) - ESA2010 Code (D7),114.0
"General Government Transactions ESA 2010: Revenue, Expenditure, Financing and Deficit",2016Q4,General Government transactions - Revenue - Capital transfer revenue (excluding taxes) - ESA2010 Code (D9N),95.0
"General Government Transactions ESA 2010: Revenue, Expenditure, Financing and Deficit",2016Q4,General Government transactions - Expenditure - ESA2010 Code (TE),20547.0
"General Government Transactions ESA 2010: Revenue, Expenditure, Financing and Deficit",2016Q4,General Government transactions - Expenditure - Expense - ESA2010 Code (Expense),20121.0
"General Government Transactions ESA 2010: Revenue, Expenditure, Financing and Deficit",2016Q4,General Government transactions - Expenditure - Compensation of employees - ESA2010 Code (D1),5054.0
"General Government Transactions ESA 2010: Revenue, Expenditure, Financing and Deficit",2016Q4,General Government transactions - Expenditure - Use of goods and services plus taxes payable - ESA2010 Code (P2 + D5 + D29),2817.0
"General Government Transactions ESA 2010: Revenue, Expenditure, Financing and Deficit",2016Q4,General Government transactions - Expenditure - Depreciation (consumption of fixed capital) - ESA2010 Code (P51c),978.0
"General Government Transactions ESA 2010: Revenue, Expenditure, Financing and Deficit",2016Q4,General Government transactions - Expenditure - Interest (excluding FISIM) - ESA2010 Code (D41),1467.0
"General Government Transactions ESA 2010: Revenue, Expenditure, Financing and Deficit",2016Q4,General Government transactions - Expenditure - Subsidies - ESA2010 Code (D3),654.0
"General Government Transactions ESA 2010: Revenue, Expenditure, Financing and Deficit",2016Q4,General Government transactions - Expenditure - Social benefits - ESA2010 Code (D62 + D632),7463.0
"General Government Transactions ESA 2010: Revenue, Expenditure, Financing and Deficit",2016Q4,General Government transactions - Expenditure - Other current transfers - ESA2010 Code (D7),1057.0
"General Government Transactions ESA 2010: Revenue, Expenditure, Financing and Deficit",2016Q4,General Government transactions - Expenditure - Capital transfers - ESA2010 Code (D9),631.0
"General Government Transactions ESA 2010: Revenue, Expenditure, Financing and Deficit",2016Q4,Net operating balance - ESA2010 Code  (NOB),1620.0
"General Government Transactions ESA 2010: Revenue, Expenditure, Financing and Deficit",2016Q4,Net acquisition of non-financial assets - ESA2010 Code (P5 + NP - P51c),426.0
"General Government Transactions ESA 2010: Revenue, Expenditure, Financing and Deficit",2016Q4,General Government Surplus/Deficit - ESA2010 Code (B9),1194.0
"General Government Transactions ESA 2010: Revenue, Expenditure, Financing and Deficit",2016Q4,Net acquisition of financial assets,-1990.0
"General Government Transactions ESA 2010: Revenue, Expenditure, Financing and Deficit",2016Q4,Net acquisition of financial assets - Debt instruments - ESA2010 Code (F2 + F3 + F4),-3511.0
"General Government Transactions ESA 2010: Revenue, Expenditure, Financing and Deficit",2016Q4,Net acquisition of financial assets - Equity and Investment Fund Shares - ESA2010 Code (F5),-60.0
"General Government Transactions ESA 2010: Revenue, Expenditure, Financing and Deficit",2016Q4,Net acquisition of financial assets - Other financial assets - ESA2010 Code (F6 + F7 + F8),1580.0
"General Government Transactions ESA 2010: Revenue, Expenditure, Financing and Deficit",2016Q4,Net incurrence of liabilities,-2382.0
"General Government Transactions ESA 2010: Revenue, Expenditure, Financing and Deficit",2016Q4,Net incurrence of liabilities - Debt instruments - ESA2010 Code (F2 + F3 + F4),-2290.0
"General Government Transactions ESA 2010: Revenue, Expenditure, Financing and Deficit",2016Q4,Net incurrence of liabilities - Other liabilities - ESA2010 Code (F5 + F6 + F7 + F8),-92.0
"General Government Transactions ESA 2010: Revenue, Expenditure, Financing and Deficit",2016Q4,Memo: Net derivative flows on debt interest swap contracts,-65.0
"General Government Transactions ESA 2010: Revenue, Expenditure, Financing and Deficit",2016Q4,General Government transactions - Seasonally Adjusted Revenue - ESA2010 Code (TR),18754.0
"General Government Transactions ESA 2010: Revenue, Expenditure, Financing and Deficit",2016Q4,General Government transactions - Seasonally Adjusted Expenditure - ESA2010 Code (TE),19281.0
"General Government Transactions ESA 2010: Revenue, Expenditure, Financing and Deficit",2016Q4,General Government Seasonally Adjusted Surplus/Deficit - ESA2010 Code (B9),-528.0
"General Government Transactions ESA 2010: Revenue, Expenditure, Financing and Deficit",2017Q1,General Government transactions - Revenue - ESA2010 Code (TR),17438.0
"General Government Transactions ESA 2010: Revenue, Expenditure, Financing and Deficit",2017Q1,General Government transactions - Revenue - Taxes and social contributions - ESA2010 Code ( D2 + D5 + D91 + D61),15815.0
"General Government Transactions ESA 2010: Revenue, Expenditure, Financing and Deficit",2017Q1,General Government transactions - Revenue - Taxes - ESA2010 Code (D2 + D5 + D91),12378.0
"General Government Transactions ESA 2010: Revenue, Expenditure, Financing and Deficit",2017Q1,General Government transactions - Revenue - Social contributions - ESA2010 Code (D61),3437.0
"General Government Transactions ESA 2010: Revenue, Expenditure, Financing and Deficit",2017Q1,General Government transactions - Revenue - Sales of goods and services - ESA2010 Code (P10),1005.0
"General Government Transactions ESA 2010: Revenue, Expenditure, Financing and Deficit",2017Q1,General Government transactions - Revenue - Investment income - ESA2010 Code (D4),328.0
"General Government Transactions ESA 2010: Revenue, Expenditure, Financing and Deficit",2017Q1,General Government transactions - Revenue - Current transfer revenue (excluding taxes) - ESA2010 Code (D7),181.0
"General Government Transactions ESA 2010: Revenue, Expenditure, Financing and Deficit",2017Q1,General Government transactions - Revenue - Capital transfer revenue (excluding taxes) - ESA2010 Code (D9N),110.0
"General Government Transactions ESA 2010: Revenue, Expenditure, Financing and Deficit",2017Q1,General Government transactions - Expenditure - ESA2010 Code (TE),18519.0
"General Government Transactions ESA 2010: Revenue, Expenditure, Financing and Deficit",2017Q1,General Government transactions - Expenditure - Expense - ESA2010 Code (Expense),18000.0
"General Government Transactions ESA 2010: Revenue, Expenditure, Financing and Deficit",2017Q1,General Government transactions - Expenditure - Compensation of employees - ESA2010 Code (D1),5136.0
"General Government Transactions ESA 2010: Revenue, Expenditure, Financing and Deficit",2017Q1,General Government transactions - Expenditure - Use of goods and services plus taxes payable - ESA2010 Code (P2 + D5 + D29),2321.0
"General Government Transactions ESA 2010: Revenue, Expenditure, Financing and Deficit",2017Q1,General Government transactions - Expenditure - Depreciation (consumption of fixed capital) - ESA2010 Code (P51c),1037.0
"General Government Transactions ESA 2010: Revenue, Expenditure, Financing and Deficit",2017Q1,General Government transactions - Expenditure - Interest (excluding FISIM) - ESA2010 Code (D41),1542.0
"General Government Transactions ESA 2010: Revenue, Expenditure, Financing and Deficit",2017Q1,General Government transactions - Expenditure - Subsidies - ESA2010 Code (D3),432.0
"General Government Transactions ESA 2010: Revenue, Expenditure, Financing and Deficit",2017Q1,General Government transactions - Expenditure - Social benefits - ESA2010 Code (D62 + D632),6665.0
"General Government Transactions ESA 2010: Revenue, Expenditure, Financing and Deficit",2017Q1,General Government transactions - Expenditure - Other current transfers - ESA2010 Code (D7),608.0
"General Government Transactions ESA 2010: Revenue, Expenditure, Financing and Deficit",2017Q1,General Government transactions - Expenditure - Capital transfers - ESA2010 Code (D9),259.0
"General Government Transactions ESA 2010: Revenue, Expenditure, Financing and Deficit",2017Q1,Net operating balance - ESA2010 Code  (NOB),-562.0
"General Government Transactions ESA 2010: Revenue, Expenditure, Financing and Deficit",2017Q1,Net acquisition of non-financial assets - ESA2010 Code (P5 + NP - P51c),519.0
"General Government Transactions ESA 2010: Revenue, Expenditure, Financing and Deficit",2017Q1,General Government Surplus/Deficit - ESA2010 Code (B9),-1081.0
"General Government Transactions ESA 2010: Revenue, Expenditure, Financing and Deficit",2017Q1,Net acquisition of financial assets,5302.0
"General Government Transactions ESA 2010: Revenue, Expenditure, Financing and Deficit",2017Q1,Net acquisition of financial assets - Debt instruments - ESA2010 Code (F2 + F3 + F4),6995.0
"General Government Transactions ESA 2010: Revenue, Expenditure, Financing and Deficit",2017Q1,Net acquisition of financial assets - Equity and Investment Fund Shares - ESA2010 Code (F5),13.0
"General Government Transactions ESA 2010: Revenue, Expenditure, Financing and Deficit",2017Q1,Net acquisition of financial assets - Other financial assets - ESA2010 Code (F6 + F7 + F8),-1705.0
"General Government Transactions ESA 2010: Revenue, Expenditure, Financing and Deficit",2017Q1,Net incurrence of liabilities,7410.0
"General Government Transactions ESA 2010: Revenue, Expenditure, Financing and Deficit",2017Q1,Net incurrence of liabilities - Debt instruments - ESA2010 Code (F2 + F3 + F4),7414.0
"General Government Transactions ESA 2010: Revenue, Expenditure, Financing and Deficit",2017Q1,Net incurrence of liabilities - Other liabilities - ESA2010 Code (F5 + F6 + F7 + F8),-4.0
"General Government Transactions ESA 2010: Revenue, Expenditure, Financing and Deficit",2017Q1,Memo: Net derivative flows on debt interest swap contracts,-62.0
"General Government Transactions ESA 2010: Revenue, Expenditure, Financing and Deficit",2017Q1,General Government transactions - Seasonally Adjusted Revenue - ESA2010 Code (TR),19116.0
"General Government Transactions ESA 2010: Revenue, Expenditure, Financing and Deficit",2017Q1,General Government transactions - Seasonally Adjusted Expenditure - ESA2010 Code (TE),19150.0
"General Government Transactions ESA 2010: Revenue, Expenditure, Financing and Deficit",2017Q1,General Government Seasonally Adjusted Surplus/Deficit - ESA2010 Code (B9),-34.0
"General Government Transactions ESA 2010: Revenue, Expenditure, Financing and Deficit",2017Q2,General Government transactions - Revenue - ESA2010 Code (TR),18828.0
"General Government Transactions ESA 2010: Revenue, Expenditure, Financing and Deficit",2017Q2,General Government transactions - Revenue - Taxes and social contributions - ESA2010 Code ( D2 + D5 + D91 + D61),16337.0
"General Government Transactions ESA 2010: Revenue, Expenditure, Financing and Deficit",2017Q2,General Government transactions - Revenue - Taxes - ESA2010 Code (D2 + D5 + D91),12995.0
"General Government Transactions ESA 2010: Revenue, Expenditure, Financing and Deficit",2017Q2,General Government transactions - Revenue - Social contributions - ESA2010 Code (D61),3341.0
"General Government Transactions ESA 2010: Revenue, Expenditure, Financing and Deficit",2017Q2,General Government transactions - Revenue - Sales of goods and services - ESA2010 Code (P10),1145.0
"General Government Transactions ESA 2010: Revenue, Expenditure, Financing and Deficit",2017Q2,General Government transactions - Revenue - Investment income - ESA2010 Code (D4),1091.0
"General Government Transactions ESA 2010: Revenue, Expenditure, Financing and Deficit",2017Q2,General Government transactions - Revenue - Current transfer revenue (excluding taxes) - ESA2010 Code (D7),144.0
"General Government Transactions ESA 2010: Revenue, Expenditure, Financing and Deficit",2017Q2,General Government transactions - Revenue - Capital transfer revenue (excluding taxes) - ESA2010 Code (D9N),111.0
"General Government Transactions ESA 2010: Revenue, Expenditure, Financing and Deficit",2017Q2,General Government transactions - Expenditure - ESA2010 Code (TE),18941.0
"General Government Transactions ESA 2010: Revenue, Expenditure, Financing and Deficit",2017Q2,General Government transactions - Expenditure - Expense - ESA2010 Code (Expense),18598.0
"General Government Transactions ESA 2010: Revenue, Expenditure, Financing and Deficit",2017Q2,General Government transactions - Expenditure - Compensation of employees - ESA2010 Code (D1),5321.0
"General Government Transactions ESA 2010: Revenue, Expenditure, Financing and Deficit",2017Q2,General Government transactions - Expenditure - Use of goods and services plus taxes payable - ESA2010 Code (P2 + D5 + D29),2454.0
"General Government Transactions ESA 2010: Revenue, Expenditure, Financing and Deficit",2017Q2,General Government transactions - Expenditure - Depreciation (consumption of fixed capital) - ESA2010 Code (P51c),1037.0
"General Government Transactions ESA 2010: Revenue, Expenditure, Financing and Deficit",2017Q2,General Government transactions - Expenditure - Interest (excluding FISIM) - ESA2010 Code (D41),1455.0
"General Government Transactions ESA 2010: Revenue, Expenditure, Financing and Deficit",2017Q2,General Government transactions - Expenditure - Subsidies - ESA2010 Code (D3),449.0
"General Government Transactions ESA 2010: Revenue, Expenditure, Financing and Deficit",2017Q2,General Government transactions - Expenditure - Social benefits - ESA2010 Code (D62 + D632),6761.0
"General Government Transactions ESA 2010: Revenue, Expenditure, Financing and Deficit",2017Q2,General Government transactions - Expenditure - Other current transfers - ESA2010 Code (D7),832.0
"General Government Transactions ESA 2010: Revenue, Expenditure, Financing and Deficit",2017Q2,General Government transactions - Expenditure - Capital transfers - ESA2010 Code (D9),289.0
"General Government Transactions ESA 2010: Revenue, Expenditure, Financing and Deficit",2017Q2,Net operating balance - ESA2010 Code  (NOB),230.0
"General Government Transactions ESA 2010: Revenue, Expenditure, Financing and Deficit",2017Q2,Net acquisition of non-financial assets - ESA2010 Code (P5 + NP - P51c),344.0
"General Government Transactions ESA 2010: Revenue, Expenditure, Financing and Deficit",2017Q2,General Government Surplus/Deficit - ESA2010 Code (B9),-113.0
"General Government Transactions ESA 2010: Revenue, Expenditure, Financing and Deficit",2017Q2,Net acquisition of financial assets,2296.0
"General Government Transactions ESA 2010: Revenue, Expenditure, Financing and Deficit",2017Q2,Net acquisition of financial assets - Debt instruments - ESA2010 Code (F2 + F3 + F4),6993.0
"General Government Transactions ESA 2010: Revenue, Expenditure, Financing and Deficit",2017Q2,Net acquisition of financial assets - Equity and Investment Fund Shares - ESA2010 Code (F5),-4402.0
"General Government Transactions ESA 2010: Revenue, Expenditure, Financing and Deficit",2017Q2,Net acquisition of financial assets - Other financial assets - ESA2010 Code (F6 + F7 + F8),-295.0
"General Government Transactions ESA 2010: Revenue, Expenditure, Financing and Deficit",2017Q2,Net incurrence of liabilities,2182.0
"General Government Transactions ESA 2010: Revenue, Expenditure, Financing and Deficit",2017Q2,Net incurrence of liabilities - Debt instruments - ESA2010 Code (F2 + F3 + F4),2086.0
"General Government Transactions ESA 2010: Revenue, Expenditure, Financing and Deficit",2017Q2,Net incurrence of liabilities - Other liabilities - ESA2010 Code (F5 + F6 + F7 + F8),96.0
"General Government Transactions ESA 2010: Revenue, Expenditure, Financing and Deficit",2017Q2,Memo: Net derivative flows on debt interest swap contracts,-57.0
"General Government Transactions ESA 2010: Revenue, Expenditure, Financing and Deficit",2017Q2,General Government transactions - Seasonally Adjusted Revenue - ESA2010 Code (TR),18916.0
"General Government Transactions ESA 2010: Revenue, Expenditure, Financing and Deficit",2017Q2,General Government transactions - Seasonally Adjusted Expenditure - ESA2010 Code (TE),19445.0
"General Government Transactions ESA 2010: Revenue, Expenditure, Financing and Deficit",2017Q2,General Government Seasonally Adjusted Surplus/Deficit - ESA2010 Code (B9),-529.0
"General Government Transactions ESA 2010: Revenue, Expenditure, Financing and Deficit",2017Q3,General Government transactions - Revenue - ESA2010 Code (TR),17793.0
"General Government Transactions ESA 2010: Revenue, Expenditure, Financing and Deficit",2017Q3,General Government transactions - Revenue - Taxes and social contributions - ESA2010 Code ( D2 + D5 + D91 + D61),16226.0
"General Government Transactions ESA 2010: Revenue, Expenditure, Financing and Deficit",2017Q3,General Government transactions - Revenue - Taxes - ESA2010 Code (D2 + D5 + D91),12909.0
"General Government Transactions ESA 2010: Revenue, Expenditure, Financing and Deficit",2017Q3,General Government transactions - Revenue - Social contributions - ESA2010 Code (D61),3317.0
"General Government Transactions ESA 2010: Revenue, Expenditure, Financing and Deficit",2017Q3,General Government transactions - Revenue - Sales of goods and services - ESA2010 Code (P10),1159.0
"General Government Transactions ESA 2010: Revenue, Expenditure, Financing and Deficit",2017Q3,General Government transactions - Revenue - Investment income - ESA2010 Code (D4),114.0
"General Government Transactions ESA 2010: Revenue, Expenditure, Financing and Deficit",2017Q3,General Government transactions - Revenue - Current transfer revenue (excluding taxes) - ESA2010 Code (D7),181.0
"General Government Transactions ESA 2010: Revenue, Expenditure, Financing and Deficit",2017Q3,General Government transactions - Revenue - Capital transfer revenue (excluding taxes) - ESA2010 Code (D9N),115.0
"General Government Transactions ESA 2010: Revenue, Expenditure, Financing and Deficit",2017Q3,General Government transactions - Expenditure - ESA2010 Code (TE),19691.0
"General Government Transactions ESA 2010: Revenue, Expenditure, Financing and Deficit",2017Q3,General Government transactions - Expenditure - Expense - ESA2010 Code (Expense),19222.0
"General Government Transactions ESA 2010: Revenue, Expenditure, Financing and Deficit",2017Q3,General Government transactions - Expenditure - Compensation of employees - ESA2010 Code (D1),5330.0
"General Government Transactions ESA 2010: Revenue, Expenditure, Financing and Deficit",2017Q3,General Government transactions - Expenditure - Use of goods and services plus taxes payable - ESA2010 Code (P2 + D5 + D29),2735.0
"General Government Transactions ESA 2010: Revenue, Expenditure, Financing and Deficit",2017Q3,General Government transactions - Expenditure - Depreciation (consumption of fixed capital) - ESA2010 Code (P51c),1037.0
"General Government Transactions ESA 2010: Revenue, Expenditure, Financing and Deficit",2017Q3,General Government transactions - Expenditure - Interest (excluding FISIM) - ESA2010 Code (D41),1533.0
"General Government Transactions ESA 2010: Revenue, Expenditure, Financing and Deficit",2017Q3,General Government transactions - Expenditure - Subsidies - ESA2010 Code (D3),470.0
"General Government Transactions ESA 2010: Revenue, Expenditure, Financing and Deficit",2017Q3,General Government transactions - Expenditure - Social benefits - ESA2010 Code (D62 + D632),7304.0
"General Government Transactions ESA 2010: Revenue, Expenditure, Financing and Deficit",2017Q3,General Government transactions - Expenditure - Other current transfers - ESA2010 Code (D7),619.0
"General Government Transactions ESA 2010: Revenue, Expenditure, Financing and Deficit",2017Q3,General Government transactions - Expenditure - Capital transfers - ESA2010 Code (D9),194.0
"General Government Transactions ESA 2010: Revenue, Expenditure, Financing and Deficit",2017Q3,Net operating balance - ESA2010 Code  (NOB),-1428.0
"General Government Transactions ESA 2010: Revenue, Expenditure, Financing and Deficit",2017Q3,Net acquisition of non-financial assets - ESA2010 Code (P5 + NP - P51c),469.0
"General Government Transactions ESA 2010: Revenue, Expenditure, Financing and Deficit",2017Q3,General Government Surplus/Deficit - ESA2010 Code (B9),-1897.0
"General Government Transactions ESA 2010: Revenue, Expenditure, Financing and Deficit",2017Q3,Net acquisition of financial assets,-996.0
"General Government Transactions ESA 2010: Revenue, Expenditure, Financing and Deficit",2017Q3,Net acquisition of financial assets - Debt instruments - ESA2010 Code (F2 + F3 + F4),-830.0
"General Government Transactions ESA 2010: Revenue, Expenditure, Financing and Deficit",2017Q3,Net acquisition of financial assets - Equity and Investment Fund Shares - ESA2010 Code (F5),-18.0
"General Government Transactions ESA 2010: Revenue, Expenditure, Financing and Deficit",2017Q3,Net acquisition of financial assets - Other financial assets - ESA2010 Code (F6 + F7 + F8),-148.0
"General Government Transactions ESA 2010: Revenue, Expenditure, Financing and Deficit",2017Q3,Net incurrence of liabilities,-321.0
"General Government Transactions ESA 2010: Revenue, Expenditure, Financing and Deficit",2017Q3,Net incurrence of liabilities - Debt instruments - ESA2010 Code (F2 + F3 + F4),-350.0
"General Government Transactions ESA 2010: Revenue, Expenditure, Financing and Deficit",2017Q3,Net incurrence of liabilities - Other liabilities - ESA2010 Code (F5 + F6 + F7 + F8),29.0
"General Government Transactions ESA 2010: Revenue, Expenditure, Financing and Deficit",2017Q3,Memo: Net derivative flows on debt interest swap contracts,-56.0
"General Government Transactions ESA 2010: Revenue, Expenditure, Financing and Deficit",2017Q3,General Government transactions - Seasonally Adjusted Revenue - ESA2010 Code (TR),19194.0
"General Government Transactions ESA 2010: Revenue, Expenditure, Financing and Deficit",2017Q3,General Government transactions - Seasonally Adjusted Expenditure - ESA2010 Code (TE),19763.0
"General Government Transactions ESA 2010: Revenue, Expenditure, Financing and Deficit",2017Q3,General Government Seasonally Adjusted Surplus/Deficit - ESA2010 Code (B9),-569.0
"General Government Transactions ESA 2010: Revenue, Expenditure, Financing and Deficit",2017Q4,General Government transactions - Revenue - ESA2010 Code (TR),22976.0
"General Government Transactions ESA 2010: Revenue, Expenditure, Financing and Deficit",2017Q4,General Government transactions - Revenue - Taxes and social contributions - ESA2010 Code ( D2 + D5 + D91 + D61),21137.0
"General Government Transactions ESA 2010: Revenue, Expenditure, Financing and Deficit",2017Q4,General Government transactions - Revenue - Taxes - ESA2010 Code (D2 + D5 + D91),17437.0
"General Government Transactions ESA 2010: Revenue, Expenditure, Financing and Deficit",2017Q4,General Government transactions - Revenue - Social contributions - ESA2010 Code (D61),3700.0
"General Government Transactions ESA 2010: Revenue, Expenditure, Financing and Deficit",2017Q4,General Government transactions - Revenue - Sales of goods and services - ESA2010 Code (P10),1330.0
"General Government Transactions ESA 2010: Revenue, Expenditure, Financing and Deficit",2017Q4,General Government transactions - Revenue - Investment income - ESA2010 Code (D4),246.0
"General Government Transactions ESA 2010: Revenue, Expenditure, Financing and Deficit",2017Q4,General Government transactions - Revenue - Current transfer revenue (excluding taxes) - ESA2010 Code (D7),154.0
"General Government Transactions ESA 2010: Revenue, Expenditure, Financing and Deficit",2017Q4,General Government transactions - Revenue - Capital transfer revenue (excluding taxes) - ESA2010 Code (D9N),109.0
"General Government Transactions ESA 2010: Revenue, Expenditure, Financing and Deficit",2017Q4,General Government transactions - Expenditure - ESA2010 Code (TE),20808.0
"General Government Transactions ESA 2010: Revenue, Expenditure, Financing and Deficit",2017Q4,General Government transactions - Expenditure - Expense - ESA2010 Code (Expense),20730.0
"General Government Transactions ESA 2010: Revenue, Expenditure, Financing and Deficit",2017Q4,General Government transactions - Expenditure - Compensation of employees - ESA2010 Code (D1),5407.0
"General Government Transactions ESA 2010: Revenue, Expenditure, Financing and Deficit",2017Q4,General Government transactions - Expenditure - Use of goods and services plus taxes payable - ESA2010 Code (P2 + D5 + D29),2938.0
"General Government Transactions ESA 2010: Revenue, Expenditure, Financing and Deficit",2017Q4,General Government transactions - Expenditure - Depreciation (consumption of fixed capital) - ESA2010 Code (P51c),1037.0
"General Government Transactions ESA 2010: Revenue, Expenditure, Financing and Deficit",2017Q4,General Government transactions - Expenditure - Interest (excluding FISIM) - ESA2010 Code (D41),1377.0
"General Government Transactions ESA 2010: Revenue, Expenditure, Financing and Deficit",2017Q4,General Government transactions - Expenditure - Subsidies - ESA2010 Code (D3),669.0
"General Government Transactions ESA 2010: Revenue, Expenditure, Financing and Deficit",2017Q4,General Government transactions - Expenditure - Social benefits - ESA2010 Code (D62 + D632),7693.0
"General Government Transactions ESA 2010: Revenue, Expenditure, Financing and Deficit",2017Q4,General Government transactions - Expenditure - Other current transfers - ESA2010 Code (D7),857.0
"General Government Transactions ESA 2010: Revenue, Expenditure, Financing and Deficit",2017Q4,General Government transactions - Expenditure - Capital transfers - ESA2010 Code (D9),752.0
"General Government Transactions ESA 2010: Revenue, Expenditure, Financing and Deficit",2017Q4,Net operating balance - ESA2010 Code  (NOB),2246.0
"General Government Transactions ESA 2010: Revenue, Expenditure, Financing and Deficit",2017Q4,Net acquisition of non-financial assets - ESA2010 Code (P5 + NP - P51c),78.0
"General Government Transactions ESA 2010: Revenue, Expenditure, Financing and Deficit",2017Q4,General Government Surplus/Deficit - ESA2010 Code (B9),2167.0
"General Government Transactions ESA 2010: Revenue, Expenditure, Financing and Deficit",2017Q4,Net acquisition of financial assets,-9664.0
"General Government Transactions ESA 2010: Revenue, Expenditure, Financing and Deficit",2017Q4,Net acquisition of financial assets - Debt instruments - ESA2010 Code (F2 + F3 + F4),-11173.0
"General Government Transactions ESA 2010: Revenue, Expenditure, Financing and Deficit",2017Q4,Net acquisition of financial assets - Equity and Investment Fund Shares - ESA2010 Code (F5),-89.0
"General Government Transactions ESA 2010: Revenue, Expenditure, Financing and Deficit",2017Q4,Net acquisition of financial assets - Other financial assets - ESA2010 Code (F6 + F7 + F8),1598.0
"General Government Transactions ESA 2010: Revenue, Expenditure, Financing and Deficit",2017Q4,Net incurrence of liabilities,-10248.0
"General Government Transactions ESA 2010: Revenue, Expenditure, Financing and Deficit",2017Q4,Net incurrence of liabilities - Debt instruments - ESA2010 Code (F2 + F3 + F4),-10338.0
"General Government Transactions ESA 2010: Revenue, Expenditure, Financing and Deficit",2017Q4,Net incurrence of liabilities - Other liabilities - ESA2010 Code (F5 + F6 + F7 + F8),90.0
"General Government Transactions ESA 2010: Revenue, Expenditure, Financing and Deficit",2017Q4,Memo: Net derivative flows on debt interest swap contracts,-49.0
"General Government Transactions ESA 2010: Revenue, Expenditure, Financing and Deficit",2017Q4,General Government transactions - Seasonally Adjusted Revenue - ESA2010 Code (TR),19585.0
"General Government Transactions ESA 2010: Revenue, Expenditure, Financing and Deficit",2017Q4,General Government transactions - Seasonally Adjusted Expenditure - ESA2010 Code (TE),19648.0
"General Government Transactions ESA 2010: Revenue, Expenditure, Financing and Deficit",2017Q4,General Government Seasonally Adjusted Surplus/Deficit - ESA2010 Code (B9),-63.0
"General Government Transactions ESA 2010: Revenue, Expenditure, Financing and Deficit",2018Q1,General Government transactions - Revenue - ESA2010 Code (TR),17936.0
"General Government Transactions ESA 2010: Revenue, Expenditure, Financing and Deficit",2018Q1,General Government transactions - Revenue - Taxes and social contributions - ESA2010 Code ( D2 + D5 + D91 + D61),16457.0
"General Government Transactions ESA 2010: Revenue, Expenditure, Financing and Deficit",2018Q1,General Government transactions - Revenue - Taxes - ESA2010 Code (D2 + D5 + D91),12767.0
"General Government Transactions ESA 2010: Revenue, Expenditure, Financing and Deficit",2018Q1,General Government transactions - Revenue - Social contributions - ESA2010 Code (D61),3690.0
"General Government Transactions ESA 2010: Revenue, Expenditure, Financing and Deficit",2018Q1,General Government transactions - Revenue - Sales of goods and services - ESA2010 Code (P10),1055.0
"General Government Transactions ESA 2010: Revenue, Expenditure, Financing and Deficit",2018Q1,General Government transactions - Revenue - Investment income - ESA2010 Code (D4),110.0
"General Government Transactions ESA 2010: Revenue, Expenditure, Financing and Deficit",2018Q1,General Government transactions - Revenue - Current transfer revenue (excluding taxes) - ESA2010 Code (D7),170.0
"General Government Transactions ESA 2010: Revenue, Expenditure, Financing and Deficit",2018Q1,General Government transactions - Revenue - Capital transfer revenue (excluding taxes) - ESA2010 Code (D9N),145.0
"General Government Transactions ESA 2010: Revenue, Expenditure, Financing and Deficit",2018Q1,General Government transactions - Expenditure - ESA2010 Code (TE),19647.0
"General Government Transactions ESA 2010: Revenue, Expenditure, Financing and Deficit",2018Q1,General Government transactions - Expenditure - Expense - ESA2010 Code (Expense),19063.0
"General Government Transactions ESA 2010: Revenue, Expenditure, Financing and Deficit",2018Q1,General Government transactions - Expenditure - Compensation of employees - ESA2010 Code (D1),5497.0
"General Government Transactions ESA 2010: Revenue, Expenditure, Financing and Deficit",2018Q1,General Government transactions - Expenditure - Use of goods and services plus taxes payable - ESA2010 Code (P2 + D5 + D29),2484.0
"General Government Transactions ESA 2010: Revenue, Expenditure, Financing and Deficit",2018Q1,General Government transactions - Expenditure - Depreciation (consumption of fixed capital) - ESA2010 Code (P51c),1109.0
"General Government Transactions ESA 2010: Revenue, Expenditure, Financing and Deficit",2018Q1,General Government transactions - Expenditure - Interest (excluding FISIM) - ESA2010 Code (D41),1385.0
"General Government Transactions ESA 2010: Revenue, Expenditure, Financing and Deficit",2018Q1,General Government transactions - Expenditure - Subsidies - ESA2010 Code (D3),468.0
"General Government Transactions ESA 2010: Revenue, Expenditure, Financing and Deficit",2018Q1,General Government transactions - Expenditure - Social benefits - ESA2010 Code (D62 + D632),6822.0
"General Government Transactions ESA 2010: Revenue, Expenditure, Financing and Deficit",2018Q1,General Government transactions - Expenditure - Other current transfers - ESA2010 Code (D7),987.0
"General Government Transactions ESA 2010: Revenue, Expenditure, Financing and Deficit",2018Q1,General Government transactions - Expenditure - Capital transfers - ESA2010 Code (D9),312.0
"General Government Transactions ESA 2010: Revenue, Expenditure, Financing and Deficit",2018Q1,Net operating balance - ESA2010 Code  (NOB),-1127.0
"General Government Transactions ESA 2010: Revenue, Expenditure, Financing and Deficit",2018Q1,Net acquisition of non-financial assets - ESA2010 Code (P5 + NP - P51c),583.0
"General Government Transactions ESA 2010: Revenue, Expenditure, Financing and Deficit",2018Q1,General Government Surplus/Deficit - ESA2010 Code (B9),-1710.0
"General Government Transactions ESA 2010: Revenue, Expenditure, Financing and Deficit",2018Q1,Net acquisition of financial assets,6579.0
"General Government Transactions ESA 2010: Revenue, Expenditure, Financing and Deficit",2018Q1,Net acquisition of financial assets - Debt instruments - ESA2010 Code (F2 + F3 + F4),7181.0
"General Government Transactions ESA 2010: Revenue, Expenditure, Financing and Deficit",2018Q1,Net acquisition of financial assets - Equity and Investment Fund Shares - ESA2010 Code (F5),240.0
"General Government Transactions ESA 2010: Revenue, Expenditure, Financing and Deficit",2018Q1,Net acquisition of financial assets - Other financial assets - ESA2010 Code (F6 + F7 + F8),-842.0
"General Government Transactions ESA 2010: Revenue, Expenditure, Financing and Deficit",2018Q1,Net incurrence of liabilities,7350.0
"General Government Transactions ESA 2010: Revenue, Expenditure, Financing and Deficit",2018Q1,Net incurrence of liabilities - Debt instruments - ESA2010 Code (F2 + F3 + F4),7326.0
"General Government Transactions ESA 2010: Revenue, Expenditure, Financing and Deficit",2018Q1,Net incurrence of liabilities - Other liabilities - ESA2010 Code (F5 + F6 + F7 + F8),24.0
"General Government Transactions ESA 2010: Revenue, Expenditure, Financing and Deficit",2018Q1,Memo: Net derivative flows on debt interest swap contracts,-55.0
"General Government Transactions ESA 2010: Revenue, Expenditure, Financing and Deficit",2018Q1,General Government transactions - Seasonally Adjusted Revenue - ESA2010 Code (TR),19837.0
"General Government Transactions ESA 2010: Revenue, Expenditure, Financing and Deficit",2018Q1,General Government transactions - Seasonally Adjusted Expenditure - ESA2010 Code (TE),20291.0
"General Government Transactions ESA 2010: Revenue, Expenditure, Financing and Deficit",2018Q1,General Government Seasonally Adjusted Surplus/Deficit - ESA2010 Code (B9),-453.0
"General Government Transactions ESA 2010: Revenue, Expenditure, Financing and Deficit",2018Q2,General Government transactions - Revenue - ESA2010 Code (TR),20284.0
"General Government Transactions ESA 2010: Revenue, Expenditure, Financing and Deficit",2018Q2,General Government transactions - Revenue - Taxes and social contributions - ESA2010 Code ( D2 + D5 + D91 + D61),17680.0
"General Government Transactions ESA 2010: Revenue, Expenditure, Financing and Deficit",2018Q2,General Government transactions - Revenue - Taxes - ESA2010 Code (D2 + D5 + D91),14095.0
"General Government Transactions ESA 2010: Revenue, Expenditure, Financing and Deficit",2018Q2,General Government transactions - Revenue - Social contributions - ESA2010 Code (D61),3585.0
"General Government Transactions ESA 2010: Revenue, Expenditure, Financing and Deficit",2018Q2,General Government transactions - Revenue - Sales of goods and services - ESA2010 Code (P10),1216.0
"General Government Transactions ESA 2010: Revenue, Expenditure, Financing and Deficit",2018Q2,General Government transactions - Revenue - Investment income - ESA2010 Code (D4),1073.0
"General Government Transactions ESA 2010: Revenue, Expenditure, Financing and Deficit",2018Q2,General Government transactions - Revenue - Current transfer revenue (excluding taxes) - ESA2010 Code (D7),184.0
"General Government Transactions ESA 2010: Revenue, Expenditure, Financing and Deficit",2018Q2,General Government transactions - Revenue - Capital transfer revenue (excluding taxes) - ESA2010 Code (D9N),131.0
"General Government Transactions ESA 2010: Revenue, Expenditure, Financing and Deficit",2018Q2,General Government transactions - Expenditure - ESA2010 Code (TE),20464.0
"General Government Transactions ESA 2010: Revenue, Expenditure, Financing and Deficit",2018Q2,General Government transactions - Expenditure - Expense - ESA2010 Code (Expense),19806.0
"General Government Transactions ESA 2010: Revenue, Expenditure, Financing and Deficit",2018Q2,General Government transactions - Expenditure - Compensation of employees - ESA2010 Code (D1),5589.0
"General Government Transactions ESA 2010: Revenue, Expenditure, Financing and Deficit",2018Q2,General Government transactions - Expenditure - Use of goods and services plus taxes payable - ESA2010 Code (P2 + D5 + D29),2726.0
"General Government Transactions ESA 2010: Revenue, Expenditure, Financing and Deficit",2018Q2,General Government transactions - Expenditure - Depreciation (consumption of fixed capital) - ESA2010 Code (P51c),1109.0
"General Government Transactions ESA 2010: Revenue, Expenditure, Financing and Deficit",2018Q2,General Government transactions - Expenditure - Interest (excluding FISIM) - ESA2010 Code (D41),1332.0
"General Government Transactions ESA 2010: Revenue, Expenditure, Financing and Deficit",2018Q2,General Government transactions - Expenditure - Subsidies - ESA2010 Code (D3),486.0
"General Government Transactions ESA 2010: Revenue, Expenditure, Financing and Deficit",2018Q2,General Government transactions - Expenditure - Social benefits - ESA2010 Code (D62 + D632),6920.0
"General Government Transactions ESA 2010: Revenue, Expenditure, Financing and Deficit",2018Q2,General Government transactions - Expenditure - Other current transfers - ESA2010 Code (D7),990.0
"General Government Transactions ESA 2010: Revenue, Expenditure, Financing and Deficit",2018Q2,General Government transactions - Expenditure - Capital transfers - ESA2010 Code (D9),655.0
"General Government Transactions ESA 2010: Revenue, Expenditure, Financing and Deficit",2018Q2,Net operating balance - ESA2010 Code  (NOB),478.0
"General Government Transactions ESA 2010: Revenue, Expenditure, Financing and Deficit",2018Q2,Net acquisition of non-financial assets - ESA2010 Code (P5 + NP - P51c),657.0
"General Government Transactions ESA 2010: Revenue, Expenditure, Financing and Deficit",2018Q2,General Government Surplus/Deficit - ESA2010 Code (B9),-179.0
"General Government Transactions ESA 2010: Revenue, Expenditure, Financing and Deficit",2018Q2,Net acquisition of financial assets,7875.0
"General Government Transactions ESA 2010: Revenue, Expenditure, Financing and Deficit",2018Q2,Net acquisition of financial assets - Debt instruments - ESA2010 Code (F2 + F3 + F4),4858.0
"General Government Transactions ESA 2010: Revenue, Expenditure, Financing and Deficit",2018Q2,Net acquisition of financial assets - Equity and Investment Fund Shares - ESA2010 Code (F5),-1359.0
"General Government Transactions ESA 2010: Revenue, Expenditure, Financing and Deficit",2018Q2,Net acquisition of financial assets - Other financial assets - ESA2010 Code (F6 + F7 + F8),4376.0
"General Government Transactions ESA 2010: Revenue, Expenditure, Financing and Deficit",2018Q2,Net incurrence of liabilities,8825.0
"General Government Transactions ESA 2010: Revenue, Expenditure, Financing and Deficit",2018Q2,Net incurrence of liabilities - Debt instruments - ESA2010 Code (F2 + F3 + F4),4052.0
"General Government Transactions ESA 2010: Revenue, Expenditure, Financing and Deficit",2018Q2,Net incurrence of liabilities - Other liabilities - ESA2010 Code (F5 + F6 + F7 + F8),4772.0
"General Government Transactions ESA 2010: Revenue, Expenditure, Financing and Deficit",2018Q2,Memo: Net derivative flows on debt interest swap contracts,-52.0
"General Government Transactions ESA 2010: Revenue, Expenditure, Financing and Deficit",2018Q2,General Government transactions - Seasonally Adjusted Revenue - ESA2010 Code (TR),20428.0
"General Government Transactions ESA 2010: Revenue, Expenditure, Financing and Deficit",2018Q2,General Government transactions - Seasonally Adjusted Expenditure - ESA2010 Code (TE),20885.0
"General Government Transactions ESA 2010: Revenue, Expenditure, Financing and Deficit",2018Q2,General Government Seasonally Adjusted Surplus/Deficit - ESA2010 Code (B9),-457.0
"General Government Transactions ESA 2010: Revenue, Expenditure, Financing and Deficit",2018Q3,General Government transactions - Revenue - ESA2010 Code (TR),18933.0
"General Government Transactions ESA 2010: Revenue, Expenditure, Financing and Deficit",2018Q3,General Government transactions - Revenue - Taxes and social contributions - ESA2010 Code ( D2 + D5 + D91 + D61),17274.0
"General Government Transactions ESA 2010: Revenue, Expenditure, Financing and Deficit",2018Q3,General Government transactions - Revenue - Taxes - ESA2010 Code (D2 + D5 + D91),13727.0
"General Government Transactions ESA 2010: Revenue, Expenditure, Financing and Deficit",2018Q3,General Government transactions - Revenue - Social contributions - ESA2010 Code (D61),3547.0
"General Government Transactions ESA 2010: Revenue, Expenditure, Financing and Deficit",2018Q3,General Government transactions - Revenue - Sales of goods and services - ESA2010 Code (P10),1224.0
"General Government Transactions ESA 2010: Revenue, Expenditure, Financing and Deficit",2018Q3,General Government transactions - Revenue - Investment income - ESA2010 Code (D4),83.0
"General Government Transactions ESA 2010: Revenue, Expenditure, Financing and Deficit",2018Q3,General Government transactions - Revenue - Current transfer revenue (excluding taxes) - ESA2010 Code (D7),219.0
"General Government Transactions ESA 2010: Revenue, Expenditure, Financing and Deficit",2018Q3,General Government transactions - Revenue - Capital transfer revenue (excluding taxes) - ESA2010 Code (D9N),133.0
"General Government Transactions ESA 2010: Revenue, Expenditure, Financing and Deficit",2018Q3,General Government transactions - Expenditure - ESA2010 Code (TE),20527.0
"General Government Transactions ESA 2010: Revenue, Expenditure, Financing and Deficit",2018Q3,General Government transactions - Expenditure - Expense - ESA2010 Code (Expense),20114.0
"General Government Transactions ESA 2010: Revenue, Expenditure, Financing and Deficit",2018Q3,General Government transactions - Expenditure - Compensation of employees - ESA2010 Code (D1),5577.0
"General Government Transactions ESA 2010: Revenue, Expenditure, Financing and Deficit",2018Q3,General Government transactions - Expenditure - Use of goods and services plus taxes payable - ESA2010 Code (P2 + D5 + D29),3037.0
"General Government Transactions ESA 2010: Revenue, Expenditure, Financing and Deficit",2018Q3,General Government transactions - Expenditure - Depreciation (consumption of fixed capital) - ESA2010 Code (P51c),1109.0
"General Government Transactions ESA 2010: Revenue, Expenditure, Financing and Deficit",2018Q3,General Government transactions - Expenditure - Interest (excluding FISIM) - ESA2010 Code (D41),1348.0
"General Government Transactions ESA 2010: Revenue, Expenditure, Financing and Deficit",2018Q3,General Government transactions - Expenditure - Subsidies - ESA2010 Code (D3),508.0
"General Government Transactions ESA 2010: Revenue, Expenditure, Financing and Deficit",2018Q3,General Government transactions - Expenditure - Social benefits - ESA2010 Code (D62 + D632),7485.0
"General Government Transactions ESA 2010: Revenue, Expenditure, Financing and Deficit",2018Q3,General Government transactions - Expenditure - Other current transfers - ESA2010 Code (D7),798.0
"General Government Transactions ESA 2010: Revenue, Expenditure, Financing and Deficit",2018Q3,General Government transactions - Expenditure - Capital transfers - ESA2010 Code (D9),253.0
"General Government Transactions ESA 2010: Revenue, Expenditure, Financing and Deficit",2018Q3,Net operating balance - ESA2010 Code  (NOB),-1181.0
"General Government Transactions ESA 2010: Revenue, Expenditure, Financing and Deficit",2018Q3,Net acquisition of non-financial assets - ESA2010 Code (P5 + NP - P51c),413.0
"General Government Transactions ESA 2010: Revenue, Expenditure, Financing and Deficit",2018Q3,General Government Surplus/Deficit - ESA2010 Code (B9),-1594.0
"General Government Transactions ESA 2010: Revenue, Expenditure, Financing and Deficit",2018Q3,Net acquisition of financial assets,10085.0
"General Government Transactions ESA 2010: Revenue, Expenditure, Financing and Deficit",2018Q3,Net acquisition of financial assets - Debt instruments - ESA2010 Code (F2 + F3 + F4),227.0
"General Government Transactions ESA 2010: Revenue, Expenditure, Financing and Deficit",2018Q3,Net acquisition of financial assets - Equity and Investment Fund Shares - ESA2010 Code (F5),3.0
"General Government Transactions ESA 2010: Revenue, Expenditure, Financing and Deficit",2018Q3,Net acquisition of financial assets - Other financial assets - ESA2010 Code (F6 + F7 + F8),9855.0
"General Government Transactions ESA 2010: Revenue, Expenditure, Financing and Deficit",2018Q3,Net incurrence of liabilities,10902.0
"General Government Transactions ESA 2010: Revenue, Expenditure, Financing and Deficit",2018Q3,Net incurrence of liabilities - Debt instruments - ESA2010 Code (F2 + F3 + F4),1212.0
"General Government Transactions ESA 2010: Revenue, Expenditure, Financing and Deficit",2018Q3,Net incurrence of liabilities - Other liabilities - ESA2010 Code (F5 + F6 + F7 + F8),9690.0
"General Government Transactions ESA 2010: Revenue, Expenditure, Financing and Deficit",2018Q3,Memo: Net derivative flows on debt interest swap contracts,-48.0
"General Government Transactions ESA 2010: Revenue, Expenditure, Financing and Deficit",2018Q3,General Government transactions - Seasonally Adjusted Revenue - ESA2010 Code (TR),20432.0
"General Government Transactions ESA 2010: Revenue, Expenditure, Financing and Deficit",2018Q3,General Government transactions - Seasonally Adjusted Expenditure - ESA2010 Code (TE),20640.0
"General Government Transactions ESA 2010: Revenue, Expenditure, Financing and Deficit",2018Q3,General Government Seasonally Adjusted Surplus/Deficit - ESA2010 Code (B9),-208.0
"General Government Transactions ESA 2010: Revenue, Expenditure, Financing and Deficit",2018Q4,General Government transactions - Revenue - ESA2010 Code (TR),26088.0
"General Government Transactions ESA 2010: Revenue, Expenditure, Financing and Deficit",2018Q4,General Government transactions - Revenue - Taxes and social contributions - ESA2010 Code ( D2 + D5 + D91 + D61),23929.0
"General Government Transactions ESA 2010: Revenue, Expenditure, Financing and Deficit",2018Q4,General Government transactions - Revenue - Taxes - ESA2010 Code (D2 + D5 + D91),19920.0
"General Government Transactions ESA 2010: Revenue, Expenditure, Financing and Deficit",2018Q4,General Government transactions - Revenue - Social contributions - ESA2010 Code (D61),4008.0
"General Government Transactions ESA 2010: Revenue, Expenditure, Financing and Deficit",2018Q4,General Government transactions - Revenue - Sales of goods and services - ESA2010 Code (P10),1433.0
"General Government Transactions ESA 2010: Revenue, Expenditure, Financing and Deficit",2018Q4,General Government transactions - Revenue - Investment income - ESA2010 Code (D4),267.0
"General Government Transactions ESA 2010: Revenue, Expenditure, Financing and Deficit",2018Q4,General Government transactions - Revenue - Current transfer revenue (excluding taxes) - ESA2010 Code (D7),294.0
"General Government Transactions ESA 2010: Revenue, Expenditure, Financing and Deficit",2018Q4,General Government transactions - Revenue - Capital transfer revenue (excluding taxes) - ESA2010 Code (D9N),165.0
"General Government Transactions ESA 2010: Revenue, Expenditure, Financing and Deficit",2018Q4,General Government transactions - Expenditure - ESA2010 Code (TE),22306.0
"General Government Transactions ESA 2010: Revenue, Expenditure, Financing and Deficit",2018Q4,General Government transactions - Expenditure - Expense - ESA2010 Code (Expense),21593.0
"General Government Transactions ESA 2010: Revenue, Expenditure, Financing and Deficit",2018Q4,General Government transactions - Expenditure - Compensation of employees - ESA2010 Code (D1),5641.0
"General Government Transactions ESA 2010: Revenue, Expenditure, Financing and Deficit",2018Q4,General Government transactions - Expenditure - Use of goods and services plus taxes payable - ESA2010 Code (P2 + D5 + D29),2966.0
"General Government Transactions ESA 2010: Revenue, Expenditure, Financing and Deficit",2018Q4,General Government transactions - Expenditure - Depreciation (consumption of fixed capital) - ESA2010 Code (P51c),1109.0
"General Government Transactions ESA 2010: Revenue, Expenditure, Financing and Deficit",2018Q4,General Government transactions - Expenditure - Interest (excluding FISIM) - ESA2010 Code (D41),1242.0
"General Government Transactions ESA 2010: Revenue, Expenditure, Financing and Deficit",2018Q4,General Government transactions - Expenditure - Subsidies - ESA2010 Code (D3),725.0
"General Government Transactions ESA 2010: Revenue, Expenditure, Financing and Deficit",2018Q4,General Government transactions - Expenditure - Social benefits - ESA2010 Code (D62 + D632),8177.0
"General Government Transactions ESA 2010: Revenue, Expenditure, Financing and Deficit",2018Q4,General Government transactions - Expenditure - Other current transfers - ESA2010 Code (D7),1042.0
"General Government Transactions ESA 2010: Revenue, Expenditure, Financing and Deficit",2018Q4,General Government transactions - Expenditure - Capital transfers - ESA2010 Code (D9),691.0
"General Government Transactions ESA 2010: Revenue, Expenditure, Financing and Deficit",2018Q4,Net operating balance - ESA2010 Code  (NOB),4495.0
"General Government Transactions ESA 2010: Revenue, Expenditure, Financing and Deficit",2018Q4,Net acquisition of non-financial assets - ESA2010 Code (P5 + NP - P51c),713.0
"General Government Transactions ESA 2010: Revenue, Expenditure, Financing and Deficit",2018Q4,General Government Surplus/Deficit - ESA2010 Code (B9),3782.0
"General Government Transactions ESA 2010: Revenue, Expenditure, Financing and Deficit",2018Q4,Net acquisition of financial assets,-7969.0
"General Government Transactions ESA 2010: Revenue, Expenditure, Financing and Deficit",2018Q4,Net acquisition of financial assets - Debt instruments - ESA2010 Code (F2 + F3 + F4),-8891.0
"General Government Transactions ESA 2010: Revenue, Expenditure, Financing and Deficit",2018Q4,Net acquisition of financial assets - Equity and Investment Fund Shares - ESA2010 Code (F5),-142.0
"General Government Transactions ESA 2010: Revenue, Expenditure, Financing and Deficit",2018Q4,Net acquisition of financial assets - Other financial assets - ESA2010 Code (F6 + F7 + F8),1064.0
"General Government Transactions ESA 2010: Revenue, Expenditure, Financing and Deficit",2018Q4,Net incurrence of liabilities,-10198.0
"General Government Transactions ESA 2010: Revenue, Expenditure, Financing and Deficit",2018Q4,Net incurrence of liabilities - Debt instruments - ESA2010 Code (F2 + F3 + F4),-10588.0
"General Government Transactions ESA 2010: Revenue, Expenditure, Financing and Deficit",2018Q4,Net incurrence of liabilities - Other liabilities - ESA2010 Code (F5 + F6 + F7 + F8),391.0
"General Government Transactions ESA 2010: Revenue, Expenditure, Financing and Deficit",2018Q4,Memo: Net derivative flows on debt interest swap contracts,-45.0
"General Government Transactions ESA 2010: Revenue, Expenditure, Financing and Deficit",2018Q4,General Government transactions - Seasonally Adjusted Revenue - ESA2010 Code (TR),22053.0
"General Government Transactions ESA 2010: Revenue, Expenditure, Financing and Deficit",2018Q4,General Government transactions - Seasonally Adjusted Expenditure - ESA2010 Code (TE),21159.0
"General Government Transactions ESA 2010: Revenue, Expenditure, Financing and Deficit",2018Q4,General Government Seasonally Adjusted Surplus/Deficit - ESA2010 Code (B9),894.0
"General Government Transactions ESA 2010: Revenue, Expenditure, Financing and Deficit",2019Q1,General Government transactions - Revenue - ESA2010 Code (TR),18930.0
"General Government Transactions ESA 2010: Revenue, Expenditure, Financing and Deficit",2019Q1,General Government transactions - Revenue - Taxes and social contributions - ESA2010 Code ( D2 + D5 + D91 + D61),17592.0
"General Government Transactions ESA 2010: Revenue, Expenditure, Financing and Deficit",2019Q1,General Government transactions - Revenue - Taxes - ESA2010 Code (D2 + D5 + D91),13596.0
"General Government Transactions ESA 2010: Revenue, Expenditure, Financing and Deficit",2019Q1,General Government transactions - Revenue - Social contributions - ESA2010 Code (D61),3995.0
"General Government Transactions ESA 2010: Revenue, Expenditure, Financing and Deficit",2019Q1,General Government transactions - Revenue - Sales of goods and services - ESA2010 Code (P10),1063.0
"General Government Transactions ESA 2010: Revenue, Expenditure, Financing and Deficit",2019Q1,General Government transactions - Revenue - Investment income - ESA2010 Code (D4),51.0
"General Government Transactions ESA 2010: Revenue, Expenditure, Financing and Deficit",2019Q1,General Government transactions - Revenue - Current transfer revenue (excluding taxes) - ESA2010 Code (D7),114.0
"General Government Transactions ESA 2010: Revenue, Expenditure, Financing and Deficit",2019Q1,General Government transactions - Revenue - Capital transfer revenue (excluding taxes) - ESA2010 Code (D9N),109.0
"General Government Transactions ESA 2010: Revenue, Expenditure, Financing and Deficit",2019Q1,General Government transactions - Expenditure - ESA2010 Code (TE),20938.0
"General Government Transactions ESA 2010: Revenue, Expenditure, Financing and Deficit",2019Q1,General Government transactions - Expenditure - Expense - ESA2010 Code (Expense),20026.0
"General Government Transactions ESA 2010: Revenue, Expenditure, Financing and Deficit",2019Q1,General Government transactions - Expenditure - Compensation of employees - ESA2010 Code (D1),5819.0
"General Government Transactions ESA 2010: Revenue, Expenditure, Financing and Deficit",2019Q1,General Government transactions - Expenditure - Use of goods and services plus taxes payable - ESA2010 Code (P2 + D5 + D29),2775.0
"General Government Transactions ESA 2010: Revenue, Expenditure, Financing and Deficit",2019Q1,General Government transactions - Expenditure - Depreciation (consumption of fixed capital) - ESA2010 Code (P51c),1179.0
"General Government Transactions ESA 2010: Revenue, Expenditure, Financing and Deficit",2019Q1,General Government transactions - Expenditure - Interest (excluding FISIM) - ESA2010 Code (D41),1201.0
"General Government Transactions ESA 2010: Revenue, Expenditure, Financing and Deficit",2019Q1,General Government transactions - Expenditure - Subsidies - ESA2010 Code (D3),489.0
"General Government Transactions ESA 2010: Revenue, Expenditure, Financing and Deficit",2019Q1,General Government transactions - Expenditure - Social benefits - ESA2010 Code (D62 + D632),7091.0
"General Government Transactions ESA 2010: Revenue, Expenditure, Financing and Deficit",2019Q1,General Government transactions - Expenditure - Other current transfers - ESA2010 Code (D7),1159.0
"General Government Transactions ESA 2010: Revenue, Expenditure, Financing and Deficit",2019Q1,General Government transactions - Expenditure - Capital transfers - ESA2010 Code (D9),314.0
"General Government Transactions ESA 2010: Revenue, Expenditure, Financing and Deficit",2019Q1,Net operating balance - ESA2010 Code  (NOB),-1097.0
"General Government Transactions ESA 2010: Revenue, Expenditure, Financing and Deficit",2019Q1,Net acquisition of non-financial assets - ESA2010 Code (P5 + NP - P51c),912.0
"General Government Transactions ESA 2010: Revenue, Expenditure, Financing and Deficit",2019Q1,General Government Surplus/Deficit - ESA2010 Code (B9),-2008.0
"General Government Transactions ESA 2010: Revenue, Expenditure, Financing and Deficit",2019Q1,Net acquisition of financial assets,7323.0
"General Government Transactions ESA 2010: Revenue, Expenditure, Financing and Deficit",2019Q1,Net acquisition of financial assets - Debt instruments - ESA2010 Code (F2 + F3 + F4),7718.0
"General Government Transactions ESA 2010: Revenue, Expenditure, Financing and Deficit",2019Q1,Net acquisition of financial assets - Equity and Investment Fund Shares - ESA2010 Code (F5),-14.0
"General Government Transactions ESA 2010: Revenue, Expenditure, Financing and Deficit",2019Q1,Net acquisition of financial assets - Other financial assets - ESA2010 Code (F6 + F7 + F8),-382.0
"General Government Transactions ESA 2010: Revenue, Expenditure, Financing and Deficit",2019Q1,Net incurrence of liabilities,8567.0
"General Government Transactions ESA 2010: Revenue, Expenditure, Financing and Deficit",2019Q1,Net incurrence of liabilities - Debt instruments - ESA2010 Code (F2 + F3 + F4),8587.0
"General Government Transactions ESA 2010: Revenue, Expenditure, Financing and Deficit",2019Q1,Net incurrence of liabilities - Other liabilities - ESA2010 Code (F5 + F6 + F7 + F8),-20.0
"General Government Transactions ESA 2010: Revenue, Expenditure, Financing and Deficit",2019Q1,Memo: Net derivative flows on debt interest swap contracts,-38.0
"General Government Transactions ESA 2010: Revenue, Expenditure, Financing and Deficit",2019Q1,General Government transactions - Seasonally Adjusted Revenue - ESA2010 Code (TR),21114.0
"General Government Transactions ESA 2010: Revenue, Expenditure, Financing and Deficit",2019Q1,General Government transactions - Seasonally Adjusted Expenditure - ESA2010 Code (TE),21556.0
"General Government Transactions ESA 2010: Revenue, Expenditure, Financing and Deficit",2019Q1,General Government Seasonally Adjusted Surplus/Deficit - ESA2010 Code (B9),-443.0
"General Government Transactions ESA 2010: Revenue, Expenditure, Financing and Deficit",2019Q2,General Government transactions - Revenue - ESA2010 Code (TR),21722.0
"General Government Transactions ESA 2010: Revenue, Expenditure, Financing and Deficit",2019Q2,General Government transactions - Revenue - Taxes and social contributions - ESA2010 Code ( D2 + D5 + D91 + D61),19032.0
"General Government Transactions ESA 2010: Revenue, Expenditure, Financing and Deficit",2019Q2,General Government transactions - Revenue - Taxes - ESA2010 Code (D2 + D5 + D91),15143.0
"General Government Transactions ESA 2010: Revenue, Expenditure, Financing and Deficit",2019Q2,General Government transactions - Revenue - Social contributions - ESA2010 Code (D61),3889.0
"General Government Transactions ESA 2010: Revenue, Expenditure, Financing and Deficit",2019Q2,General Government transactions - Revenue - Sales of goods and services - ESA2010 Code (P10),1226.0
"General Government Transactions ESA 2010: Revenue, Expenditure, Financing and Deficit",2019Q2,General Government transactions - Revenue - Investment income - ESA2010 Code (D4),1227.0
"General Government Transactions ESA 2010: Revenue, Expenditure, Financing and Deficit",2019Q2,General Government transactions - Revenue - Current transfer revenue (excluding taxes) - ESA2010 Code (D7),124.0
"General Government Transactions ESA 2010: Revenue, Expenditure, Financing and Deficit",2019Q2,General Government transactions - Revenue - Capital transfer revenue (excluding taxes) - ESA2010 Code (D9N),113.0
"General Government Transactions ESA 2010: Revenue, Expenditure, Financing and Deficit",2019Q2,General Government transactions - Expenditure - ESA2010 Code (TE),20890.0
"General Government Transactions ESA 2010: Revenue, Expenditure, Financing and Deficit",2019Q2,General Government transactions - Expenditure - Expense - ESA2010 Code (Expense),20058.0
"General Government Transactions ESA 2010: Revenue, Expenditure, Financing and Deficit",2019Q2,General Government transactions - Expenditure - Compensation of employees - ESA2010 Code (D1),6024.0
"General Government Transactions ESA 2010: Revenue, Expenditure, Financing and Deficit",2019Q2,General Government transactions - Expenditure - Use of goods and services plus taxes payable - ESA2010 Code (P2 + D5 + D29),2992.0
"General Government Transactions ESA 2010: Revenue, Expenditure, Financing and Deficit",2019Q2,General Government transactions - Expenditure - Depreciation (consumption of fixed capital) - ESA2010 Code (P51c),1179.0
"General Government Transactions ESA 2010: Revenue, Expenditure, Financing and Deficit",2019Q2,General Government transactions - Expenditure - Interest (excluding FISIM) - ESA2010 Code (D41),1224.0
"General Government Transactions ESA 2010: Revenue, Expenditure, Financing and Deficit",2019Q2,General Government transactions - Expenditure - Subsidies - ESA2010 Code (D3),508.0
"General Government Transactions ESA 2010: Revenue, Expenditure, Financing and Deficit",2019Q2,General Government transactions - Expenditure - Social benefits - ESA2010 Code (D62 + D632),7203.0
"General Government Transactions ESA 2010: Revenue, Expenditure, Financing and Deficit",2019Q2,General Government transactions - Expenditure - Other current transfers - ESA2010 Code (D7),573.0
"General Government Transactions ESA 2010: Revenue, Expenditure, Financing and Deficit",2019Q2,General Government transactions - Expenditure - Capital transfers - ESA2010 Code (D9),356.0
"General Government Transactions ESA 2010: Revenue, Expenditure, Financing and Deficit",2019Q2,Net operating balance - ESA2010 Code  (NOB),1663.0
"General Government Transactions ESA 2010: Revenue, Expenditure, Financing and Deficit",2019Q2,Net acquisition of non-financial assets - ESA2010 Code (P5 + NP - P51c),832.0
"General Government Transactions ESA 2010: Revenue, Expenditure, Financing and Deficit",2019Q2,General Government Surplus/Deficit - ESA2010 Code (B9),831.0
"General Government Transactions ESA 2010: Revenue, Expenditure, Financing and Deficit",2019Q2,Net acquisition of financial assets,-610.0
"General Government Transactions ESA 2010: Revenue, Expenditure, Financing and Deficit",2019Q2,Net acquisition of financial assets - Debt instruments - ESA2010 Code (F2 + F3 + F4),1824.0
"General Government Transactions ESA 2010: Revenue, Expenditure, Financing and Deficit",2019Q2,Net acquisition of financial assets - Equity and Investment Fund Shares - ESA2010 Code (F5),-2464.0
"General Government Transactions ESA 2010: Revenue, Expenditure, Financing and Deficit",2019Q2,Net acquisition of financial assets - Other financial assets - ESA2010 Code (F6 + F7 + F8),30.0
"General Government Transactions ESA 2010: Revenue, Expenditure, Financing and Deficit",2019Q2,Net incurrence of liabilities,-1384.0
"General Government Transactions ESA 2010: Revenue, Expenditure, Financing and Deficit",2019Q2,Net incurrence of liabilities - Debt instruments - ESA2010 Code (F2 + F3 + F4),-1492.0
"General Government Transactions ESA 2010: Revenue, Expenditure, Financing and Deficit",2019Q2,Net incurrence of liabilities - Other liabilities - ESA2010 Code (F5 + F6 + F7 + F8),108.0
"General Government Transactions ESA 2010: Revenue, Expenditure, Financing and Deficit",2019Q2,Memo: Net derivative flows on debt interest swap contracts,-37.0
"General Government Transactions ESA 2010: Revenue, Expenditure, Financing and Deficit",2019Q2,General Government transactions - Seasonally Adjusted Revenue - ESA2010 Code (TR),21924.0
"General Government Transactions ESA 2010: Revenue, Expenditure, Financing and Deficit",2019Q2,General Government transactions - Seasonally Adjusted Expenditure - ESA2010 Code (TE),21306.0
"General Government Transactions ESA 2010: Revenue, Expenditure, Financing and Deficit",2019Q2,General Government Seasonally Adjusted Surplus/Deficit - ESA2010 Code (B9),618.0
"General Government Transactions ESA 2010: Revenue, Expenditure, Financing and Deficit",2019Q3,General Government transactions - Revenue - ESA2010 Code (TR),20587.0
"General Government Transactions ESA 2010: Revenue, Expenditure, Financing and Deficit",2019Q3,General Government transactions - Revenue - Taxes and social contributions - ESA2010 Code ( D2 + D5 + D91 + D61),18896.0
"General Government Transactions ESA 2010: Revenue, Expenditure, Financing and Deficit",2019Q3,General Government transactions - Revenue - Taxes - ESA2010 Code (D2 + D5 + D91),15069.0
"General Government Transactions ESA 2010: Revenue, Expenditure, Financing and Deficit",2019Q3,General Government transactions - Revenue - Social contributions - ESA2010 Code (D61),3827.0
"General Government Transactions ESA 2010: Revenue, Expenditure, Financing and Deficit",2019Q3,General Government transactions - Revenue - Sales of goods and services - ESA2010 Code (P10),1234.0
"General Government Transactions ESA 2010: Revenue, Expenditure, Financing and Deficit",2019Q3,General Government transactions - Revenue - Investment income - ESA2010 Code (D4),112.0
"General Government Transactions ESA 2010: Revenue, Expenditure, Financing and Deficit",2019Q3,General Government transactions - Revenue - Current transfer revenue (excluding taxes) - ESA2010 Code (D7),222.0
"General Government Transactions ESA 2010: Revenue, Expenditure, Financing and Deficit",2019Q3,General Government transactions - Revenue - Capital transfer revenue (excluding taxes) - ESA2010 Code (D9N),124.0
"General Government Transactions ESA 2010: Revenue, Expenditure, Financing and Deficit",2019Q3,General Government transactions - Expenditure - ESA2010 Code (TE),21694.0
"General Government Transactions ESA 2010: Revenue, Expenditure, Financing and Deficit",2019Q3,General Government transactions - Expenditure - Expense - ESA2010 Code (Expense),20980.0
"General Government Transactions ESA 2010: Revenue, Expenditure, Financing and Deficit",2019Q3,General Government transactions - Expenditure - Compensation of employees - ESA2010 Code (D1),5856.0
"General Government Transactions ESA 2010: Revenue, Expenditure, Financing and Deficit",2019Q3,General Government transactions - Expenditure - Use of goods and services plus taxes payable - ESA2010 Code (P2 + D5 + D29),3388.0
"General Government Transactions ESA 2010: Revenue, Expenditure, Financing and Deficit",2019Q3,General Government transactions - Expenditure - Depreciation (consumption of fixed capital) - ESA2010 Code (P51c),1179.0
"General Government Transactions ESA 2010: Revenue, Expenditure, Financing and Deficit",2019Q3,General Government transactions - Expenditure - Interest (excluding FISIM) - ESA2010 Code (D41),1117.0
"General Government Transactions ESA 2010: Revenue, Expenditure, Financing and Deficit",2019Q3,General Government transactions - Expenditure - Subsidies - ESA2010 Code (D3),531.0
"General Government Transactions ESA 2010: Revenue, Expenditure, Financing and Deficit",2019Q3,General Government transactions - Expenditure - Social benefits - ESA2010 Code (D62 + D632),7808.0
"General Government Transactions ESA 2010: Revenue, Expenditure, Financing and Deficit",2019Q3,General Government transactions - Expenditure - Other current transfers - ESA2010 Code (D7),859.0
"General Government Transactions ESA 2010: Revenue, Expenditure, Financing and Deficit",2019Q3,General Government transactions - Expenditure - Capital transfers - ESA2010 Code (D9),242.0
"General Government Transactions ESA 2010: Revenue, Expenditure, Financing and Deficit",2019Q3,Net operating balance - ESA2010 Code  (NOB),-393.0
"General Government Transactions ESA 2010: Revenue, Expenditure, Financing and Deficit",2019Q3,Net acquisition of non-financial assets - ESA2010 Code (P5 + NP - P51c),714.0
"General Government Transactions ESA 2010: Revenue, Expenditure, Financing and Deficit",2019Q3,General Government Surplus/Deficit - ESA2010 Code (B9),-1107.0
"General Government Transactions ESA 2010: Revenue, Expenditure, Financing and Deficit",2019Q3,Net acquisition of financial assets,-762.0
"General Government Transactions ESA 2010: Revenue, Expenditure, Financing and Deficit",2019Q3,Net acquisition of financial assets - Debt instruments - ESA2010 Code (F2 + F3 + F4),-590.0
"General Government Transactions ESA 2010: Revenue, Expenditure, Financing and Deficit",2019Q3,Net acquisition of financial assets - Equity and Investment Fund Shares - ESA2010 Code (F5),-87.0
"General Government Transactions ESA 2010: Revenue, Expenditure, Financing and Deficit",2019Q3,Net acquisition of financial assets - Other financial assets - ESA2010 Code (F6 + F7 + F8),-85.0
"General Government Transactions ESA 2010: Revenue, Expenditure, Financing and Deficit",2019Q3,Net incurrence of liabilities,-628.0
"General Government Transactions ESA 2010: Revenue, Expenditure, Financing and Deficit",2019Q3,Net incurrence of liabilities - Debt instruments - ESA2010 Code (F2 + F3 + F4),-727.0
"General Government Transactions ESA 2010: Revenue, Expenditure, Financing and Deficit",2019Q3,Net incurrence of liabilities - Other liabilities - ESA2010 Code (F5 + F6 + F7 + F8),99.0
"General Government Transactions ESA 2010: Revenue, Expenditure, Financing and Deficit",2019Q3,Memo: Net derivative flows on debt interest swap contracts,-42.0
"General Government Transactions ESA 2010: Revenue, Expenditure, Financing and Deficit",2019Q3,General Government transactions - Seasonally Adjusted Revenue - ESA2010 Code (TR),22187.0
"General Government Transactions ESA 2010: Revenue, Expenditure, Financing and Deficit",2019Q3,General Government transactions - Seasonally Adjusted Expenditure - ESA2010 Code (TE),21790.0
"General Government Transactions ESA 2010: Revenue, Expenditure, Financing and Deficit",2019Q3,General Government Seasonally Adjusted Surplus/Deficit - ESA2010 Code (B9),397.0
"General Government Transactions ESA 2010: Revenue, Expenditure, Financing and Deficit",2019Q4,General Government transactions - Revenue - ESA2010 Code (TR),27064.0
"General Government Transactions ESA 2010: Revenue, Expenditure, Financing and Deficit",2019Q4,General Government transactions - Revenue - Taxes and social contributions - ESA2010 Code ( D2 + D5 + D91 + D61),25114.0
"General Government Transactions ESA 2010: Revenue, Expenditure, Financing and Deficit",2019Q4,General Government transactions - Revenue - Taxes - ESA2010 Code (D2 + D5 + D91),20798.0
"General Government Transactions ESA 2010: Revenue, Expenditure, Financing and Deficit",2019Q4,General Government transactions - Revenue - Social contributions - ESA2010 Code (D61),4315.0
"General Government Transactions ESA 2010: Revenue, Expenditure, Financing and Deficit",2019Q4,General Government transactions - Revenue - Sales of goods and services - ESA2010 Code (P10),1445.0
"General Government Transactions ESA 2010: Revenue, Expenditure, Financing and Deficit",2019Q4,General Government transactions - Revenue - Investment income - ESA2010 Code (D4),190.0
"General Government Transactions ESA 2010: Revenue, Expenditure, Financing and Deficit",2019Q4,General Government transactions - Revenue - Current transfer revenue (excluding taxes) - ESA2010 Code (D7),200.0
"General Government Transactions ESA 2010: Revenue, Expenditure, Financing and Deficit",2019Q4,General Government transactions - Revenue - Capital transfer revenue (excluding taxes) - ESA2010 Code (D9N),116.0
"General Government Transactions ESA 2010: Revenue, Expenditure, Financing and Deficit",2019Q4,General Government transactions - Expenditure - ESA2010 Code (TE),23366.0
"General Government Transactions ESA 2010: Revenue, Expenditure, Financing and Deficit",2019Q4,General Government transactions - Expenditure - Expense - ESA2010 Code (Expense),22421.0
"General Government Transactions ESA 2010: Revenue, Expenditure, Financing and Deficit",2019Q4,General Government transactions - Expenditure - Compensation of employees - ESA2010 Code (D1),6133.0
"General Government Transactions ESA 2010: Revenue, Expenditure, Financing and Deficit",2019Q4,General Government transactions - Expenditure - Use of goods and services plus taxes payable - ESA2010 Code (P2 + D5 + D29),3270.0
"General Government Transactions ESA 2010: Revenue, Expenditure, Financing and Deficit",2019Q4,General Government transactions - Expenditure - Depreciation (consumption of fixed capital) - ESA2010 Code (P51c),1179.0
"General Government Transactions ESA 2010: Revenue, Expenditure, Financing and Deficit",2019Q4,General Government transactions - Expenditure - Interest (excluding FISIM) - ESA2010 Code (D41),1077.0
"General Government Transactions ESA 2010: Revenue, Expenditure, Financing and Deficit",2019Q4,General Government transactions - Expenditure - Subsidies - ESA2010 Code (D3),756.0
"General Government Transactions ESA 2010: Revenue, Expenditure, Financing and Deficit",2019Q4,General Government transactions - Expenditure - Social benefits - ESA2010 Code (D62 + D632),8551.0
"General Government Transactions ESA 2010: Revenue, Expenditure, Financing and Deficit",2019Q4,General Government transactions - Expenditure - Other current transfers - ESA2010 Code (D7),747.0
"General Government Transactions ESA 2010: Revenue, Expenditure, Financing and Deficit",2019Q4,General Government transactions - Expenditure - Capital transfers - ESA2010 Code (D9),709.0
"General Government Transactions ESA 2010: Revenue, Expenditure, Financing and Deficit",2019Q4,Net operating balance - ESA2010 Code  (NOB),4643.0
"General Government Transactions ESA 2010: Revenue, Expenditure, Financing and Deficit",2019Q4,Net acquisition of non-financial assets - ESA2010 Code (P5 + NP - P51c),944.0
"General Government Transactions ESA 2010: Revenue, Expenditure, Financing and Deficit",2019Q4,General Government Surplus/Deficit - ESA2010 Code (B9),3698.0
"General Government Transactions ESA 2010: Revenue, Expenditure, Financing and Deficit",2019Q4,Net acquisition of financial assets,-6375.0
"General Government Transactions ESA 2010: Revenue, Expenditure, Financing and Deficit",2019Q4,Net acquisition of financial assets - Debt instruments - ESA2010 Code (F2 + F3 + F4),-7890.0
"General Government Transactions ESA 2010: Revenue, Expenditure, Financing and Deficit",2019Q4,Net acquisition of financial assets - Equity and Investment Fund Shares - ESA2010 Code (F5),219.0
"General Government Transactions ESA 2010: Revenue, Expenditure, Financing and Deficit",2019Q4,Net acquisition of financial assets - Other financial assets - ESA2010 Code (F6 + F7 + F8),1297.0
"General Government Transactions ESA 2010: Revenue, Expenditure, Financing and Deficit",2019Q4,Net incurrence of liabilities,-10328.0
"General Government Transactions ESA 2010: Revenue, Expenditure, Financing and Deficit",2019Q4,Net incurrence of liabilities - Debt instruments - ESA2010 Code (F2 + F3 + F4),-10405.0
"General Government Transactions ESA 2010: Revenue, Expenditure, Financing and Deficit",2019Q4,Net incurrence of liabilities - Other liabilities - ESA2010 Code (F5 + F6 + F7 + F8),77.0
"General Government Transactions ESA 2010: Revenue, Expenditure, Financing and Deficit",2019Q4,Memo: Net derivative flows on debt interest swap contracts,-21.0
"General Government Transactions ESA 2010: Revenue, Expenditure, Financing and Deficit",2019Q4,General Government transactions - Seasonally Adjusted Revenue - ESA2010 Code (TR),22728.0
"General Government Transactions ESA 2010: Revenue, Expenditure, Financing and Deficit",2019Q4,General Government transactions - Seasonally Adjusted Expenditure - ESA2010 Code (TE),22201.0
"General Government Transactions ESA 2010: Revenue, Expenditure, Financing and Deficit",2019Q4,General Government Seasonally Adjusted Surplus/Deficit - ESA2010 Code (B9),527.0
"General Government Transactions ESA 2010: Revenue, Expenditure, Financing and Deficit",2020Q1,General Government transactions - Revenue - ESA2010 Code (TR),17937.0
"General Government Transactions ESA 2010: Revenue, Expenditure, Financing and Deficit",2020Q1,General Government transactions - Revenue - Taxes and social contributions - ESA2010 Code ( D2 + D5 + D91 + D61),16610.0
"General Government Transactions ESA 2010: Revenue, Expenditure, Financing and Deficit",2020Q1,General Government transactions - Revenue - Taxes - ESA2010 Code (D2 + D5 + D91),12652.0
"General Government Transactions ESA 2010: Revenue, Expenditure, Financing and Deficit",2020Q1,General Government transactions - Revenue - Social contributions - ESA2010 Code (D61),3958.0
"General Government Transactions ESA 2010: Revenue, Expenditure, Financing and Deficit",2020Q1,General Government transactions - Revenue - Sales of goods and services - ESA2010 Code (P10),1030.0
"General Government Transactions ESA 2010: Revenue, Expenditure, Financing and Deficit",2020Q1,General Government transactions - Revenue - Investment income - ESA2010 Code (D4),38.0
"General Government Transactions ESA 2010: Revenue, Expenditure, Financing and Deficit",2020Q1,General Government transactions - Revenue - Current transfer revenue (excluding taxes) - ESA2010 Code (D7),154.0
"General Government Transactions ESA 2010: Revenue, Expenditure, Financing and Deficit",2020Q1,General Government transactions - Revenue - Capital transfer revenue (excluding taxes) - ESA2010 Code (D9N),106.0
"General Government Transactions ESA 2010: Revenue, Expenditure, Financing and Deficit",2020Q1,General Government transactions - Expenditure - ESA2010 Code (TE),21932.0
"General Government Transactions ESA 2010: Revenue, Expenditure, Financing and Deficit",2020Q1,General Government transactions - Expenditure - Expense - ESA2010 Code (Expense),20620.0
"General Government Transactions ESA 2010: Revenue, Expenditure, Financing and Deficit",2020Q1,General Government transactions - Expenditure - Compensation of employees - ESA2010 Code (D1),6106.0
"General Government Transactions ESA 2010: Revenue, Expenditure, Financing and Deficit",2020Q1,General Government transactions - Expenditure - Use of goods and services plus taxes payable - ESA2010 Code (P2 + D5 + D29),2942.0
"General Government Transactions ESA 2010: Revenue, Expenditure, Financing and Deficit",2020Q1,General Government transactions - Expenditure - Depreciation (consumption of fixed capital) - ESA2010 Code (P51c),1258.0
"General Government Transactions ESA 2010: Revenue, Expenditure, Financing and Deficit",2020Q1,General Government transactions - Expenditure - Interest (excluding FISIM) - ESA2010 Code (D41),1036.0
"General Government Transactions ESA 2010: Revenue, Expenditure, Financing and Deficit",2020Q1,General Government transactions - Expenditure - Subsidies - ESA2010 Code (D3),618.0
"General Government Transactions ESA 2010: Revenue, Expenditure, Financing and Deficit",2020Q1,General Government transactions - Expenditure - Social benefits - ESA2010 Code (D62 + D632),7393.0
"General Government Transactions ESA 2010: Revenue, Expenditure, Financing and Deficit",2020Q1,General Government transactions - Expenditure - Other current transfers - ESA2010 Code (D7),951.0
"General Government Transactions ESA 2010: Revenue, Expenditure, Financing and Deficit",2020Q1,General Government transactions - Expenditure - Capital transfers - ESA2010 Code (D9),315.0
"General Government Transactions ESA 2010: Revenue, Expenditure, Financing and Deficit",2020Q1,Net operating balance - ESA2010 Code  (NOB),-2683.0
"General Government Transactions ESA 2010: Revenue, Expenditure, Financing and Deficit",2020Q1,Net acquisition of non-financial assets - ESA2010 Code (P5 + NP - P51c),1312.0
"General Government Transactions ESA 2010: Revenue, Expenditure, Financing and Deficit",2020Q1,General Government Surplus/Deficit - ESA2010 Code (B9),-3995.0
"General Government Transactions ESA 2010: Revenue, Expenditure, Financing and Deficit",2020Q1,Net acquisition of financial assets,4220.0
"General Government Transactions ESA 2010: Revenue, Expenditure, Financing and Deficit",2020Q1,Net acquisition of financial assets - Debt instruments - ESA2010 Code (F2 + F3 + F4),6551.0
"General Government Transactions ESA 2010: Revenue, Expenditure, Financing and Deficit",2020Q1,Net acquisition of financial assets - Equity and Investment Fund Shares - ESA2010 Code (F5),-17.0
"General Government Transactions ESA 2010: Revenue, Expenditure, Financing and Deficit",2020Q1,Net acquisition of financial assets - Other financial assets - ESA2010 Code (F6 + F7 + F8),-2315.0
"General Government Transactions ESA 2010: Revenue, Expenditure, Financing and Deficit",2020Q1,Net incurrence of liabilities,11075.0
"General Government Transactions ESA 2010: Revenue, Expenditure, Financing and Deficit",2020Q1,Net incurrence of liabilities - Debt instruments - ESA2010 Code (F2 + F3 + F4),10231.0
"General Government Transactions ESA 2010: Revenue, Expenditure, Financing and Deficit",2020Q1,Net incurrence of liabilities - Other liabilities - ESA2010 Code (F5 + F6 + F7 + F8),844.0
"General Government Transactions ESA 2010: Revenue, Expenditure, Financing and Deficit",2020Q1,Memo: Net derivative flows on debt interest swap contracts,-21.0
"General Government Transactions ESA 2010: Revenue, Expenditure, Financing and Deficit",2020Q1,General Government transactions - Seasonally Adjusted Revenue - ESA2010 Code (TR),20161.0
"General Government Transactions ESA 2010: Revenue, Expenditure, Financing and Deficit",2020Q1,General Government transactions - Seasonally Adjusted Expenditure - ESA2010 Code (TE),22617.0
"General Government Transactions ESA 2010: Revenue, Expenditure, Financing and Deficit",2020Q1,General Government Seasonally Adjusted Surplus/Deficit - ESA2010 Code (B9),-2456.0
"General Government Transactions ESA 2010: Revenue, Expenditure, Financing and Deficit",2020Q2,General Government transactions - Revenue - ESA2010 Code (TR),20258.0
"General Government Transactions ESA 2010: Revenue, Expenditure, Financing and Deficit",2020Q2,General Government transactions - Revenue - Taxes and social contributions - ESA2010 Code ( D2 + D5 + D91 + D61),18224.0
"General Government Transactions ESA 2010: Revenue, Expenditure, Financing and Deficit",2020Q2,General Government transactions - Revenue - Taxes - ESA2010 Code (D2 + D5 + D91),14785.0
"General Government Transactions ESA 2010: Revenue, Expenditure, Financing and Deficit",2020Q2,General Government transactions - Revenue - Social contributions - ESA2010 Code (D61),3439.0
"General Government Transactions ESA 2010: Revenue, Expenditure, Financing and Deficit",2020Q2,General Government transactions - Revenue - Sales of goods and services - ESA2010 Code (P10),874.0
"General Government Transactions ESA 2010: Revenue, Expenditure, Financing and Deficit",2020Q2,General Government transactions - Revenue - Investment income - ESA2010 Code (D4),862.0
"General Government Transactions ESA 2010: Revenue, Expenditure, Financing and Deficit",2020Q2,General Government transactions - Revenue - Current transfer revenue (excluding taxes) - ESA2010 Code (D7),182.0
"General Government Transactions ESA 2010: Revenue, Expenditure, Financing and Deficit",2020Q2,General Government transactions - Revenue - Capital transfer revenue (excluding taxes) - ESA2010 Code (D9N),115.0
"General Government Transactions ESA 2010: Revenue, Expenditure, Financing and Deficit",2020Q2,General Government transactions - Expenditure - ESA2010 Code (TE),26575.0
"General Government Transactions ESA 2010: Revenue, Expenditure, Financing and Deficit",2020Q2,General Government transactions - Expenditure - Expense - ESA2010 Code (Expense),25730.0
"General Government Transactions ESA 2010: Revenue, Expenditure, Financing and Deficit",2020Q2,General Government transactions - Expenditure - Compensation of employees - ESA2010 Code (D1),6195.0
"General Government Transactions ESA 2010: Revenue, Expenditure, Financing and Deficit",2020Q2,General Government transactions - Expenditure - Use of goods and services plus taxes payable - ESA2010 Code (P2 + D5 + D29),3677.0
"General Government Transactions ESA 2010: Revenue, Expenditure, Financing and Deficit",2020Q2,General Government transactions - Expenditure - Depreciation (consumption of fixed capital) - ESA2010 Code (P51c),1258.0
"General Government Transactions ESA 2010: Revenue, Expenditure, Financing and Deficit",2020Q2,General Government transactions - Expenditure - Interest (excluding FISIM) - ESA2010 Code (D41),945.0
"General Government Transactions ESA 2010: Revenue, Expenditure, Financing and Deficit",2020Q2,General Government transactions - Expenditure - Subsidies - ESA2010 Code (D3),2334.0
"General Government Transactions ESA 2010: Revenue, Expenditure, Financing and Deficit",2020Q2,General Government transactions - Expenditure - Social benefits - ESA2010 Code (D62 + D632),9978.0
"General Government Transactions ESA 2010: Revenue, Expenditure, Financing and Deficit",2020Q2,General Government transactions - Expenditure - Other current transfers - ESA2010 Code (D7),980.0
"General Government Transactions ESA 2010: Revenue, Expenditure, Financing and Deficit",2020Q2,General Government transactions - Expenditure - Capital transfers - ESA2010 Code (D9),362.0
"General Government Transactions ESA 2010: Revenue, Expenditure, Financing and Deficit",2020Q2,Net operating balance - ESA2010 Code  (NOB),-5472.0
"General Government Transactions ESA 2010: Revenue, Expenditure, Financing and Deficit",2020Q2,Net acquisition of non-financial assets - ESA2010 Code (P5 + NP - P51c),845.0
"General Government Transactions ESA 2010: Revenue, Expenditure, Financing and Deficit",2020Q2,General Government Surplus/Deficit - ESA2010 Code (B9),-6317.0
"General Government Transactions ESA 2010: Revenue, Expenditure, Financing and Deficit",2020Q2,Net acquisition of financial assets,8047.0
"General Government Transactions ESA 2010: Revenue, Expenditure, Financing and Deficit",2020Q2,Net acquisition of financial assets - Debt instruments - ESA2010 Code (F2 + F3 + F4),8735.0
"General Government Transactions ESA 2010: Revenue, Expenditure, Financing and Deficit",2020Q2,Net acquisition of financial assets - Equity and Investment Fund Shares - ESA2010 Code (F5),-1156.0
"General Government Transactions ESA 2010: Revenue, Expenditure, Financing and Deficit",2020Q2,Net acquisition of financial assets - Other financial assets - ESA2010 Code (F6 + F7 + F8),467.0
"General Government Transactions ESA 2010: Revenue, Expenditure, Financing and Deficit",2020Q2,Net incurrence of liabilities,13264.0
"General Government Transactions ESA 2010: Revenue, Expenditure, Financing and Deficit",2020Q2,Net incurrence of liabilities - Debt instruments - ESA2010 Code (F2 + F3 + F4),12137.0
"General Government Transactions ESA 2010: Revenue, Expenditure, Financing and Deficit",2020Q2,Net incurrence of liabilities - Other liabilities - ESA2010 Code (F5 + F6 + F7 + F8),1128.0
"General Government Transactions ESA 2010: Revenue, Expenditure, Financing and Deficit",2020Q2,Memo: Net derivative flows on debt interest swap contracts,-26.0
"General Government Transactions ESA 2010: Revenue, Expenditure, Financing and Deficit",2020Q2,General Government transactions - Seasonally Adjusted Revenue - ESA2010 Code (TR),20501.0
"General Government Transactions ESA 2010: Revenue, Expenditure, Financing and Deficit",2020Q2,General Government transactions - Seasonally Adjusted Expenditure - ESA2010 Code (TE),27050.0
"General Government Transactions ESA 2010: Revenue, Expenditure, Financing and Deficit",2020Q2,General Government Seasonally Adjusted Surplus/Deficit - ESA2010 Code (B9),-6549.0
"General Government Transactions ESA 2010: Revenue, Expenditure, Financing and Deficit",2020Q3,General Government transactions - Revenue - ESA2010 Code (TR),19527.0
"General Government Transactions ESA 2010: Revenue, Expenditure, Financing and Deficit",2020Q3,General Government transactions - Revenue - Taxes and social contributions - ESA2010 Code ( D2 + D5 + D91 + D61),18045.0
"General Government Transactions ESA 2010: Revenue, Expenditure, Financing and Deficit",2020Q3,General Government transactions - Revenue - Taxes - ESA2010 Code (D2 + D5 + D91),14388.0
"General Government Transactions ESA 2010: Revenue, Expenditure, Financing and Deficit",2020Q3,General Government transactions - Revenue - Social contributions - ESA2010 Code (D61),3656.0
"General Government Transactions ESA 2010: Revenue, Expenditure, Financing and Deficit",2020Q3,General Government transactions - Revenue - Sales of goods and services - ESA2010 Code (P10),1020.0
"General Government Transactions ESA 2010: Revenue, Expenditure, Financing and Deficit",2020Q3,General Government transactions - Revenue - Investment income - ESA2010 Code (D4),147.0
"General Government Transactions ESA 2010: Revenue, Expenditure, Financing and Deficit",2020Q3,General Government transactions - Revenue - Current transfer revenue (excluding taxes) - ESA2010 Code (D7),197.0
"General Government Transactions ESA 2010: Revenue, Expenditure, Financing and Deficit",2020Q3,General Government transactions - Revenue - Capital transfer revenue (excluding taxes) - ESA2010 Code (D9N),119.0
"General Government Transactions ESA 2010: Revenue, Expenditure, Financing and Deficit",2020Q3,General Government transactions - Expenditure - ESA2010 Code (TE),26147.0
"General Government Transactions ESA 2010: Revenue, Expenditure, Financing and Deficit",2020Q3,General Government transactions - Expenditure - Expense - ESA2010 Code (Expense),24837.0
"General Government Transactions ESA 2010: Revenue, Expenditure, Financing and Deficit",2020Q3,General Government transactions - Expenditure - Compensation of employees - ESA2010 Code (D1),6056.0
"General Government Transactions ESA 2010: Revenue, Expenditure, Financing and Deficit",2020Q3,General Government transactions - Expenditure - Use of goods and services plus taxes payable - ESA2010 Code (P2 + D5 + D29),4025.0
"General Government Transactions ESA 2010: Revenue, Expenditure, Financing and Deficit",2020Q3,General Government transactions - Expenditure - Depreciation (consumption of fixed capital) - ESA2010 Code (P51c),1258.0
"General Government Transactions ESA 2010: Revenue, Expenditure, Financing and Deficit",2020Q3,General Government transactions - Expenditure - Interest (excluding FISIM) - ESA2010 Code (D41),979.0
"General Government Transactions ESA 2010: Revenue, Expenditure, Financing and Deficit",2020Q3,General Government transactions - Expenditure - Subsidies - ESA2010 Code (D3),1873.0
"General Government Transactions ESA 2010: Revenue, Expenditure, Financing and Deficit",2020Q3,General Government transactions - Expenditure - Social benefits - ESA2010 Code (D62 + D632),9367.0
"General Government Transactions ESA 2010: Revenue, Expenditure, Financing and Deficit",2020Q3,General Government transactions - Expenditure - Other current transfers - ESA2010 Code (D7),992.0
"General Government Transactions ESA 2010: Revenue, Expenditure, Financing and Deficit",2020Q3,General Government transactions - Expenditure - Capital transfers - ESA2010 Code (D9),287.0
"General Government Transactions ESA 2010: Revenue, Expenditure, Financing and Deficit",2020Q3,Net operating balance - ESA2010 Code  (NOB),-5310.0
"General Government Transactions ESA 2010: Revenue, Expenditure, Financing and Deficit",2020Q3,Net acquisition of non-financial assets - ESA2010 Code (P5 + NP - P51c),1310.0
"General Government Transactions ESA 2010: Revenue, Expenditure, Financing and Deficit",2020Q3,General Government Surplus/Deficit - ESA2010 Code (B9),-6619.0
"General Government Transactions ESA 2010: Revenue, Expenditure, Financing and Deficit",2020Q3,Net acquisition of financial assets,-2302.0
"General Government Transactions ESA 2010: Revenue, Expenditure, Financing and Deficit",2020Q3,Net acquisition of financial assets - Debt instruments - ESA2010 Code (F2 + F3 + F4),-3170.0
"General Government Transactions ESA 2010: Revenue, Expenditure, Financing and Deficit",2020Q3,Net acquisition of financial assets - Equity and Investment Fund Shares - ESA2010 Code (F5),-136.0
"General Government Transactions ESA 2010: Revenue, Expenditure, Financing and Deficit",2020Q3,Net acquisition of financial assets - Other financial assets - ESA2010 Code (F6 + F7 + F8),1004.0
"General Government Transactions ESA 2010: Revenue, Expenditure, Financing and Deficit",2020Q3,Net incurrence of liabilities,2675.0
"General Government Transactions ESA 2010: Revenue, Expenditure, Financing and Deficit",2020Q3,Net incurrence of liabilities - Debt instruments - ESA2010 Code (F2 + F3 + F4),2383.0
"General Government Transactions ESA 2010: Revenue, Expenditure, Financing and Deficit",2020Q3,Net incurrence of liabilities - Other liabilities - ESA2010 Code (F5 + F6 + F7 + F8),293.0
"General Government Transactions ESA 2010: Revenue, Expenditure, Financing and Deficit",2020Q3,Memo: Net derivative flows on debt interest swap contracts,-17.0
"General Government Transactions ESA 2010: Revenue, Expenditure, Financing and Deficit",2020Q3,General Government transactions - Seasonally Adjusted Revenue - ESA2010 Code (TR),20980.0
"General Government Transactions ESA 2010: Revenue, Expenditure, Financing and Deficit",2020Q3,General Government transactions - Seasonally Adjusted Expenditure - ESA2010 Code (TE),26272.0
"General Government Transactions ESA 2010: Revenue, Expenditure, Financing and Deficit",2020Q3,General Government Seasonally Adjusted Surplus/Deficit - ESA2010 Code (B9),-5292.0
"General Government Transactions ESA 2010: Revenue, Expenditure, Financing and Deficit",2020Q4,General Government transactions - Revenue - ESA2010 Code (TR),25628.0
"General Government Transactions ESA 2010: Revenue, Expenditure, Financing and Deficit",2020Q4,General Government transactions - Revenue - Taxes and social contributions - ESA2010 Code ( D2 + D5 + D91 + D61),24073.0
"General Government Transactions ESA 2010: Revenue, Expenditure, Financing and Deficit",2020Q4,General Government transactions - Revenue - Taxes - ESA2010 Code (D2 + D5 + D91),19716.0
"General Government Transactions ESA 2010: Revenue, Expenditure, Financing and Deficit",2020Q4,General Government transactions - Revenue - Social contributions - ESA2010 Code (D61),4356.0
"General Government Transactions ESA 2010: Revenue, Expenditure, Financing and Deficit",2020Q4,General Government transactions - Revenue - Sales of goods and services - ESA2010 Code (P10),1030.0
"General Government Transactions ESA 2010: Revenue, Expenditure, Financing and Deficit",2020Q4,General Government transactions - Revenue - Investment income - ESA2010 Code (D4),65.0
"General Government Transactions ESA 2010: Revenue, Expenditure, Financing and Deficit",2020Q4,General Government transactions - Revenue - Current transfer revenue (excluding taxes) - ESA2010 Code (D7),221.0
"General Government Transactions ESA 2010: Revenue, Expenditure, Financing and Deficit",2020Q4,General Government transactions - Revenue - Capital transfer revenue (excluding taxes) - ESA2010 Code (D9N),239.0
"General Government Transactions ESA 2010: Revenue, Expenditure, Financing and Deficit",2020Q4,General Government transactions - Expenditure - ESA2010 Code (TE),27473.0
"General Government Transactions ESA 2010: Revenue, Expenditure, Financing and Deficit",2020Q4,General Government transactions - Expenditure - Expense - ESA2010 Code (Expense),26641.0
"General Government Transactions ESA 2010: Revenue, Expenditure, Financing and Deficit",2020Q4,General Government transactions - Expenditure - Compensation of employees - ESA2010 Code (D1),6596.0
"General Government Transactions ESA 2010: Revenue, Expenditure, Financing and Deficit",2020Q4,General Government transactions - Expenditure - Use of goods and services plus taxes payable - ESA2010 Code (P2 + D5 + D29),3991.0
"General Government Transactions ESA 2010: Revenue, Expenditure, Financing and Deficit",2020Q4,General Government transactions - Expenditure - Depreciation (consumption of fixed capital) - ESA2010 Code (P51c),1258.0
"General Government Transactions ESA 2010: Revenue, Expenditure, Financing and Deficit",2020Q4,General Government transactions - Expenditure - Interest (excluding FISIM) - ESA2010 Code (D41),866.0
"General Government Transactions ESA 2010: Revenue, Expenditure, Financing and Deficit",2020Q4,General Government transactions - Expenditure - Subsidies - ESA2010 Code (D3),1937.0
"General Government Transactions ESA 2010: Revenue, Expenditure, Financing and Deficit",2020Q4,General Government transactions - Expenditure - Social benefits - ESA2010 Code (D62 + D632),9994.0
"General Government Transactions ESA 2010: Revenue, Expenditure, Financing and Deficit",2020Q4,General Government transactions - Expenditure - Other current transfers - ESA2010 Code (D7),1453.0
"General Government Transactions ESA 2010: Revenue, Expenditure, Financing and Deficit",2020Q4,General Government transactions - Expenditure - Capital transfers - ESA2010 Code (D9),546.0
"General Government Transactions ESA 2010: Revenue, Expenditure, Financing and Deficit",2020Q4,Net operating balance - ESA2010 Code  (NOB),-1013.0
"General Government Transactions ESA 2010: Revenue, Expenditure, Financing and Deficit",2020Q4,Net acquisition of non-financial assets - ESA2010 Code (P5 + NP - P51c),832.0
"General Government Transactions ESA 2010: Revenue, Expenditure, Financing and Deficit",2020Q4,General Government Surplus/Deficit - ESA2010 Code (B9),-1845.0
"General Government Transactions ESA 2010: Revenue, Expenditure, Financing and Deficit",2020Q4,Net acquisition of financial assets,-10784.0
"General Government Transactions ESA 2010: Revenue, Expenditure, Financing and Deficit",2020Q4,Net acquisition of financial assets - Debt instruments - ESA2010 Code (F2 + F3 + F4),-12318.0
"General Government Transactions ESA 2010: Revenue, Expenditure, Financing and Deficit",2020Q4,Net acquisition of financial assets - Equity and Investment Fund Shares - ESA2010 Code (F5),25.0
"General Government Transactions ESA 2010: Revenue, Expenditure, Financing and Deficit",2020Q4,Net acquisition of financial assets - Other financial assets - ESA2010 Code (F6 + F7 + F8),1510.0
"General Government Transactions ESA 2010: Revenue, Expenditure, Financing and Deficit",2020Q4,Net incurrence of liabilities,-9205.0
"General Government Transactions ESA 2010: Revenue, Expenditure, Financing and Deficit",2020Q4,Net incurrence of liabilities - Debt instruments - ESA2010 Code (F2 + F3 + F4),-9508.0
"General Government Transactions ESA 2010: Revenue, Expenditure, Financing and Deficit",2020Q4,Net incurrence of liabilities - Other liabilities - ESA2010 Code (F5 + F6 + F7 + F8),303.0
"General Government Transactions ESA 2010: Revenue, Expenditure, Financing and Deficit",2020Q4,Memo: Net derivative flows on debt interest swap contracts,-17.0
"General Government Transactions ESA 2010: Revenue, Expenditure, Financing and Deficit",2020Q4,General Government transactions - Seasonally Adjusted Revenue - ESA2010 Code (TR),21442.0
"General Government Transactions ESA 2010: Revenue, Expenditure, Financing and Deficit",2020Q4,General Government transactions - Seasonally Adjusted Expenditure - ESA2010 Code (TE),26043.0
"General Government Transactions ESA 2010: Revenue, Expenditure, Financing and Deficit",2020Q4,General Government Seasonally Adjusted Surplus/Deficit - ESA2010 Code (B9),-4601.0
"General Government Transactions ESA 2010: Revenue, Expenditure, Financing and Deficit",2021Q1,General Government transactions - Revenue - ESA2010 Code (TR),19562.0
"General Government Transactions ESA 2010: Revenue, Expenditure, Financing and Deficit",2021Q1,General Government transactions - Revenue - Taxes and social contributions - ESA2010 Code ( D2 + D5 + D91 + D61),18263.0
"General Government Transactions ESA 2010: Revenue, Expenditure, Financing and Deficit",2021Q1,General Government transactions - Revenue - Taxes - ESA2010 Code (D2 + D5 + D91),14175.0
"General Government Transactions ESA 2010: Revenue, Expenditure, Financing and Deficit",2021Q1,General Government transactions - Revenue - Social contributions - ESA2010 Code (D61),4088.0
"General Government Transactions ESA 2010: Revenue, Expenditure, Financing and Deficit",2021Q1,General Government transactions - Revenue - Sales of goods and services - ESA2010 Code (P10),921.0
"General Government Transactions ESA 2010: Revenue, Expenditure, Financing and Deficit",2021Q1,General Government transactions - Revenue - Investment income - ESA2010 Code (D4),34.0
"General Government Transactions ESA 2010: Revenue, Expenditure, Financing and Deficit",2021Q1,General Government transactions - Revenue - Current transfer revenue (excluding taxes) - ESA2010 Code (D7),204.0
"General Government Transactions ESA 2010: Revenue, Expenditure, Financing and Deficit",2021Q1,General Government transactions - Revenue - Capital transfer revenue (excluding taxes) - ESA2010 Code (D9N),139.0
"General Government Transactions ESA 2010: Revenue, Expenditure, Financing and Deficit",2021Q1,General Government transactions - Expenditure - ESA2010 Code (TE),25471.0
"General Government Transactions ESA 2010: Revenue, Expenditure, Financing and Deficit",2021Q1,General Government transactions - Expenditure - Expense - ESA2010 Code (Expense),25143.0
"General Government Transactions ESA 2010: Revenue, Expenditure, Financing and Deficit",2021Q1,General Government transactions - Expenditure - Compensation of employees - ESA2010 Code (D1),6267.0
"General Government Transactions ESA 2010: Revenue, Expenditure, Financing and Deficit",2021Q1,General Government transactions - Expenditure - Use of goods and services plus taxes payable - ESA2010 Code (P2 + D5 + D29),3880.0
"General Government Transactions ESA 2010: Revenue, Expenditure, Financing and Deficit",2021Q1,General Government transactions - Expenditure - Depreciation (consumption of fixed capital) - ESA2010 Code (P51c),1426.0
"General Government Transactions ESA 2010: Revenue, Expenditure, Financing and Deficit",2021Q1,General Government transactions - Expenditure - Interest (excluding FISIM) - ESA2010 Code (D41),829.0
"General Government Transactions ESA 2010: Revenue, Expenditure, Financing and Deficit",2021Q1,General Government transactions - Expenditure - Subsidies - ESA2010 Code (D3),1820.0
"General Government Transactions ESA 2010: Revenue, Expenditure, Financing and Deficit",2021Q1,General Government transactions - Expenditure - Social benefits - ESA2010 Code (D62 + D632),9200.0
"General Government Transactions ESA 2010: Revenue, Expenditure, Financing and Deficit",2021Q1,General Government transactions - Expenditure - Other current transfers - ESA2010 Code (D7),1366.0
"General Government Transactions ESA 2010: Revenue, Expenditure, Financing and Deficit",2021Q1,General Government transactions - Expenditure - Capital transfers - ESA2010 Code (D9),357.0
"General Government Transactions ESA 2010: Revenue, Expenditure, Financing and Deficit",2021Q1,Net operating balance - ESA2010 Code  (NOB),-5581.0
"General Government Transactions ESA 2010: Revenue, Expenditure, Financing and Deficit",2021Q1,Net acquisition of non-financial assets - ESA2010 Code (P5 + NP - P51c),328.0
"General Government Transactions ESA 2010: Revenue, Expenditure, Financing and Deficit",2021Q1,General Government Surplus/Deficit - ESA2010 Code (B9),-5909.0
"General Government Transactions ESA 2010: Revenue, Expenditure, Financing and Deficit",2021Q1,Net acquisition of financial assets,6258.0
"General Government Transactions ESA 2010: Revenue, Expenditure, Financing and Deficit",2021Q1,Net acquisition of financial assets - Debt instruments - ESA2010 Code (F2 + F3 + F4),6794.0
"General Government Transactions ESA 2010: Revenue, Expenditure, Financing and Deficit",2021Q1,Net acquisition of financial assets - Equity and Investment Fund Shares - ESA2010 Code (F5),247.0
"General Government Transactions ESA 2010: Revenue, Expenditure, Financing and Deficit",2021Q1,Net acquisition of financial assets - Other financial assets - ESA2010 Code (F6 + F7 + F8),-784.0
"General Government Transactions ESA 2010: Revenue, Expenditure, Financing and Deficit",2021Q1,Net incurrence of liabilities,13115.0
"General Government Transactions ESA 2010: Revenue, Expenditure, Financing and Deficit",2021Q1,Net incurrence of liabilities - Debt instruments - ESA2010 Code (F2 + F3 + F4),12645.0
"General Government Transactions ESA 2010: Revenue, Expenditure, Financing and Deficit",2021Q1,Net incurrence of liabilities - Other liabilities - ESA2010 Code (F5 + F6 + F7 + F8),469.0
"General Government Transactions ESA 2010: Revenue, Expenditure, Financing and Deficit",2021Q1,Memo: Net derivative flows on debt interest swap contracts,-11.0
"General Government Transactions ESA 2010: Revenue, Expenditure, Financing and Deficit",2021Q1,General Government transactions - Seasonally Adjusted Revenue - ESA2010 Code (TR),22066.0
"General Government Transactions ESA 2010: Revenue, Expenditure, Financing and Deficit",2021Q1,General Government transactions - Seasonally Adjusted Expenditure - ESA2010 Code (TE),26358.0
"General Government Transactions ESA 2010: Revenue, Expenditure, Financing and Deficit",2021Q1,General Government Seasonally Adjusted Surplus/Deficit - ESA2010 Code (B9),-4292.0
"General Government Transactions ESA 2010: Revenue, Expenditure, Financing and Deficit",2021Q2,General Government transactions - Revenue - ESA2010 Code (TR),23815.0
"General Government Transactions ESA 2010: Revenue, Expenditure, Financing and Deficit",2021Q2,General Government transactions - Revenue - Taxes and social contributions - ESA2010 Code ( D2 + D5 + D91 + D61),22191.0
"General Government Transactions ESA 2010: Revenue, Expenditure, Financing and Deficit",2021Q2,General Government transactions - Revenue - Taxes - ESA2010 Code (D2 + D5 + D91),17987.0
"General Government Transactions ESA 2010: Revenue, Expenditure, Financing and Deficit",2021Q2,General Government transactions - Revenue - Social contributions - ESA2010 Code (D61),4203.0
"General Government Transactions ESA 2010: Revenue, Expenditure, Financing and Deficit",2021Q2,General Government transactions - Revenue - Sales of goods and services - ESA2010 Code (P10),956.0
"General Government Transactions ESA 2010: Revenue, Expenditure, Financing and Deficit",2021Q2,General Government transactions - Revenue - Investment income - ESA2010 Code (D4),293.0
"General Government Transactions ESA 2010: Revenue, Expenditure, Financing and Deficit",2021Q2,General Government transactions - Revenue - Current transfer revenue (excluding taxes) - ESA2010 Code (D7),234.0
"General Government Transactions ESA 2010: Revenue, Expenditure, Financing and Deficit",2021Q2,General Government transactions - Revenue - Capital transfer revenue (excluding taxes) - ESA2010 Code (D9N),142.0
"General Government Transactions ESA 2010: Revenue, Expenditure, Financing and Deficit",2021Q2,General Government transactions - Expenditure - ESA2010 Code (TE),25829.0
"General Government Transactions ESA 2010: Revenue, Expenditure, Financing and Deficit",2021Q2,General Government transactions - Expenditure - Expense - ESA2010 Code (Expense),25373.0
"General Government Transactions ESA 2010: Revenue, Expenditure, Financing and Deficit",2021Q2,General Government transactions - Expenditure - Compensation of employees - ESA2010 Code (D1),6722.0
"General Government Transactions ESA 2010: Revenue, Expenditure, Financing and Deficit",2021Q2,General Government transactions - Expenditure - Use of goods and services plus taxes payable - ESA2010 Code (P2 + D5 + D29),3941.0
"General Government Transactions ESA 2010: Revenue, Expenditure, Financing and Deficit",2021Q2,General Government transactions - Expenditure - Depreciation (consumption of fixed capital) - ESA2010 Code (P51c),1426.0
"General Government Transactions ESA 2010: Revenue, Expenditure, Financing and Deficit",2021Q2,General Government transactions - Expenditure - Interest (excluding FISIM) - ESA2010 Code (D41),836.0
"General Government Transactions ESA 2010: Revenue, Expenditure, Financing and Deficit",2021Q2,General Government transactions - Expenditure - Subsidies - ESA2010 Code (D3),1851.0
"General Government Transactions ESA 2010: Revenue, Expenditure, Financing and Deficit",2021Q2,General Government transactions - Expenditure - Social benefits - ESA2010 Code (D62 + D632),9181.0
"General Government Transactions ESA 2010: Revenue, Expenditure, Financing and Deficit",2021Q2,General Government transactions - Expenditure - Other current transfers - ESA2010 Code (D7),1076.0
"General Government Transactions ESA 2010: Revenue, Expenditure, Financing and Deficit",2021Q2,General Government transactions - Expenditure - Capital transfers - ESA2010 Code (D9),340.0
"General Government Transactions ESA 2010: Revenue, Expenditure, Financing and Deficit",2021Q2,Net operating balance - ESA2010 Code  (NOB),-1558.0
"General Government Transactions ESA 2010: Revenue, Expenditure, Financing and Deficit",2021Q2,Net acquisition of non-financial assets - ESA2010 Code (P5 + NP - P51c),456.0
"General Government Transactions ESA 2010: Revenue, Expenditure, Financing and Deficit",2021Q2,General Government Surplus/Deficit - ESA2010 Code (B9),-2014.0
"General Government Transactions ESA 2010: Revenue, Expenditure, Financing and Deficit",2021Q2,Net acquisition of financial assets,2161.0
"General Government Transactions ESA 2010: Revenue, Expenditure, Financing and Deficit",2021Q2,Net acquisition of financial assets - Debt instruments - ESA2010 Code (F2 + F3 + F4),1864.0
"General Government Transactions ESA 2010: Revenue, Expenditure, Financing and Deficit",2021Q2,Net acquisition of financial assets - Equity and Investment Fund Shares - ESA2010 Code (F5),-487.0
"General Government Transactions ESA 2010: Revenue, Expenditure, Financing and Deficit",2021Q2,Net acquisition of financial assets - Other financial assets - ESA2010 Code (F6 + F7 + F8),785.0
"General Government Transactions ESA 2010: Revenue, Expenditure, Financing and Deficit",2021Q2,Net incurrence of liabilities,4281.0
"General Government Transactions ESA 2010: Revenue, Expenditure, Financing and Deficit",2021Q2,Net incurrence of liabilities - Debt instruments - ESA2010 Code (F2 + F3 + F4),3469.0
"General Government Transactions ESA 2010: Revenue, Expenditure, Financing and Deficit",2021Q2,Net incurrence of liabilities - Other liabilities - ESA2010 Code (F5 + F6 + F7 + F8),812.0
"General Government Transactions ESA 2010: Revenue, Expenditure, Financing and Deficit",2021Q2,Memo: Net derivative flows on debt interest swap contracts,-8.0
"General Government Transactions ESA 2010: Revenue, Expenditure, Financing and Deficit",2021Q2,General Government transactions - Seasonally Adjusted Revenue - ESA2010 Code (TR),24193.0
"General Government Transactions ESA 2010: Revenue, Expenditure, Financing and Deficit",2021Q2,General Government transactions - Seasonally Adjusted Expenditure - ESA2010 Code (TE),26300.0
"General Government Transactions ESA 2010: Revenue, Expenditure, Financing and Deficit",2021Q2,General Government Seasonally Adjusted Surplus/Deficit - ESA2010 Code (B9),-2107.0
"General Government Transactions ESA 2010: Revenue, Expenditure, Financing and Deficit",2021Q3,General Government transactions - Revenue - ESA2010 Code (TR),24028.0
"General Government Transactions ESA 2010: Revenue, Expenditure, Financing and Deficit",2021Q3,General Government transactions - Revenue - Taxes and social contributions - ESA2010 Code ( D2 + D5 + D91 + D61),22145.0
"General Government Transactions ESA 2010: Revenue, Expenditure, Financing and Deficit",2021Q3,General Government transactions - Revenue - Taxes - ESA2010 Code (D2 + D5 + D91),17815.0
"General Government Transactions ESA 2010: Revenue, Expenditure, Financing and Deficit",2021Q3,General Government transactions - Revenue - Social contributions - ESA2010 Code (D61),4330.0
"General Government Transactions ESA 2010: Revenue, Expenditure, Financing and Deficit",2021Q3,General Government transactions - Revenue - Sales of goods and services - ESA2010 Code (P10),1064.0
"General Government Transactions ESA 2010: Revenue, Expenditure, Financing and Deficit",2021Q3,General Government transactions - Revenue - Investment income - ESA2010 Code (D4),78.0
"General Government Transactions ESA 2010: Revenue, Expenditure, Financing and Deficit",2021Q3,General Government transactions - Revenue - Current transfer revenue (excluding taxes) - ESA2010 Code (D7),427.0
"General Government Transactions ESA 2010: Revenue, Expenditure, Financing and Deficit",2021Q3,General Government transactions - Revenue - Capital transfer revenue (excluding taxes) - ESA2010 Code (D9N),314.0
"General Government Transactions ESA 2010: Revenue, Expenditure, Financing and Deficit",2021Q3,General Government transactions - Expenditure - ESA2010 Code (TE),26469.0
"General Government Transactions ESA 2010: Revenue, Expenditure, Financing and Deficit",2021Q3,General Government transactions - Expenditure - Expense - ESA2010 Code (Expense),25530.0
"General Government Transactions ESA 2010: Revenue, Expenditure, Financing and Deficit",2021Q3,General Government transactions - Expenditure - Compensation of employees - ESA2010 Code (D1),6902.0
"General Government Transactions ESA 2010: Revenue, Expenditure, Financing and Deficit",2021Q3,General Government transactions - Expenditure - Use of goods and services plus taxes payable - ESA2010 Code (P2 + D5 + D29),4069.0
"General Government Transactions ESA 2010: Revenue, Expenditure, Financing and Deficit",2021Q3,General Government transactions - Expenditure - Depreciation (consumption of fixed capital) - ESA2010 Code (P51c),1426.0
"General Government Transactions ESA 2010: Revenue, Expenditure, Financing and Deficit",2021Q3,General Government transactions - Expenditure - Interest (excluding FISIM) - ESA2010 Code (D41),806.0
"General Government Transactions ESA 2010: Revenue, Expenditure, Financing and Deficit",2021Q3,General Government transactions - Expenditure - Subsidies - ESA2010 Code (D3),1923.0
"General Government Transactions ESA 2010: Revenue, Expenditure, Financing and Deficit",2021Q3,General Government transactions - Expenditure - Social benefits - ESA2010 Code (D62 + D632),9198.0
"General Government Transactions ESA 2010: Revenue, Expenditure, Financing and Deficit",2021Q3,General Government transactions - Expenditure - Other current transfers - ESA2010 Code (D7),869.0
"General Government Transactions ESA 2010: Revenue, Expenditure, Financing and Deficit",2021Q3,General Government transactions - Expenditure - Capital transfers - ESA2010 Code (D9),337.0
"General Government Transactions ESA 2010: Revenue, Expenditure, Financing and Deficit",2021Q3,Net operating balance - ESA2010 Code  (NOB),-1502.0
"General Government Transactions ESA 2010: Revenue, Expenditure, Financing and Deficit",2021Q3,Net acquisition of non-financial assets - ESA2010 Code (P5 + NP - P51c),939.0
"General Government Transactions ESA 2010: Revenue, Expenditure, Financing and Deficit",2021Q3,General Government Surplus/Deficit - ESA2010 Code (B9),-2441.0
"General Government Transactions ESA 2010: Revenue, Expenditure, Financing and Deficit",2021Q3,Net acquisition of financial assets,1939.0
"General Government Transactions ESA 2010: Revenue, Expenditure, Financing and Deficit",2021Q3,Net acquisition of financial assets - Debt instruments - ESA2010 Code (F2 + F3 + F4),1445.0
"General Government Transactions ESA 2010: Revenue, Expenditure, Financing and Deficit",2021Q3,Net acquisition of financial assets - Equity and Investment Fund Shares - ESA2010 Code (F5),-371.0
"General Government Transactions ESA 2010: Revenue, Expenditure, Financing and Deficit",2021Q3,Net acquisition of financial assets - Other financial assets - ESA2010 Code (F6 + F7 + F8),865.0
"General Government Transactions ESA 2010: Revenue, Expenditure, Financing and Deficit",2021Q3,Net incurrence of liabilities,2728.0
"General Government Transactions ESA 2010: Revenue, Expenditure, Financing and Deficit",2021Q3,Net incurrence of liabilities - Debt instruments - ESA2010 Code (F2 + F3 + F4),2272.0
"General Government Transactions ESA 2010: Revenue, Expenditure, Financing and Deficit",2021Q3,Net incurrence of liabilities - Other liabilities - ESA2010 Code (F5 + F6 + F7 + F8),456.0
"General Government Transactions ESA 2010: Revenue, Expenditure, Financing and Deficit",2021Q3,Memo: Net derivative flows on debt interest swap contracts,-6.0
"General Government Transactions ESA 2010: Revenue, Expenditure, Financing and Deficit",2021Q3,General Government transactions - Seasonally Adjusted Revenue - ESA2010 Code (TR),25734.0
"General Government Transactions ESA 2010: Revenue, Expenditure, Financing and Deficit",2021Q3,General Government transactions - Seasonally Adjusted Expenditure - ESA2010 Code (TE),26578.0
"General Government Transactions ESA 2010: Revenue, Expenditure, Financing and Deficit",2021Q3,General Government Seasonally Adjusted Surplus/Deficit - ESA2010 Code (B9),-844.0
"General Government Transactions ESA 2010: Revenue, Expenditure, Financing and Deficit",2021Q4,General Government transactions - Revenue - ESA2010 Code (TR),32244.0
"General Government Transactions ESA 2010: Revenue, Expenditure, Financing and Deficit",2021Q4,General Government transactions - Revenue - Taxes and social contributions - ESA2010 Code ( D2 + D5 + D91 + D61),30601.0
"General Government Transactions ESA 2010: Revenue, Expenditure, Financing and Deficit",2021Q4,General Government transactions - Revenue - Taxes - ESA2010 Code (D2 + D5 + D91),25733.0
"General Government Transactions ESA 2010: Revenue, Expenditure, Financing and Deficit",2021Q4,General Government transactions - Revenue - Social contributions - ESA2010 Code (D61),4868.0
"General Government Transactions ESA 2010: Revenue, Expenditure, Financing and Deficit",2021Q4,General Government transactions - Revenue - Sales of goods and services - ESA2010 Code (P10),1116.0
"General Government Transactions ESA 2010: Revenue, Expenditure, Financing and Deficit",2021Q4,General Government transactions - Revenue - Investment income - ESA2010 Code (D4),45.0
"General Government Transactions ESA 2010: Revenue, Expenditure, Financing and Deficit",2021Q4,General Government transactions - Revenue - Current transfer revenue (excluding taxes) - ESA2010 Code (D7),286.0
"General Government Transactions ESA 2010: Revenue, Expenditure, Financing and Deficit",2021Q4,General Government transactions - Revenue - Capital transfer revenue (excluding taxes) - ESA2010 Code (D9N),195.0
"General Government Transactions ESA 2010: Revenue, Expenditure, Financing and Deficit",2021Q4,General Government transactions - Expenditure - ESA2010 Code (TE),27441.0
"General Government Transactions ESA 2010: Revenue, Expenditure, Financing and Deficit",2021Q4,General Government transactions - Expenditure - Expense - ESA2010 Code (Expense),26191.0
"General Government Transactions ESA 2010: Revenue, Expenditure, Financing and Deficit",2021Q4,General Government transactions - Expenditure - Compensation of employees - ESA2010 Code (D1),6821.0
"General Government Transactions ESA 2010: Revenue, Expenditure, Financing and Deficit",2021Q4,General Government transactions - Expenditure - Use of goods and services plus taxes payable - ESA2010 Code (P2 + D5 + D29),4184.0
"General Government Transactions ESA 2010: Revenue, Expenditure, Financing and Deficit",2021Q4,General Government transactions - Expenditure - Depreciation (consumption of fixed capital) - ESA2010 Code (P51c),1426.0
"General Government Transactions ESA 2010: Revenue, Expenditure, Financing and Deficit",2021Q4,General Government transactions - Expenditure - Interest (excluding FISIM) - ESA2010 Code (D41),826.0
"General Government Transactions ESA 2010: Revenue, Expenditure, Financing and Deficit",2021Q4,General Government transactions - Expenditure - Subsidies - ESA2010 Code (D3),2033.0
"General Government Transactions ESA 2010: Revenue, Expenditure, Financing and Deficit",2021Q4,General Government transactions - Expenditure - Social benefits - ESA2010 Code (D62 + D632),9161.0
"General Government Transactions ESA 2010: Revenue, Expenditure, Financing and Deficit",2021Q4,General Government transactions - Expenditure - Other current transfers - ESA2010 Code (D7),1291.0
"General Government Transactions ESA 2010: Revenue, Expenditure, Financing and Deficit",2021Q4,General Government transactions - Expenditure - Capital transfers - ESA2010 Code (D9),449.0
"General Government Transactions ESA 2010: Revenue, Expenditure, Financing and Deficit",2021Q4,Net operating balance - ESA2010 Code  (NOB),6053.0
"General Government Transactions ESA 2010: Revenue, Expenditure, Financing and Deficit",2021Q4,Net acquisition of non-financial assets - ESA2010 Code (P5 + NP - P51c),1250.0
"General Government Transactions ESA 2010: Revenue, Expenditure, Financing and Deficit",2021Q4,General Government Surplus/Deficit - ESA2010 Code (B9),4803.0
"General Government Transactions ESA 2010: Revenue, Expenditure, Financing and Deficit",2021Q4,Net acquisition of financial assets,3012.0
"General Government Transactions ESA 2010: Revenue, Expenditure, Financing and Deficit",2021Q4,Net acquisition of financial assets - Debt instruments - ESA2010 Code (F2 + F3 + F4),1194.0
"General Government Transactions ESA 2010: Revenue, Expenditure, Financing and Deficit",2021Q4,Net acquisition of financial assets - Equity and Investment Fund Shares - ESA2010 Code (F5),-360.0
"General Government Transactions ESA 2010: Revenue, Expenditure, Financing and Deficit",2021Q4,Net acquisition of financial assets - Other financial assets - ESA2010 Code (F6 + F7 + F8),2178.0
"General Government Transactions ESA 2010: Revenue, Expenditure, Financing and Deficit",2021Q4,Net incurrence of liabilities,-628.0
"General Government Transactions ESA 2010: Revenue, Expenditure, Financing and Deficit",2021Q4,Net incurrence of liabilities - Debt instruments - ESA2010 Code (F2 + F3 + F4),-911.0
"General Government Transactions ESA 2010: Revenue, Expenditure, Financing and Deficit",2021Q4,Net incurrence of liabilities - Other liabilities - ESA2010 Code (F5 + F6 + F7 + F8),283.0
"General Government Transactions ESA 2010: Revenue, Expenditure, Financing and Deficit",2021Q4,Memo: Net derivative flows on debt interest swap contracts,-4.0
"General Government Transactions ESA 2010: Revenue, Expenditure, Financing and Deficit",2021Q4,General Government transactions - Seasonally Adjusted Revenue - ESA2010 Code (TR),26949.0
"General Government Transactions ESA 2010: Revenue, Expenditure, Financing and Deficit",2021Q4,General Government transactions - Seasonally Adjusted Expenditure - ESA2010 Code (TE),25918.0
"General Government Transactions ESA 2010: Revenue, Expenditure, Financing and Deficit",2021Q4,General Government Seasonally Adjusted Surplus/Deficit - ESA2010 Code (B9),1031.0
"General Government Transactions ESA 2010: Revenue, Expenditure, Financing and Deficit",2022Q1,General Government transactions - Revenue - ESA2010 Code (TR),24355.0
"General Government Transactions ESA 2010: Revenue, Expenditure, Financing and Deficit",2022Q1,General Government transactions - Revenue - Taxes and social contributions - ESA2010 Code ( D2 + D5 + D91 + D61),22885.0
"General Government Transactions ESA 2010: Revenue, Expenditure, Financing and Deficit",2022Q1,General Government transactions - Revenue - Taxes - ESA2010 Code (D2 + D5 + D91),18117.0
"General Government Transactions ESA 2010: Revenue, Expenditure, Financing and Deficit",2022Q1,General Government transactions - Revenue - Social contributions - ESA2010 Code (D61),4767.0
"General Government Transactions ESA 2010: Revenue, Expenditure, Financing and Deficit",2022Q1,General Government transactions - Revenue - Sales of goods and services - ESA2010 Code (P10),1080.0
"General Government Transactions ESA 2010: Revenue, Expenditure, Financing and Deficit",2022Q1,General Government transactions - Revenue - Investment income - ESA2010 Code (D4),11.0
"General Government Transactions ESA 2010: Revenue, Expenditure, Financing and Deficit",2022Q1,General Government transactions - Revenue - Current transfer revenue (excluding taxes) - ESA2010 Code (D7),222.0
"General Government Transactions ESA 2010: Revenue, Expenditure, Financing and Deficit",2022Q1,General Government transactions - Revenue - Capital transfer revenue (excluding taxes) - ESA2010 Code (D9N),158.0
"General Government Transactions ESA 2010: Revenue, Expenditure, Financing and Deficit",2022Q1,General Government transactions - Expenditure - ESA2010 Code (TE),24551.0
"General Government Transactions ESA 2010: Revenue, Expenditure, Financing and Deficit",2022Q1,General Government transactions - Expenditure - Expense - ESA2010 Code (Expense),24203.0
"General Government Transactions ESA 2010: Revenue, Expenditure, Financing and Deficit",2022Q1,General Government transactions - Expenditure - Compensation of employees - ESA2010 Code (D1),6943.0
"General Government Transactions ESA 2010: Revenue, Expenditure, Financing and Deficit",2022Q1,General Government transactions - Expenditure - Use of goods and services plus taxes payable - ESA2010 Code (P2 + D5 + D29),4007.0
"General Government Transactions ESA 2010: Revenue, Expenditure, Financing and Deficit",2022Q1,General Government transactions - Expenditure - Depreciation (consumption of fixed capital) - ESA2010 Code (P51c),1647.0
"General Government Transactions ESA 2010: Revenue, Expenditure, Financing and Deficit",2022Q1,General Government transactions - Expenditure - Interest (excluding FISIM) - ESA2010 Code (D41),760.0
"General Government Transactions ESA 2010: Revenue, Expenditure, Financing and Deficit",2022Q1,General Government transactions - Expenditure - Subsidies - ESA2010 Code (D3),1314.0
"General Government Transactions ESA 2010: Revenue, Expenditure, Financing and Deficit",2022Q1,General Government transactions - Expenditure - Social benefits - ESA2010 Code (D62 + D632),7950.0
"General Government Transactions ESA 2010: Revenue, Expenditure, Financing and Deficit",2022Q1,General Government transactions - Expenditure - Other current transfers - ESA2010 Code (D7),1077.0
"General Government Transactions ESA 2010: Revenue, Expenditure, Financing and Deficit",2022Q1,General Government transactions - Expenditure - Capital transfers - ESA2010 Code (D9),504.0
"General Government Transactions ESA 2010: Revenue, Expenditure, Financing and Deficit",2022Q1,Net operating balance - ESA2010 Code  (NOB),153.0
"General Government Transactions ESA 2010: Revenue, Expenditure, Financing and Deficit",2022Q1,Net acquisition of non-financial assets - ESA2010 Code (P5 + NP - P51c),348.0
"General Government Transactions ESA 2010: Revenue, Expenditure, Financing and Deficit",2022Q1,General Government Surplus/Deficit - ESA2010 Code (B9),-195.0
"General Government Transactions ESA 2010: Revenue, Expenditure, Financing and Deficit",2022Q1,Net acquisition of financial assets,-1679.0
"General Government Transactions ESA 2010: Revenue, Expenditure, Financing and Deficit",2022Q1,Net acquisition of financial assets - Debt instruments - ESA2010 Code (F2 + F3 + F4),-2318.0
"General Government Transactions ESA 2010: Revenue, Expenditure, Financing and Deficit",2022Q1,Net acquisition of financial assets - Equity and Investment Fund Shares - ESA2010 Code (F5),-239.0
"General Government Transactions ESA 2010: Revenue, Expenditure, Financing and Deficit",2022Q1,Net acquisition of financial assets - Other financial assets - ESA2010 Code (F6 + F7 + F8),878.0
"General Government Transactions ESA 2010: Revenue, Expenditure, Financing and Deficit",2022Q1,Net incurrence of liabilities,-1434.0
"General Government Transactions ESA 2010: Revenue, Expenditure, Financing and Deficit",2022Q1,Net incurrence of liabilities - Debt instruments - ESA2010 Code (F2 + F3 + F4),-1018.0
"General Government Transactions ESA 2010: Revenue, Expenditure, Financing and Deficit",2022Q1,Net incurrence of liabilities - Other liabilities - ESA2010 Code (F5 + F6 + F7 + F8),-416.0
"General Government Transactions ESA 2010: Revenue, Expenditure, Financing and Deficit",2022Q1,Memo: Net derivative flows on debt interest swap contracts,-2.0
"General Government Transactions ESA 2010: Revenue, Expenditure, Financing and Deficit",2022Q1,General Government transactions - Seasonally Adjusted Revenue - ESA2010 Code (TR),27446.0
"General Government Transactions ESA 2010: Revenue, Expenditure, Financing and Deficit",2022Q1,General Government transactions - Seasonally Adjusted Expenditure - ESA2010 Code (TE),25517.0
"General Government Transactions ESA 2010: Revenue, Expenditure, Financing and Deficit",2022Q1,General Government Seasonally Adjusted Surplus/Deficit - ESA2010 Code (B9),1930.0
"General Government Transactions ESA 2010: Revenue, Expenditure, Financing and Deficit",2022Q2,General Government transactions - Revenue - ESA2010 Code (TR),27623.0
"General Government Transactions ESA 2010: Revenue, Expenditure, Financing and Deficit",2022Q2,General Government transactions - Revenue - Taxes and social contributions - ESA2010 Code ( D2 + D5 + D91 + D61),25892.0
"General Government Transactions ESA 2010: Revenue, Expenditure, Financing and Deficit",2022Q2,General Government transactions - Revenue - Taxes - ESA2010 Code (D2 + D5 + D91),20987.0
"General Government Transactions ESA 2010: Revenue, Expenditure, Financing and Deficit",2022Q2,General Government transactions - Revenue - Social contributions - ESA2010 Code (D61),4905.0
"General Government Transactions ESA 2010: Revenue, Expenditure, Financing and Deficit",2022Q2,General Government transactions - Revenue - Sales of goods and services - ESA2010 Code (P10),1146.0
"General Government Transactions ESA 2010: Revenue, Expenditure, Financing and Deficit",2022Q2,General Government transactions - Revenue - Investment income - ESA2010 Code (D4),172.0
"General Government Transactions ESA 2010: Revenue, Expenditure, Financing and Deficit",2022Q2,General Government transactions - Revenue - Current transfer revenue (excluding taxes) - ESA2010 Code (D7),219.0
"General Government Transactions ESA 2010: Revenue, Expenditure, Financing and Deficit",2022Q2,General Government transactions - Revenue - Capital transfer revenue (excluding taxes) - ESA2010 Code (D9N),195.0
"General Government Transactions ESA 2010: Revenue, Expenditure, Financing and Deficit",2022Q2,General Government transactions - Expenditure - ESA2010 Code (TE),25937.0
"General Government Transactions ESA 2010: Revenue, Expenditure, Financing and Deficit",2022Q2,General Government transactions - Expenditure - Expense - ESA2010 Code (Expense),25105.0
"General Government Transactions ESA 2010: Revenue, Expenditure, Financing and Deficit",2022Q2,General Government transactions - Expenditure - Compensation of employees - ESA2010 Code (D1),7100.0
"General Government Transactions ESA 2010: Revenue, Expenditure, Financing and Deficit",2022Q2,General Government transactions - Expenditure - Use of goods and services plus taxes payable - ESA2010 Code (P2 + D5 + D29),4202.0
"General Government Transactions ESA 2010: Revenue, Expenditure, Financing and Deficit",2022Q2,General Government transactions - Expenditure - Depreciation (consumption of fixed capital) - ESA2010 Code (P51c),1647.0
"General Government Transactions ESA 2010: Revenue, Expenditure, Financing and Deficit",2022Q2,General Government transactions - Expenditure - Interest (excluding FISIM) - ESA2010 Code (D41),786.0
"General Government Transactions ESA 2010: Revenue, Expenditure, Financing and Deficit",2022Q2,General Government transactions - Expenditure - Subsidies - ESA2010 Code (D3),791.0
"General Government Transactions ESA 2010: Revenue, Expenditure, Financing and Deficit",2022Q2,General Government transactions - Expenditure - Social benefits - ESA2010 Code (D62 + D632),8736.0
"General Government Transactions ESA 2010: Revenue, Expenditure, Financing and Deficit",2022Q2,General Government transactions - Expenditure - Other current transfers - ESA2010 Code (D7),1429.0
"General Government Transactions ESA 2010: Revenue, Expenditure, Financing and Deficit",2022Q2,General Government transactions - Expenditure - Capital transfers - ESA2010 Code (D9),413.0
"General Government Transactions ESA 2010: Revenue, Expenditure, Financing and Deficit",2022Q2,Net operating balance - ESA2010 Code  (NOB),2517.0
"General Government Transactions ESA 2010: Revenue, Expenditure, Financing and Deficit",2022Q2,Net acquisition of non-financial assets - ESA2010 Code (P5 + NP - P51c),832.0
"General Government Transactions ESA 2010: Revenue, Expenditure, Financing and Deficit",2022Q2,General Government Surplus/Deficit - ESA2010 Code (B9),1685.0
"General Government Transactions ESA 2010: Revenue, Expenditure, Financing and Deficit",2022Q2,Net acquisition of financial assets,3641.0
"General Government Transactions ESA 2010: Revenue, Expenditure, Financing and Deficit",2022Q2,Net acquisition of financial assets - Debt instruments - ESA2010 Code (F2 + F3 + F4),5387.0
"General Government Transactions ESA 2010: Revenue, Expenditure, Financing and Deficit",2022Q2,Net acquisition of financial assets - Equity and Investment Fund Shares - ESA2010 Code (F5),-1292.0
"General Government Transactions ESA 2010: Revenue, Expenditure, Financing and Deficit",2022Q2,Net acquisition of financial assets - Other financial assets - ESA2010 Code (F6 + F7 + F8),-454.0
"General Government Transactions ESA 2010: Revenue, Expenditure, Financing and Deficit",2022Q2,Net incurrence of liabilities,1089.0
"General Government Transactions ESA 2010: Revenue, Expenditure, Financing and Deficit",2022Q2,Net incurrence of liabilities - Debt instruments - ESA2010 Code (F2 + F3 + F4),801.0
"General Government Transactions ESA 2010: Revenue, Expenditure, Financing and Deficit",2022Q2,Net incurrence of liabilities - Other liabilities - ESA2010 Code (F5 + F6 + F7 + F8),288.0
"General Government Transactions ESA 2010: Revenue, Expenditure, Financing and Deficit",2022Q2,Memo: Net derivative flows on debt interest swap contracts,-2.0
"General Government Transactions ESA 2010: Revenue, Expenditure, Financing and Deficit",2022Q2,General Government transactions - Seasonally Adjusted Revenue - ESA2010 Code (TR),28182.0
"General Government Transactions ESA 2010: Revenue, Expenditure, Financing and Deficit",2022Q2,General Government transactions - Seasonally Adjusted Expenditure - ESA2010 Code (TE),26376.0
"General Government Transactions ESA 2010: Revenue, Expenditure, Financing and Deficit",2022Q2,General Government Seasonally Adjusted Surplus/Deficit - ESA2010 Code (B9),1806.0
"General Government Transactions ESA 2010: Revenue, Expenditure, Financing and Deficit",2022Q3,General Government transactions - Revenue - ESA2010 Code (TR),28794.0
"General Government Transactions ESA 2010: Revenue, Expenditure, Financing and Deficit",2022Q3,General Government transactions - Revenue - Taxes and social contributions - ESA2010 Code ( D2 + D5 + D91 + D61),26972.0
"General Government Transactions ESA 2010: Revenue, Expenditure, Financing and Deficit",2022Q3,General Government transactions - Revenue - Taxes - ESA2010 Code (D2 + D5 + D91),22032.0
"General Government Transactions ESA 2010: Revenue, Expenditure, Financing and Deficit",2022Q3,General Government transactions - Revenue - Social contributions - ESA2010 Code (D61),4941.0
"General Government Transactions ESA 2010: Revenue, Expenditure, Financing and Deficit",2022Q3,General Government transactions - Revenue - Sales of goods and services - ESA2010 Code (P10),1134.0
"General Government Transactions ESA 2010: Revenue, Expenditure, Financing and Deficit",2022Q3,General Government transactions - Revenue - Investment income - ESA2010 Code (D4),246.0
"General Government Transactions ESA 2010: Revenue, Expenditure, Financing and Deficit",2022Q3,General Government transactions - Revenue - Current transfer revenue (excluding taxes) - ESA2010 Code (D7),265.0
"General Government Transactions ESA 2010: Revenue, Expenditure, Financing and Deficit",2022Q3,General Government transactions - Revenue - Capital transfer revenue (excluding taxes) - ESA2010 Code (D9N),177.0
"General Government Transactions ESA 2010: Revenue, Expenditure, Financing and Deficit",2022Q3,General Government transactions - Expenditure - ESA2010 Code (TE),26783.0
"General Government Transactions ESA 2010: Revenue, Expenditure, Financing and Deficit",2022Q3,General Government transactions - Expenditure - Expense - ESA2010 Code (Expense),25595.0
"General Government Transactions ESA 2010: Revenue, Expenditure, Financing and Deficit",2022Q3,General Government transactions - Expenditure - Compensation of employees - ESA2010 Code (D1),7079.0
"General Government Transactions ESA 2010: Revenue, Expenditure, Financing and Deficit",2022Q3,General Government transactions - Expenditure - Use of goods and services plus taxes payable - ESA2010 Code (P2 + D5 + D29),4313.0
"General Government Transactions ESA 2010: Revenue, Expenditure, Financing and Deficit",2022Q3,General Government transactions - Expenditure - Depreciation (consumption of fixed capital) - ESA2010 Code (P51c),1647.0
"General Government Transactions ESA 2010: Revenue, Expenditure, Financing and Deficit",2022Q3,General Government transactions - Expenditure - Interest (excluding FISIM) - ESA2010 Code (D41),827.0
"General Government Transactions ESA 2010: Revenue, Expenditure, Financing and Deficit",2022Q3,General Government transactions - Expenditure - Subsidies - ESA2010 Code (D3),684.0
"General Government Transactions ESA 2010: Revenue, Expenditure, Financing and Deficit",2022Q3,General Government transactions - Expenditure - Social benefits - ESA2010 Code (D62 + D632),9586.0
"General Government Transactions ESA 2010: Revenue, Expenditure, Financing and Deficit",2022Q3,General Government transactions - Expenditure - Other current transfers - ESA2010 Code (D7),1020.0
"General Government Transactions ESA 2010: Revenue, Expenditure, Financing and Deficit",2022Q3,General Government transactions - Expenditure - Capital transfers - ESA2010 Code (D9),438.0
"General Government Transactions ESA 2010: Revenue, Expenditure, Financing and Deficit",2022Q3,Net operating balance - ESA2010 Code  (NOB),3199.0
"General Government Transactions ESA 2010: Revenue, Expenditure, Financing and Deficit",2022Q3,Net acquisition of non-financial assets - ESA2010 Code (P5 + NP - P51c),1187.0
"General Government Transactions ESA 2010: Revenue, Expenditure, Financing and Deficit",2022Q3,General Government Surplus/Deficit - ESA2010 Code (B9),2012.0
"General Government Transactions ESA 2010: Revenue, Expenditure, Financing and Deficit",2022Q3,Net acquisition of financial assets,2633.0
"General Government Transactions ESA 2010: Revenue, Expenditure, Financing and Deficit",2022Q3,Net acquisition of financial assets - Debt instruments - ESA2010 Code (F2 + F3 + F4),2425.0
"General Government Transactions ESA 2010: Revenue, Expenditure, Financing and Deficit",2022Q3,Net acquisition of financial assets - Equity and Investment Fund Shares - ESA2010 Code (F5),-304.0
"General Government Transactions ESA 2010: Revenue, Expenditure, Financing and Deficit",2022Q3,Net acquisition of financial assets - Other financial assets - ESA2010 Code (F6 + F7 + F8),512.0
"General Government Transactions ESA 2010: Revenue, Expenditure, Financing and Deficit",2022Q3,Net incurrence of liabilities,-193.0
"General Government Transactions ESA 2010: Revenue, Expenditure, Financing and Deficit",2022Q3,Net incurrence of liabilities - Debt instruments - ESA2010 Code (F2 + F3 + F4),-209.0
"General Government Transactions ESA 2010: Revenue, Expenditure, Financing and Deficit",2022Q3,Net incurrence of liabilities - Other liabilities - ESA2010 Code (F5 + F6 + F7 + F8),15.0
"General Government Transactions ESA 2010: Revenue, Expenditure, Financing and Deficit",2022Q3,Memo: Net derivative flows on debt interest swap contracts,-1.0
"General Government Transactions ESA 2010: Revenue, Expenditure, Financing and Deficit",2022Q3,General Government transactions - Seasonally Adjusted Revenue - ESA2010 Code (TR),30713.0
"General Government Transactions ESA 2010: Revenue, Expenditure, Financing and Deficit",2022Q3,General Government transactions - Seasonally Adjusted Expenditure - ESA2010 Code (TE),26976.0
"General Government Transactions ESA 2010: Revenue, Expenditure, Financing and Deficit",2022Q3,General Government Seasonally Adjusted Surplus/Deficit - ESA2010 Code (B9),3737.0
"General Government Transactions ESA 2010: Revenue, Expenditure, Financing and Deficit",2022Q4,General Government transactions - Revenue - ESA2010 Code (TR),35095.0
"General Government Transactions ESA 2010: Revenue, Expenditure, Financing and Deficit",2022Q4,General Government transactions - Revenue - Taxes and social contributions - ESA2010 Code ( D2 + D5 + D91 + D61),33110.0
"General Government Transactions ESA 2010: Revenue, Expenditure, Financing and Deficit",2022Q4,General Government transactions - Revenue - Taxes - ESA2010 Code (D2 + D5 + D91),27702.0
"General Government Transactions ESA 2010: Revenue, Expenditure, Financing and Deficit",2022Q4,General Government transactions - Revenue - Social contributions - ESA2010 Code (D61),5408.0
"General Government Transactions ESA 2010: Revenue, Expenditure, Financing and Deficit",2022Q4,General Government transactions - Revenue - Sales of goods and services - ESA2010 Code (P10),1237.0
"General Government Transactions ESA 2010: Revenue, Expenditure, Financing and Deficit",2022Q4,General Government transactions - Revenue - Investment income - ESA2010 Code (D4),199.0
"General Government Transactions ESA 2010: Revenue, Expenditure, Financing and Deficit",2022Q4,General Government transactions - Revenue - Current transfer revenue (excluding taxes) - ESA2010 Code (D7),334.0
"General Government Transactions ESA 2010: Revenue, Expenditure, Financing and Deficit",2022Q4,General Government transactions - Revenue - Capital transfer revenue (excluding taxes) - ESA2010 Code (D9N),215.0
"General Government Transactions ESA 2010: Revenue, Expenditure, Financing and Deficit",2022Q4,General Government transactions - Expenditure - ESA2010 Code (TE),29761.0
"General Government Transactions ESA 2010: Revenue, Expenditure, Financing and Deficit",2022Q4,General Government transactions - Expenditure - Expense - ESA2010 Code (Expense),28178.0
"General Government Transactions ESA 2010: Revenue, Expenditure, Financing and Deficit",2022Q4,General Government transactions - Expenditure - Compensation of employees - ESA2010 Code (D1),7711.0
"General Government Transactions ESA 2010: Revenue, Expenditure, Financing and Deficit",2022Q4,General Government transactions - Expenditure - Use of goods and services plus taxes payable - ESA2010 Code (P2 + D5 + D29),4762.0
"General Government Transactions ESA 2010: Revenue, Expenditure, Financing and Deficit",2022Q4,General Government transactions - Expenditure - Depreciation (consumption of fixed capital) - ESA2010 Code (P51c),1647.0
"General Government Transactions ESA 2010: Revenue, Expenditure, Financing and Deficit",2022Q4,General Government transactions - Expenditure - Interest (excluding FISIM) - ESA2010 Code (D41),941.0
"General Government Transactions ESA 2010: Revenue, Expenditure, Financing and Deficit",2022Q4,General Government transactions - Expenditure - Subsidies - ESA2010 Code (D3),909.0
"General Government Transactions ESA 2010: Revenue, Expenditure, Financing and Deficit",2022Q4,General Government transactions - Expenditure - Social benefits - ESA2010 Code (D62 + D632),10330.0
"General Government Transactions ESA 2010: Revenue, Expenditure, Financing and Deficit",2022Q4,General Government transactions - Expenditure - Other current transfers - ESA2010 Code (D7),1385.0
"General Government Transactions ESA 2010: Revenue, Expenditure, Financing and Deficit",2022Q4,General Government transactions - Expenditure - Capital transfers - ESA2010 Code (D9),493.0
"General Government Transactions ESA 2010: Revenue, Expenditure, Financing and Deficit",2022Q4,Net operating balance - ESA2010 Code  (NOB),6917.0
"General Government Transactions ESA 2010: Revenue, Expenditure, Financing and Deficit",2022Q4,Net acquisition of non-financial assets - ESA2010 Code (P5 + NP - P51c),1583.0
"General Government Transactions ESA 2010: Revenue, Expenditure, Financing and Deficit",2022Q4,General Government Surplus/Deficit - ESA2010 Code (B9),5334.0
"General Government Transactions ESA 2010: Revenue, Expenditure, Financing and Deficit",2022Q4,Net acquisition of financial assets,-10575.0
"General Government Transactions ESA 2010: Revenue, Expenditure, Financing and Deficit",2022Q4,Net acquisition of financial assets - Debt instruments - ESA2010 Code (F2 + F3 + F4),-12003.0
"General Government Transactions ESA 2010: Revenue, Expenditure, Financing and Deficit",2022Q4,Net acquisition of financial assets - Equity and Investment Fund Shares - ESA2010 Code (F5),-680.0
"General Government Transactions ESA 2010: Revenue, Expenditure, Financing and Deficit",2022Q4,Net acquisition of financial assets - Other financial assets - ESA2010 Code (F6 + F7 + F8),2107.0
"General Government Transactions ESA 2010: Revenue, Expenditure, Financing and Deficit",2022Q4,Net incurrence of liabilities,-12661.0
"General Government Transactions ESA 2010: Revenue, Expenditure, Financing and Deficit",2022Q4,Net incurrence of liabilities - Debt instruments - ESA2010 Code (F2 + F3 + F4),-13249.0
"General Government Transactions ESA 2010: Revenue, Expenditure, Financing and Deficit",2022Q4,Net incurrence of liabilities - Other liabilities - ESA2010 Code (F5 + F6 + F7 + F8),588.0
"General Government Transactions ESA 2010: Revenue, Expenditure, Financing and Deficit",2022Q4,Memo: Net derivative flows on debt interest swap contracts,0.0
"General Government Transactions ESA 2010: Revenue, Expenditure, Financing and Deficit",2022Q4,General Government transactions - Seasonally Adjusted Revenue - ESA2010 Code (TR),29426.0
"General Government Transactions ESA 2010: Revenue, Expenditure, Financing and Deficit",2022Q4,General Government transactions - Seasonally Adjusted Expenditure - ESA2010 Code (TE),27963.0
"General Government Transactions ESA 2010: Revenue, Expenditure, Financing and Deficit",2022Q4,General Government Seasonally Adjusted Surplus/Deficit - ESA2010 Code (B9),1463.0
"General Government Transactions ESA 2010: Revenue, Expenditure, Financing and Deficit",2023Q1,General Government transactions - Revenue - ESA2010 Code (TR),27670.0
"General Government Transactions ESA 2010: Revenue, Expenditure, Financing and Deficit",2023Q1,General Government transactions - Revenue - Taxes and social contributions - ESA2010 Code ( D2 + D5 + D91 + D61),25799.0
"General Government Transactions ESA 2010: Revenue, Expenditure, Financing and Deficit",2023Q1,General Government transactions - Revenue - Taxes - ESA2010 Code (D2 + D5 + D91),20494.0
"General Government Transactions ESA 2010: Revenue, Expenditure, Financing and Deficit",2023Q1,General Government transactions - Revenue - Social contributions - ESA2010 Code (D61),5305.0
"General Government Transactions ESA 2010: Revenue, Expenditure, Financing and Deficit",2023Q1,General Government transactions - Revenue - Sales of goods and services - ESA2010 Code (P10),1210.0
"General Government Transactions ESA 2010: Revenue, Expenditure, Financing and Deficit",2023Q1,General Government transactions - Revenue - Investment income - ESA2010 Code (D4),253.0
"General Government Transactions ESA 2010: Revenue, Expenditure, Financing and Deficit",2023Q1,General Government transactions - Revenue - Current transfer revenue (excluding taxes) - ESA2010 Code (D7),253.0
"General Government Transactions ESA 2010: Revenue, Expenditure, Financing and Deficit",2023Q1,General Government transactions - Revenue - Capital transfer revenue (excluding taxes) - ESA2010 Code (D9N),155.0
"General Government Transactions ESA 2010: Revenue, Expenditure, Financing and Deficit",2023Q1,General Government transactions - Expenditure - ESA2010 Code (TE),27187.0
"General Government Transactions ESA 2010: Revenue, Expenditure, Financing and Deficit",2023Q1,General Government transactions - Expenditure - Expense - ESA2010 Code (Expense),26578.0
"General Government Transactions ESA 2010: Revenue, Expenditure, Financing and Deficit",2023Q1,General Government transactions - Expenditure - Compensation of employees - ESA2010 Code (D1),7688.0
"General Government Transactions ESA 2010: Revenue, Expenditure, Financing and Deficit",2023Q1,General Government transactions - Expenditure - Use of goods and services plus taxes payable - ESA2010 Code (P2 + D5 + D29),4322.0
"General Government Transactions ESA 2010: Revenue, Expenditure, Financing and Deficit",2023Q1,General Government transactions - Expenditure - Depreciation (consumption of fixed capital) - ESA2010 Code (P51c),1817.0
"General Government Transactions ESA 2010: Revenue, Expenditure, Financing and Deficit",2023Q1,General Government transactions - Expenditure - Interest (excluding FISIM) - ESA2010 Code (D41),860.0
"General Government Transactions ESA 2010: Revenue, Expenditure, Financing and Deficit",2023Q1,General Government transactions - Expenditure - Subsidies - ESA2010 Code (D3),655.0
"General Government Transactions ESA 2010: Revenue, Expenditure, Financing and Deficit",2023Q1,General Government transactions - Expenditure - Social benefits - ESA2010 Code (D62 + D632),8681.0
"General Government Transactions ESA 2010: Revenue, Expenditure, Financing and Deficit",2023Q1,General Government transactions - Expenditure - Other current transfers - ESA2010 Code (D7),1985.0
"General Government Transactions ESA 2010: Revenue, Expenditure, Financing and Deficit",2023Q1,General Government transactions - Expenditure - Capital transfers - ESA2010 Code (D9),571.0
"General Government Transactions ESA 2010: Revenue, Expenditure, Financing and Deficit",2023Q1,Net operating balance - ESA2010 Code  (NOB),1092.0
"General Government Transactions ESA 2010: Revenue, Expenditure, Financing and Deficit",2023Q1,Net acquisition of non-financial assets - ESA2010 Code (P5 + NP - P51c),609.0
"General Government Transactions ESA 2010: Revenue, Expenditure, Financing and Deficit",2023Q1,General Government Surplus/Deficit - ESA2010 Code (B9),483.0
"General Government Transactions ESA 2010: Revenue, Expenditure, Financing and Deficit",2023Q1,Net acquisition of financial assets,-288.0
"General Government Transactions ESA 2010: Revenue, Expenditure, Financing and Deficit",2023Q1,Net acquisition of financial assets - Debt instruments - ESA2010 Code (F2 + F3 + F4),380.0
"General Government Transactions ESA 2010: Revenue, Expenditure, Financing and Deficit",2023Q1,Net acquisition of financial assets - Equity and Investment Fund Shares - ESA2010 Code (F5),-189.0
"General Government Transactions ESA 2010: Revenue, Expenditure, Financing and Deficit",2023Q1,Net acquisition of financial assets - Other financial assets - ESA2010 Code (F6 + F7 + F8),-479.0
"General Government Transactions ESA 2010: Revenue, Expenditure, Financing and Deficit",2023Q1,Net incurrence of liabilities,-2439.0
"General Government Transactions ESA 2010: Revenue, Expenditure, Financing and Deficit",2023Q1,Net incurrence of liabilities - Debt instruments - ESA2010 Code (F2 + F3 + F4),-1952.0
"General Government Transactions ESA 2010: Revenue, Expenditure, Financing and Deficit",2023Q1,Net incurrence of liabilities - Other liabilities - ESA2010 Code (F5 + F6 + F7 + F8),-487.0
"General Government Transactions ESA 2010: Revenue, Expenditure, Financing and Deficit",2023Q1,Memo: Net derivative flows on debt interest swap contracts,0.0
"General Government Transactions ESA 2010: Revenue, Expenditure, Financing and Deficit",2023Q1,General Government transactions - Seasonally Adjusted Revenue - ESA2010 Code (TR),31042.0
"General Government Transactions ESA 2010: Revenue, Expenditure, Financing and Deficit",2023Q1,General Government transactions - Seasonally Adjusted Expenditure - ESA2010 Code (TE),28319.0
"General Government Transactions ESA 2010: Revenue, Expenditure, Financing and Deficit",2023Q1,General Government Seasonally Adjusted Surplus/Deficit - ESA2010 Code (B9),2723.0
"General Government Transactions ESA 2010: Revenue, Expenditure, Financing and Deficit",2023Q2,General Government transactions - Revenue - ESA2010 Code (TR),29737.0
"General Government Transactions ESA 2010: Revenue, Expenditure, Financing and Deficit",2023Q2,General Government transactions - Revenue - Taxes and social contributions - ESA2010 Code ( D2 + D5 + D91 + D61),27650.0
"General Government Transactions ESA 2010: Revenue, Expenditure, Financing and Deficit",2023Q2,General Government transactions - Revenue - Taxes - ESA2010 Code (D2 + D5 + D91),22338.0
"General Government Transactions ESA 2010: Revenue, Expenditure, Financing and Deficit",2023Q2,General Government transactions - Revenue - Social contributions - ESA2010 Code (D61),5312.0
"General Government Transactions ESA 2010: Revenue, Expenditure, Financing and Deficit",2023Q2,General Government transactions - Revenue - Sales of goods and services - ESA2010 Code (P10),1222.0
"General Government Transactions ESA 2010: Revenue, Expenditure, Financing and Deficit",2023Q2,General Government transactions - Revenue - Investment income - ESA2010 Code (D4),403.0
"General Government Transactions ESA 2010: Revenue, Expenditure, Financing and Deficit",2023Q2,General Government transactions - Revenue - Current transfer revenue (excluding taxes) - ESA2010 Code (D7),270.0
"General Government Transactions ESA 2010: Revenue, Expenditure, Financing and Deficit",2023Q2,General Government transactions - Revenue - Capital transfer revenue (excluding taxes) - ESA2010 Code (D9N),192.0
"General Government Transactions ESA 2010: Revenue, Expenditure, Financing and Deficit",2023Q2,General Government transactions - Expenditure - ESA2010 Code (TE),28166.0
"General Government Transactions ESA 2010: Revenue, Expenditure, Financing and Deficit",2023Q2,General Government transactions - Expenditure - Expense - ESA2010 Code (Expense),27248.0
"General Government Transactions ESA 2010: Revenue, Expenditure, Financing and Deficit",2023Q2,General Government transactions - Expenditure - Compensation of employees - ESA2010 Code (D1),7811.0
"General Government Transactions ESA 2010: Revenue, Expenditure, Financing and Deficit",2023Q2,General Government transactions - Expenditure - Use of goods and services plus taxes payable - ESA2010 Code (P2 + D5 + D29),4662.0
"General Government Transactions ESA 2010: Revenue, Expenditure, Financing and Deficit",2023Q2,General Government transactions - Expenditure - Depreciation (consumption of fixed capital) - ESA2010 Code (P51c),1817.0
"General Government Transactions ESA 2010: Revenue, Expenditure, Financing and Deficit",2023Q2,General Government transactions - Expenditure - Interest (excluding FISIM) - ESA2010 Code (D41),873.0
"General Government Transactions ESA 2010: Revenue, Expenditure, Financing and Deficit",2023Q2,General Government transactions - Expenditure - Subsidies - ESA2010 Code (D3),685.0
"General Government Transactions ESA 2010: Revenue, Expenditure, Financing and Deficit",2023Q2,General Government transactions - Expenditure - Social benefits - ESA2010 Code (D62 + D632),9777.0
"General Government Transactions ESA 2010: Revenue, Expenditure, Financing and Deficit",2023Q2,General Government transactions - Expenditure - Other current transfers - ESA2010 Code (D7),1033.0
"General Government Transactions ESA 2010: Revenue, Expenditure, Financing and Deficit",2023Q2,General Government transactions - Expenditure - Capital transfers - ESA2010 Code (D9),591.0
"General Government Transactions ESA 2010: Revenue, Expenditure, Financing and Deficit",2023Q2,Net operating balance - ESA2010 Code  (NOB),2488.0
"General Government Transactions ESA 2010: Revenue, Expenditure, Financing and Deficit",2023Q2,Net acquisition of non-financial assets - ESA2010 Code (P5 + NP - P51c),918.0
"General Government Transactions ESA 2010: Revenue, Expenditure, Financing and Deficit",2023Q2,General Government Surplus/Deficit - ESA2010 Code (B9),1571.0
"General Government Transactions ESA 2010: Revenue, Expenditure, Financing and Deficit",2023Q2,Net acquisition of financial assets,404.0
"General Government Transactions ESA 2010: Revenue, Expenditure, Financing and Deficit",2023Q2,Net acquisition of financial assets - Debt instruments - ESA2010 Code (F2 + F3 + F4),2086.0
"General Government Transactions ESA 2010: Revenue, Expenditure, Financing and Deficit",2023Q2,Net acquisition of financial assets - Equity and Investment Fund Shares - ESA2010 Code (F5),-1484.0
"General Government Transactions ESA 2010: Revenue, Expenditure, Financing and Deficit",2023Q2,Net acquisition of financial assets - Other financial assets - ESA2010 Code (F6 + F7 + F8),-198.0
"General Government Transactions ESA 2010: Revenue, Expenditure, Financing and Deficit",2023Q2,Net incurrence of liabilities,-1783.0
"General Government Transactions ESA 2010: Revenue, Expenditure, Financing and Deficit",2023Q2,Net incurrence of liabilities - Debt instruments - ESA2010 Code (F2 + F3 + F4),-1683.0
"General Government Transactions ESA 2010: Revenue, Expenditure, Financing and Deficit",2023Q2,Net incurrence of liabilities - Other liabilities - ESA2010 Code (F5 + F6 + F7 + F8),-99.0
"General Government Transactions ESA 2010: Revenue, Expenditure, Financing and Deficit",2023Q2,Memo: Net derivative flows on debt interest swap contracts,1.0
"General Government Transactions ESA 2010: Revenue, Expenditure, Financing and Deficit",2023Q2,General Government transactions - Seasonally Adjusted Revenue - ESA2010 Code (TR),30382.0
"General Government Transactions ESA 2010: Revenue, Expenditure, Financing and Deficit",2023Q2,General Government transactions - Seasonally Adjusted Expenditure - ESA2010 Code (TE),28666.0
"General Government Transactions ESA 2010: Revenue, Expenditure, Financing and Deficit",2023Q2,General Government Seasonally Adjusted Surplus/Deficit - ESA2010 Code (B9),1716.0
"General Government Transactions ESA 2010: Revenue, Expenditure, Financing and Deficit",2023Q3,General Government transactions - Revenue - ESA2010 Code (TR),28902.0
"General Government Transactions ESA 2010: Revenue, Expenditure, Financing and Deficit",2023Q3,General Government transactions - Revenue - Taxes and social contributions - ESA2010 Code ( D2 + D5 + D91 + D61),26692.0
"General Government Transactions ESA 2010: Revenue, Expenditure, Financing and Deficit",2023Q3,General Government transactions - Revenue - Taxes - ESA2010 Code (D2 + D5 + D91),21488.0
"General Government Transactions ESA 2010: Revenue, Expenditure, Financing and Deficit",2023Q3,General Government transactions - Revenue - Social contributions - ESA2010 Code (D61),5204.0
"General Government Transactions ESA 2010: Revenue, Expenditure, Financing and Deficit",2023Q3,General Government transactions - Revenue - Sales of goods and services - ESA2010 Code (P10),1211.0
"General Government Transactions ESA 2010: Revenue, Expenditure, Financing and Deficit",2023Q3,General Government transactions - Revenue - Investment income - ESA2010 Code (D4),500.0
"General Government Transactions ESA 2010: Revenue, Expenditure, Financing and Deficit",2023Q3,General Government transactions - Revenue - Current transfer revenue (excluding taxes) - ESA2010 Code (D7),303.0
"General Government Transactions ESA 2010: Revenue, Expenditure, Financing and Deficit",2023Q3,General Government transactions - Revenue - Capital transfer revenue (excluding taxes) - ESA2010 Code (D9N),196.0
"General Government Transactions ESA 2010: Revenue, Expenditure, Financing and Deficit",2023Q3,General Government transactions - Expenditure - ESA2010 Code (TE),28966.0
"General Government Transactions ESA 2010: Revenue, Expenditure, Financing and Deficit",2023Q3,General Government transactions - Expenditure - Expense - ESA2010 Code (Expense),27627.0
"General Government Transactions ESA 2010: Revenue, Expenditure, Financing and Deficit",2023Q3,General Government transactions - Expenditure - Compensation of employees - ESA2010 Code (D1),7854.0
"General Government Transactions ESA 2010: Revenue, Expenditure, Financing and Deficit",2023Q3,General Government transactions - Expenditure - Use of goods and services plus taxes payable - ESA2010 Code (P2 + D5 + D29),4592.0
"General Government Transactions ESA 2010: Revenue, Expenditure, Financing and Deficit",2023Q3,General Government transactions - Expenditure - Depreciation (consumption of fixed capital) - ESA2010 Code (P51c),1817.0
"General Government Transactions ESA 2010: Revenue, Expenditure, Financing and Deficit",2023Q3,General Government transactions - Expenditure - Interest (excluding FISIM) - ESA2010 Code (D41),838.0
"General Government Transactions ESA 2010: Revenue, Expenditure, Financing and Deficit",2023Q3,General Government transactions - Expenditure - Subsidies - ESA2010 Code (D3),691.0
"General Government Transactions ESA 2010: Revenue, Expenditure, Financing and Deficit",2023Q3,General Government transactions - Expenditure - Social benefits - ESA2010 Code (D62 + D632),10275.0
"General Government Transactions ESA 2010: Revenue, Expenditure, Financing and Deficit",2023Q3,General Government transactions - Expenditure - Other current transfers - ESA2010 Code (D7),987.0
"General Government Transactions ESA 2010: Revenue, Expenditure, Financing and Deficit",2023Q3,General Government transactions - Expenditure - Capital transfers - ESA2010 Code (D9),574.0
"General Government Transactions ESA 2010: Revenue, Expenditure, Financing and Deficit",2023Q3,Net operating balance - ESA2010 Code  (NOB),1274.0
"General Government Transactions ESA 2010: Revenue, Expenditure, Financing and Deficit",2023Q3,Net acquisition of non-financial assets - ESA2010 Code (P5 + NP - P51c),1339.0
"General Government Transactions ESA 2010: Revenue, Expenditure, Financing and Deficit",2023Q3,General Government Surplus/Deficit - ESA2010 Code (B9),-65.0
"General Government Transactions ESA 2010: Revenue, Expenditure, Financing and Deficit",2023Q3,Net acquisition of financial assets,767.0
"General Government Transactions ESA 2010: Revenue, Expenditure, Financing and Deficit",2023Q3,Net acquisition of financial assets - Debt instruments - ESA2010 Code (F2 + F3 + F4),1158.0
"General Government Transactions ESA 2010: Revenue, Expenditure, Financing and Deficit",2023Q3,Net acquisition of financial assets - Equity and Investment Fund Shares - ESA2010 Code (F5),-172.0
"General Government Transactions ESA 2010: Revenue, Expenditure, Financing and Deficit",2023Q3,Net acquisition of financial assets - Other financial assets - ESA2010 Code (F6 + F7 + F8),-219.0
"General Government Transactions ESA 2010: Revenue, Expenditure, Financing and Deficit",2023Q3,Net incurrence of liabilities,-240.0
"General Government Transactions ESA 2010: Revenue, Expenditure, Financing and Deficit",2023Q3,Net incurrence of liabilities - Debt instruments - ESA2010 Code (F2 + F3 + F4),14.0
"General Government Transactions ESA 2010: Revenue, Expenditure, Financing and Deficit",2023Q3,Net incurrence of liabilities - Other liabilities - ESA2010 Code (F5 + F6 + F7 + F8),-254.0
"General Government Transactions ESA 2010: Revenue, Expenditure, Financing and Deficit",2023Q3,Memo: Net derivative flows on debt interest swap contracts,1.0
"General Government Transactions ESA 2010: Revenue, Expenditure, Financing and Deficit",2023Q3,General Government transactions - Seasonally Adjusted Revenue - ESA2010 Code (TR),30876.0
"General Government Transactions ESA 2010: Revenue, Expenditure, Financing and Deficit",2023Q3,General Government transactions - Seasonally Adjusted Expenditure - ESA2010 Code (TE),29242.0
"General Government Transactions ESA 2010: Revenue, Expenditure, Financing and Deficit",2023Q3,General Government Seasonally Adjusted Surplus/Deficit - ESA2010 Code (B9),1634.0
"General Government Transactions ESA 2010: Revenue, Expenditure, Financing and Deficit",2023Q4,General Government transactions - Revenue - ESA2010 Code (TR),37708.0
"General Government Transactions ESA 2010: Revenue, Expenditure, Financing and Deficit",2023Q4,General Government transactions - Revenue - Taxes and social contributions - ESA2010 Code ( D2 + D5 + D91 + D61),34927.0
"General Government Transactions ESA 2010: Revenue, Expenditure, Financing and Deficit",2023Q4,General Government transactions - Revenue - Taxes - ESA2010 Code (D2 + D5 + D91),29276.0
"General Government Transactions ESA 2010: Revenue, Expenditure, Financing and Deficit",2023Q4,General Government transactions - Revenue - Social contributions - ESA2010 Code (D61),5652.0
"General Government Transactions ESA 2010: Revenue, Expenditure, Financing and Deficit",2023Q4,General Government transactions - Revenue - Sales of goods and services - ESA2010 Code (P10),1302.0
"General Government Transactions ESA 2010: Revenue, Expenditure, Financing and Deficit",2023Q4,General Government transactions - Revenue - Investment income - ESA2010 Code (D4),700.0
"General Government Transactions ESA 2010: Revenue, Expenditure, Financing and Deficit",2023Q4,General Government transactions - Revenue - Current transfer revenue (excluding taxes) - ESA2010 Code (D7),420.0
"General Government Transactions ESA 2010: Revenue, Expenditure, Financing and Deficit",2023Q4,General Government transactions - Revenue - Capital transfer revenue (excluding taxes) - ESA2010 Code (D9N),358.0
"General Government Transactions ESA 2010: Revenue, Expenditure, Financing and Deficit",2023Q4,General Government transactions - Expenditure - ESA2010 Code (TE),31858.0
"General Government Transactions ESA 2010: Revenue, Expenditure, Financing and Deficit",2023Q4,General Government transactions - Expenditure - Expense - ESA2010 Code (Expense),29817.0
"General Government Transactions ESA 2010: Revenue, Expenditure, Financing and Deficit",2023Q4,General Government transactions - Expenditure - Compensation of employees - ESA2010 Code (D1),8057.0
"General Government Transactions ESA 2010: Revenue, Expenditure, Financing and Deficit",2023Q4,General Government transactions - Expenditure - Use of goods and services plus taxes payable - ESA2010 Code (P2 + D5 + D29),5627.0
"General Government Transactions ESA 2010: Revenue, Expenditure, Financing and Deficit",2023Q4,General Government transactions - Expenditure - Depreciation (consumption of fixed capital) - ESA2010 Code (P51c),1817.0
"General Government Transactions ESA 2010: Revenue, Expenditure, Financing and Deficit",2023Q4,General Government transactions - Expenditure - Interest (excluding FISIM) - ESA2010 Code (D41),829.0
"General Government Transactions ESA 2010: Revenue, Expenditure, Financing and Deficit",2023Q4,General Government transactions - Expenditure - Subsidies - ESA2010 Code (D3),843.0
"General Government Transactions ESA 2010: Revenue, Expenditure, Financing and Deficit",2023Q4,General Government transactions - Expenditure - Social benefits - ESA2010 Code (D62 + D632),10805.0
"General Government Transactions ESA 2010: Revenue, Expenditure, Financing and Deficit",2023Q4,General Government transactions - Expenditure - Other current transfers - ESA2010 Code (D7),1286.0
"General Government Transactions ESA 2010: Revenue, Expenditure, Financing and Deficit",2023Q4,General Government transactions - Expenditure - Capital transfers - ESA2010 Code (D9),552.0
"General Government Transactions ESA 2010: Revenue, Expenditure, Financing and Deficit",2023Q4,Net operating balance - ESA2010 Code  (NOB),7891.0
"General Government Transactions ESA 2010: Revenue, Expenditure, Financing and Deficit",2023Q4,Net acquisition of non-financial assets - ESA2010 Code (P5 + NP - P51c),2042.0
"General Government Transactions ESA 2010: Revenue, Expenditure, Financing and Deficit",2023Q4,General Government Surplus/Deficit - ESA2010 Code (B9),5850.0
"General Government Transactions ESA 2010: Revenue, Expenditure, Financing and Deficit",2023Q4,Net acquisition of financial assets,502.0
"General Government Transactions ESA 2010: Revenue, Expenditure, Financing and Deficit",2023Q4,Net acquisition of financial assets - Debt instruments - ESA2010 Code (F2 + F3 + F4),-452.0
"General Government Transactions ESA 2010: Revenue, Expenditure, Financing and Deficit",2023Q4,Net acquisition of financial assets - Equity and Investment Fund Shares - ESA2010 Code (F5),-666.0
"General Government Transactions ESA 2010: Revenue, Expenditure, Financing and Deficit",2023Q4,Net acquisition of financial assets - Other financial assets - ESA2010 Code (F6 + F7 + F8),1620.0
"General Government Transactions ESA 2010: Revenue, Expenditure, Financing and Deficit",2023Q4,Net incurrence of liabilities,-3011.0
"General Government Transactions ESA 2010: Revenue, Expenditure, Financing and Deficit",2023Q4,Net incurrence of liabilities - Debt instruments - ESA2010 Code (F2 + F3 + F4),-3107.0
"General Government Transactions ESA 2010: Revenue, Expenditure, Financing and Deficit",2023Q4,Net incurrence of liabilities - Other liabilities - ESA2010 Code (F5 + F6 + F7 + F8),96.0
"General Government Transactions ESA 2010: Revenue, Expenditure, Financing and Deficit",2023Q4,Memo: Net derivative flows on debt interest swap contracts,0.0
"General Government Transactions ESA 2010: Revenue, Expenditure, Financing and Deficit",2023Q4,General Government transactions - Seasonally Adjusted Revenue - ESA2010 Code (TR),31605.0
"General Government Transactions ESA 2010: Revenue, Expenditure, Financing and Deficit",2023Q4,General Government transactions - Seasonally Adjusted Expenditure - ESA2010 Code (TE),29803.0
"General Government Transactions ESA 2010: Revenue, Expenditure, Financing and Deficit",2023Q4,General Government Seasonally Adjusted Surplus/Deficit - ESA2010 Code (B9),1802.0
"General Government Transactions ESA 2010: Revenue, Expenditure, Financing and Deficit",2024Q1,General Government transactions - Revenue - ESA2010 Code (TR),29019.0
"General Government Transactions ESA 2010: Revenue, Expenditure, Financing and Deficit",2024Q1,General Government transactions - Revenue - Taxes and social contributions - ESA2010 Code ( D2 + D5 + D91 + D61),26980.0
"General Government Transactions ESA 2010: Revenue, Expenditure, Financing and Deficit",2024Q1,General Government transactions - Revenue - Taxes - ESA2010 Code (D2 + D5 + D91),21343.0
"General Government Transactions ESA 2010: Revenue, Expenditure, Financing and Deficit",2024Q1,General Government transactions - Revenue - Social contributions - ESA2010 Code (D61),5637.0
"General Government Transactions ESA 2010: Revenue, Expenditure, Financing and Deficit",2024Q1,General Government transactions - Revenue - Sales of goods and services - ESA2010 Code (P10),1185.0
"General Government Transactions ESA 2010: Revenue, Expenditure, Financing and Deficit",2024Q1,General Government transactions - Revenue - Investment income - ESA2010 Code (D4),404.0
"General Government Transactions ESA 2010: Revenue, Expenditure, Financing and Deficit",2024Q1,General Government transactions - Revenue - Current transfer revenue (excluding taxes) - ESA2010 Code (D7),275.0
"General Government Transactions ESA 2010: Revenue, Expenditure, Financing and Deficit",2024Q1,General Government transactions - Revenue - Capital transfer revenue (excluding taxes) - ESA2010 Code (D9N),175.0
"General Government Transactions ESA 2010: Revenue, Expenditure, Financing and Deficit",2024Q1,General Government transactions - Expenditure - ESA2010 Code (TE),29634.0
"General Government Transactions ESA 2010: Revenue, Expenditure, Financing and Deficit",2024Q1,General Government transactions - Expenditure - Expense - ESA2010 Code (Expense),28517.0
"General Government Transactions ESA 2010: Revenue, Expenditure, Financing and Deficit",2024Q1,General Government transactions - Expenditure - Compensation of employees - ESA2010 Code (D1),8270.0
"General Government Transactions ESA 2010: Revenue, Expenditure, Financing and Deficit",2024Q1,General Government transactions - Expenditure - Use of goods and services plus taxes payable - ESA2010 Code (P2 + D5 + D29),4656.0
"General Government Transactions ESA 2010: Revenue, Expenditure, Financing and Deficit",2024Q1,General Government transactions - Expenditure - Depreciation (consumption of fixed capital) - ESA2010 Code (P51c),1963.0
"General Government Transactions ESA 2010: Revenue, Expenditure, Financing and Deficit",2024Q1,General Government transactions - Expenditure - Interest (excluding FISIM) - ESA2010 Code (D41),816.0
"General Government Transactions ESA 2010: Revenue, Expenditure, Financing and Deficit",2024Q1,General Government transactions - Expenditure - Subsidies - ESA2010 Code (D3),723.0
"General Government Transactions ESA 2010: Revenue, Expenditure, Financing and Deficit",2024Q1,General Government transactions - Expenditure - Social benefits - ESA2010 Code (D62 + D632),9658.0
"General Government Transactions ESA 2010: Revenue, Expenditure, Financing and Deficit",2024Q1,General Government transactions - Expenditure - Other current transfers - ESA2010 Code (D7),1870.0
"General Government Transactions ESA 2010: Revenue, Expenditure, Financing and Deficit",2024Q1,General Government transactions - Expenditure - Capital transfers - ESA2010 Code (D9),562.0
"General Government Transactions ESA 2010: Revenue, Expenditure, Financing and Deficit",2024Q1,Net operating balance - ESA2010 Code  (NOB),502.0
"General Government Transactions ESA 2010: Revenue, Expenditure, Financing and Deficit",2024Q1,Net acquisition of non-financial assets - ESA2010 Code (P5 + NP - P51c),1117.0
"General Government Transactions ESA 2010: Revenue, Expenditure, Financing and Deficit",2024Q1,General Government Surplus/Deficit - ESA2010 Code (B9),-615.0
"General Government Transactions ESA 2010: Revenue, Expenditure, Financing and Deficit",2024Q1,Net acquisition of financial assets,-5352.0
"General Government Transactions ESA 2010: Revenue, Expenditure, Financing and Deficit",2024Q1,Net acquisition of financial assets - Debt instruments - ESA2010 Code (F2 + F3 + F4),-5261.0
"General Government Transactions ESA 2010: Revenue, Expenditure, Financing and Deficit",2024Q1,Net acquisition of financial assets - Equity and Investment Fund Shares - ESA2010 Code (F5),-152.0
"General Government Transactions ESA 2010: Revenue, Expenditure, Financing and Deficit",2024Q1,Net acquisition of financial assets - Other financial assets - ESA2010 Code (F6 + F7 + F8),61.0
"General Government Transactions ESA 2010: Revenue, Expenditure, Financing and Deficit",2024Q1,Net incurrence of liabilities,-4943.0
"General Government Transactions ESA 2010: Revenue, Expenditure, Financing and Deficit",2024Q1,Net incurrence of liabilities - Debt instruments - ESA2010 Code (F2 + F3 + F4),-5357.0
"General Government Transactions ESA 2010: Revenue, Expenditure, Financing and Deficit",2024Q1,Net incurrence of liabilities - Other liabilities - ESA2010 Code (F5 + F6 + F7 + F8),413.0
"General Government Transactions ESA 2010: Revenue, Expenditure, Financing and Deficit",2024Q1,Memo: Net derivative flows on debt interest swap contracts,0.0
"General Government Transactions ESA 2010: Revenue, Expenditure, Financing and Deficit",2024Q1,General Government transactions - Seasonally Adjusted Revenue - ESA2010 Code (TR),32504.0
"General Government Transactions ESA 2010: Revenue, Expenditure, Financing and Deficit",2024Q1,General Government transactions - Seasonally Adjusted Expenditure - ESA2010 Code (TE),30940.0
"General Government Transactions ESA 2010: Revenue, Expenditure, Financing and Deficit",2024Q1,General Government Seasonally Adjusted Surplus/Deficit - ESA2010 Code (B9),1564.0
"General Government Transactions ESA 2010: Revenue, Expenditure, Financing and Deficit",2024Q2,General Government transactions - Revenue - ESA2010 Code (TR),33603.0
"General Government Transactions ESA 2010: Revenue, Expenditure, Financing and Deficit",2024Q2,General Government transactions - Revenue - Taxes and social contributions - ESA2010 Code ( D2 + D5 + D91 + D61),31286.0
"General Government Transactions ESA 2010: Revenue, Expenditure, Financing and Deficit",2024Q2,General Government transactions - Revenue - Taxes - ESA2010 Code (D2 + D5 + D91),25658.0
"General Government Transactions ESA 2010: Revenue, Expenditure, Financing and Deficit",2024Q2,General Government transactions - Revenue - Social contributions - ESA2010 Code (D61),5628.0
"General Government Transactions ESA 2010: Revenue, Expenditure, Financing and Deficit",2024Q2,General Government transactions - Revenue - Sales of goods and services - ESA2010 Code (P10),1209.0
"General Government Transactions ESA 2010: Revenue, Expenditure, Financing and Deficit",2024Q2,General Government transactions - Revenue - Investment income - ESA2010 Code (D4),668.0
"General Government Transactions ESA 2010: Revenue, Expenditure, Financing and Deficit",2024Q2,General Government transactions - Revenue - Current transfer revenue (excluding taxes) - ESA2010 Code (D7),248.0
"General Government Transactions ESA 2010: Revenue, Expenditure, Financing and Deficit",2024Q2,General Government transactions - Revenue - Capital transfer revenue (excluding taxes) - ESA2010 Code (D9N),191.0
"General Government Transactions ESA 2010: Revenue, Expenditure, Financing and Deficit",2024Q2,General Government transactions - Expenditure - ESA2010 Code (TE),30509.0
"General Government Transactions ESA 2010: Revenue, Expenditure, Financing and Deficit",2024Q2,General Government transactions - Expenditure - Expense - ESA2010 Code (Expense),28806.0
"General Government Transactions ESA 2010: Revenue, Expenditure, Financing and Deficit",2024Q2,General Government transactions - Expenditure - Compensation of employees - ESA2010 Code (D1),8577.0
"General Government Transactions ESA 2010: Revenue, Expenditure, Financing and Deficit",2024Q2,General Government transactions - Expenditure - Use of goods and services plus taxes payable - ESA2010 Code (P2 + D5 + D29),5090.0
"General Government Transactions ESA 2010: Revenue, Expenditure, Financing and Deficit",2024Q2,General Government transactions - Expenditure - Depreciation (consumption of fixed capital) - ESA2010 Code (P51c),1963.0
"General Government Transactions ESA 2010: Revenue, Expenditure, Financing and Deficit",2024Q2,General Government transactions - Expenditure - Interest (excluding FISIM) - ESA2010 Code (D41),798.0
"General Government Transactions ESA 2010: Revenue, Expenditure, Financing and Deficit",2024Q2,General Government transactions - Expenditure - Subsidies - ESA2010 Code (D3),749.0
"General Government Transactions ESA 2010: Revenue, Expenditure, Financing and Deficit",2024Q2,General Government transactions - Expenditure - Social benefits - ESA2010 Code (D62 + D632),10056.0
"General Government Transactions ESA 2010: Revenue, Expenditure, Financing and Deficit",2024Q2,General Government transactions - Expenditure - Other current transfers - ESA2010 Code (D7),950.0
"General Government Transactions ESA 2010: Revenue, Expenditure, Financing and Deficit",2024Q2,General Government transactions - Expenditure - Capital transfers - ESA2010 Code (D9),623.0
"General Government Transactions ESA 2010: Revenue, Expenditure, Financing and Deficit",2024Q2,Net operating balance - ESA2010 Code  (NOB),4797.0
"General Government Transactions ESA 2010: Revenue, Expenditure, Financing and Deficit",2024Q2,Net acquisition of non-financial assets - ESA2010 Code (P5 + NP - P51c),1703.0
"General Government Transactions ESA 2010: Revenue, Expenditure, Financing and Deficit",2024Q2,General Government Surplus/Deficit - ESA2010 Code (B9),3094.0
"General Government Transactions ESA 2010: Revenue, Expenditure, Financing and Deficit",2024Q2,Net acquisition of financial assets,3415.0
"General Government Transactions ESA 2010: Revenue, Expenditure, Financing and Deficit",2024Q2,Net acquisition of financial assets - Debt instruments - ESA2010 Code (F2 + F3 + F4),6973.0
"General Government Transactions ESA 2010: Revenue, Expenditure, Financing and Deficit",2024Q2,Net acquisition of financial assets - Equity and Investment Fund Shares - ESA2010 Code (F5),-2762.0
"General Government Transactions ESA 2010: Revenue, Expenditure, Financing and Deficit",2024Q2,Net acquisition of financial assets - Other financial assets - ESA2010 Code (F6 + F7 + F8),-795.0
"General Government Transactions ESA 2010: Revenue, Expenditure, Financing and Deficit",2024Q2,Net incurrence of liabilities,782.0
"General Government Transactions ESA 2010: Revenue, Expenditure, Financing and Deficit",2024Q2,Net incurrence of liabilities - Debt instruments - ESA2010 Code (F2 + F3 + F4),514.0
"General Government Transactions ESA 2010: Revenue, Expenditure, Financing and Deficit",2024Q2,Net incurrence of liabilities - Other liabilities - ESA2010 Code (F5 + F6 + F7 + F8),268.0
"General Government Transactions ESA 2010: Revenue, Expenditure, Financing and Deficit",2024Q2,Memo: Net derivative flows on debt interest swap contracts,0.0
"General Government Transactions ESA 2010: Revenue, Expenditure, Financing and Deficit",2024Q2,General Government transactions - Seasonally Adjusted Revenue - ESA2010 Code (TR),34314.0
"General Government Transactions ESA 2010: Revenue, Expenditure, Financing and Deficit",2024Q2,General Government transactions - Seasonally Adjusted Expenditure - ESA2010 Code (TE),31038.0
"General Government Transactions ESA 2010: Revenue, Expenditure, Financing and Deficit",2024Q2,General Government Seasonally Adjusted Surplus/Deficit - ESA2010 Code (B9),3275.0
"General Government Transactions ESA 2010: Revenue, Expenditure, Financing and Deficit",2024Q3,General Government transactions - Revenue - ESA2010 Code (TR),46711.0
"General Government Transactions ESA 2010: Revenue, Expenditure, Financing and Deficit",2024Q3,General Government transactions - Revenue - Taxes and social contributions - ESA2010 Code ( D2 + D5 + D91 + D61),30046.0
"General Government Transactions ESA 2010: Revenue, Expenditure, Financing and Deficit",2024Q3,General Government transactions - Revenue - Taxes - ESA2010 Code (D2 + D5 + D91),24478.0
"General Government Transactions ESA 2010: Revenue, Expenditure, Financing and Deficit",2024Q3,General Government transactions - Revenue - Social contributions - ESA2010 Code (D61),5568.0
"General Government Transactions ESA 2010: Revenue, Expenditure, Financing and Deficit",2024Q3,General Government transactions - Revenue - Sales of goods and services - ESA2010 Code (P10),1170.0
"General Government Transactions ESA 2010: Revenue, Expenditure, Financing and Deficit",2024Q3,General Government transactions - Revenue - Investment income - ESA2010 Code (D4),654.0
"General Government Transactions ESA 2010: Revenue, Expenditure, Financing and Deficit",2024Q3,General Government transactions - Revenue - Current transfer revenue (excluding taxes) - ESA2010 Code (D7),394.0
"General Government Transactions ESA 2010: Revenue, Expenditure, Financing and Deficit",2024Q3,General Government transactions - Revenue - Capital transfer revenue (excluding taxes) - ESA2010 Code (D9N),14447.0
"General Government Transactions ESA 2010: Revenue, Expenditure, Financing and Deficit",2024Q3,General Government transactions - Expenditure - ESA2010 Code (TE),31120.0
"General Government Transactions ESA 2010: Revenue, Expenditure, Financing and Deficit",2024Q3,General Government transactions - Expenditure - Expense - ESA2010 Code (Expense),29445.0
"General Government Transactions ESA 2010: Revenue, Expenditure, Financing and Deficit",2024Q3,General Government transactions - Expenditure - Compensation of employees - ESA2010 Code (D1),8564.0
"General Government Transactions ESA 2010: Revenue, Expenditure, Financing and Deficit",2024Q3,General Government transactions - Expenditure - Use of goods and services plus taxes payable - ESA2010 Code (P2 + D5 + D29),4917.0
"General Government Transactions ESA 2010: Revenue, Expenditure, Financing and Deficit",2024Q3,General Government transactions - Expenditure - Depreciation (consumption of fixed capital) - ESA2010 Code (P51c),1963.0
"General Government Transactions ESA 2010: Revenue, Expenditure, Financing and Deficit",2024Q3,General Government transactions - Expenditure - Interest (excluding FISIM) - ESA2010 Code (D41),820.0
"General Government Transactions ESA 2010: Revenue, Expenditure, Financing and Deficit",2024Q3,General Government transactions - Expenditure - Subsidies - ESA2010 Code (D3),779.0
"General Government Transactions ESA 2010: Revenue, Expenditure, Financing and Deficit",2024Q3,General Government transactions - Expenditure - Social benefits - ESA2010 Code (D62 + D632),10782.0
"General Government Transactions ESA 2010: Revenue, Expenditure, Financing and Deficit",2024Q3,General Government transactions - Expenditure - Other current transfers - ESA2010 Code (D7),973.0
"General Government Transactions ESA 2010: Revenue, Expenditure, Financing and Deficit",2024Q3,General Government transactions - Expenditure - Capital transfers - ESA2010 Code (D9),646.0
"General Government Transactions ESA 2010: Revenue, Expenditure, Financing and Deficit",2024Q3,Net operating balance - ESA2010 Code  (NOB),17267.0
"General Government Transactions ESA 2010: Revenue, Expenditure, Financing and Deficit",2024Q3,Net acquisition of non-financial assets - ESA2010 Code (P5 + NP - P51c),1676.0
"General Government Transactions ESA 2010: Revenue, Expenditure, Financing and Deficit",2024Q3,General Government Surplus/Deficit - ESA2010 Code (B9),15591.0
"General Government Transactions ESA 2010: Revenue, Expenditure, Financing and Deficit",2024Q3,Net acquisition of financial assets,4387.0
"General Government Transactions ESA 2010: Revenue, Expenditure, Financing and Deficit",2024Q3,Net acquisition of financial assets - Debt instruments - ESA2010 Code (F2 + F3 + F4),5313.0
"General Government Transactions ESA 2010: Revenue, Expenditure, Financing and Deficit",2024Q3,Net acquisition of financial assets - Equity and Investment Fund Shares - ESA2010 Code (F5),110.0
"General Government Transactions ESA 2010: Revenue, Expenditure, Financing and Deficit",2024Q3,Net acquisition of financial assets - Other financial assets - ESA2010 Code (F6 + F7 + F8),-1036.0
"General Government Transactions ESA 2010: Revenue, Expenditure, Financing and Deficit",2024Q3,Net incurrence of liabilities,-13619.0
"General Government Transactions ESA 2010: Revenue, Expenditure, Financing and Deficit",2024Q3,Net incurrence of liabilities - Debt instruments - ESA2010 Code (F2 + F3 + F4),971.0
"General Government Transactions ESA 2010: Revenue, Expenditure, Financing and Deficit",2024Q3,Net incurrence of liabilities - Other liabilities - ESA2010 Code (F5 + F6 + F7 + F8),-14590.0
"General Government Transactions ESA 2010: Revenue, Expenditure, Financing and Deficit",2024Q3,Memo: Net derivative flows on debt interest swap contracts,0.0
"General Government Transactions ESA 2010: Revenue, Expenditure, Financing and Deficit",2024Q3,General Government transactions - Seasonally Adjusted Revenue - ESA2010 Code (TR),49077.0
"General Government Transactions ESA 2010: Revenue, Expenditure, Financing and Deficit",2024Q3,General Government transactions - Seasonally Adjusted Expenditure - ESA2010 Code (TE),31478.0
"General Government Transactions ESA 2010: Revenue, Expenditure, Financing and Deficit",2024Q3,General Government Seasonally Adjusted Surplus/Deficit - ESA2010 Code (B9),17599.0
"General Government Transactions ESA 2010: Revenue, Expenditure, Financing and Deficit",2024Q4,General Government transactions - Revenue - ESA2010 Code (TR),39624.0
"General Government Transactions ESA 2010: Revenue, Expenditure, Financing and Deficit",2024Q4,General Government transactions - Revenue - Taxes and social contributions - ESA2010 Code ( D2 + D5 + D91 + D61),37484.0
"General Government Transactions ESA 2010: Revenue, Expenditure, Financing and Deficit",2024Q4,General Government transactions - Revenue - Taxes - ESA2010 Code (D2 + D5 + D91),31349.0
"General Government Transactions ESA 2010: Revenue, Expenditure, Financing and Deficit",2024Q4,General Government transactions - Revenue - Social contributions - ESA2010 Code (D61),6134.0
"General Government Transactions ESA 2010: Revenue, Expenditure, Financing and Deficit",2024Q4,General Government transactions - Revenue - Sales of goods and services - ESA2010 Code (P10),1248.0
"General Government Transactions ESA 2010: Revenue, Expenditure, Financing and Deficit",2024Q4,General Government transactions - Revenue - Investment income - ESA2010 Code (D4),384.0
"General Government Transactions ESA 2010: Revenue, Expenditure, Financing and Deficit",2024Q4,General Government transactions - Revenue - Current transfer revenue (excluding taxes) - ESA2010 Code (D7),293.0
"General Government Transactions ESA 2010: Revenue, Expenditure, Financing and Deficit",2024Q4,General Government transactions - Revenue - Capital transfer revenue (excluding taxes) - ESA2010 Code (D9N),215.0
"General Government Transactions ESA 2010: Revenue, Expenditure, Financing and Deficit",2024Q4,General Government transactions - Expenditure - ESA2010 Code (TE),34424.0
"General Government Transactions ESA 2010: Revenue, Expenditure, Financing and Deficit",2024Q4,General Government transactions - Expenditure - Expense - ESA2010 Code (Expense),32477.0
"General Government Transactions ESA 2010: Revenue, Expenditure, Financing and Deficit",2024Q4,General Government transactions - Expenditure - Compensation of employees - ESA2010 Code (D1),8587.0
"General Government Transactions ESA 2010: Revenue, Expenditure, Financing and Deficit",2024Q4,General Government transactions - Expenditure - Use of goods and services plus taxes payable - ESA2010 Code (P2 + D5 + D29),5801.0
"General Government Transactions ESA 2010: Revenue, Expenditure, Financing and Deficit",2024Q4,General Government transactions - Expenditure - Depreciation (consumption of fixed capital) - ESA2010 Code (P51c),1963.0
"General Government Transactions ESA 2010: Revenue, Expenditure, Financing and Deficit",2024Q4,General Government transactions - Expenditure - Interest (excluding FISIM) - ESA2010 Code (D41),845.0
"General Government Transactions ESA 2010: Revenue, Expenditure, Financing and Deficit",2024Q4,General Government transactions - Expenditure - Subsidies - ESA2010 Code (D3),1023.0
"General Government Transactions ESA 2010: Revenue, Expenditure, Financing and Deficit",2024Q4,General Government transactions - Expenditure - Social benefits - ESA2010 Code (D62 + D632),11992.0
"General Government Transactions ESA 2010: Revenue, Expenditure, Financing and Deficit",2024Q4,General Government transactions - Expenditure - Other current transfers - ESA2010 Code (D7),1352.0
"General Government Transactions ESA 2010: Revenue, Expenditure, Financing and Deficit",2024Q4,General Government transactions - Expenditure - Capital transfers - ESA2010 Code (D9),914.0
"General Government Transactions ESA 2010: Revenue, Expenditure, Financing and Deficit",2024Q4,Net operating balance - ESA2010 Code  (NOB),7147.0
"General Government Transactions ESA 2010: Revenue, Expenditure, Financing and Deficit",2024Q4,Net acquisition of non-financial assets - ESA2010 Code (P5 + NP - P51c),1947.0
"General Government Transactions ESA 2010: Revenue, Expenditure, Financing and Deficit",2024Q4,General Government Surplus/Deficit - ESA2010 Code (B9),5200.0
"General Government Transactions ESA 2010: Revenue, Expenditure, Financing and Deficit",2024Q4,Net acquisition of financial assets,2094.0
"General Government Transactions ESA 2010: Revenue, Expenditure, Financing and Deficit",2024Q4,Net acquisition of financial assets - Debt instruments - ESA2010 Code (F2 + F3 + F4),11359.0
"General Government Transactions ESA 2010: Revenue, Expenditure, Financing and Deficit",2024Q4,Net acquisition of financial assets - Equity and Investment Fund Shares - ESA2010 Code (F5),-466.0
"General Government Transactions ESA 2010: Revenue, Expenditure, Financing and Deficit",2024Q4,Net acquisition of financial assets - Other financial assets - ESA2010 Code (F6 + F7 + F8),-8799.0
"General Government Transactions ESA 2010: Revenue, Expenditure, Financing and Deficit",2024Q4,Net incurrence of liabilities,-3.0
"General Government Transactions ESA 2010: Revenue, Expenditure, Financing and Deficit",2024Q4,Net incurrence of liabilities - Debt instruments - ESA2010 Code (F2 + F3 + F4),-338.0
"General Government Transactions ESA 2010: Revenue, Expenditure, Financing and Deficit",2024Q4,Net incurrence of liabilities - Other liabilities - ESA2010 Code (F5 + F6 + F7 + F8),334.0
"General Government Transactions ESA 2010: Revenue, Expenditure, Financing and Deficit",2024Q4,Memo: Net derivative flows on debt interest swap contracts,0.0
"General Government Transactions ESA 2010: Revenue, Expenditure, Financing and Deficit",2024Q4,General Government transactions - Seasonally Adjusted Revenue - ESA2010 Code (TR),33107.0
"General Government Transactions ESA 2010: Revenue, Expenditure, Financing and Deficit",2024Q4,General Government transactions - Seasonally Adjusted Expenditure - ESA2010 Code (TE),32104.0
"General Government Transactions ESA 2010: Revenue, Expenditure, Financing and Deficit",2024Q4,General Government Seasonally Adjusted Surplus/Deficit - ESA2010 Code (B9),1003.0
"General Government Transactions ESA 2010: Revenue, Expenditure, Financing and Deficit",2025Q1,General Government transactions - Revenue - ESA2010 Code (TR),31346.0
"General Government Transactions ESA 2010: Revenue, Expenditure, Financing and Deficit",2025Q1,General Government transactions - Revenue - Taxes and social contributions - ESA2010 Code ( D2 + D5 + D91 + D61),29204.0
"General Government Transactions ESA 2010: Revenue, Expenditure, Financing and Deficit",2025Q1,General Government transactions - Revenue - Taxes - ESA2010 Code (D2 + D5 + D91),23125.0
"General Government Transactions ESA 2010: Revenue, Expenditure, Financing and Deficit",2025Q1,General Government transactions - Revenue - Social contributions - ESA2010 Code (D61),6079.0
"General Government Transactions ESA 2010: Revenue, Expenditure, Financing and Deficit",2025Q1,General Government transactions - Revenue - Sales of goods and services - ESA2010 Code (P10),1218.0
"General Government Transactions ESA 2010: Revenue, Expenditure, Financing and Deficit",2025Q1,General Government transactions - Revenue - Investment income - ESA2010 Code (D4),442.0
"General Government Transactions ESA 2010: Revenue, Expenditure, Financing and Deficit",2025Q1,General Government transactions - Revenue - Current transfer revenue (excluding taxes) - ESA2010 Code (D7),262.0
"General Government Transactions ESA 2010: Revenue, Expenditure, Financing and Deficit",2025Q1,General Government transactions - Revenue - Capital transfer revenue (excluding taxes) - ESA2010 Code (D9N),220.0
"General Government Transactions ESA 2010: Revenue, Expenditure, Financing and Deficit",2025Q1,General Government transactions - Expenditure - ESA2010 Code (TE),30862.0
"General Government Transactions ESA 2010: Revenue, Expenditure, Financing and Deficit",2025Q1,General Government transactions - Expenditure - Expense - ESA2010 Code (Expense),29168.0
"General Government Transactions ESA 2010: Revenue, Expenditure, Financing and Deficit",2025Q1,General Government transactions - Expenditure - Compensation of employees - ESA2010 Code (D1),8955.0
"General Government Transactions ESA 2010: Revenue, Expenditure, Financing and Deficit",2025Q1,General Government transactions - Expenditure - Use of goods and services plus taxes payable - ESA2010 Code (P2 + D5 + D29),4955.0
"General Government Transactions ESA 2010: Revenue, Expenditure, Financing and Deficit",2025Q1,General Government transactions - Expenditure - Depreciation (consumption of fixed capital) - ESA2010 Code (P51c),2087.0
"General Government Transactions ESA 2010: Revenue, Expenditure, Financing and Deficit",2025Q1,General Government transactions - Expenditure - Interest (excluding FISIM) - ESA2010 Code (D41),697.0
"General Government Transactions ESA 2010: Revenue, Expenditure, Financing and Deficit",2025Q1,General Government transactions - Expenditure - Subsidies - ESA2010 Code (D3),733.0
"General Government Transactions ESA 2010: Revenue, Expenditure, Financing and Deficit",2025Q1,General Government transactions - Expenditure - Social benefits - ESA2010 Code (D62 + D632),9887.0
"General Government Transactions ESA 2010: Revenue, Expenditure, Financing and Deficit",2025Q1,General Government transactions - Expenditure - Other current transfers - ESA2010 Code (D7),1328.0
"General Government Transactions ESA 2010: Revenue, Expenditure, Financing and Deficit",2025Q1,General Government transactions - Expenditure - Capital transfers - ESA2010 Code (D9),525.0
"General Government Transactions ESA 2010: Revenue, Expenditure, Financing and Deficit",2025Q1,Net operating balance - ESA2010 Code  (NOB),2178.0
"General Government Transactions ESA 2010: Revenue, Expenditure, Financing and Deficit",2025Q1,Net acquisition of non-financial assets - ESA2010 Code (P5 + NP - P51c),1694.0
"General Government Transactions ESA 2010: Revenue, Expenditure, Financing and Deficit",2025Q1,General Government Surplus/Deficit - ESA2010 Code (B9),484.0
"General Government Transactions ESA 2010: Revenue, Expenditure, Financing and Deficit",2025Q1,Net acquisition of financial assets,-9049.0
"General Government Transactions ESA 2010: Revenue, Expenditure, Financing and Deficit",2025Q1,Net acquisition of financial assets - Debt instruments - ESA2010 Code (F2 + F3 + F4),-3835.0
"General Government Transactions ESA 2010: Revenue, Expenditure, Financing and Deficit",2025Q1,Net acquisition of financial assets - Equity and Investment Fund Shares - ESA2010 Code (F5),-1469.0
"General Government Transactions ESA 2010: Revenue, Expenditure, Financing and Deficit",2025Q1,Net acquisition of financial assets - Other financial assets - ESA2010 Code (F6 + F7 + F8),-3745.0
"General Government Transactions ESA 2010: Revenue, Expenditure, Financing and Deficit",2025Q1,Net incurrence of liabilities,-9848.0
"General Government Transactions ESA 2010: Revenue, Expenditure, Financing and Deficit",2025Q1,Net incurrence of liabilities - Debt instruments - ESA2010 Code (F2 + F3 + F4),-9321.0
"General Government Transactions ESA 2010: Revenue, Expenditure, Financing and Deficit",2025Q1,Net incurrence of liabilities - Other liabilities - ESA2010 Code (F5 + F6 + F7 + F8),-527.0
"General Government Transactions ESA 2010: Revenue, Expenditure, Financing and Deficit",2025Q1,Memo: Net derivative flows on debt interest swap contracts,0.0
"General Government Transactions ESA 2010: Revenue, Expenditure, Financing and Deficit",2025Q1,General Government transactions - Seasonally Adjusted Revenue - ESA2010 Code (TR),35125.0
"General Government Transactions ESA 2010: Revenue, Expenditure, Financing and Deficit",2025Q1,General Government transactions - Seasonally Adjusted Expenditure - ESA2010 Code (TE),32302.0
"General Government Transactions ESA 2010: Revenue, Expenditure, Financing and Deficit",2025Q1,General Government Seasonally Adjusted Surplus/Deficit - ESA2010 Code (B9),2823.0
"General Government Transactions ESA 2010: Revenue, Expenditure, Financing and Deficit",2025Q2,General Government transactions - Revenue - ESA2010 Code (TR),34968.0
"General Government Transactions ESA 2010: Revenue, Expenditure, Financing and Deficit",2025Q2,General Government transactions - Revenue - Taxes and social contributions - ESA2010 Code ( D2 + D5 + D91 + D61),32779.0
"General Government Transactions ESA 2010: Revenue, Expenditure, Financing and Deficit",2025Q2,General Government transactions - Revenue - Taxes - ESA2010 Code (D2 + D5 + D91),26788.0
"General Government Transactions ESA 2010: Revenue, Expenditure, Financing and Deficit",2025Q2,General Government transactions - Revenue - Social contributions - ESA2010 Code (D61),5991.0
"General Government Transactions ESA 2010: Revenue, Expenditure, Financing and Deficit",2025Q2,General Government transactions - Revenue - Sales of goods and services - ESA2010 Code (P10),1233.0
"General Government Transactions ESA 2010: Revenue, Expenditure, Financing and Deficit",2025Q2,General Government transactions - Revenue - Investment income - ESA2010 Code (D4),424.0
"General Government Transactions ESA 2010: Revenue, Expenditure, Financing and Deficit",2025Q2,General Government transactions - Revenue - Current transfer revenue (excluding taxes) - ESA2010 Code (D7),269.0
"General Government Transactions ESA 2010: Revenue, Expenditure, Financing and Deficit",2025Q2,General Government transactions - Revenue - Capital transfer revenue (excluding taxes) - ESA2010 Code (D9N),264.0
"General Government Transactions ESA 2010: Revenue, Expenditure, Financing and Deficit",2025Q2,General Government transactions - Expenditure - ESA2010 Code (TE),32738.0
"General Government Transactions ESA 2010: Revenue, Expenditure, Financing and Deficit",2025Q2,General Government transactions - Expenditure - Expense - ESA2010 Code (Expense),30762.0
"General Government Transactions ESA 2010: Revenue, Expenditure, Financing and Deficit",2025Q2,General Government transactions - Expenditure - Compensation of employees - ESA2010 Code (D1),9036.0
"General Government Transactions ESA 2010: Revenue, Expenditure, Financing and Deficit",2025Q2,General Government transactions - Expenditure - Use of goods and services plus taxes payable - ESA2010 Code (P2 + D5 + D29),5391.0
"General Government Transactions ESA 2010: Revenue, Expenditure, Financing and Deficit",2025Q2,General Government transactions - Expenditure - Depreciation (consumption of fixed capital) - ESA2010 Code (P51c),2087.0
"General Government Transactions ESA 2010: Revenue, Expenditure, Financing and Deficit",2025Q2,General Government transactions - Expenditure - Interest (excluding FISIM) - ESA2010 Code (D41),794.0
"General Government Transactions ESA 2010: Revenue, Expenditure, Financing and Deficit",2025Q2,General Government transactions - Expenditure - Subsidies - ESA2010 Code (D3),745.0
"General Government Transactions ESA 2010: Revenue, Expenditure, Financing and Deficit",2025Q2,General Government transactions - Expenditure - Social benefits - ESA2010 Code (D62 + D632),10609.0
"General Government Transactions ESA 2010: Revenue, Expenditure, Financing and Deficit",2025Q2,General Government transactions - Expenditure - Other current transfers - ESA2010 Code (D7),958.0
"General Government Transactions ESA 2010: Revenue, Expenditure, Financing and Deficit",2025Q2,General Government transactions - Expenditure - Capital transfers - ESA2010 Code (D9),1142.0
"General Government Transactions ESA 2010: Revenue, Expenditure, Financing and Deficit",2025Q2,Net operating balance - ESA2010 Code  (NOB),4206.0
"General Government Transactions ESA 2010: Revenue, Expenditure, Financing and Deficit",2025Q2,Net acquisition of non-financial assets - ESA2010 Code (P5 + NP - P51c),1975.0
"General Government Transactions ESA 2010: Revenue, Expenditure, Financing and Deficit",2025Q2,General Government Surplus/Deficit - ESA2010 Code (B9),2230.0
"General Government Transactions ESA 2010: Revenue, Expenditure, Financing and Deficit",2025Q2,Net acquisition of financial assets,3663.0
"General Government Transactions ESA 2010: Revenue, Expenditure, Financing and Deficit",2025Q2,Net acquisition of financial assets - Debt instruments - ESA2010 Code (F2 + F3 + F4),5835.0
"General Government Transactions ESA 2010: Revenue, Expenditure, Financing and Deficit",2025Q2,Net acquisition of financial assets - Equity and Investment Fund Shares - ESA2010 Code (F5),-1410.0
"General Government Transactions ESA 2010: Revenue, Expenditure, Financing and Deficit",2025Q2,Net acquisition of financial assets - Other financial assets - ESA2010 Code (F6 + F7 + F8),-762.0
"General Government Transactions ESA 2010: Revenue, Expenditure, Financing and Deficit",2025Q2,Net incurrence of liabilities,1137.0
"General Government Transactions ESA 2010: Revenue, Expenditure, Financing and Deficit",2025Q2,Net incurrence of liabilities - Debt instruments - ESA2010 Code (F2 + F3 + F4),906.0
"General Government Transactions ESA 2010: Revenue, Expenditure, Financing and Deficit",2025Q2,Net incurrence of liabilities - Other liabilities - ESA2010 Code (F5 + F6 + F7 + F8),231.0
"General Government Transactions ESA 2010: Revenue, Expenditure, Financing and Deficit",2025Q2,Memo: Net derivative flows on debt interest swap contracts,0.0
"General Government Transactions ESA 2010: Revenue, Expenditure, Financing and Deficit",2025Q2,General Government transactions - Seasonally Adjusted Revenue - ESA2010 Code (TR),35679.0
"General Government Transactions ESA 2010: Revenue, Expenditure, Financing and Deficit",2025Q2,General Government transactions - Seasonally Adjusted Expenditure - ESA2010 Code (TE),33280.0
"General Government Transactions ESA 2010: Revenue, Expenditure, Financing and Deficit",2025Q2,General Government Seasonally Adjusted Surplus/Deficit - ESA2010 Code (B9),2399.0
"General Government Transactions ESA 2010: Revenue, Expenditure, Financing and Deficit",2025Q3,General Government transactions - Revenue - ESA2010 Code (TR),32944.0
"General Government Transactions ESA 2010: Revenue, Expenditure, Financing and Deficit",2025Q3,General Government transactions - Revenue - Taxes and social contributions - ESA2010 Code ( D2 + D5 + D91 + D61),30760.0
"General Government Transactions ESA 2010: Revenue, Expenditure, Financing and Deficit",2025Q3,General Government transactions - Revenue - Taxes - ESA2010 Code (D2 + D5 + D91),24800.0
"General Government Transactions ESA 2010: Revenue, Expenditure, Financing and Deficit",2025Q3,General Government transactions - Revenue - Social contributions - ESA2010 Code (D61),5961.0
"General Government Transactions ESA 2010: Revenue, Expenditure, Financing and Deficit",2025Q3,General Government transactions - Revenue - Sales of goods and services - ESA2010 Code (P10),1219.0
"General Government Transactions ESA 2010: Revenue, Expenditure, Financing and Deficit",2025Q3,General Government transactions - Revenue - Investment income - ESA2010 Code (D4),410.0
"General Government Transactions ESA 2010: Revenue, Expenditure, Financing and Deficit",2025Q3,General Government transactions - Revenue - Current transfer revenue (excluding taxes) - ESA2010 Code (D7),298.0
"General Government Transactions ESA 2010: Revenue, Expenditure, Financing and Deficit",2025Q3,General Government transactions - Revenue - Capital transfer revenue (excluding taxes) - ESA2010 Code (D9N),257.0
"General Government Transactions ESA 2010: Revenue, Expenditure, Financing and Deficit",2025Q3,General Government transactions - Expenditure - ESA2010 Code (TE),33375.0
"General Government Transactions ESA 2010: Revenue, Expenditure, Financing and Deficit",2025Q3,General Government transactions - Expenditure - Expense - ESA2010 Code (Expense),31046.0
"General Government Transactions ESA 2010: Revenue, Expenditure, Financing and Deficit",2025Q3,General Government transactions - Expenditure - Compensation of employees - ESA2010 Code (D1),9136.0
"General Government Transactions ESA 2010: Revenue, Expenditure, Financing and Deficit",2025Q3,General Government transactions - Expenditure - Use of goods and services plus taxes payable - ESA2010 Code (P2 + D5 + D29),5245.0
"General Government Transactions ESA 2010: Revenue, Expenditure, Financing and Deficit",2025Q3,General Government transactions - Expenditure - Depreciation (consumption of fixed capital) - ESA2010 Code (P51c),2087.0
"General Government Transactions ESA 2010: Revenue, Expenditure, Financing and Deficit",2025Q3,General Government transactions - Expenditure - Interest (excluding FISIM) - ESA2010 Code (D41),705.0
"General Government Transactions ESA 2010: Revenue, Expenditure, Financing and Deficit",2025Q3,General Government transactions - Expenditure - Subsidies - ESA2010 Code (D3),785.0
"General Government Transactions ESA 2010: Revenue, Expenditure, Financing and Deficit",2025Q3,General Government transactions - Expenditure - Social benefits - ESA2010 Code (D62 + D632),11485.0
"General Government Transactions ESA 2010: Revenue, Expenditure, Financing and Deficit",2025Q3,General Government transactions - Expenditure - Other current transfers - ESA2010 Code (D7),1028.0
"General Government Transactions ESA 2010: Revenue, Expenditure, Financing and Deficit",2025Q3,General Government transactions - Expenditure - Capital transfers - ESA2010 Code (D9),575.0
"General Government Transactions ESA 2010: Revenue, Expenditure, Financing and Deficit",2025Q3,Net operating balance - ESA2010 Code  (NOB),1898.0
"General Government Transactions ESA 2010: Revenue, Expenditure, Financing and Deficit",2025Q3,Net acquisition of non-financial assets - ESA2010 Code (P5 + NP - P51c),2329.0
"General Government Transactions ESA 2010: Revenue, Expenditure, Financing and Deficit",2025Q3,General Government Surplus/Deficit - ESA2010 Code (B9),-431.0
"General Government Transactions ESA 2010: Revenue, Expenditure, Financing and Deficit",2025Q3,Net acquisition of financial assets,2593.0
"General Government Transactions ESA 2010: Revenue, Expenditure, Financing and Deficit",2025Q3,Net acquisition of financial assets - Debt instruments - ESA2010 Code (F2 + F3 + F4),2586.0
"General Government Transactions ESA 2010: Revenue, Expenditure, Financing and Deficit",2025Q3,Net acquisition of financial assets - Equity and Investment Fund Shares - ESA2010 Code (F5),-78.0
"General Government Transactions ESA 2010: Revenue, Expenditure, Financing and Deficit",2025Q3,Net acquisition of financial assets - Other financial assets - ESA2010 Code (F6 + F7 + F8),85.0
"General Government Transactions ESA 2010: Revenue, Expenditure, Financing and Deficit",2025Q3,Net incurrence of liabilities,2063.0
"General Government Transactions ESA 2010: Revenue, Expenditure, Financing and Deficit",2025Q3,Net incurrence of liabilities - Debt instruments - ESA2010 Code (F2 + F3 + F4),1755.0
"General Government Transactions ESA 2010: Revenue, Expenditure, Financing and Deficit",2025Q3,Net incurrence of liabilities - Other liabilities - ESA2010 Code (F5 + F6 + F7 + F8),308.0
"General Government Transactions ESA 2010: Revenue, Expenditure, Financing and Deficit",2025Q3,Memo: Net derivative flows on debt interest swap contracts,0.0
"General Government Transactions ESA 2010: Revenue, Expenditure, Financing and Deficit",2025Q3,General Government transactions - Seasonally Adjusted Revenue - ESA2010 Code (TR),35631.0
"General Government Transactions ESA 2010: Revenue, Expenditure, Financing and Deficit",2025Q3,General Government transactions - Seasonally Adjusted Expenditure - ESA2010 Code (TE),33757.0
"General Government Transactions ESA 2010: Revenue, Expenditure, Financing and Deficit",2025Q3,General Government Seasonally Adjusted Surplus/Deficit - ESA2010 Code (B9),1874.0
"General Government Transactions ESA 2010: Revenue, Expenditure, Financing and Deficit",2025Q4,General Government transactions - Revenue - ESA2010 Code (TR),46359.0
"General Government Transactions ESA 2010: Revenue, Expenditure, Financing and Deficit",2025Q4,General Government transactions - Revenue - Taxes and social contributions - ESA2010 Code ( D2 + D5 + D91 + D61),44106.0
"General Government Transactions ESA 2010: Revenue, Expenditure, Financing and Deficit",2025Q4,General Government transactions - Revenue - Taxes - ESA2010 Code (D2 + D5 + D91),37527.0
"General Government Transactions ESA 2010: Revenue, Expenditure, Financing and Deficit",2025Q4,General Government transactions - Revenue - Social contributions - ESA2010 Code (D61),6580.0
"General Government Transactions ESA 2010: Revenue, Expenditure, Financing and Deficit",2025Q4,General Government transactions - Revenue - Sales of goods and services - ESA2010 Code (P10),1250.0
"General Government Transactions ESA 2010: Revenue, Expenditure, Financing and Deficit",2025Q4,General Government transactions - Revenue - Investment income - ESA2010 Code (D4),534.0
"General Government Transactions ESA 2010: Revenue, Expenditure, Financing and Deficit",2025Q4,General Government transactions - Revenue - Current transfer revenue (excluding taxes) - ESA2010 Code (D7),173.0
"General Government Transactions ESA 2010: Revenue, Expenditure, Financing and Deficit",2025Q4,General Government transactions - Revenue - Capital transfer revenue (excluding taxes) - ESA2010 Code (D9N),295.0
"General Government Transactions ESA 2010: Revenue, Expenditure, Financing and Deficit",2025Q4,General Government transactions - Expenditure - ESA2010 Code (TE),37159.0
"General Government Transactions ESA 2010: Revenue, Expenditure, Financing and Deficit",2025Q4,General Government transactions - Expenditure - Expense - ESA2010 Code (Expense),34818.0
"General Government Transactions ESA 2010: Revenue, Expenditure, Financing and Deficit",2025Q4,General Government transactions - Expenditure - Compensation of employees - ESA2010 Code (D1),9235.0
"General Government Transactions ESA 2010: Revenue, Expenditure, Financing and Deficit",2025Q4,General Government transactions - Expenditure - Use of goods and services plus taxes payable - ESA2010 Code (P2 + D5 + D29),6049.0
"General Government Transactions ESA 2010: Revenue, Expenditure, Financing and Deficit",2025Q4,General Government transactions - Expenditure - Depreciation (consumption of fixed capital) - ESA2010 Code (P51c),2087.0
"General Government Transactions ESA 2010: Revenue, Expenditure, Financing and Deficit",2025Q4,General Government transactions - Expenditure - Interest (excluding FISIM) - ESA2010 Code (D41),774.0
"General Government Transactions ESA 2010: Revenue, Expenditure, Financing and Deficit",2025Q4,General Government transactions - Expenditure - Subsidies - ESA2010 Code (D3),1057.0
"General Government Transactions ESA 2010: Revenue, Expenditure, Financing and Deficit",2025Q4,General Government transactions - Expenditure - Social benefits - ESA2010 Code (D62 + D632),11867.0
"General Government Transactions ESA 2010: Revenue, Expenditure, Financing and Deficit",2025Q4,General Government transactions - Expenditure - Other current transfers - ESA2010 Code (D7),930.0
"General Government Transactions ESA 2010: Revenue, Expenditure, Financing and Deficit",2025Q4,General Government transactions - Expenditure - Capital transfers - ESA2010 Code (D9),2820.0
"General Government Transactions ESA 2010: Revenue, Expenditure, Financing and Deficit",2025Q4,Net operating balance - ESA2010 Code  (NOB),11541.0
"General Government Transactions ESA 2010: Revenue, Expenditure, Financing and Deficit",2025Q4,Net acquisition of non-financial assets - ESA2010 Code (P5 + NP - P51c),2341.0
"General Government Transactions ESA 2010: Revenue, Expenditure, Financing and Deficit",2025Q4,General Government Surplus/Deficit - ESA2010 Code (B9),9200.0
"General Government Transactions ESA 2010: Revenue, Expenditure, Financing and Deficit",2025Q4,Net acquisition of financial assets,7342.0
"General Government Transactions ESA 2010: Revenue, Expenditure, Financing and Deficit",2025Q4,Net acquisition of financial assets - Debt instruments - ESA2010 Code (F2 + F3 + F4),6640.0
"General Government Transactions ESA 2010: Revenue, Expenditure, Financing and Deficit",2025Q4,Net acquisition of financial assets - Equity and Investment Fund Shares - ESA2010 Code (F5),-78.0
"General Government Transactions ESA 2010: Revenue, Expenditure, Financing and Deficit",2025Q4,Net acquisition of financial assets - Other financial assets - ESA2010 Code (F6 + F7 + F8),780.0
"General Government Transactions ESA 2010: Revenue, Expenditure, Financing and Deficit",2025Q4,Net incurrence of liabilities,1199.0
"General Government Transactions ESA 2010: Revenue, Expenditure, Financing and Deficit",2025Q4,Net incurrence of liabilities - Debt instruments - ESA2010 Code (F2 + F3 + F4),95.0
"General Government Transactions ESA 2010: Revenue, Expenditure, Financing and Deficit",2025Q4,Net incurrence of liabilities - Other liabilities - ESA2010 Code (F5 + F6 + F7 + F8),1104.0
"General Government Transactions ESA 2010: Revenue, Expenditure, Financing and Deficit",2025Q4,Memo: Net derivative flows on debt interest swap contracts,0.0
"General Government Transactions ESA 2010: Revenue, Expenditure, Financing and Deficit",2025Q4,General Government transactions - Seasonally Adjusted Revenue - ESA2010 Code (TR),38389.0
"General Government Transactions ESA 2010: Revenue, Expenditure, Financing and Deficit",2025Q4,General Government transactions - Seasonally Adjusted Expenditure - ESA2010 Code (TE),34635.0
"General Government Transactions ESA 2010: Revenue, Expenditure, Financing and Deficit",2025Q4,General Government Seasonally Adjusted Surplus/Deficit - ESA2010 Code (B9),3754.0
"General Government Transactions ESA 2010: Revenue, Expenditure, Financing and Deficit",2026Q1,General Government transactions - Revenue - ESA2010 Code (TR),33144.0
"General Government Transactions ESA 2010: Revenue, Expenditure, Financing and Deficit",2026Q1,General Government transactions - Revenue - Taxes and social contributions - ESA2010 Code ( D2 + D5 + D91 + D61),30954.0
"General Government Transactions ESA 2010: Revenue, Expenditure, Financing and Deficit",2026Q1,General Government transactions - Revenue - Taxes - ESA2010 Code (D2 + D5 + D91),24403.0
"General Government Transactions ESA 2010: Revenue, Expenditure, Financing and Deficit",2026Q1,General Government transactions - Revenue - Social contributions - ESA2010 Code (D61),6551.0
"General Government Transactions ESA 2010: Revenue, Expenditure, Financing and Deficit",2026Q1,General Government transactions - Revenue - Sales of goods and services - ESA2010 Code (P10),1223.0
"General Government Transactions ESA 2010: Revenue, Expenditure, Financing and Deficit",2026Q1,General Government transactions - Revenue - Investment income - ESA2010 Code (D4),423.0
"General Government Transactions ESA 2010: Revenue, Expenditure, Financing and Deficit",2026Q1,General Government transactions - Revenue - Current transfer revenue (excluding taxes) - ESA2010 Code (D7),286.0
"General Government Transactions ESA 2010: Revenue, Expenditure, Financing and Deficit",2026Q1,General Government transactions - Revenue - Capital transfer revenue (excluding taxes) - ESA2010 Code (D9N),257.0
"General Government Transactions ESA 2010: Revenue, Expenditure, Financing and Deficit",2026Q1,General Government transactions - Expenditure - ESA2010 Code (TE),32393.0
"General Government Transactions ESA 2010: Revenue, Expenditure, Financing and Deficit",2026Q1,General Government transactions - Expenditure - Expense - ESA2010 Code (Expense),30465.0
"General Government Transactions ESA 2010: Revenue, Expenditure, Financing and Deficit",2026Q1,General Government transactions - Expenditure - Compensation of employees - ESA2010 Code (D1),9560.0
"General Government Transactions ESA 2010: Revenue, Expenditure, Financing and Deficit",2026Q1,General Government transactions - Expenditure - Use of goods and services plus taxes payable - ESA2010 Code (P2 + D5 + D29),5053.0
"General Government Transactions ESA 2010: Revenue, Expenditure, Financing and Deficit",2026Q1,General Government transactions - Expenditure - Depreciation (consumption of fixed capital) - ESA2010 Code (P51c),2087.0
"General Government Transactions ESA 2010: Revenue, Expenditure, Financing and Deficit",2026Q1,General Government transactions - Expenditure - Interest (excluding FISIM) - ESA2010 Code (D41),746.0
"General Government Transactions ESA 2010: Revenue, Expenditure, Financing and Deficit",2026Q1,General Government transactions - Expenditure - Subsidies - ESA2010 Code (D3),739.0
"General Government Transactions ESA 2010: Revenue, Expenditure, Financing and Deficit",2026Q1,General Government transactions - Expenditure - Social benefits - ESA2010 Code (D62 + D632),10702.0
"General Government Transactions ESA 2010: Revenue, Expenditure, Financing and Deficit",2026Q1,General Government transactions - Expenditure - Other current transfers - ESA2010 Code (D7),882.0
"General Government Transactions ESA 2010: Revenue, Expenditure, Financing and Deficit",2026Q1,General Government transactions - Expenditure - Capital transfers - ESA2010 Code (D9),697.0
"General Government Transactions ESA 2010: Revenue, Expenditure, Financing and Deficit",2026Q1,Net operating balance - ESA2010 Code  (NOB),2679.0
"General Government Transactions ESA 2010: Revenue, Expenditure, Financing and Deficit",2026Q1,Net acquisition of non-financial assets - ESA2010 Code (P5 + NP - P51c),1928.0
"General Government Transactions ESA 2010: Revenue, Expenditure, Financing and Deficit",2026Q1,General Government Surplus/Deficit - ESA2010 Code (B9),751.0
"General Government Transactions ESA 2010: Revenue, Expenditure, Financing and Deficit",2026Q1,Net acquisition of financial assets,6394.0
"General Government Transactions ESA 2010: Revenue, Expenditure, Financing and Deficit",2026Q1,Net acquisition of financial assets - Debt instruments - ESA2010 Code (F2 + F3 + F4),3749.0
"General Government Transactions ESA 2010: Revenue, Expenditure, Financing and Deficit",2026Q1,Net acquisition of financial assets - Equity and Investment Fund Shares - ESA2010 Code (F5),2680.0
"General Government Transactions ESA 2010: Revenue, Expenditure, Financing and Deficit",2026Q1,Net acquisition of financial assets - Other financial assets - ESA2010 Code (F6 + F7 + F8),-35.0
"General Government Transactions ESA 2010: Revenue, Expenditure, Financing and Deficit",2026Q1,Net incurrence of liabilities,6010.0
"General Government Transactions ESA 2010: Revenue, Expenditure, Financing and Deficit",2026Q1,Net incurrence of liabilities - Debt instruments - ESA2010 Code (F2 + F3 + F4),5257.0
"General Government Transactions ESA 2010: Revenue, Expenditure, Financing and Deficit",2026Q1,Net incurrence of liabilities - Other liabilities - ESA2010 Code (F5 + F6 + F7 + F8),753.0
"General Government Transactions ESA 2010: Revenue, Expenditure, Financing and Deficit",2026Q1,Memo: Net derivative flows on debt interest swap contracts,0.0
"General Government Transactions ESA 2010: Revenue, Expenditure, Financing and Deficit",2026Q1,General Government transactions - Seasonally Adjusted Revenue - ESA2010 Code (TR),37322.0
"General Government Transactions ESA 2010: Revenue, Expenditure, Financing and Deficit",2026Q1,General Government transactions - Seasonally Adjusted Expenditure - ESA2010 Code (TE),33959.0
"General Government Transactions ESA 2010: Revenue, Expenditure, Financing and Deficit",2026Q1,General Government Seasonally Adjusted Surplus/Deficit - ESA2010 Code (B9),3363.0
