Statistic,Quarter,Sector,value
Gross Value Added at Constant Basic Prices,1995Q1,"Agriculture, Forestry and Fishing",851.0
Gross Value Added at Constant Basic Prices,1995Q1,Industry (excl. Construction),6261.0
Gross Value Added at Constant Basic Prices,1995Q1,Industry - of which Manufacturing,5436.0
Gross Value Added at Constant Basic Prices,1995Q1,Construction,2110.0
Gross Value Added at Constant Basic Prices,1995Q1,"Distribution, Transport, Hotels and Restaurants",6038.0
Gross Value Added at Constant Basic Prices,1995Q1,Information and Communication,1128.0
Gross Value Added at Constant Basic Prices,1995Q1,Financial and Insurance Activities,1882.0
Gross Value Added at Constant Basic Prices,1995Q1,Real Estate Activities,3244.0
Gross Value Added at Constant Basic Prices,1995Q1,"Professional, Admin and Support Services",1872.0
Gross Value Added at Constant Basic Prices,1995Q1,"Public Admin, Education and Health",5708.0
Gross Value Added at Constant Basic Prices,1995Q1,"Arts, Entertainment and Other Services",610.0
Gross Value Added at Constant Basic Prices,1995Q1,Statistical Discrepancy,
Gross Value Added at Constant Basic Prices,1995Q1,All Sectors,24826.0
Gross Value Added at Constant Basic Prices,1995Q2,"Agriculture, Forestry and Fishing",1129.0
Gross Value Added at Constant Basic Prices,1995Q2,Industry (excl. Construction),6647.0
Gross Value Added at Constant Basic Prices,1995Q2,Industry - of which Manufacturing,5797.0
Gross Value Added at Constant Basic Prices,1995Q2,Construction,2059.0
Gross Value Added at Constant Basic Prices,1995Q2,"Distribution, Transport, Hotels and Restaurants",6233.0
Gross Value Added at Constant Basic Prices,1995Q2,Information and Communication,1150.0
Gross Value Added at Constant Basic Prices,1995Q2,Financial and Insurance Activities,1960.0
Gross Value Added at Constant Basic Prices,1995Q2,Real Estate Activities,3401.0
Gross Value Added at Constant Basic Prices,1995Q2,"Professional, Admin and Support Services",1920.0
Gross Value Added at Constant Basic Prices,1995Q2,"Public Admin, Education and Health",5779.0
Gross Value Added at Constant Basic Prices,1995Q2,"Arts, Entertainment and Other Services",642.0
Gross Value Added at Constant Basic Prices,1995Q2,Statistical Discrepancy,
Gross Value Added at Constant Basic Prices,1995Q2,All Sectors,25760.0
Gross Value Added at Constant Basic Prices,1995Q3,"Agriculture, Forestry and Fishing",678.0
Gross Value Added at Constant Basic Prices,1995Q3,Industry (excl. Construction),6041.0
Gross Value Added at Constant Basic Prices,1995Q3,Industry - of which Manufacturing,5262.0
Gross Value Added at Constant Basic Prices,1995Q3,Construction,2037.0
Gross Value Added at Constant Basic Prices,1995Q3,"Distribution, Transport, Hotels and Restaurants",6809.0
Gross Value Added at Constant Basic Prices,1995Q3,Information and Communication,1180.0
Gross Value Added at Constant Basic Prices,1995Q3,Financial and Insurance Activities,2163.0
Gross Value Added at Constant Basic Prices,1995Q3,Real Estate Activities,3549.0
Gross Value Added at Constant Basic Prices,1995Q3,"Professional, Admin and Support Services",1930.0
Gross Value Added at Constant Basic Prices,1995Q3,"Public Admin, Education and Health",5696.0
Gross Value Added at Constant Basic Prices,1995Q3,"Arts, Entertainment and Other Services",618.0
Gross Value Added at Constant Basic Prices,1995Q3,Statistical Discrepancy,
Gross Value Added at Constant Basic Prices,1995Q3,All Sectors,26279.0
Gross Value Added at Constant Basic Prices,1995Q4,"Agriculture, Forestry and Fishing",499.0
Gross Value Added at Constant Basic Prices,1995Q4,Industry (excl. Construction),6907.0
Gross Value Added at Constant Basic Prices,1995Q4,Industry - of which Manufacturing,6103.0
Gross Value Added at Constant Basic Prices,1995Q4,Construction,1980.0
Gross Value Added at Constant Basic Prices,1995Q4,"Distribution, Transport, Hotels and Restaurants",6488.0
Gross Value Added at Constant Basic Prices,1995Q4,Information and Communication,1149.0
Gross Value Added at Constant Basic Prices,1995Q4,Financial and Insurance Activities,2223.0
Gross Value Added at Constant Basic Prices,1995Q4,Real Estate Activities,3608.0
Gross Value Added at Constant Basic Prices,1995Q4,"Professional, Admin and Support Services",2027.0
Gross Value Added at Constant Basic Prices,1995Q4,"Public Admin, Education and Health",5689.0
Gross Value Added at Constant Basic Prices,1995Q4,"Arts, Entertainment and Other Services",613.0
Gross Value Added at Constant Basic Prices,1995Q4,Statistical Discrepancy,
Gross Value Added at Constant Basic Prices,1995Q4,All Sectors,26062.0
Gross Value Added at Constant Basic Prices,1996Q1,"Agriculture, Forestry and Fishing",855.0
Gross Value Added at Constant Basic Prices,1996Q1,Industry (excl. Construction),6999.0
Gross Value Added at Constant Basic Prices,1996Q1,Industry - of which Manufacturing,6124.0
Gross Value Added at Constant Basic Prices,1996Q1,Construction,2250.0
Gross Value Added at Constant Basic Prices,1996Q1,"Distribution, Transport, Hotels and Restaurants",6439.0
Gross Value Added at Constant Basic Prices,1996Q1,Information and Communication,1160.0
Gross Value Added at Constant Basic Prices,1996Q1,Financial and Insurance Activities,2105.0
Gross Value Added at Constant Basic Prices,1996Q1,Real Estate Activities,3421.0
Gross Value Added at Constant Basic Prices,1996Q1,"Professional, Admin and Support Services",1937.0
Gross Value Added at Constant Basic Prices,1996Q1,"Public Admin, Education and Health",5956.0
Gross Value Added at Constant Basic Prices,1996Q1,"Arts, Entertainment and Other Services",610.0
Gross Value Added at Constant Basic Prices,1996Q1,Statistical Discrepancy,
Gross Value Added at Constant Basic Prices,1996Q1,All Sectors,26816.0
Gross Value Added at Constant Basic Prices,1996Q2,"Agriculture, Forestry and Fishing",1165.0
Gross Value Added at Constant Basic Prices,1996Q2,Industry (excl. Construction),7118.0
Gross Value Added at Constant Basic Prices,1996Q2,Industry - of which Manufacturing,6268.0
Gross Value Added at Constant Basic Prices,1996Q2,Construction,2423.0
Gross Value Added at Constant Basic Prices,1996Q2,"Distribution, Transport, Hotels and Restaurants",6486.0
Gross Value Added at Constant Basic Prices,1996Q2,Information and Communication,1198.0
Gross Value Added at Constant Basic Prices,1996Q2,Financial and Insurance Activities,2270.0
Gross Value Added at Constant Basic Prices,1996Q2,Real Estate Activities,3550.0
Gross Value Added at Constant Basic Prices,1996Q2,"Professional, Admin and Support Services",1964.0
Gross Value Added at Constant Basic Prices,1996Q2,"Public Admin, Education and Health",6008.0
Gross Value Added at Constant Basic Prices,1996Q2,"Arts, Entertainment and Other Services",621.0
Gross Value Added at Constant Basic Prices,1996Q2,Statistical Discrepancy,
Gross Value Added at Constant Basic Prices,1996Q2,All Sectors,28021.0
Gross Value Added at Constant Basic Prices,1996Q3,"Agriculture, Forestry and Fishing",719.0
Gross Value Added at Constant Basic Prices,1996Q3,Industry (excl. Construction),6136.0
Gross Value Added at Constant Basic Prices,1996Q3,Industry - of which Manufacturing,5292.0
Gross Value Added at Constant Basic Prices,1996Q3,Construction,2438.0
Gross Value Added at Constant Basic Prices,1996Q3,"Distribution, Transport, Hotels and Restaurants",7038.0
Gross Value Added at Constant Basic Prices,1996Q3,Information and Communication,1196.0
Gross Value Added at Constant Basic Prices,1996Q3,Financial and Insurance Activities,2328.0
Gross Value Added at Constant Basic Prices,1996Q3,Real Estate Activities,3783.0
Gross Value Added at Constant Basic Prices,1996Q3,"Professional, Admin and Support Services",2035.0
Gross Value Added at Constant Basic Prices,1996Q3,"Public Admin, Education and Health",5837.0
Gross Value Added at Constant Basic Prices,1996Q3,"Arts, Entertainment and Other Services",644.0
Gross Value Added at Constant Basic Prices,1996Q3,Statistical Discrepancy,
Gross Value Added at Constant Basic Prices,1996Q3,All Sectors,27733.0
Gross Value Added at Constant Basic Prices,1996Q4,"Agriculture, Forestry and Fishing",423.0
Gross Value Added at Constant Basic Prices,1996Q4,Industry (excl. Construction),7188.0
Gross Value Added at Constant Basic Prices,1996Q4,Industry - of which Manufacturing,6316.0
Gross Value Added at Constant Basic Prices,1996Q4,Construction,2481.0
Gross Value Added at Constant Basic Prices,1996Q4,"Distribution, Transport, Hotels and Restaurants",6767.0
Gross Value Added at Constant Basic Prices,1996Q4,Information and Communication,1339.0
Gross Value Added at Constant Basic Prices,1996Q4,Financial and Insurance Activities,2497.0
Gross Value Added at Constant Basic Prices,1996Q4,Real Estate Activities,3885.0
Gross Value Added at Constant Basic Prices,1996Q4,"Professional, Admin and Support Services",2236.0
Gross Value Added at Constant Basic Prices,1996Q4,"Public Admin, Education and Health",5813.0
Gross Value Added at Constant Basic Prices,1996Q4,"Arts, Entertainment and Other Services",665.0
Gross Value Added at Constant Basic Prices,1996Q4,Statistical Discrepancy,
Gross Value Added at Constant Basic Prices,1996Q4,All Sectors,27670.0
Gross Value Added at Constant Basic Prices,1997Q1,"Agriculture, Forestry and Fishing",962.0
Gross Value Added at Constant Basic Prices,1997Q1,Industry (excl. Construction),7447.0
Gross Value Added at Constant Basic Prices,1997Q1,Industry - of which Manufacturing,6584.0
Gross Value Added at Constant Basic Prices,1997Q1,Construction,2542.0
Gross Value Added at Constant Basic Prices,1997Q1,"Distribution, Transport, Hotels and Restaurants",6647.0
Gross Value Added at Constant Basic Prices,1997Q1,Information and Communication,1434.0
Gross Value Added at Constant Basic Prices,1997Q1,Financial and Insurance Activities,2453.0
Gross Value Added at Constant Basic Prices,1997Q1,Real Estate Activities,3532.0
Gross Value Added at Constant Basic Prices,1997Q1,"Professional, Admin and Support Services",2206.0
Gross Value Added at Constant Basic Prices,1997Q1,"Public Admin, Education and Health",6001.0
Gross Value Added at Constant Basic Prices,1997Q1,"Arts, Entertainment and Other Services",675.0
Gross Value Added at Constant Basic Prices,1997Q1,Statistical Discrepancy,
Gross Value Added at Constant Basic Prices,1997Q1,All Sectors,28761.0
Gross Value Added at Constant Basic Prices,1997Q2,"Agriculture, Forestry and Fishing",1240.0
Gross Value Added at Constant Basic Prices,1997Q2,Industry (excl. Construction),8077.0
Gross Value Added at Constant Basic Prices,1997Q2,Industry - of which Manufacturing,7251.0
Gross Value Added at Constant Basic Prices,1997Q2,Construction,2679.0
Gross Value Added at Constant Basic Prices,1997Q2,"Distribution, Transport, Hotels and Restaurants",6888.0
Gross Value Added at Constant Basic Prices,1997Q2,Information and Communication,1357.0
Gross Value Added at Constant Basic Prices,1997Q2,Financial and Insurance Activities,2594.0
Gross Value Added at Constant Basic Prices,1997Q2,Real Estate Activities,3809.0
Gross Value Added at Constant Basic Prices,1997Q2,"Professional, Admin and Support Services",2348.0
Gross Value Added at Constant Basic Prices,1997Q2,"Public Admin, Education and Health",6017.0
Gross Value Added at Constant Basic Prices,1997Q2,"Arts, Entertainment and Other Services",720.0
Gross Value Added at Constant Basic Prices,1997Q2,Statistical Discrepancy,
Gross Value Added at Constant Basic Prices,1997Q2,All Sectors,30710.0
Gross Value Added at Constant Basic Prices,1997Q3,"Agriculture, Forestry and Fishing",699.0
Gross Value Added at Constant Basic Prices,1997Q3,Industry (excl. Construction),7957.0
Gross Value Added at Constant Basic Prices,1997Q3,Industry - of which Manufacturing,7131.0
Gross Value Added at Constant Basic Prices,1997Q3,Construction,2861.0
Gross Value Added at Constant Basic Prices,1997Q3,"Distribution, Transport, Hotels and Restaurants",7579.0
Gross Value Added at Constant Basic Prices,1997Q3,Information and Communication,1415.0
Gross Value Added at Constant Basic Prices,1997Q3,Financial and Insurance Activities,2755.0
Gross Value Added at Constant Basic Prices,1997Q3,Real Estate Activities,3987.0
Gross Value Added at Constant Basic Prices,1997Q3,"Professional, Admin and Support Services",2482.0
Gross Value Added at Constant Basic Prices,1997Q3,"Public Admin, Education and Health",5850.0
Gross Value Added at Constant Basic Prices,1997Q3,"Arts, Entertainment and Other Services",704.0
Gross Value Added at Constant Basic Prices,1997Q3,Statistical Discrepancy,
Gross Value Added at Constant Basic Prices,1997Q3,All Sectors,30787.0
Gross Value Added at Constant Basic Prices,1997Q4,"Agriculture, Forestry and Fishing",408.0
Gross Value Added at Constant Basic Prices,1997Q4,Industry (excl. Construction),8267.0
Gross Value Added at Constant Basic Prices,1997Q4,Industry - of which Manufacturing,7390.0
Gross Value Added at Constant Basic Prices,1997Q4,Construction,2885.0
Gross Value Added at Constant Basic Prices,1997Q4,"Distribution, Transport, Hotels and Restaurants",7678.0
Gross Value Added at Constant Basic Prices,1997Q4,Information and Communication,1580.0
Gross Value Added at Constant Basic Prices,1997Q4,Financial and Insurance Activities,2681.0
Gross Value Added at Constant Basic Prices,1997Q4,Real Estate Activities,4121.0
Gross Value Added at Constant Basic Prices,1997Q4,"Professional, Admin and Support Services",2678.0
Gross Value Added at Constant Basic Prices,1997Q4,"Public Admin, Education and Health",5838.0
Gross Value Added at Constant Basic Prices,1997Q4,"Arts, Entertainment and Other Services",712.0
Gross Value Added at Constant Basic Prices,1997Q4,Statistical Discrepancy,
Gross Value Added at Constant Basic Prices,1997Q4,All Sectors,31425.0
Gross Value Added at Constant Basic Prices,1998Q1,"Agriculture, Forestry and Fishing",1024.0
Gross Value Added at Constant Basic Prices,1998Q1,Industry (excl. Construction),9118.0
Gross Value Added at Constant Basic Prices,1998Q1,Industry - of which Manufacturing,8242.0
Gross Value Added at Constant Basic Prices,1998Q1,Construction,2695.0
Gross Value Added at Constant Basic Prices,1998Q1,"Distribution, Transport, Hotels and Restaurants",7291.0
Gross Value Added at Constant Basic Prices,1998Q1,Information and Communication,1659.0
Gross Value Added at Constant Basic Prices,1998Q1,Financial and Insurance Activities,2769.0
Gross Value Added at Constant Basic Prices,1998Q1,Real Estate Activities,3900.0
Gross Value Added at Constant Basic Prices,1998Q1,"Professional, Admin and Support Services",2672.0
Gross Value Added at Constant Basic Prices,1998Q1,"Public Admin, Education and Health",5889.0
Gross Value Added at Constant Basic Prices,1998Q1,"Arts, Entertainment and Other Services",654.0
Gross Value Added at Constant Basic Prices,1998Q1,Statistical Discrepancy,
Gross Value Added at Constant Basic Prices,1998Q1,All Sectors,31635.0
Gross Value Added at Constant Basic Prices,1998Q2,"Agriculture, Forestry and Fishing",1188.0
Gross Value Added at Constant Basic Prices,1998Q2,Industry (excl. Construction),9003.0
Gross Value Added at Constant Basic Prices,1998Q2,Industry - of which Manufacturing,8156.0
Gross Value Added at Constant Basic Prices,1998Q2,Construction,2770.0
Gross Value Added at Constant Basic Prices,1998Q2,"Distribution, Transport, Hotels and Restaurants",7509.0
Gross Value Added at Constant Basic Prices,1998Q2,Information and Communication,1716.0
Gross Value Added at Constant Basic Prices,1998Q2,Financial and Insurance Activities,2624.0
Gross Value Added at Constant Basic Prices,1998Q2,Real Estate Activities,4259.0
Gross Value Added at Constant Basic Prices,1998Q2,"Professional, Admin and Support Services",2707.0
Gross Value Added at Constant Basic Prices,1998Q2,"Public Admin, Education and Health",6001.0
Gross Value Added at Constant Basic Prices,1998Q2,"Arts, Entertainment and Other Services",674.0
Gross Value Added at Constant Basic Prices,1998Q2,Statistical Discrepancy,
Gross Value Added at Constant Basic Prices,1998Q2,All Sectors,32907.0
Gross Value Added at Constant Basic Prices,1998Q3,"Agriculture, Forestry and Fishing",677.0
Gross Value Added at Constant Basic Prices,1998Q3,Industry (excl. Construction),9110.0
Gross Value Added at Constant Basic Prices,1998Q3,Industry - of which Manufacturing,8270.0
Gross Value Added at Constant Basic Prices,1998Q3,Construction,3122.0
Gross Value Added at Constant Basic Prices,1998Q3,"Distribution, Transport, Hotels and Restaurants",8103.0
Gross Value Added at Constant Basic Prices,1998Q3,Information and Communication,1622.0
Gross Value Added at Constant Basic Prices,1998Q3,Financial and Insurance Activities,2896.0
Gross Value Added at Constant Basic Prices,1998Q3,Real Estate Activities,4389.0
Gross Value Added at Constant Basic Prices,1998Q3,"Professional, Admin and Support Services",2817.0
Gross Value Added at Constant Basic Prices,1998Q3,"Public Admin, Education and Health",6093.0
Gross Value Added at Constant Basic Prices,1998Q3,"Arts, Entertainment and Other Services",706.0
Gross Value Added at Constant Basic Prices,1998Q3,Statistical Discrepancy,
Gross Value Added at Constant Basic Prices,1998Q3,All Sectors,33944.0
Gross Value Added at Constant Basic Prices,1998Q4,"Agriculture, Forestry and Fishing",433.0
Gross Value Added at Constant Basic Prices,1998Q4,Industry (excl. Construction),8681.0
Gross Value Added at Constant Basic Prices,1998Q4,Industry - of which Manufacturing,7792.0
Gross Value Added at Constant Basic Prices,1998Q4,Construction,3281.0
Gross Value Added at Constant Basic Prices,1998Q4,"Distribution, Transport, Hotels and Restaurants",7977.0
Gross Value Added at Constant Basic Prices,1998Q4,Information and Communication,1754.0
Gross Value Added at Constant Basic Prices,1998Q4,Financial and Insurance Activities,2834.0
Gross Value Added at Constant Basic Prices,1998Q4,Real Estate Activities,4599.0
Gross Value Added at Constant Basic Prices,1998Q4,"Professional, Admin and Support Services",3024.0
Gross Value Added at Constant Basic Prices,1998Q4,"Public Admin, Education and Health",6221.0
Gross Value Added at Constant Basic Prices,1998Q4,"Arts, Entertainment and Other Services",743.0
Gross Value Added at Constant Basic Prices,1998Q4,Statistical Discrepancy,
Gross Value Added at Constant Basic Prices,1998Q4,All Sectors,33112.0
Gross Value Added at Constant Basic Prices,1999Q1,"Agriculture, Forestry and Fishing",838.0
Gross Value Added at Constant Basic Prices,1999Q1,Industry (excl. Construction),10010.0
Gross Value Added at Constant Basic Prices,1999Q1,Industry - of which Manufacturing,9080.0
Gross Value Added at Constant Basic Prices,1999Q1,Construction,3200.0
Gross Value Added at Constant Basic Prices,1999Q1,"Distribution, Transport, Hotels and Restaurants",7725.0
Gross Value Added at Constant Basic Prices,1999Q1,Information and Communication,1815.0
Gross Value Added at Constant Basic Prices,1999Q1,Financial and Insurance Activities,2732.0
Gross Value Added at Constant Basic Prices,1999Q1,Real Estate Activities,4361.0
Gross Value Added at Constant Basic Prices,1999Q1,"Professional, Admin and Support Services",2924.0
Gross Value Added at Constant Basic Prices,1999Q1,"Public Admin, Education and Health",6036.0
Gross Value Added at Constant Basic Prices,1999Q1,"Arts, Entertainment and Other Services",719.0
Gross Value Added at Constant Basic Prices,1999Q1,Statistical Discrepancy,
Gross Value Added at Constant Basic Prices,1999Q1,All Sectors,34514.0
Gross Value Added at Constant Basic Prices,1999Q2,"Agriculture, Forestry and Fishing",1059.0
Gross Value Added at Constant Basic Prices,1999Q2,Industry (excl. Construction),9896.0
Gross Value Added at Constant Basic Prices,1999Q2,Industry - of which Manufacturing,8962.0
Gross Value Added at Constant Basic Prices,1999Q2,Construction,3176.0
Gross Value Added at Constant Basic Prices,1999Q2,"Distribution, Transport, Hotels and Restaurants",8004.0
Gross Value Added at Constant Basic Prices,1999Q2,Information and Communication,1803.0
Gross Value Added at Constant Basic Prices,1999Q2,Financial and Insurance Activities,2913.0
Gross Value Added at Constant Basic Prices,1999Q2,Real Estate Activities,4533.0
Gross Value Added at Constant Basic Prices,1999Q2,"Professional, Admin and Support Services",3062.0
Gross Value Added at Constant Basic Prices,1999Q2,"Public Admin, Education and Health",6242.0
Gross Value Added at Constant Basic Prices,1999Q2,"Arts, Entertainment and Other Services",744.0
Gross Value Added at Constant Basic Prices,1999Q2,Statistical Discrepancy,
Gross Value Added at Constant Basic Prices,1999Q2,All Sectors,35064.0
Gross Value Added at Constant Basic Prices,1999Q3,"Agriculture, Forestry and Fishing",634.0
Gross Value Added at Constant Basic Prices,1999Q3,Industry (excl. Construction),9483.0
Gross Value Added at Constant Basic Prices,1999Q3,Industry - of which Manufacturing,8560.0
Gross Value Added at Constant Basic Prices,1999Q3,Construction,3422.0
Gross Value Added at Constant Basic Prices,1999Q3,"Distribution, Transport, Hotels and Restaurants",8695.0
Gross Value Added at Constant Basic Prices,1999Q3,Information and Communication,1908.0
Gross Value Added at Constant Basic Prices,1999Q3,Financial and Insurance Activities,3183.0
Gross Value Added at Constant Basic Prices,1999Q3,Real Estate Activities,4670.0
Gross Value Added at Constant Basic Prices,1999Q3,"Professional, Admin and Support Services",3006.0
Gross Value Added at Constant Basic Prices,1999Q3,"Public Admin, Education and Health",6397.0
Gross Value Added at Constant Basic Prices,1999Q3,"Arts, Entertainment and Other Services",761.0
Gross Value Added at Constant Basic Prices,1999Q3,Statistical Discrepancy,
Gross Value Added at Constant Basic Prices,1999Q3,All Sectors,36974.0
Gross Value Added at Constant Basic Prices,1999Q4,"Agriculture, Forestry and Fishing",356.0
Gross Value Added at Constant Basic Prices,1999Q4,Industry (excl. Construction),11065.0
Gross Value Added at Constant Basic Prices,1999Q4,Industry - of which Manufacturing,10097.0
Gross Value Added at Constant Basic Prices,1999Q4,Construction,3441.0
Gross Value Added at Constant Basic Prices,1999Q4,"Distribution, Transport, Hotels and Restaurants",8443.0
Gross Value Added at Constant Basic Prices,1999Q4,Information and Communication,2136.0
Gross Value Added at Constant Basic Prices,1999Q4,Financial and Insurance Activities,3113.0
Gross Value Added at Constant Basic Prices,1999Q4,Real Estate Activities,4933.0
Gross Value Added at Constant Basic Prices,1999Q4,"Professional, Admin and Support Services",3246.0
Gross Value Added at Constant Basic Prices,1999Q4,"Public Admin, Education and Health",6605.0
Gross Value Added at Constant Basic Prices,1999Q4,"Arts, Entertainment and Other Services",751.0
Gross Value Added at Constant Basic Prices,1999Q4,Statistical Discrepancy,
Gross Value Added at Constant Basic Prices,1999Q4,All Sectors,37965.0
Gross Value Added at Constant Basic Prices,2000Q1,"Agriculture, Forestry and Fishing",814.0
Gross Value Added at Constant Basic Prices,2000Q1,Industry (excl. Construction),10209.0
Gross Value Added at Constant Basic Prices,2000Q1,Industry - of which Manufacturing,9220.0
Gross Value Added at Constant Basic Prices,2000Q1,Construction,3382.0
Gross Value Added at Constant Basic Prices,2000Q1,"Distribution, Transport, Hotels and Restaurants",8343.0
Gross Value Added at Constant Basic Prices,2000Q1,Information and Communication,1918.0
Gross Value Added at Constant Basic Prices,2000Q1,Financial and Insurance Activities,3303.0
Gross Value Added at Constant Basic Prices,2000Q1,Real Estate Activities,4525.0
Gross Value Added at Constant Basic Prices,2000Q1,"Professional, Admin and Support Services",3205.0
Gross Value Added at Constant Basic Prices,2000Q1,"Public Admin, Education and Health",6284.0
Gross Value Added at Constant Basic Prices,2000Q1,"Arts, Entertainment and Other Services",728.0
Gross Value Added at Constant Basic Prices,2000Q1,Statistical Discrepancy,
Gross Value Added at Constant Basic Prices,2000Q1,All Sectors,36971.0
Gross Value Added at Constant Basic Prices,2000Q2,"Agriculture, Forestry and Fishing",1112.0
Gross Value Added at Constant Basic Prices,2000Q2,Industry (excl. Construction),11652.0
Gross Value Added at Constant Basic Prices,2000Q2,Industry - of which Manufacturing,10622.0
Gross Value Added at Constant Basic Prices,2000Q2,Construction,3496.0
Gross Value Added at Constant Basic Prices,2000Q2,"Distribution, Transport, Hotels and Restaurants",8461.0
Gross Value Added at Constant Basic Prices,2000Q2,Information and Communication,1814.0
Gross Value Added at Constant Basic Prices,2000Q2,Financial and Insurance Activities,3472.0
Gross Value Added at Constant Basic Prices,2000Q2,Real Estate Activities,4827.0
Gross Value Added at Constant Basic Prices,2000Q2,"Professional, Admin and Support Services",3237.0
Gross Value Added at Constant Basic Prices,2000Q2,"Public Admin, Education and Health",6435.0
Gross Value Added at Constant Basic Prices,2000Q2,"Arts, Entertainment and Other Services",720.0
Gross Value Added at Constant Basic Prices,2000Q2,Statistical Discrepancy,
Gross Value Added at Constant Basic Prices,2000Q2,All Sectors,39320.0
Gross Value Added at Constant Basic Prices,2000Q3,"Agriculture, Forestry and Fishing",659.0
Gross Value Added at Constant Basic Prices,2000Q3,Industry (excl. Construction),10889.0
Gross Value Added at Constant Basic Prices,2000Q3,Industry - of which Manufacturing,9855.0
Gross Value Added at Constant Basic Prices,2000Q3,Construction,3602.0
Gross Value Added at Constant Basic Prices,2000Q3,"Distribution, Transport, Hotels and Restaurants",8883.0
Gross Value Added at Constant Basic Prices,2000Q3,Information and Communication,1929.0
Gross Value Added at Constant Basic Prices,2000Q3,Financial and Insurance Activities,3663.0
Gross Value Added at Constant Basic Prices,2000Q3,Real Estate Activities,5053.0
Gross Value Added at Constant Basic Prices,2000Q3,"Professional, Admin and Support Services",3437.0
Gross Value Added at Constant Basic Prices,2000Q3,"Public Admin, Education and Health",6599.0
Gross Value Added at Constant Basic Prices,2000Q3,"Arts, Entertainment and Other Services",758.0
Gross Value Added at Constant Basic Prices,2000Q3,Statistical Discrepancy,
Gross Value Added at Constant Basic Prices,2000Q3,All Sectors,39618.0
Gross Value Added at Constant Basic Prices,2000Q4,"Agriculture, Forestry and Fishing",323.0
Gross Value Added at Constant Basic Prices,2000Q4,Industry (excl. Construction),13375.0
Gross Value Added at Constant Basic Prices,2000Q4,Industry - of which Manufacturing,12283.0
Gross Value Added at Constant Basic Prices,2000Q4,Construction,3639.0
Gross Value Added at Constant Basic Prices,2000Q4,"Distribution, Transport, Hotels and Restaurants",8201.0
Gross Value Added at Constant Basic Prices,2000Q4,Information and Communication,2073.0
Gross Value Added at Constant Basic Prices,2000Q4,Financial and Insurance Activities,3739.0
Gross Value Added at Constant Basic Prices,2000Q4,Real Estate Activities,5187.0
Gross Value Added at Constant Basic Prices,2000Q4,"Professional, Admin and Support Services",3791.0
Gross Value Added at Constant Basic Prices,2000Q4,"Public Admin, Education and Health",7066.0
Gross Value Added at Constant Basic Prices,2000Q4,"Arts, Entertainment and Other Services",760.0
Gross Value Added at Constant Basic Prices,2000Q4,Statistical Discrepancy,
Gross Value Added at Constant Basic Prices,2000Q4,All Sectors,41752.0
Gross Value Added at Constant Basic Prices,2001Q1,"Agriculture, Forestry and Fishing",728.0
Gross Value Added at Constant Basic Prices,2001Q1,Industry (excl. Construction),12576.0
Gross Value Added at Constant Basic Prices,2001Q1,Industry - of which Manufacturing,11464.0
Gross Value Added at Constant Basic Prices,2001Q1,Construction,3424.0
Gross Value Added at Constant Basic Prices,2001Q1,"Distribution, Transport, Hotels and Restaurants",8015.0
Gross Value Added at Constant Basic Prices,2001Q1,Information and Communication,2147.0
Gross Value Added at Constant Basic Prices,2001Q1,Financial and Insurance Activities,3538.0
Gross Value Added at Constant Basic Prices,2001Q1,Real Estate Activities,4703.0
Gross Value Added at Constant Basic Prices,2001Q1,"Professional, Admin and Support Services",3594.0
Gross Value Added at Constant Basic Prices,2001Q1,"Public Admin, Education and Health",6330.0
Gross Value Added at Constant Basic Prices,2001Q1,"Arts, Entertainment and Other Services",768.0
Gross Value Added at Constant Basic Prices,2001Q1,Statistical Discrepancy,
Gross Value Added at Constant Basic Prices,2001Q1,All Sectors,40112.0
Gross Value Added at Constant Basic Prices,2001Q2,"Agriculture, Forestry and Fishing",1053.0
Gross Value Added at Constant Basic Prices,2001Q2,Industry (excl. Construction),12676.0
Gross Value Added at Constant Basic Prices,2001Q2,Industry - of which Manufacturing,11527.0
Gross Value Added at Constant Basic Prices,2001Q2,Construction,3535.0
Gross Value Added at Constant Basic Prices,2001Q2,"Distribution, Transport, Hotels and Restaurants",8346.0
Gross Value Added at Constant Basic Prices,2001Q2,Information and Communication,1849.0
Gross Value Added at Constant Basic Prices,2001Q2,Financial and Insurance Activities,3825.0
Gross Value Added at Constant Basic Prices,2001Q2,Real Estate Activities,5101.0
Gross Value Added at Constant Basic Prices,2001Q2,"Professional, Admin and Support Services",3887.0
Gross Value Added at Constant Basic Prices,2001Q2,"Public Admin, Education and Health",6703.0
Gross Value Added at Constant Basic Prices,2001Q2,"Arts, Entertainment and Other Services",751.0
Gross Value Added at Constant Basic Prices,2001Q2,Statistical Discrepancy,
Gross Value Added at Constant Basic Prices,2001Q2,All Sectors,42245.0
Gross Value Added at Constant Basic Prices,2001Q3,"Agriculture, Forestry and Fishing",553.0
Gross Value Added at Constant Basic Prices,2001Q3,Industry (excl. Construction),10932.0
Gross Value Added at Constant Basic Prices,2001Q3,Industry - of which Manufacturing,9871.0
Gross Value Added at Constant Basic Prices,2001Q3,Construction,3709.0
Gross Value Added at Constant Basic Prices,2001Q3,"Distribution, Transport, Hotels and Restaurants",8411.0
Gross Value Added at Constant Basic Prices,2001Q3,Information and Communication,2018.0
Gross Value Added at Constant Basic Prices,2001Q3,Financial and Insurance Activities,3963.0
Gross Value Added at Constant Basic Prices,2001Q3,Real Estate Activities,5113.0
Gross Value Added at Constant Basic Prices,2001Q3,"Professional, Admin and Support Services",3962.0
Gross Value Added at Constant Basic Prices,2001Q3,"Public Admin, Education and Health",6867.0
Gross Value Added at Constant Basic Prices,2001Q3,"Arts, Entertainment and Other Services",820.0
Gross Value Added at Constant Basic Prices,2001Q3,Statistical Discrepancy,
Gross Value Added at Constant Basic Prices,2001Q3,All Sectors,41297.0
Gross Value Added at Constant Basic Prices,2001Q4,"Agriculture, Forestry and Fishing",206.0
Gross Value Added at Constant Basic Prices,2001Q4,Industry (excl. Construction),12421.0
Gross Value Added at Constant Basic Prices,2001Q4,Industry - of which Manufacturing,11315.0
Gross Value Added at Constant Basic Prices,2001Q4,Construction,3902.0
Gross Value Added at Constant Basic Prices,2001Q4,"Distribution, Transport, Hotels and Restaurants",8613.0
Gross Value Added at Constant Basic Prices,2001Q4,Information and Communication,2038.0
Gross Value Added at Constant Basic Prices,2001Q4,Financial and Insurance Activities,4187.0
Gross Value Added at Constant Basic Prices,2001Q4,Real Estate Activities,5491.0
Gross Value Added at Constant Basic Prices,2001Q4,"Professional, Admin and Support Services",4106.0
Gross Value Added at Constant Basic Prices,2001Q4,"Public Admin, Education and Health",7168.0
Gross Value Added at Constant Basic Prices,2001Q4,"Arts, Entertainment and Other Services",795.0
Gross Value Added at Constant Basic Prices,2001Q4,Statistical Discrepancy,
Gross Value Added at Constant Basic Prices,2001Q4,All Sectors,43516.0
Gross Value Added at Constant Basic Prices,2002Q1,"Agriculture, Forestry and Fishing",676.0
Gross Value Added at Constant Basic Prices,2002Q1,Industry (excl. Construction),13065.0
Gross Value Added at Constant Basic Prices,2002Q1,Industry - of which Manufacturing,11881.0
Gross Value Added at Constant Basic Prices,2002Q1,Construction,3540.0
Gross Value Added at Constant Basic Prices,2002Q1,"Distribution, Transport, Hotels and Restaurants",8126.0
Gross Value Added at Constant Basic Prices,2002Q1,Information and Communication,2218.0
Gross Value Added at Constant Basic Prices,2002Q1,Financial and Insurance Activities,3782.0
Gross Value Added at Constant Basic Prices,2002Q1,Real Estate Activities,4993.0
Gross Value Added at Constant Basic Prices,2002Q1,"Professional, Admin and Support Services",3954.0
Gross Value Added at Constant Basic Prices,2002Q1,"Public Admin, Education and Health",6726.0
Gross Value Added at Constant Basic Prices,2002Q1,"Arts, Entertainment and Other Services",789.0
Gross Value Added at Constant Basic Prices,2002Q1,Statistical Discrepancy,
Gross Value Added at Constant Basic Prices,2002Q1,All Sectors,42527.0
Gross Value Added at Constant Basic Prices,2002Q2,"Agriculture, Forestry and Fishing",1047.0
Gross Value Added at Constant Basic Prices,2002Q2,Industry (excl. Construction),14604.0
Gross Value Added at Constant Basic Prices,2002Q2,Industry - of which Manufacturing,13470.0
Gross Value Added at Constant Basic Prices,2002Q2,Construction,3512.0
Gross Value Added at Constant Basic Prices,2002Q2,"Distribution, Transport, Hotels and Restaurants",8338.0
Gross Value Added at Constant Basic Prices,2002Q2,Information and Communication,2134.0
Gross Value Added at Constant Basic Prices,2002Q2,Financial and Insurance Activities,3914.0
Gross Value Added at Constant Basic Prices,2002Q2,Real Estate Activities,5279.0
Gross Value Added at Constant Basic Prices,2002Q2,"Professional, Admin and Support Services",4066.0
Gross Value Added at Constant Basic Prices,2002Q2,"Public Admin, Education and Health",6945.0
Gross Value Added at Constant Basic Prices,2002Q2,"Arts, Entertainment and Other Services",840.0
Gross Value Added at Constant Basic Prices,2002Q2,Statistical Discrepancy,
Gross Value Added at Constant Basic Prices,2002Q2,All Sectors,44681.0
Gross Value Added at Constant Basic Prices,2002Q3,"Agriculture, Forestry and Fishing",599.0
Gross Value Added at Constant Basic Prices,2002Q3,Industry (excl. Construction),12524.0
Gross Value Added at Constant Basic Prices,2002Q3,Industry - of which Manufacturing,11410.0
Gross Value Added at Constant Basic Prices,2002Q3,Construction,3796.0
Gross Value Added at Constant Basic Prices,2002Q3,"Distribution, Transport, Hotels and Restaurants",8568.0
Gross Value Added at Constant Basic Prices,2002Q3,Information and Communication,2245.0
Gross Value Added at Constant Basic Prices,2002Q3,Financial and Insurance Activities,4126.0
Gross Value Added at Constant Basic Prices,2002Q3,Real Estate Activities,5543.0
Gross Value Added at Constant Basic Prices,2002Q3,"Professional, Admin and Support Services",3932.0
Gross Value Added at Constant Basic Prices,2002Q3,"Public Admin, Education and Health",6989.0
Gross Value Added at Constant Basic Prices,2002Q3,"Arts, Entertainment and Other Services",835.0
Gross Value Added at Constant Basic Prices,2002Q3,Statistical Discrepancy,
Gross Value Added at Constant Basic Prices,2002Q3,All Sectors,43845.0
Gross Value Added at Constant Basic Prices,2002Q4,"Agriculture, Forestry and Fishing",215.0
Gross Value Added at Constant Basic Prices,2002Q4,Industry (excl. Construction),13754.0
Gross Value Added at Constant Basic Prices,2002Q4,Industry - of which Manufacturing,12569.0
Gross Value Added at Constant Basic Prices,2002Q4,Construction,3991.0
Gross Value Added at Constant Basic Prices,2002Q4,"Distribution, Transport, Hotels and Restaurants",8884.0
Gross Value Added at Constant Basic Prices,2002Q4,Information and Communication,2342.0
Gross Value Added at Constant Basic Prices,2002Q4,Financial and Insurance Activities,4374.0
Gross Value Added at Constant Basic Prices,2002Q4,Real Estate Activities,5911.0
Gross Value Added at Constant Basic Prices,2002Q4,"Professional, Admin and Support Services",3960.0
Gross Value Added at Constant Basic Prices,2002Q4,"Public Admin, Education and Health",7304.0
Gross Value Added at Constant Basic Prices,2002Q4,"Arts, Entertainment and Other Services",854.0
Gross Value Added at Constant Basic Prices,2002Q4,Statistical Discrepancy,
Gross Value Added at Constant Basic Prices,2002Q4,All Sectors,46551.0
Gross Value Added at Constant Basic Prices,2003Q1,"Agriculture, Forestry and Fishing",730.0
Gross Value Added at Constant Basic Prices,2003Q1,Industry (excl. Construction),13253.0
Gross Value Added at Constant Basic Prices,2003Q1,Industry - of which Manufacturing,12008.0
Gross Value Added at Constant Basic Prices,2003Q1,Construction,3594.0
Gross Value Added at Constant Basic Prices,2003Q1,"Distribution, Transport, Hotels and Restaurants",8421.0
Gross Value Added at Constant Basic Prices,2003Q1,Information and Communication,1916.0
Gross Value Added at Constant Basic Prices,2003Q1,Financial and Insurance Activities,3829.0
Gross Value Added at Constant Basic Prices,2003Q1,Real Estate Activities,5444.0
Gross Value Added at Constant Basic Prices,2003Q1,"Professional, Admin and Support Services",3952.0
Gross Value Added at Constant Basic Prices,2003Q1,"Public Admin, Education and Health",6936.0
Gross Value Added at Constant Basic Prices,2003Q1,"Arts, Entertainment and Other Services",813.0
Gross Value Added at Constant Basic Prices,2003Q1,Statistical Discrepancy,
Gross Value Added at Constant Basic Prices,2003Q1,All Sectors,43293.0
Gross Value Added at Constant Basic Prices,2003Q2,"Agriculture, Forestry and Fishing",1064.0
Gross Value Added at Constant Basic Prices,2003Q2,Industry (excl. Construction),14307.0
Gross Value Added at Constant Basic Prices,2003Q2,Industry - of which Manufacturing,13084.0
Gross Value Added at Constant Basic Prices,2003Q2,Construction,3637.0
Gross Value Added at Constant Basic Prices,2003Q2,"Distribution, Transport, Hotels and Restaurants",8603.0
Gross Value Added at Constant Basic Prices,2003Q2,Information and Communication,2002.0
Gross Value Added at Constant Basic Prices,2003Q2,Financial and Insurance Activities,4000.0
Gross Value Added at Constant Basic Prices,2003Q2,Real Estate Activities,5782.0
Gross Value Added at Constant Basic Prices,2003Q2,"Professional, Admin and Support Services",3941.0
Gross Value Added at Constant Basic Prices,2003Q2,"Public Admin, Education and Health",7099.0
Gross Value Added at Constant Basic Prices,2003Q2,"Arts, Entertainment and Other Services",797.0
Gross Value Added at Constant Basic Prices,2003Q2,Statistical Discrepancy,
Gross Value Added at Constant Basic Prices,2003Q2,All Sectors,45924.0
Gross Value Added at Constant Basic Prices,2003Q3,"Agriculture, Forestry and Fishing",638.0
Gross Value Added at Constant Basic Prices,2003Q3,Industry (excl. Construction),11470.0
Gross Value Added at Constant Basic Prices,2003Q3,Industry - of which Manufacturing,10270.0
Gross Value Added at Constant Basic Prices,2003Q3,Construction,4088.0
Gross Value Added at Constant Basic Prices,2003Q3,"Distribution, Transport, Hotels and Restaurants",8710.0
Gross Value Added at Constant Basic Prices,2003Q3,Information and Communication,2031.0
Gross Value Added at Constant Basic Prices,2003Q3,Financial and Insurance Activities,4192.0
Gross Value Added at Constant Basic Prices,2003Q3,Real Estate Activities,6343.0
Gross Value Added at Constant Basic Prices,2003Q3,"Professional, Admin and Support Services",3910.0
Gross Value Added at Constant Basic Prices,2003Q3,"Public Admin, Education and Health",7163.0
Gross Value Added at Constant Basic Prices,2003Q3,"Arts, Entertainment and Other Services",858.0
Gross Value Added at Constant Basic Prices,2003Q3,Statistical Discrepancy,
Gross Value Added at Constant Basic Prices,2003Q3,All Sectors,43905.0
Gross Value Added at Constant Basic Prices,2003Q4,"Agriculture, Forestry and Fishing",230.0
Gross Value Added at Constant Basic Prices,2003Q4,Industry (excl. Construction),14847.0
Gross Value Added at Constant Basic Prices,2003Q4,Industry - of which Manufacturing,13571.0
Gross Value Added at Constant Basic Prices,2003Q4,Construction,4448.0
Gross Value Added at Constant Basic Prices,2003Q4,"Distribution, Transport, Hotels and Restaurants",8818.0
Gross Value Added at Constant Basic Prices,2003Q4,Information and Communication,2057.0
Gross Value Added at Constant Basic Prices,2003Q4,Financial and Insurance Activities,4156.0
Gross Value Added at Constant Basic Prices,2003Q4,Real Estate Activities,6721.0
Gross Value Added at Constant Basic Prices,2003Q4,"Professional, Admin and Support Services",4028.0
Gross Value Added at Constant Basic Prices,2003Q4,"Public Admin, Education and Health",7377.0
Gross Value Added at Constant Basic Prices,2003Q4,"Arts, Entertainment and Other Services",870.0
Gross Value Added at Constant Basic Prices,2003Q4,Statistical Discrepancy,
Gross Value Added at Constant Basic Prices,2003Q4,All Sectors,49150.0
Gross Value Added at Constant Basic Prices,2004Q1,"Agriculture, Forestry and Fishing",865.0
Gross Value Added at Constant Basic Prices,2004Q1,Industry (excl. Construction),13597.0
Gross Value Added at Constant Basic Prices,2004Q1,Industry - of which Manufacturing,12301.0
Gross Value Added at Constant Basic Prices,2004Q1,Construction,4085.0
Gross Value Added at Constant Basic Prices,2004Q1,"Distribution, Transport, Hotels and Restaurants",8594.0
Gross Value Added at Constant Basic Prices,2004Q1,Information and Communication,2358.0
Gross Value Added at Constant Basic Prices,2004Q1,Financial and Insurance Activities,4555.0
Gross Value Added at Constant Basic Prices,2004Q1,Real Estate Activities,5813.0
Gross Value Added at Constant Basic Prices,2004Q1,"Professional, Admin and Support Services",4002.0
Gross Value Added at Constant Basic Prices,2004Q1,"Public Admin, Education and Health",7253.0
Gross Value Added at Constant Basic Prices,2004Q1,"Arts, Entertainment and Other Services",837.0
Gross Value Added at Constant Basic Prices,2004Q1,Statistical Discrepancy,
Gross Value Added at Constant Basic Prices,2004Q1,All Sectors,46467.0
Gross Value Added at Constant Basic Prices,2004Q2,"Agriculture, Forestry and Fishing",1231.0
Gross Value Added at Constant Basic Prices,2004Q2,Industry (excl. Construction),14602.0
Gross Value Added at Constant Basic Prices,2004Q2,Industry - of which Manufacturing,13339.0
Gross Value Added at Constant Basic Prices,2004Q2,Construction,4224.0
Gross Value Added at Constant Basic Prices,2004Q2,"Distribution, Transport, Hotels and Restaurants",8690.0
Gross Value Added at Constant Basic Prices,2004Q2,Information and Communication,2312.0
Gross Value Added at Constant Basic Prices,2004Q2,Financial and Insurance Activities,4519.0
Gross Value Added at Constant Basic Prices,2004Q2,Real Estate Activities,6072.0
Gross Value Added at Constant Basic Prices,2004Q2,"Professional, Admin and Support Services",4070.0
Gross Value Added at Constant Basic Prices,2004Q2,"Public Admin, Education and Health",7383.0
Gross Value Added at Constant Basic Prices,2004Q2,"Arts, Entertainment and Other Services",848.0
Gross Value Added at Constant Basic Prices,2004Q2,Statistical Discrepancy,
Gross Value Added at Constant Basic Prices,2004Q2,All Sectors,49632.0
Gross Value Added at Constant Basic Prices,2004Q3,"Agriculture, Forestry and Fishing",717.0
Gross Value Added at Constant Basic Prices,2004Q3,Industry (excl. Construction),11569.0
Gross Value Added at Constant Basic Prices,2004Q3,Industry - of which Manufacturing,10378.0
Gross Value Added at Constant Basic Prices,2004Q3,Construction,4330.0
Gross Value Added at Constant Basic Prices,2004Q3,"Distribution, Transport, Hotels and Restaurants",8852.0
Gross Value Added at Constant Basic Prices,2004Q3,Information and Communication,2377.0
Gross Value Added at Constant Basic Prices,2004Q3,Financial and Insurance Activities,4639.0
Gross Value Added at Constant Basic Prices,2004Q3,Real Estate Activities,5995.0
Gross Value Added at Constant Basic Prices,2004Q3,"Professional, Admin and Support Services",4251.0
Gross Value Added at Constant Basic Prices,2004Q3,"Public Admin, Education and Health",7449.0
Gross Value Added at Constant Basic Prices,2004Q3,"Arts, Entertainment and Other Services",922.0
Gross Value Added at Constant Basic Prices,2004Q3,Statistical Discrepancy,
Gross Value Added at Constant Basic Prices,2004Q3,All Sectors,46765.0
Gross Value Added at Constant Basic Prices,2004Q4,"Agriculture, Forestry and Fishing",211.0
Gross Value Added at Constant Basic Prices,2004Q4,Industry (excl. Construction),13891.0
Gross Value Added at Constant Basic Prices,2004Q4,Industry - of which Manufacturing,12610.0
Gross Value Added at Constant Basic Prices,2004Q4,Construction,4707.0
Gross Value Added at Constant Basic Prices,2004Q4,"Distribution, Transport, Hotels and Restaurants",8980.0
Gross Value Added at Constant Basic Prices,2004Q4,Information and Communication,2488.0
Gross Value Added at Constant Basic Prices,2004Q4,Financial and Insurance Activities,4893.0
Gross Value Added at Constant Basic Prices,2004Q4,Real Estate Activities,6535.0
Gross Value Added at Constant Basic Prices,2004Q4,"Professional, Admin and Support Services",4711.0
Gross Value Added at Constant Basic Prices,2004Q4,"Public Admin, Education and Health",7746.0
Gross Value Added at Constant Basic Prices,2004Q4,"Arts, Entertainment and Other Services",925.0
Gross Value Added at Constant Basic Prices,2004Q4,Statistical Discrepancy,
Gross Value Added at Constant Basic Prices,2004Q4,All Sectors,50790.0
Gross Value Added at Constant Basic Prices,2005Q1,"Agriculture, Forestry and Fishing",729.0
Gross Value Added at Constant Basic Prices,2005Q1,Industry (excl. Construction),14435.0
Gross Value Added at Constant Basic Prices,2005Q1,Industry - of which Manufacturing,13027.0
Gross Value Added at Constant Basic Prices,2005Q1,Construction,4419.0
Gross Value Added at Constant Basic Prices,2005Q1,"Distribution, Transport, Hotels and Restaurants",9083.0
Gross Value Added at Constant Basic Prices,2005Q1,Information and Communication,2643.0
Gross Value Added at Constant Basic Prices,2005Q1,Financial and Insurance Activities,4672.0
Gross Value Added at Constant Basic Prices,2005Q1,Real Estate Activities,5964.0
Gross Value Added at Constant Basic Prices,2005Q1,"Professional, Admin and Support Services",4840.0
Gross Value Added at Constant Basic Prices,2005Q1,"Public Admin, Education and Health",7517.0
Gross Value Added at Constant Basic Prices,2005Q1,"Arts, Entertainment and Other Services",872.0
Gross Value Added at Constant Basic Prices,2005Q1,Statistical Discrepancy,
Gross Value Added at Constant Basic Prices,2005Q1,All Sectors,48664.0
Gross Value Added at Constant Basic Prices,2005Q2,"Agriculture, Forestry and Fishing",1117.0
Gross Value Added at Constant Basic Prices,2005Q2,Industry (excl. Construction),14771.0
Gross Value Added at Constant Basic Prices,2005Q2,Industry - of which Manufacturing,13532.0
Gross Value Added at Constant Basic Prices,2005Q2,Construction,4680.0
Gross Value Added at Constant Basic Prices,2005Q2,"Distribution, Transport, Hotels and Restaurants",9148.0
Gross Value Added at Constant Basic Prices,2005Q2,Information and Communication,2636.0
Gross Value Added at Constant Basic Prices,2005Q2,Financial and Insurance Activities,4610.0
Gross Value Added at Constant Basic Prices,2005Q2,Real Estate Activities,6108.0
Gross Value Added at Constant Basic Prices,2005Q2,"Professional, Admin and Support Services",5204.0
Gross Value Added at Constant Basic Prices,2005Q2,"Public Admin, Education and Health",7706.0
Gross Value Added at Constant Basic Prices,2005Q2,"Arts, Entertainment and Other Services",877.0
Gross Value Added at Constant Basic Prices,2005Q2,Statistical Discrepancy,
Gross Value Added at Constant Basic Prices,2005Q2,All Sectors,52051.0
Gross Value Added at Constant Basic Prices,2005Q3,"Agriculture, Forestry and Fishing",455.0
Gross Value Added at Constant Basic Prices,2005Q3,Industry (excl. Construction),12517.0
Gross Value Added at Constant Basic Prices,2005Q3,Industry - of which Manufacturing,11373.0
Gross Value Added at Constant Basic Prices,2005Q3,Construction,4948.0
Gross Value Added at Constant Basic Prices,2005Q3,"Distribution, Transport, Hotels and Restaurants",9209.0
Gross Value Added at Constant Basic Prices,2005Q3,Information and Communication,2678.0
Gross Value Added at Constant Basic Prices,2005Q3,Financial and Insurance Activities,4774.0
Gross Value Added at Constant Basic Prices,2005Q3,Real Estate Activities,6358.0
Gross Value Added at Constant Basic Prices,2005Q3,"Professional, Admin and Support Services",5170.0
Gross Value Added at Constant Basic Prices,2005Q3,"Public Admin, Education and Health",7741.0
Gross Value Added at Constant Basic Prices,2005Q3,"Arts, Entertainment and Other Services",959.0
Gross Value Added at Constant Basic Prices,2005Q3,Statistical Discrepancy,
Gross Value Added at Constant Basic Prices,2005Q3,All Sectors,48624.0
Gross Value Added at Constant Basic Prices,2005Q4,"Agriculture, Forestry and Fishing",10.0
Gross Value Added at Constant Basic Prices,2005Q4,Industry (excl. Construction),14885.0
Gross Value Added at Constant Basic Prices,2005Q4,Industry - of which Manufacturing,13478.0
Gross Value Added at Constant Basic Prices,2005Q4,Construction,5116.0
Gross Value Added at Constant Basic Prices,2005Q4,"Distribution, Transport, Hotels and Restaurants",9381.0
Gross Value Added at Constant Basic Prices,2005Q4,Information and Communication,2709.0
Gross Value Added at Constant Basic Prices,2005Q4,Financial and Insurance Activities,4988.0
Gross Value Added at Constant Basic Prices,2005Q4,Real Estate Activities,7214.0
Gross Value Added at Constant Basic Prices,2005Q4,"Professional, Admin and Support Services",5058.0
Gross Value Added at Constant Basic Prices,2005Q4,"Public Admin, Education and Health",8034.0
Gross Value Added at Constant Basic Prices,2005Q4,"Arts, Entertainment and Other Services",967.0
Gross Value Added at Constant Basic Prices,2005Q4,Statistical Discrepancy,
Gross Value Added at Constant Basic Prices,2005Q4,All Sectors,53479.0
Gross Value Added at Constant Basic Prices,2006Q1,"Agriculture, Forestry and Fishing",668.0
Gross Value Added at Constant Basic Prices,2006Q1,Industry (excl. Construction),14119.0
Gross Value Added at Constant Basic Prices,2006Q1,Industry - of which Manufacturing,12721.0
Gross Value Added at Constant Basic Prices,2006Q1,Construction,4986.0
Gross Value Added at Constant Basic Prices,2006Q1,"Distribution, Transport, Hotels and Restaurants",9625.0
Gross Value Added at Constant Basic Prices,2006Q1,Information and Communication,2828.0
Gross Value Added at Constant Basic Prices,2006Q1,Financial and Insurance Activities,5097.0
Gross Value Added at Constant Basic Prices,2006Q1,Real Estate Activities,6876.0
Gross Value Added at Constant Basic Prices,2006Q1,"Professional, Admin and Support Services",4594.0
Gross Value Added at Constant Basic Prices,2006Q1,"Public Admin, Education and Health",7779.0
Gross Value Added at Constant Basic Prices,2006Q1,"Arts, Entertainment and Other Services",1003.0
Gross Value Added at Constant Basic Prices,2006Q1,Statistical Discrepancy,
Gross Value Added at Constant Basic Prices,2006Q1,All Sectors,51227.0
Gross Value Added at Constant Basic Prices,2006Q2,"Agriculture, Forestry and Fishing",1029.0
Gross Value Added at Constant Basic Prices,2006Q2,Industry (excl. Construction),16385.0
Gross Value Added at Constant Basic Prices,2006Q2,Industry - of which Manufacturing,15076.0
Gross Value Added at Constant Basic Prices,2006Q2,Construction,4760.0
Gross Value Added at Constant Basic Prices,2006Q2,"Distribution, Transport, Hotels and Restaurants",9639.0
Gross Value Added at Constant Basic Prices,2006Q2,Information and Communication,2718.0
Gross Value Added at Constant Basic Prices,2006Q2,Financial and Insurance Activities,5194.0
Gross Value Added at Constant Basic Prices,2006Q2,Real Estate Activities,6861.0
Gross Value Added at Constant Basic Prices,2006Q2,"Professional, Admin and Support Services",4341.0
Gross Value Added at Constant Basic Prices,2006Q2,"Public Admin, Education and Health",8057.0
Gross Value Added at Constant Basic Prices,2006Q2,"Arts, Entertainment and Other Services",1019.0
Gross Value Added at Constant Basic Prices,2006Q2,Statistical Discrepancy,
Gross Value Added at Constant Basic Prices,2006Q2,All Sectors,53648.0
Gross Value Added at Constant Basic Prices,2006Q3,"Agriculture, Forestry and Fishing",267.0
Gross Value Added at Constant Basic Prices,2006Q3,Industry (excl. Construction),13383.0
Gross Value Added at Constant Basic Prices,2006Q3,Industry - of which Manufacturing,12153.0
Gross Value Added at Constant Basic Prices,2006Q3,Construction,5173.0
Gross Value Added at Constant Basic Prices,2006Q3,"Distribution, Transport, Hotels and Restaurants",9661.0
Gross Value Added at Constant Basic Prices,2006Q3,Information and Communication,3206.0
Gross Value Added at Constant Basic Prices,2006Q3,Financial and Insurance Activities,5269.0
Gross Value Added at Constant Basic Prices,2006Q3,Real Estate Activities,7159.0
Gross Value Added at Constant Basic Prices,2006Q3,"Professional, Admin and Support Services",4236.0
Gross Value Added at Constant Basic Prices,2006Q3,"Public Admin, Education and Health",8251.0
Gross Value Added at Constant Basic Prices,2006Q3,"Arts, Entertainment and Other Services",1049.0
Gross Value Added at Constant Basic Prices,2006Q3,Statistical Discrepancy,
Gross Value Added at Constant Basic Prices,2006Q3,All Sectors,51960.0
Gross Value Added at Constant Basic Prices,2006Q4,"Agriculture, Forestry and Fishing",44.0
Gross Value Added at Constant Basic Prices,2006Q4,Industry (excl. Construction),13980.0
Gross Value Added at Constant Basic Prices,2006Q4,Industry - of which Manufacturing,12552.0
Gross Value Added at Constant Basic Prices,2006Q4,Construction,5139.0
Gross Value Added at Constant Basic Prices,2006Q4,"Distribution, Transport, Hotels and Restaurants",10231.0
Gross Value Added at Constant Basic Prices,2006Q4,Information and Communication,3264.0
Gross Value Added at Constant Basic Prices,2006Q4,Financial and Insurance Activities,5647.0
Gross Value Added at Constant Basic Prices,2006Q4,Real Estate Activities,7481.0
Gross Value Added at Constant Basic Prices,2006Q4,"Professional, Admin and Support Services",4562.0
Gross Value Added at Constant Basic Prices,2006Q4,"Public Admin, Education and Health",8494.0
Gross Value Added at Constant Basic Prices,2006Q4,"Arts, Entertainment and Other Services",1074.0
Gross Value Added at Constant Basic Prices,2006Q4,Statistical Discrepancy,
Gross Value Added at Constant Basic Prices,2006Q4,All Sectors,54380.0
Gross Value Added at Constant Basic Prices,2007Q1,"Agriculture, Forestry and Fishing",677.0
Gross Value Added at Constant Basic Prices,2007Q1,Industry (excl. Construction),15907.0
Gross Value Added at Constant Basic Prices,2007Q1,Industry - of which Manufacturing,14482.0
Gross Value Added at Constant Basic Prices,2007Q1,Construction,5207.0
Gross Value Added at Constant Basic Prices,2007Q1,"Distribution, Transport, Hotels and Restaurants",10662.0
Gross Value Added at Constant Basic Prices,2007Q1,Information and Communication,3824.0
Gross Value Added at Constant Basic Prices,2007Q1,Financial and Insurance Activities,5122.0
Gross Value Added at Constant Basic Prices,2007Q1,Real Estate Activities,6779.0
Gross Value Added at Constant Basic Prices,2007Q1,"Professional, Admin and Support Services",4998.0
Gross Value Added at Constant Basic Prices,2007Q1,"Public Admin, Education and Health",8355.0
Gross Value Added at Constant Basic Prices,2007Q1,"Arts, Entertainment and Other Services",1036.0
Gross Value Added at Constant Basic Prices,2007Q1,Statistical Discrepancy,
Gross Value Added at Constant Basic Prices,2007Q1,All Sectors,55638.0
Gross Value Added at Constant Basic Prices,2007Q2,"Agriculture, Forestry and Fishing",1084.0
Gross Value Added at Constant Basic Prices,2007Q2,Industry (excl. Construction),15525.0
Gross Value Added at Constant Basic Prices,2007Q2,Industry - of which Manufacturing,14213.0
Gross Value Added at Constant Basic Prices,2007Q2,Construction,4826.0
Gross Value Added at Constant Basic Prices,2007Q2,"Distribution, Transport, Hotels and Restaurants",10689.0
Gross Value Added at Constant Basic Prices,2007Q2,Information and Communication,3673.0
Gross Value Added at Constant Basic Prices,2007Q2,Financial and Insurance Activities,5365.0
Gross Value Added at Constant Basic Prices,2007Q2,Real Estate Activities,6952.0
Gross Value Added at Constant Basic Prices,2007Q2,"Professional, Admin and Support Services",5514.0
Gross Value Added at Constant Basic Prices,2007Q2,"Public Admin, Education and Health",8559.0
Gross Value Added at Constant Basic Prices,2007Q2,"Arts, Entertainment and Other Services",1022.0
Gross Value Added at Constant Basic Prices,2007Q2,Statistical Discrepancy,
Gross Value Added at Constant Basic Prices,2007Q2,All Sectors,57021.0
Gross Value Added at Constant Basic Prices,2007Q3,"Agriculture, Forestry and Fishing",398.0
Gross Value Added at Constant Basic Prices,2007Q3,Industry (excl. Construction),14201.0
Gross Value Added at Constant Basic Prices,2007Q3,Industry - of which Manufacturing,12879.0
Gross Value Added at Constant Basic Prices,2007Q3,Construction,5080.0
Gross Value Added at Constant Basic Prices,2007Q3,"Distribution, Transport, Hotels and Restaurants",10819.0
Gross Value Added at Constant Basic Prices,2007Q3,Information and Communication,3158.0
Gross Value Added at Constant Basic Prices,2007Q3,Financial and Insurance Activities,5932.0
Gross Value Added at Constant Basic Prices,2007Q3,Real Estate Activities,6824.0
Gross Value Added at Constant Basic Prices,2007Q3,"Professional, Admin and Support Services",5818.0
Gross Value Added at Constant Basic Prices,2007Q3,"Public Admin, Education and Health",8678.0
Gross Value Added at Constant Basic Prices,2007Q3,"Arts, Entertainment and Other Services",1114.0
Gross Value Added at Constant Basic Prices,2007Q3,Statistical Discrepancy,
Gross Value Added at Constant Basic Prices,2007Q3,All Sectors,54022.0
Gross Value Added at Constant Basic Prices,2007Q4,"Agriculture, Forestry and Fishing",30.0
Gross Value Added at Constant Basic Prices,2007Q4,Industry (excl. Construction),15450.0
Gross Value Added at Constant Basic Prices,2007Q4,Industry - of which Manufacturing,14017.0
Gross Value Added at Constant Basic Prices,2007Q4,Construction,5138.0
Gross Value Added at Constant Basic Prices,2007Q4,"Distribution, Transport, Hotels and Restaurants",11070.0
Gross Value Added at Constant Basic Prices,2007Q4,Information and Communication,3546.0
Gross Value Added at Constant Basic Prices,2007Q4,Financial and Insurance Activities,5944.0
Gross Value Added at Constant Basic Prices,2007Q4,Real Estate Activities,7433.0
Gross Value Added at Constant Basic Prices,2007Q4,"Professional, Admin and Support Services",6082.0
Gross Value Added at Constant Basic Prices,2007Q4,"Public Admin, Education and Health",8852.0
Gross Value Added at Constant Basic Prices,2007Q4,"Arts, Entertainment and Other Services",1039.0
Gross Value Added at Constant Basic Prices,2007Q4,Statistical Discrepancy,
Gross Value Added at Constant Basic Prices,2007Q4,All Sectors,58018.0
Gross Value Added at Constant Basic Prices,2008Q1,"Agriculture, Forestry and Fishing",664.0
Gross Value Added at Constant Basic Prices,2008Q1,Industry (excl. Construction),14993.0
Gross Value Added at Constant Basic Prices,2008Q1,Industry - of which Manufacturing,13541.0
Gross Value Added at Constant Basic Prices,2008Q1,Construction,5113.0
Gross Value Added at Constant Basic Prices,2008Q1,"Distribution, Transport, Hotels and Restaurants",10825.0
Gross Value Added at Constant Basic Prices,2008Q1,Information and Communication,3808.0
Gross Value Added at Constant Basic Prices,2008Q1,Financial and Insurance Activities,5496.0
Gross Value Added at Constant Basic Prices,2008Q1,Real Estate Activities,6509.0
Gross Value Added at Constant Basic Prices,2008Q1,"Professional, Admin and Support Services",5808.0
Gross Value Added at Constant Basic Prices,2008Q1,"Public Admin, Education and Health",8475.0
Gross Value Added at Constant Basic Prices,2008Q1,"Arts, Entertainment and Other Services",1053.0
Gross Value Added at Constant Basic Prices,2008Q1,Statistical Discrepancy,
Gross Value Added at Constant Basic Prices,2008Q1,All Sectors,55205.0
Gross Value Added at Constant Basic Prices,2008Q2,"Agriculture, Forestry and Fishing",994.0
Gross Value Added at Constant Basic Prices,2008Q2,Industry (excl. Construction),15349.0
Gross Value Added at Constant Basic Prices,2008Q2,Industry - of which Manufacturing,13972.0
Gross Value Added at Constant Basic Prices,2008Q2,Construction,4737.0
Gross Value Added at Constant Basic Prices,2008Q2,"Distribution, Transport, Hotels and Restaurants",10471.0
Gross Value Added at Constant Basic Prices,2008Q2,Information and Communication,3828.0
Gross Value Added at Constant Basic Prices,2008Q2,Financial and Insurance Activities,5315.0
Gross Value Added at Constant Basic Prices,2008Q2,Real Estate Activities,6406.0
Gross Value Added at Constant Basic Prices,2008Q2,"Professional, Admin and Support Services",5781.0
Gross Value Added at Constant Basic Prices,2008Q2,"Public Admin, Education and Health",8863.0
Gross Value Added at Constant Basic Prices,2008Q2,"Arts, Entertainment and Other Services",1072.0
Gross Value Added at Constant Basic Prices,2008Q2,Statistical Discrepancy,
Gross Value Added at Constant Basic Prices,2008Q2,All Sectors,56141.0
Gross Value Added at Constant Basic Prices,2008Q3,"Agriculture, Forestry and Fishing",534.0
Gross Value Added at Constant Basic Prices,2008Q3,Industry (excl. Construction),13430.0
Gross Value Added at Constant Basic Prices,2008Q3,Industry - of which Manufacturing,12145.0
Gross Value Added at Constant Basic Prices,2008Q3,Construction,4846.0
Gross Value Added at Constant Basic Prices,2008Q3,"Distribution, Transport, Hotels and Restaurants",10411.0
Gross Value Added at Constant Basic Prices,2008Q3,Information and Communication,4175.0
Gross Value Added at Constant Basic Prices,2008Q3,Financial and Insurance Activities,5745.0
Gross Value Added at Constant Basic Prices,2008Q3,Real Estate Activities,6140.0
Gross Value Added at Constant Basic Prices,2008Q3,"Professional, Admin and Support Services",5783.0
Gross Value Added at Constant Basic Prices,2008Q3,"Public Admin, Education and Health",8819.0
Gross Value Added at Constant Basic Prices,2008Q3,"Arts, Entertainment and Other Services",1063.0
Gross Value Added at Constant Basic Prices,2008Q3,Statistical Discrepancy,
Gross Value Added at Constant Basic Prices,2008Q3,All Sectors,54425.0
Gross Value Added at Constant Basic Prices,2008Q4,"Agriculture, Forestry and Fishing",111.0
Gross Value Added at Constant Basic Prices,2008Q4,Industry (excl. Construction),12143.0
Gross Value Added at Constant Basic Prices,2008Q4,Industry - of which Manufacturing,10609.0
Gross Value Added at Constant Basic Prices,2008Q4,Construction,4390.0
Gross Value Added at Constant Basic Prices,2008Q4,"Distribution, Transport, Hotels and Restaurants",10158.0
Gross Value Added at Constant Basic Prices,2008Q4,Information and Communication,4164.0
Gross Value Added at Constant Basic Prices,2008Q4,Financial and Insurance Activities,5673.0
Gross Value Added at Constant Basic Prices,2008Q4,Real Estate Activities,6059.0
Gross Value Added at Constant Basic Prices,2008Q4,"Professional, Admin and Support Services",5858.0
Gross Value Added at Constant Basic Prices,2008Q4,"Public Admin, Education and Health",9202.0
Gross Value Added at Constant Basic Prices,2008Q4,"Arts, Entertainment and Other Services",978.0
Gross Value Added at Constant Basic Prices,2008Q4,Statistical Discrepancy,
Gross Value Added at Constant Basic Prices,2008Q4,All Sectors,53042.0
Gross Value Added at Constant Basic Prices,2009Q1,"Agriculture, Forestry and Fishing",534.0
Gross Value Added at Constant Basic Prices,2009Q1,Industry (excl. Construction),14595.0
Gross Value Added at Constant Basic Prices,2009Q1,Industry - of which Manufacturing,13190.0
Gross Value Added at Constant Basic Prices,2009Q1,Construction,3806.0
Gross Value Added at Constant Basic Prices,2009Q1,"Distribution, Transport, Hotels and Restaurants",9104.0
Gross Value Added at Constant Basic Prices,2009Q1,Information and Communication,4104.0
Gross Value Added at Constant Basic Prices,2009Q1,Financial and Insurance Activities,5195.0
Gross Value Added at Constant Basic Prices,2009Q1,Real Estate Activities,5767.0
Gross Value Added at Constant Basic Prices,2009Q1,"Professional, Admin and Support Services",5436.0
Gross Value Added at Constant Basic Prices,2009Q1,"Public Admin, Education and Health",8553.0
Gross Value Added at Constant Basic Prices,2009Q1,"Arts, Entertainment and Other Services",1032.0
Gross Value Added at Constant Basic Prices,2009Q1,Statistical Discrepancy,
Gross Value Added at Constant Basic Prices,2009Q1,All Sectors,52804.0
Gross Value Added at Constant Basic Prices,2009Q2,"Agriculture, Forestry and Fishing",1000.0
Gross Value Added at Constant Basic Prices,2009Q2,Industry (excl. Construction),14710.0
Gross Value Added at Constant Basic Prices,2009Q2,Industry - of which Manufacturing,13484.0
Gross Value Added at Constant Basic Prices,2009Q2,Construction,3450.0
Gross Value Added at Constant Basic Prices,2009Q2,"Distribution, Transport, Hotels and Restaurants",9059.0
Gross Value Added at Constant Basic Prices,2009Q2,Information and Communication,4120.0
Gross Value Added at Constant Basic Prices,2009Q2,Financial and Insurance Activities,5271.0
Gross Value Added at Constant Basic Prices,2009Q2,Real Estate Activities,5724.0
Gross Value Added at Constant Basic Prices,2009Q2,"Professional, Admin and Support Services",5396.0
Gross Value Added at Constant Basic Prices,2009Q2,"Public Admin, Education and Health",8841.0
Gross Value Added at Constant Basic Prices,2009Q2,"Arts, Entertainment and Other Services",1039.0
Gross Value Added at Constant Basic Prices,2009Q2,Statistical Discrepancy,
Gross Value Added at Constant Basic Prices,2009Q2,All Sectors,54235.0
Gross Value Added at Constant Basic Prices,2009Q3,"Agriculture, Forestry and Fishing",328.0
Gross Value Added at Constant Basic Prices,2009Q3,Industry (excl. Construction),12122.0
Gross Value Added at Constant Basic Prices,2009Q3,Industry - of which Manufacturing,10936.0
Gross Value Added at Constant Basic Prices,2009Q3,Construction,3430.0
Gross Value Added at Constant Basic Prices,2009Q3,"Distribution, Transport, Hotels and Restaurants",9239.0
Gross Value Added at Constant Basic Prices,2009Q3,Information and Communication,4448.0
Gross Value Added at Constant Basic Prices,2009Q3,Financial and Insurance Activities,5476.0
Gross Value Added at Constant Basic Prices,2009Q3,Real Estate Activities,5761.0
Gross Value Added at Constant Basic Prices,2009Q3,"Professional, Admin and Support Services",5388.0
Gross Value Added at Constant Basic Prices,2009Q3,"Public Admin, Education and Health",8821.0
Gross Value Added at Constant Basic Prices,2009Q3,"Arts, Entertainment and Other Services",1014.0
Gross Value Added at Constant Basic Prices,2009Q3,Statistical Discrepancy,
Gross Value Added at Constant Basic Prices,2009Q3,All Sectors,51967.0
Gross Value Added at Constant Basic Prices,2009Q4,"Agriculture, Forestry and Fishing",35.0
Gross Value Added at Constant Basic Prices,2009Q4,Industry (excl. Construction),11439.0
Gross Value Added at Constant Basic Prices,2009Q4,Industry - of which Manufacturing,10108.0
Gross Value Added at Constant Basic Prices,2009Q4,Construction,3202.0
Gross Value Added at Constant Basic Prices,2009Q4,"Distribution, Transport, Hotels and Restaurants",9468.0
Gross Value Added at Constant Basic Prices,2009Q4,Information and Communication,4314.0
Gross Value Added at Constant Basic Prices,2009Q4,Financial and Insurance Activities,5287.0
Gross Value Added at Constant Basic Prices,2009Q4,Real Estate Activities,5827.0
Gross Value Added at Constant Basic Prices,2009Q4,"Professional, Admin and Support Services",5644.0
Gross Value Added at Constant Basic Prices,2009Q4,"Public Admin, Education and Health",8936.0
Gross Value Added at Constant Basic Prices,2009Q4,"Arts, Entertainment and Other Services",988.0
Gross Value Added at Constant Basic Prices,2009Q4,Statistical Discrepancy,
Gross Value Added at Constant Basic Prices,2009Q4,All Sectors,51770.0
Gross Value Added at Constant Basic Prices,2010Q1,"Agriculture, Forestry and Fishing",655.0
Gross Value Added at Constant Basic Prices,2010Q1,Industry (excl. Construction),14722.0
Gross Value Added at Constant Basic Prices,2010Q1,Industry - of which Manufacturing,13399.0
Gross Value Added at Constant Basic Prices,2010Q1,Construction,2503.0
Gross Value Added at Constant Basic Prices,2010Q1,"Distribution, Transport, Hotels and Restaurants",8943.0
Gross Value Added at Constant Basic Prices,2010Q1,Information and Communication,4261.0
Gross Value Added at Constant Basic Prices,2010Q1,Financial and Insurance Activities,5497.0
Gross Value Added at Constant Basic Prices,2010Q1,Real Estate Activities,5426.0
Gross Value Added at Constant Basic Prices,2010Q1,"Professional, Admin and Support Services",5552.0
Gross Value Added at Constant Basic Prices,2010Q1,"Public Admin, Education and Health",8587.0
Gross Value Added at Constant Basic Prices,2010Q1,"Arts, Entertainment and Other Services",966.0
Gross Value Added at Constant Basic Prices,2010Q1,Statistical Discrepancy,
Gross Value Added at Constant Basic Prices,2010Q1,All Sectors,52608.0
Gross Value Added at Constant Basic Prices,2010Q2,"Agriculture, Forestry and Fishing",1119.0
Gross Value Added at Constant Basic Prices,2010Q2,Industry (excl. Construction),13714.0
Gross Value Added at Constant Basic Prices,2010Q2,Industry - of which Manufacturing,12454.0
Gross Value Added at Constant Basic Prices,2010Q2,Construction,2529.0
Gross Value Added at Constant Basic Prices,2010Q2,"Distribution, Transport, Hotels and Restaurants",9095.0
Gross Value Added at Constant Basic Prices,2010Q2,Information and Communication,4389.0
Gross Value Added at Constant Basic Prices,2010Q2,Financial and Insurance Activities,5712.0
Gross Value Added at Constant Basic Prices,2010Q2,Real Estate Activities,5458.0
Gross Value Added at Constant Basic Prices,2010Q2,"Professional, Admin and Support Services",5475.0
Gross Value Added at Constant Basic Prices,2010Q2,"Public Admin, Education and Health",8827.0
Gross Value Added at Constant Basic Prices,2010Q2,"Arts, Entertainment and Other Services",934.0
Gross Value Added at Constant Basic Prices,2010Q2,Statistical Discrepancy,
Gross Value Added at Constant Basic Prices,2010Q2,All Sectors,54748.0
Gross Value Added at Constant Basic Prices,2010Q3,"Agriculture, Forestry and Fishing",536.0
Gross Value Added at Constant Basic Prices,2010Q3,Industry (excl. Construction),13385.0
Gross Value Added at Constant Basic Prices,2010Q3,Industry - of which Manufacturing,12192.0
Gross Value Added at Constant Basic Prices,2010Q3,Construction,2689.0
Gross Value Added at Constant Basic Prices,2010Q3,"Distribution, Transport, Hotels and Restaurants",9226.0
Gross Value Added at Constant Basic Prices,2010Q3,Information and Communication,4336.0
Gross Value Added at Constant Basic Prices,2010Q3,Financial and Insurance Activities,5665.0
Gross Value Added at Constant Basic Prices,2010Q3,Real Estate Activities,5520.0
Gross Value Added at Constant Basic Prices,2010Q3,"Professional, Admin and Support Services",5511.0
Gross Value Added at Constant Basic Prices,2010Q3,"Public Admin, Education and Health",8993.0
Gross Value Added at Constant Basic Prices,2010Q3,"Arts, Entertainment and Other Services",946.0
Gross Value Added at Constant Basic Prices,2010Q3,Statistical Discrepancy,
Gross Value Added at Constant Basic Prices,2010Q3,All Sectors,53335.0
Gross Value Added at Constant Basic Prices,2010Q4,"Agriculture, Forestry and Fishing",22.0
Gross Value Added at Constant Basic Prices,2010Q4,Industry (excl. Construction),13125.0
Gross Value Added at Constant Basic Prices,2010Q4,Industry - of which Manufacturing,11792.0
Gross Value Added at Constant Basic Prices,2010Q4,Construction,2541.0
Gross Value Added at Constant Basic Prices,2010Q4,"Distribution, Transport, Hotels and Restaurants",9240.0
Gross Value Added at Constant Basic Prices,2010Q4,Information and Communication,5413.0
Gross Value Added at Constant Basic Prices,2010Q4,Financial and Insurance Activities,5830.0
Gross Value Added at Constant Basic Prices,2010Q4,Real Estate Activities,5495.0
Gross Value Added at Constant Basic Prices,2010Q4,"Professional, Admin and Support Services",6447.0
Gross Value Added at Constant Basic Prices,2010Q4,"Public Admin, Education and Health",8938.0
Gross Value Added at Constant Basic Prices,2010Q4,"Arts, Entertainment and Other Services",963.0
Gross Value Added at Constant Basic Prices,2010Q4,Statistical Discrepancy,
Gross Value Added at Constant Basic Prices,2010Q4,All Sectors,53871.0
Gross Value Added at Constant Basic Prices,2011Q1,"Agriculture, Forestry and Fishing",757.0
Gross Value Added at Constant Basic Prices,2011Q1,Industry (excl. Construction),14247.0
Gross Value Added at Constant Basic Prices,2011Q1,Industry - of which Manufacturing,12989.0
Gross Value Added at Constant Basic Prices,2011Q1,Construction,2648.0
Gross Value Added at Constant Basic Prices,2011Q1,"Distribution, Transport, Hotels and Restaurants",8892.0
Gross Value Added at Constant Basic Prices,2011Q1,Information and Communication,4485.0
Gross Value Added at Constant Basic Prices,2011Q1,Financial and Insurance Activities,5166.0
Gross Value Added at Constant Basic Prices,2011Q1,Real Estate Activities,5519.0
Gross Value Added at Constant Basic Prices,2011Q1,"Professional, Admin and Support Services",6033.0
Gross Value Added at Constant Basic Prices,2011Q1,"Public Admin, Education and Health",8867.0
Gross Value Added at Constant Basic Prices,2011Q1,"Arts, Entertainment and Other Services",951.0
Gross Value Added at Constant Basic Prices,2011Q1,Statistical Discrepancy,
Gross Value Added at Constant Basic Prices,2011Q1,All Sectors,53833.0
Gross Value Added at Constant Basic Prices,2011Q2,"Agriculture, Forestry and Fishing",1174.0
Gross Value Added at Constant Basic Prices,2011Q2,Industry (excl. Construction),14827.0
Gross Value Added at Constant Basic Prices,2011Q2,Industry - of which Manufacturing,13684.0
Gross Value Added at Constant Basic Prices,2011Q2,Construction,2586.0
Gross Value Added at Constant Basic Prices,2011Q2,"Distribution, Transport, Hotels and Restaurants",9172.0
Gross Value Added at Constant Basic Prices,2011Q2,Information and Communication,4904.0
Gross Value Added at Constant Basic Prices,2011Q2,Financial and Insurance Activities,5423.0
Gross Value Added at Constant Basic Prices,2011Q2,Real Estate Activities,5526.0
Gross Value Added at Constant Basic Prices,2011Q2,"Professional, Admin and Support Services",6242.0
Gross Value Added at Constant Basic Prices,2011Q2,"Public Admin, Education and Health",9149.0
Gross Value Added at Constant Basic Prices,2011Q2,"Arts, Entertainment and Other Services",912.0
Gross Value Added at Constant Basic Prices,2011Q2,Statistical Discrepancy,
Gross Value Added at Constant Basic Prices,2011Q2,All Sectors,56658.0
Gross Value Added at Constant Basic Prices,2011Q3,"Agriculture, Forestry and Fishing",652.0
Gross Value Added at Constant Basic Prices,2011Q3,Industry (excl. Construction),13888.0
Gross Value Added at Constant Basic Prices,2011Q3,Industry - of which Manufacturing,12727.0
Gross Value Added at Constant Basic Prices,2011Q3,Construction,2841.0
Gross Value Added at Constant Basic Prices,2011Q3,"Distribution, Transport, Hotels and Restaurants",9221.0
Gross Value Added at Constant Basic Prices,2011Q3,Information and Communication,4304.0
Gross Value Added at Constant Basic Prices,2011Q3,Financial and Insurance Activities,5761.0
Gross Value Added at Constant Basic Prices,2011Q3,Real Estate Activities,5569.0
Gross Value Added at Constant Basic Prices,2011Q3,"Professional, Admin and Support Services",6238.0
Gross Value Added at Constant Basic Prices,2011Q3,"Public Admin, Education and Health",8969.0
Gross Value Added at Constant Basic Prices,2011Q3,"Arts, Entertainment and Other Services",949.0
Gross Value Added at Constant Basic Prices,2011Q3,Statistical Discrepancy,
Gross Value Added at Constant Basic Prices,2011Q3,All Sectors,54403.0
Gross Value Added at Constant Basic Prices,2011Q4,"Agriculture, Forestry and Fishing",268.0
Gross Value Added at Constant Basic Prices,2011Q4,Industry (excl. Construction),13453.0
Gross Value Added at Constant Basic Prices,2011Q4,Industry - of which Manufacturing,12290.0
Gross Value Added at Constant Basic Prices,2011Q4,Construction,2826.0
Gross Value Added at Constant Basic Prices,2011Q4,"Distribution, Transport, Hotels and Restaurants",9385.0
Gross Value Added at Constant Basic Prices,2011Q4,Information and Communication,5283.0
Gross Value Added at Constant Basic Prices,2011Q4,Financial and Insurance Activities,6133.0
Gross Value Added at Constant Basic Prices,2011Q4,Real Estate Activities,5568.0
Gross Value Added at Constant Basic Prices,2011Q4,"Professional, Admin and Support Services",6422.0
Gross Value Added at Constant Basic Prices,2011Q4,"Public Admin, Education and Health",9063.0
Gross Value Added at Constant Basic Prices,2011Q4,"Arts, Entertainment and Other Services",932.0
Gross Value Added at Constant Basic Prices,2011Q4,Statistical Discrepancy,
Gross Value Added at Constant Basic Prices,2011Q4,All Sectors,54455.0
Gross Value Added at Constant Basic Prices,2012Q1,"Agriculture, Forestry and Fishing",757.0
Gross Value Added at Constant Basic Prices,2012Q1,Industry (excl. Construction),14825.0
Gross Value Added at Constant Basic Prices,2012Q1,Industry - of which Manufacturing,13586.0
Gross Value Added at Constant Basic Prices,2012Q1,Construction,1889.0
Gross Value Added at Constant Basic Prices,2012Q1,"Distribution, Transport, Hotels and Restaurants",8785.0
Gross Value Added at Constant Basic Prices,2012Q1,Information and Communication,4942.0
Gross Value Added at Constant Basic Prices,2012Q1,Financial and Insurance Activities,4450.0
Gross Value Added at Constant Basic Prices,2012Q1,Real Estate Activities,5497.0
Gross Value Added at Constant Basic Prices,2012Q1,"Professional, Admin and Support Services",5955.0
Gross Value Added at Constant Basic Prices,2012Q1,"Public Admin, Education and Health",8710.0
Gross Value Added at Constant Basic Prices,2012Q1,"Arts, Entertainment and Other Services",954.0
Gross Value Added at Constant Basic Prices,2012Q1,Statistical Discrepancy,
Gross Value Added at Constant Basic Prices,2012Q1,All Sectors,52687.0
Gross Value Added at Constant Basic Prices,2012Q2,"Agriculture, Forestry and Fishing",1093.0
Gross Value Added at Constant Basic Prices,2012Q2,Industry (excl. Construction),14791.0
Gross Value Added at Constant Basic Prices,2012Q2,Industry - of which Manufacturing,13703.0
Gross Value Added at Constant Basic Prices,2012Q2,Construction,1935.0
Gross Value Added at Constant Basic Prices,2012Q2,"Distribution, Transport, Hotels and Restaurants",8926.0
Gross Value Added at Constant Basic Prices,2012Q2,Information and Communication,4576.0
Gross Value Added at Constant Basic Prices,2012Q2,Financial and Insurance Activities,4409.0
Gross Value Added at Constant Basic Prices,2012Q2,Real Estate Activities,5545.0
Gross Value Added at Constant Basic Prices,2012Q2,"Professional, Admin and Support Services",5810.0
Gross Value Added at Constant Basic Prices,2012Q2,"Public Admin, Education and Health",9008.0
Gross Value Added at Constant Basic Prices,2012Q2,"Arts, Entertainment and Other Services",958.0
Gross Value Added at Constant Basic Prices,2012Q2,Statistical Discrepancy,
Gross Value Added at Constant Basic Prices,2012Q2,All Sectors,56765.0
Gross Value Added at Constant Basic Prices,2012Q3,"Agriculture, Forestry and Fishing",406.0
Gross Value Added at Constant Basic Prices,2012Q3,Industry (excl. Construction),13429.0
Gross Value Added at Constant Basic Prices,2012Q3,Industry - of which Manufacturing,12368.0
Gross Value Added at Constant Basic Prices,2012Q3,Construction,2268.0
Gross Value Added at Constant Basic Prices,2012Q3,"Distribution, Transport, Hotels and Restaurants",9116.0
Gross Value Added at Constant Basic Prices,2012Q3,Information and Communication,4281.0
Gross Value Added at Constant Basic Prices,2012Q3,Financial and Insurance Activities,5046.0
Gross Value Added at Constant Basic Prices,2012Q3,Real Estate Activities,5610.0
Gross Value Added at Constant Basic Prices,2012Q3,"Professional, Admin and Support Services",5976.0
Gross Value Added at Constant Basic Prices,2012Q3,"Public Admin, Education and Health",9043.0
Gross Value Added at Constant Basic Prices,2012Q3,"Arts, Entertainment and Other Services",974.0
Gross Value Added at Constant Basic Prices,2012Q3,Statistical Discrepancy,
Gross Value Added at Constant Basic Prices,2012Q3,All Sectors,53714.0
Gross Value Added at Constant Basic Prices,2012Q4,"Agriculture, Forestry and Fishing",2.0
Gross Value Added at Constant Basic Prices,2012Q4,Industry (excl. Construction),12145.0
Gross Value Added at Constant Basic Prices,2012Q4,Industry - of which Manufacturing,10955.0
Gross Value Added at Constant Basic Prices,2012Q4,Construction,2551.0
Gross Value Added at Constant Basic Prices,2012Q4,"Distribution, Transport, Hotels and Restaurants",9494.0
Gross Value Added at Constant Basic Prices,2012Q4,Information and Communication,5470.0
Gross Value Added at Constant Basic Prices,2012Q4,Financial and Insurance Activities,5387.0
Gross Value Added at Constant Basic Prices,2012Q4,Real Estate Activities,5732.0
Gross Value Added at Constant Basic Prices,2012Q4,"Professional, Admin and Support Services",6499.0
Gross Value Added at Constant Basic Prices,2012Q4,"Public Admin, Education and Health",9096.0
Gross Value Added at Constant Basic Prices,2012Q4,"Arts, Entertainment and Other Services",945.0
Gross Value Added at Constant Basic Prices,2012Q4,Statistical Discrepancy,
Gross Value Added at Constant Basic Prices,2012Q4,All Sectors,55079.0
Gross Value Added at Constant Basic Prices,2013Q1,"Agriculture, Forestry and Fishing",426.0
Gross Value Added at Constant Basic Prices,2013Q1,Industry (excl. Construction),13758.0
Gross Value Added at Constant Basic Prices,2013Q1,Industry - of which Manufacturing,12528.0
Gross Value Added at Constant Basic Prices,2013Q1,Construction,2052.0
Gross Value Added at Constant Basic Prices,2013Q1,"Distribution, Transport, Hotels and Restaurants",8662.0
Gross Value Added at Constant Basic Prices,2013Q1,Information and Communication,4827.0
Gross Value Added at Constant Basic Prices,2013Q1,Financial and Insurance Activities,4033.0
Gross Value Added at Constant Basic Prices,2013Q1,Real Estate Activities,5489.0
Gross Value Added at Constant Basic Prices,2013Q1,"Professional, Admin and Support Services",6801.0
Gross Value Added at Constant Basic Prices,2013Q1,"Public Admin, Education and Health",8769.0
Gross Value Added at Constant Basic Prices,2013Q1,"Arts, Entertainment and Other Services",954.0
Gross Value Added at Constant Basic Prices,2013Q1,Statistical Discrepancy,
Gross Value Added at Constant Basic Prices,2013Q1,All Sectors,52103.0
Gross Value Added at Constant Basic Prices,2013Q2,"Agriculture, Forestry and Fishing",859.0
Gross Value Added at Constant Basic Prices,2013Q2,Industry (excl. Construction),13951.0
Gross Value Added at Constant Basic Prices,2013Q2,Industry - of which Manufacturing,12768.0
Gross Value Added at Constant Basic Prices,2013Q2,Construction,2260.0
Gross Value Added at Constant Basic Prices,2013Q2,"Distribution, Transport, Hotels and Restaurants",8957.0
Gross Value Added at Constant Basic Prices,2013Q2,Information and Communication,5089.0
Gross Value Added at Constant Basic Prices,2013Q2,Financial and Insurance Activities,4140.0
Gross Value Added at Constant Basic Prices,2013Q2,Real Estate Activities,5584.0
Gross Value Added at Constant Basic Prices,2013Q2,"Professional, Admin and Support Services",7168.0
Gross Value Added at Constant Basic Prices,2013Q2,"Public Admin, Education and Health",9101.0
Gross Value Added at Constant Basic Prices,2013Q2,"Arts, Entertainment and Other Services",967.0
Gross Value Added at Constant Basic Prices,2013Q2,Statistical Discrepancy,
Gross Value Added at Constant Basic Prices,2013Q2,All Sectors,56186.0
Gross Value Added at Constant Basic Prices,2013Q3,"Agriculture, Forestry and Fishing",719.0
Gross Value Added at Constant Basic Prices,2013Q3,Industry (excl. Construction),12956.0
Gross Value Added at Constant Basic Prices,2013Q3,Industry - of which Manufacturing,11583.0
Gross Value Added at Constant Basic Prices,2013Q3,Construction,2804.0
Gross Value Added at Constant Basic Prices,2013Q3,"Distribution, Transport, Hotels and Restaurants",9481.0
Gross Value Added at Constant Basic Prices,2013Q3,Information and Communication,5174.0
Gross Value Added at Constant Basic Prices,2013Q3,Financial and Insurance Activities,4706.0
Gross Value Added at Constant Basic Prices,2013Q3,Real Estate Activities,5674.0
Gross Value Added at Constant Basic Prices,2013Q3,"Professional, Admin and Support Services",7389.0
Gross Value Added at Constant Basic Prices,2013Q3,"Public Admin, Education and Health",9148.0
Gross Value Added at Constant Basic Prices,2013Q3,"Arts, Entertainment and Other Services",951.0
Gross Value Added at Constant Basic Prices,2013Q3,Statistical Discrepancy,
Gross Value Added at Constant Basic Prices,2013Q3,All Sectors,57047.0
Gross Value Added at Constant Basic Prices,2013Q4,"Agriculture, Forestry and Fishing",330.0
Gross Value Added at Constant Basic Prices,2013Q4,Industry (excl. Construction),12010.0
Gross Value Added at Constant Basic Prices,2013Q4,Industry - of which Manufacturing,10826.0
Gross Value Added at Constant Basic Prices,2013Q4,Construction,3065.0
Gross Value Added at Constant Basic Prices,2013Q4,"Distribution, Transport, Hotels and Restaurants",9779.0
Gross Value Added at Constant Basic Prices,2013Q4,Information and Communication,6289.0
Gross Value Added at Constant Basic Prices,2013Q4,Financial and Insurance Activities,4839.0
Gross Value Added at Constant Basic Prices,2013Q4,Real Estate Activities,5813.0
Gross Value Added at Constant Basic Prices,2013Q4,"Professional, Admin and Support Services",8090.0
Gross Value Added at Constant Basic Prices,2013Q4,"Public Admin, Education and Health",9188.0
Gross Value Added at Constant Basic Prices,2013Q4,"Arts, Entertainment and Other Services",960.0
Gross Value Added at Constant Basic Prices,2013Q4,Statistical Discrepancy,
Gross Value Added at Constant Basic Prices,2013Q4,All Sectors,57296.0
Gross Value Added at Constant Basic Prices,2014Q1,"Agriculture, Forestry and Fishing",583.0
Gross Value Added at Constant Basic Prices,2014Q1,Industry (excl. Construction),14872.0
Gross Value Added at Constant Basic Prices,2014Q1,Industry - of which Manufacturing,13528.0
Gross Value Added at Constant Basic Prices,2014Q1,Construction,2301.0
Gross Value Added at Constant Basic Prices,2014Q1,"Distribution, Transport, Hotels and Restaurants",9402.0
Gross Value Added at Constant Basic Prices,2014Q1,Information and Communication,5332.0
Gross Value Added at Constant Basic Prices,2014Q1,Financial and Insurance Activities,4203.0
Gross Value Added at Constant Basic Prices,2014Q1,Real Estate Activities,5635.0
Gross Value Added at Constant Basic Prices,2014Q1,"Professional, Admin and Support Services",8315.0
Gross Value Added at Constant Basic Prices,2014Q1,"Public Admin, Education and Health",8868.0
Gross Value Added at Constant Basic Prices,2014Q1,"Arts, Entertainment and Other Services",977.0
Gross Value Added at Constant Basic Prices,2014Q1,Statistical Discrepancy,
Gross Value Added at Constant Basic Prices,2014Q1,All Sectors,57782.0
Gross Value Added at Constant Basic Prices,2014Q2,"Agriculture, Forestry and Fishing",1117.0
Gross Value Added at Constant Basic Prices,2014Q2,Industry (excl. Construction),16247.0
Gross Value Added at Constant Basic Prices,2014Q2,Industry - of which Manufacturing,15021.0
Gross Value Added at Constant Basic Prices,2014Q2,Construction,2477.0
Gross Value Added at Constant Basic Prices,2014Q2,"Distribution, Transport, Hotels and Restaurants",9508.0
Gross Value Added at Constant Basic Prices,2014Q2,Information and Communication,6064.0
Gross Value Added at Constant Basic Prices,2014Q2,Financial and Insurance Activities,4153.0
Gross Value Added at Constant Basic Prices,2014Q2,Real Estate Activities,5725.0
Gross Value Added at Constant Basic Prices,2014Q2,"Professional, Admin and Support Services",8562.0
Gross Value Added at Constant Basic Prices,2014Q2,"Public Admin, Education and Health",9208.0
Gross Value Added at Constant Basic Prices,2014Q2,"Arts, Entertainment and Other Services",1006.0
Gross Value Added at Constant Basic Prices,2014Q2,Statistical Discrepancy,
Gross Value Added at Constant Basic Prices,2014Q2,All Sectors,60940.0
Gross Value Added at Constant Basic Prices,2014Q3,"Agriculture, Forestry and Fishing",779.0
Gross Value Added at Constant Basic Prices,2014Q3,Industry (excl. Construction),14457.0
Gross Value Added at Constant Basic Prices,2014Q3,Industry - of which Manufacturing,12866.0
Gross Value Added at Constant Basic Prices,2014Q3,Construction,2886.0
Gross Value Added at Constant Basic Prices,2014Q3,"Distribution, Transport, Hotels and Restaurants",10049.0
Gross Value Added at Constant Basic Prices,2014Q3,Information and Communication,5497.0
Gross Value Added at Constant Basic Prices,2014Q3,Financial and Insurance Activities,4843.0
Gross Value Added at Constant Basic Prices,2014Q3,Real Estate Activities,5842.0
Gross Value Added at Constant Basic Prices,2014Q3,"Professional, Admin and Support Services",8873.0
Gross Value Added at Constant Basic Prices,2014Q3,"Public Admin, Education and Health",9210.0
Gross Value Added at Constant Basic Prices,2014Q3,"Arts, Entertainment and Other Services",1004.0
Gross Value Added at Constant Basic Prices,2014Q3,Statistical Discrepancy,
Gross Value Added at Constant Basic Prices,2014Q3,All Sectors,62028.0
Gross Value Added at Constant Basic Prices,2014Q4,"Agriculture, Forestry and Fishing",509.0
Gross Value Added at Constant Basic Prices,2014Q4,Industry (excl. Construction),13655.0
Gross Value Added at Constant Basic Prices,2014Q4,Industry - of which Manufacturing,12395.0
Gross Value Added at Constant Basic Prices,2014Q4,Construction,2939.0
Gross Value Added at Constant Basic Prices,2014Q4,"Distribution, Transport, Hotels and Restaurants",10229.0
Gross Value Added at Constant Basic Prices,2014Q4,Information and Communication,7277.0
Gross Value Added at Constant Basic Prices,2014Q4,Financial and Insurance Activities,4994.0
Gross Value Added at Constant Basic Prices,2014Q4,Real Estate Activities,5991.0
Gross Value Added at Constant Basic Prices,2014Q4,"Professional, Admin and Support Services",9271.0
Gross Value Added at Constant Basic Prices,2014Q4,"Public Admin, Education and Health",9282.0
Gross Value Added at Constant Basic Prices,2014Q4,"Arts, Entertainment and Other Services",1013.0
Gross Value Added at Constant Basic Prices,2014Q4,Statistical Discrepancy,
Gross Value Added at Constant Basic Prices,2014Q4,All Sectors,62669.0
Gross Value Added at Constant Basic Prices,2015Q1,"Agriculture, Forestry and Fishing",671.0
Gross Value Added at Constant Basic Prices,2015Q1,Industry (excl. Construction),28694.0
Gross Value Added at Constant Basic Prices,2015Q1,Industry - of which Manufacturing,27572.0
Gross Value Added at Constant Basic Prices,2015Q1,Construction,2342.0
Gross Value Added at Constant Basic Prices,2015Q1,"Distribution, Transport, Hotels and Restaurants",10176.0
Gross Value Added at Constant Basic Prices,2015Q1,Information and Communication,6750.0
Gross Value Added at Constant Basic Prices,2015Q1,Financial and Insurance Activities,4353.0
Gross Value Added at Constant Basic Prices,2015Q1,Real Estate Activities,5802.0
Gross Value Added at Constant Basic Prices,2015Q1,"Professional, Admin and Support Services",9173.0
Gross Value Added at Constant Basic Prices,2015Q1,"Public Admin, Education and Health",9071.0
Gross Value Added at Constant Basic Prices,2015Q1,"Arts, Entertainment and Other Services",1078.0
Gross Value Added at Constant Basic Prices,2015Q1,Statistical Discrepancy,
Gross Value Added at Constant Basic Prices,2015Q1,All Sectors,75450.0
Gross Value Added at Constant Basic Prices,2015Q2,"Agriculture, Forestry and Fishing",1059.0
Gross Value Added at Constant Basic Prices,2015Q2,Industry (excl. Construction),24407.0
Gross Value Added at Constant Basic Prices,2015Q2,Industry - of which Manufacturing,23329.0
Gross Value Added at Constant Basic Prices,2015Q2,Construction,2560.0
Gross Value Added at Constant Basic Prices,2015Q2,"Distribution, Transport, Hotels and Restaurants",9932.0
Gross Value Added at Constant Basic Prices,2015Q2,Information and Communication,6719.0
Gross Value Added at Constant Basic Prices,2015Q2,Financial and Insurance Activities,4305.0
Gross Value Added at Constant Basic Prices,2015Q2,Real Estate Activities,5755.0
Gross Value Added at Constant Basic Prices,2015Q2,"Professional, Admin and Support Services",9324.0
Gross Value Added at Constant Basic Prices,2015Q2,"Public Admin, Education and Health",9450.0
Gross Value Added at Constant Basic Prices,2015Q2,"Arts, Entertainment and Other Services",1068.0
Gross Value Added at Constant Basic Prices,2015Q2,Statistical Discrepancy,
Gross Value Added at Constant Basic Prices,2015Q2,All Sectors,74548.0
Gross Value Added at Constant Basic Prices,2015Q3,"Agriculture, Forestry and Fishing",838.0
Gross Value Added at Constant Basic Prices,2015Q3,Industry (excl. Construction),24234.0
Gross Value Added at Constant Basic Prices,2015Q3,Industry - of which Manufacturing,23139.0
Gross Value Added at Constant Basic Prices,2015Q3,Construction,2932.0
Gross Value Added at Constant Basic Prices,2015Q3,"Distribution, Transport, Hotels and Restaurants",10898.0
Gross Value Added at Constant Basic Prices,2015Q3,Information and Communication,6738.0
Gross Value Added at Constant Basic Prices,2015Q3,Financial and Insurance Activities,4715.0
Gross Value Added at Constant Basic Prices,2015Q3,Real Estate Activities,5871.0
Gross Value Added at Constant Basic Prices,2015Q3,"Professional, Admin and Support Services",9743.0
Gross Value Added at Constant Basic Prices,2015Q3,"Public Admin, Education and Health",9536.0
Gross Value Added at Constant Basic Prices,2015Q3,"Arts, Entertainment and Other Services",1109.0
Gross Value Added at Constant Basic Prices,2015Q3,Statistical Discrepancy,
Gross Value Added at Constant Basic Prices,2015Q3,All Sectors,77682.0
Gross Value Added at Constant Basic Prices,2015Q4,"Agriculture, Forestry and Fishing",608.0
Gross Value Added at Constant Basic Prices,2015Q4,Industry (excl. Construction),25646.0
Gross Value Added at Constant Basic Prices,2015Q4,Industry - of which Manufacturing,24657.0
Gross Value Added at Constant Basic Prices,2015Q4,Construction,3208.0
Gross Value Added at Constant Basic Prices,2015Q4,"Distribution, Transport, Hotels and Restaurants",10870.0
Gross Value Added at Constant Basic Prices,2015Q4,Information and Communication,7872.0
Gross Value Added at Constant Basic Prices,2015Q4,Financial and Insurance Activities,5094.0
Gross Value Added at Constant Basic Prices,2015Q4,Real Estate Activities,5951.0
Gross Value Added at Constant Basic Prices,2015Q4,"Professional, Admin and Support Services",9756.0
Gross Value Added at Constant Basic Prices,2015Q4,"Public Admin, Education and Health",9706.0
Gross Value Added at Constant Basic Prices,2015Q4,"Arts, Entertainment and Other Services",1184.0
Gross Value Added at Constant Basic Prices,2015Q4,Statistical Discrepancy,
Gross Value Added at Constant Basic Prices,2015Q4,All Sectors,79808.0
Gross Value Added at Constant Basic Prices,2016Q1,"Agriculture, Forestry and Fishing",828.0
Gross Value Added at Constant Basic Prices,2016Q1,Industry (excl. Construction),25587.0
Gross Value Added at Constant Basic Prices,2016Q1,Industry - of which Manufacturing,24458.0
Gross Value Added at Constant Basic Prices,2016Q1,Construction,2240.0
Gross Value Added at Constant Basic Prices,2016Q1,"Distribution, Transport, Hotels and Restaurants",11076.0
Gross Value Added at Constant Basic Prices,2016Q1,Information and Communication,7322.0
Gross Value Added at Constant Basic Prices,2016Q1,Financial and Insurance Activities,3720.0
Gross Value Added at Constant Basic Prices,2016Q1,Real Estate Activities,5624.0
Gross Value Added at Constant Basic Prices,2016Q1,"Professional, Admin and Support Services",9505.0
Gross Value Added at Constant Basic Prices,2016Q1,"Public Admin, Education and Health",9306.0
Gross Value Added at Constant Basic Prices,2016Q1,"Arts, Entertainment and Other Services",1177.0
Gross Value Added at Constant Basic Prices,2016Q1,Statistical Discrepancy,
Gross Value Added at Constant Basic Prices,2016Q1,All Sectors,73059.0
Gross Value Added at Constant Basic Prices,2016Q2,"Agriculture, Forestry and Fishing",1224.0
Gross Value Added at Constant Basic Prices,2016Q2,Industry (excl. Construction),24295.0
Gross Value Added at Constant Basic Prices,2016Q2,Industry - of which Manufacturing,23147.0
Gross Value Added at Constant Basic Prices,2016Q2,Construction,2726.0
Gross Value Added at Constant Basic Prices,2016Q2,"Distribution, Transport, Hotels and Restaurants",10661.0
Gross Value Added at Constant Basic Prices,2016Q2,Information and Communication,7102.0
Gross Value Added at Constant Basic Prices,2016Q2,Financial and Insurance Activities,3715.0
Gross Value Added at Constant Basic Prices,2016Q2,Real Estate Activities,5741.0
Gross Value Added at Constant Basic Prices,2016Q2,"Professional, Admin and Support Services",9659.0
Gross Value Added at Constant Basic Prices,2016Q2,"Public Admin, Education and Health",9709.0
Gross Value Added at Constant Basic Prices,2016Q2,"Arts, Entertainment and Other Services",1193.0
Gross Value Added at Constant Basic Prices,2016Q2,Statistical Discrepancy,
Gross Value Added at Constant Basic Prices,2016Q2,All Sectors,74498.0
Gross Value Added at Constant Basic Prices,2016Q3,"Agriculture, Forestry and Fishing",887.0
Gross Value Added at Constant Basic Prices,2016Q3,Industry (excl. Construction),21484.0
Gross Value Added at Constant Basic Prices,2016Q3,Industry - of which Manufacturing,20295.0
Gross Value Added at Constant Basic Prices,2016Q3,Construction,3301.0
Gross Value Added at Constant Basic Prices,2016Q3,"Distribution, Transport, Hotels and Restaurants",11616.0
Gross Value Added at Constant Basic Prices,2016Q3,Information and Communication,7669.0
Gross Value Added at Constant Basic Prices,2016Q3,Financial and Insurance Activities,3873.0
Gross Value Added at Constant Basic Prices,2016Q3,Real Estate Activities,5806.0
Gross Value Added at Constant Basic Prices,2016Q3,"Professional, Admin and Support Services",9922.0
Gross Value Added at Constant Basic Prices,2016Q3,"Public Admin, Education and Health",9589.0
Gross Value Added at Constant Basic Prices,2016Q3,"Arts, Entertainment and Other Services",1229.0
Gross Value Added at Constant Basic Prices,2016Q3,Statistical Discrepancy,
Gross Value Added at Constant Basic Prices,2016Q3,All Sectors,76000.0
Gross Value Added at Constant Basic Prices,2016Q4,"Agriculture, Forestry and Fishing",582.0
Gross Value Added at Constant Basic Prices,2016Q4,Industry (excl. Construction),30424.0
Gross Value Added at Constant Basic Prices,2016Q4,Industry - of which Manufacturing,29546.0
Gross Value Added at Constant Basic Prices,2016Q4,Construction,3451.0
Gross Value Added at Constant Basic Prices,2016Q4,"Distribution, Transport, Hotels and Restaurants",11263.0
Gross Value Added at Constant Basic Prices,2016Q4,Information and Communication,8564.0
Gross Value Added at Constant Basic Prices,2016Q4,Financial and Insurance Activities,4065.0
Gross Value Added at Constant Basic Prices,2016Q4,Real Estate Activities,5891.0
Gross Value Added at Constant Basic Prices,2016Q4,"Professional, Admin and Support Services",10241.0
Gross Value Added at Constant Basic Prices,2016Q4,"Public Admin, Education and Health",9760.0
Gross Value Added at Constant Basic Prices,2016Q4,"Arts, Entertainment and Other Services",1327.0
Gross Value Added at Constant Basic Prices,2016Q4,Statistical Discrepancy,
Gross Value Added at Constant Basic Prices,2016Q4,All Sectors,86520.0
Gross Value Added at Constant Basic Prices,2017Q1,"Agriculture, Forestry and Fishing",905.0
Gross Value Added at Constant Basic Prices,2017Q1,Industry (excl. Construction),25321.0
Gross Value Added at Constant Basic Prices,2017Q1,Industry - of which Manufacturing,24092.0
Gross Value Added at Constant Basic Prices,2017Q1,Construction,2662.0
Gross Value Added at Constant Basic Prices,2017Q1,"Distribution, Transport, Hotels and Restaurants",11465.0
Gross Value Added at Constant Basic Prices,2017Q1,Information and Communication,8525.0
Gross Value Added at Constant Basic Prices,2017Q1,Financial and Insurance Activities,3586.0
Gross Value Added at Constant Basic Prices,2017Q1,Real Estate Activities,5813.0
Gross Value Added at Constant Basic Prices,2017Q1,"Professional, Admin and Support Services",10902.0
Gross Value Added at Constant Basic Prices,2017Q1,"Public Admin, Education and Health",9693.0
Gross Value Added at Constant Basic Prices,2017Q1,"Arts, Entertainment and Other Services",1293.0
Gross Value Added at Constant Basic Prices,2017Q1,Statistical Discrepancy,
Gross Value Added at Constant Basic Prices,2017Q1,All Sectors,79261.0
Gross Value Added at Constant Basic Prices,2017Q2,"Agriculture, Forestry and Fishing",1304.0
Gross Value Added at Constant Basic Prices,2017Q2,Industry (excl. Construction),24197.0
Gross Value Added at Constant Basic Prices,2017Q2,Industry - of which Manufacturing,22934.0
Gross Value Added at Constant Basic Prices,2017Q2,Construction,2842.0
Gross Value Added at Constant Basic Prices,2017Q2,"Distribution, Transport, Hotels and Restaurants",11058.0
Gross Value Added at Constant Basic Prices,2017Q2,Information and Communication,9311.0
Gross Value Added at Constant Basic Prices,2017Q2,Financial and Insurance Activities,3737.0
Gross Value Added at Constant Basic Prices,2017Q2,Real Estate Activities,5896.0
Gross Value Added at Constant Basic Prices,2017Q2,"Professional, Admin and Support Services",11232.0
Gross Value Added at Constant Basic Prices,2017Q2,"Public Admin, Education and Health",9917.0
Gross Value Added at Constant Basic Prices,2017Q2,"Arts, Entertainment and Other Services",1351.0
Gross Value Added at Constant Basic Prices,2017Q2,Statistical Discrepancy,
Gross Value Added at Constant Basic Prices,2017Q2,All Sectors,81860.0
Gross Value Added at Constant Basic Prices,2017Q3,"Agriculture, Forestry and Fishing",1016.0
Gross Value Added at Constant Basic Prices,2017Q3,Industry (excl. Construction),26462.0
Gross Value Added at Constant Basic Prices,2017Q3,Industry - of which Manufacturing,25238.0
Gross Value Added at Constant Basic Prices,2017Q3,Construction,3429.0
Gross Value Added at Constant Basic Prices,2017Q3,"Distribution, Transport, Hotels and Restaurants",12073.0
Gross Value Added at Constant Basic Prices,2017Q3,Information and Communication,10426.0
Gross Value Added at Constant Basic Prices,2017Q3,Financial and Insurance Activities,4134.0
Gross Value Added at Constant Basic Prices,2017Q3,Real Estate Activities,5977.0
Gross Value Added at Constant Basic Prices,2017Q3,"Professional, Admin and Support Services",11480.0
Gross Value Added at Constant Basic Prices,2017Q3,"Public Admin, Education and Health",10052.0
Gross Value Added at Constant Basic Prices,2017Q3,"Arts, Entertainment and Other Services",1315.0
Gross Value Added at Constant Basic Prices,2017Q3,Statistical Discrepancy,
Gross Value Added at Constant Basic Prices,2017Q3,All Sectors,88309.0
Gross Value Added at Constant Basic Prices,2017Q4,"Agriculture, Forestry and Fishing",618.0
Gross Value Added at Constant Basic Prices,2017Q4,Industry (excl. Construction),29535.0
Gross Value Added at Constant Basic Prices,2017Q4,Industry - of which Manufacturing,28638.0
Gross Value Added at Constant Basic Prices,2017Q4,Construction,3860.0
Gross Value Added at Constant Basic Prices,2017Q4,"Distribution, Transport, Hotels and Restaurants",11978.0
Gross Value Added at Constant Basic Prices,2017Q4,Information and Communication,11040.0
Gross Value Added at Constant Basic Prices,2017Q4,Financial and Insurance Activities,4436.0
Gross Value Added at Constant Basic Prices,2017Q4,Real Estate Activities,6083.0
Gross Value Added at Constant Basic Prices,2017Q4,"Professional, Admin and Support Services",11584.0
Gross Value Added at Constant Basic Prices,2017Q4,"Public Admin, Education and Health",10176.0
Gross Value Added at Constant Basic Prices,2017Q4,"Arts, Entertainment and Other Services",1404.0
Gross Value Added at Constant Basic Prices,2017Q4,Statistical Discrepancy,
Gross Value Added at Constant Basic Prices,2017Q4,All Sectors,93518.0
Gross Value Added at Constant Basic Prices,2018Q1,"Agriculture, Forestry and Fishing",888.0
Gross Value Added at Constant Basic Prices,2018Q1,Industry (excl. Construction),27772.0
Gross Value Added at Constant Basic Prices,2018Q1,Industry - of which Manufacturing,26635.0
Gross Value Added at Constant Basic Prices,2018Q1,Construction,3016.0
Gross Value Added at Constant Basic Prices,2018Q1,"Distribution, Transport, Hotels and Restaurants",11766.0
Gross Value Added at Constant Basic Prices,2018Q1,Information and Communication,11124.0
Gross Value Added at Constant Basic Prices,2018Q1,Financial and Insurance Activities,3941.0
Gross Value Added at Constant Basic Prices,2018Q1,Real Estate Activities,5873.0
Gross Value Added at Constant Basic Prices,2018Q1,"Professional, Admin and Support Services",11632.0
Gross Value Added at Constant Basic Prices,2018Q1,"Public Admin, Education and Health",9974.0
Gross Value Added at Constant Basic Prices,2018Q1,"Arts, Entertainment and Other Services",1364.0
Gross Value Added at Constant Basic Prices,2018Q1,Statistical Discrepancy,
Gross Value Added at Constant Basic Prices,2018Q1,All Sectors,88547.0
Gross Value Added at Constant Basic Prices,2018Q2,"Agriculture, Forestry and Fishing",1173.0
Gross Value Added at Constant Basic Prices,2018Q2,Industry (excl. Construction),29402.0
Gross Value Added at Constant Basic Prices,2018Q2,Industry - of which Manufacturing,28114.0
Gross Value Added at Constant Basic Prices,2018Q2,Construction,3259.0
Gross Value Added at Constant Basic Prices,2018Q2,"Distribution, Transport, Hotels and Restaurants",11892.0
Gross Value Added at Constant Basic Prices,2018Q2,Information and Communication,11884.0
Gross Value Added at Constant Basic Prices,2018Q2,Financial and Insurance Activities,3917.0
Gross Value Added at Constant Basic Prices,2018Q2,Real Estate Activities,5972.0
Gross Value Added at Constant Basic Prices,2018Q2,"Professional, Admin and Support Services",12223.0
Gross Value Added at Constant Basic Prices,2018Q2,"Public Admin, Education and Health",10332.0
Gross Value Added at Constant Basic Prices,2018Q2,"Arts, Entertainment and Other Services",1312.0
Gross Value Added at Constant Basic Prices,2018Q2,Statistical Discrepancy,
Gross Value Added at Constant Basic Prices,2018Q2,All Sectors,91670.0
Gross Value Added at Constant Basic Prices,2018Q3,"Agriculture, Forestry and Fishing",919.0
Gross Value Added at Constant Basic Prices,2018Q3,Industry (excl. Construction),30022.0
Gross Value Added at Constant Basic Prices,2018Q3,Industry - of which Manufacturing,28838.0
Gross Value Added at Constant Basic Prices,2018Q3,Construction,3753.0
Gross Value Added at Constant Basic Prices,2018Q3,"Distribution, Transport, Hotels and Restaurants",12840.0
Gross Value Added at Constant Basic Prices,2018Q3,Information and Communication,11811.0
Gross Value Added at Constant Basic Prices,2018Q3,Financial and Insurance Activities,4324.0
Gross Value Added at Constant Basic Prices,2018Q3,Real Estate Activities,6049.0
Gross Value Added at Constant Basic Prices,2018Q3,"Professional, Admin and Support Services",12369.0
Gross Value Added at Constant Basic Prices,2018Q3,"Public Admin, Education and Health",10373.0
Gross Value Added at Constant Basic Prices,2018Q3,"Arts, Entertainment and Other Services",1408.0
Gross Value Added at Constant Basic Prices,2018Q3,Statistical Discrepancy,
Gross Value Added at Constant Basic Prices,2018Q3,All Sectors,93884.0
Gross Value Added at Constant Basic Prices,2018Q4,"Agriculture, Forestry and Fishing",687.0
Gross Value Added at Constant Basic Prices,2018Q4,Industry (excl. Construction),29565.0
Gross Value Added at Constant Basic Prices,2018Q4,Industry - of which Manufacturing,28456.0
Gross Value Added at Constant Basic Prices,2018Q4,Construction,3891.0
Gross Value Added at Constant Basic Prices,2018Q4,"Distribution, Transport, Hotels and Restaurants",12335.0
Gross Value Added at Constant Basic Prices,2018Q4,Information and Communication,13994.0
Gross Value Added at Constant Basic Prices,2018Q4,Financial and Insurance Activities,4745.0
Gross Value Added at Constant Basic Prices,2018Q4,Real Estate Activities,6219.0
Gross Value Added at Constant Basic Prices,2018Q4,"Professional, Admin and Support Services",13168.0
Gross Value Added at Constant Basic Prices,2018Q4,"Public Admin, Education and Health",10513.0
Gross Value Added at Constant Basic Prices,2018Q4,"Arts, Entertainment and Other Services",1410.0
Gross Value Added at Constant Basic Prices,2018Q4,Statistical Discrepancy,
Gross Value Added at Constant Basic Prices,2018Q4,All Sectors,96452.0
Gross Value Added at Constant Basic Prices,2019Q1,"Agriculture, Forestry and Fishing",1031.0
Gross Value Added at Constant Basic Prices,2019Q1,Industry (excl. Construction),27297.0
Gross Value Added at Constant Basic Prices,2019Q1,Industry - of which Manufacturing,26208.0
Gross Value Added at Constant Basic Prices,2019Q1,Construction,3090.0
Gross Value Added at Constant Basic Prices,2019Q1,"Distribution, Transport, Hotels and Restaurants",12455.0
Gross Value Added at Constant Basic Prices,2019Q1,Information and Communication,13152.0
Gross Value Added at Constant Basic Prices,2019Q1,Financial and Insurance Activities,3656.0
Gross Value Added at Constant Basic Prices,2019Q1,Real Estate Activities,5998.0
Gross Value Added at Constant Basic Prices,2019Q1,"Professional, Admin and Support Services",12811.0
Gross Value Added at Constant Basic Prices,2019Q1,"Public Admin, Education and Health",10383.0
Gross Value Added at Constant Basic Prices,2019Q1,"Arts, Entertainment and Other Services",1404.0
Gross Value Added at Constant Basic Prices,2019Q1,Statistical Discrepancy,
Gross Value Added at Constant Basic Prices,2019Q1,All Sectors,91632.0
Gross Value Added at Constant Basic Prices,2019Q2,"Agriculture, Forestry and Fishing",1417.0
Gross Value Added at Constant Basic Prices,2019Q2,Industry (excl. Construction),29230.0
Gross Value Added at Constant Basic Prices,2019Q2,Industry - of which Manufacturing,27877.0
Gross Value Added at Constant Basic Prices,2019Q2,Construction,3237.0
Gross Value Added at Constant Basic Prices,2019Q2,"Distribution, Transport, Hotels and Restaurants",12137.0
Gross Value Added at Constant Basic Prices,2019Q2,Information and Communication,15329.0
Gross Value Added at Constant Basic Prices,2019Q2,Financial and Insurance Activities,3716.0
Gross Value Added at Constant Basic Prices,2019Q2,Real Estate Activities,6107.0
Gross Value Added at Constant Basic Prices,2019Q2,"Professional, Admin and Support Services",13179.0
Gross Value Added at Constant Basic Prices,2019Q2,"Public Admin, Education and Health",10713.0
Gross Value Added at Constant Basic Prices,2019Q2,"Arts, Entertainment and Other Services",1390.0
Gross Value Added at Constant Basic Prices,2019Q2,Statistical Discrepancy,
Gross Value Added at Constant Basic Prices,2019Q2,All Sectors,95176.0
Gross Value Added at Constant Basic Prices,2019Q3,"Agriculture, Forestry and Fishing",1105.0
Gross Value Added at Constant Basic Prices,2019Q3,Industry (excl. Construction),31732.0
Gross Value Added at Constant Basic Prices,2019Q3,Industry - of which Manufacturing,30426.0
Gross Value Added at Constant Basic Prices,2019Q3,Construction,4102.0
Gross Value Added at Constant Basic Prices,2019Q3,"Distribution, Transport, Hotels and Restaurants",12816.0
Gross Value Added at Constant Basic Prices,2019Q3,Information and Communication,13764.0
Gross Value Added at Constant Basic Prices,2019Q3,Financial and Insurance Activities,4358.0
Gross Value Added at Constant Basic Prices,2019Q3,Real Estate Activities,6246.0
Gross Value Added at Constant Basic Prices,2019Q3,"Professional, Admin and Support Services",13021.0
Gross Value Added at Constant Basic Prices,2019Q3,"Public Admin, Education and Health",10812.0
Gross Value Added at Constant Basic Prices,2019Q3,"Arts, Entertainment and Other Services",1410.0
Gross Value Added at Constant Basic Prices,2019Q3,Statistical Discrepancy,
Gross Value Added at Constant Basic Prices,2019Q3,All Sectors,99674.0
Gross Value Added at Constant Basic Prices,2019Q4,"Agriculture, Forestry and Fishing",986.0
Gross Value Added at Constant Basic Prices,2019Q4,Industry (excl. Construction),30809.0
Gross Value Added at Constant Basic Prices,2019Q4,Industry - of which Manufacturing,29587.0
Gross Value Added at Constant Basic Prices,2019Q4,Construction,4150.0
Gross Value Added at Constant Basic Prices,2019Q4,"Distribution, Transport, Hotels and Restaurants",12724.0
Gross Value Added at Constant Basic Prices,2019Q4,Information and Communication,16354.0
Gross Value Added at Constant Basic Prices,2019Q4,Financial and Insurance Activities,4804.0
Gross Value Added at Constant Basic Prices,2019Q4,Real Estate Activities,6322.0
Gross Value Added at Constant Basic Prices,2019Q4,"Professional, Admin and Support Services",13856.0
Gross Value Added at Constant Basic Prices,2019Q4,"Public Admin, Education and Health",11034.0
Gross Value Added at Constant Basic Prices,2019Q4,"Arts, Entertainment and Other Services",1366.0
Gross Value Added at Constant Basic Prices,2019Q4,Statistical Discrepancy,
Gross Value Added at Constant Basic Prices,2019Q4,All Sectors,101965.0
Gross Value Added at Constant Basic Prices,2020Q1,"Agriculture, Forestry and Fishing",1012.0
Gross Value Added at Constant Basic Prices,2020Q1,Industry (excl. Construction),34447.0
Gross Value Added at Constant Basic Prices,2020Q1,Industry - of which Manufacturing,32922.0
Gross Value Added at Constant Basic Prices,2020Q1,Construction,3239.0
Gross Value Added at Constant Basic Prices,2020Q1,"Distribution, Transport, Hotels and Restaurants",12430.0
Gross Value Added at Constant Basic Prices,2020Q1,Information and Communication,16354.0
Gross Value Added at Constant Basic Prices,2020Q1,Financial and Insurance Activities,4038.0
Gross Value Added at Constant Basic Prices,2020Q1,Real Estate Activities,6148.0
Gross Value Added at Constant Basic Prices,2020Q1,"Professional, Admin and Support Services",13578.0
Gross Value Added at Constant Basic Prices,2020Q1,"Public Admin, Education and Health",10630.0
Gross Value Added at Constant Basic Prices,2020Q1,"Arts, Entertainment and Other Services",1415.0
Gross Value Added at Constant Basic Prices,2020Q1,Statistical Discrepancy,
Gross Value Added at Constant Basic Prices,2020Q1,All Sectors,102592.0
Gross Value Added at Constant Basic Prices,2020Q2,"Agriculture, Forestry and Fishing",1339.0
Gross Value Added at Constant Basic Prices,2020Q2,Industry (excl. Construction),35313.0
Gross Value Added at Constant Basic Prices,2020Q2,Industry - of which Manufacturing,33756.0
Gross Value Added at Constant Basic Prices,2020Q2,Construction,2219.0
Gross Value Added at Constant Basic Prices,2020Q2,"Distribution, Transport, Hotels and Restaurants",7067.0
Gross Value Added at Constant Basic Prices,2020Q2,Information and Communication,15978.0
Gross Value Added at Constant Basic Prices,2020Q2,Financial and Insurance Activities,3742.0
Gross Value Added at Constant Basic Prices,2020Q2,Real Estate Activities,5846.0
Gross Value Added at Constant Basic Prices,2020Q2,"Professional, Admin and Support Services",12646.0
Gross Value Added at Constant Basic Prices,2020Q2,"Public Admin, Education and Health",9960.0
Gross Value Added at Constant Basic Prices,2020Q2,"Arts, Entertainment and Other Services",939.0
Gross Value Added at Constant Basic Prices,2020Q2,Statistical Discrepancy,
Gross Value Added at Constant Basic Prices,2020Q2,All Sectors,98467.0
Gross Value Added at Constant Basic Prices,2020Q3,"Agriculture, Forestry and Fishing",1294.0
Gross Value Added at Constant Basic Prices,2020Q3,Industry (excl. Construction),38027.0
Gross Value Added at Constant Basic Prices,2020Q3,Industry - of which Manufacturing,36580.0
Gross Value Added at Constant Basic Prices,2020Q3,Construction,3419.0
Gross Value Added at Constant Basic Prices,2020Q3,"Distribution, Transport, Hotels and Restaurants",10931.0
Gross Value Added at Constant Basic Prices,2020Q3,Information and Communication,18521.0
Gross Value Added at Constant Basic Prices,2020Q3,Financial and Insurance Activities,3872.0
Gross Value Added at Constant Basic Prices,2020Q3,Real Estate Activities,6035.0
Gross Value Added at Constant Basic Prices,2020Q3,"Professional, Admin and Support Services",13083.0
Gross Value Added at Constant Basic Prices,2020Q3,"Public Admin, Education and Health",10631.0
Gross Value Added at Constant Basic Prices,2020Q3,"Arts, Entertainment and Other Services",1007.0
Gross Value Added at Constant Basic Prices,2020Q3,Statistical Discrepancy,
Gross Value Added at Constant Basic Prices,2020Q3,All Sectors,112267.0
Gross Value Added at Constant Basic Prices,2020Q4,"Agriculture, Forestry and Fishing",910.0
Gross Value Added at Constant Basic Prices,2020Q4,Industry (excl. Construction),37381.0
Gross Value Added at Constant Basic Prices,2020Q4,Industry - of which Manufacturing,36101.0
Gross Value Added at Constant Basic Prices,2020Q4,Construction,3911.0
Gross Value Added at Constant Basic Prices,2020Q4,"Distribution, Transport, Hotels and Restaurants",10801.0
Gross Value Added at Constant Basic Prices,2020Q4,Information and Communication,18272.0
Gross Value Added at Constant Basic Prices,2020Q4,Financial and Insurance Activities,4335.0
Gross Value Added at Constant Basic Prices,2020Q4,Real Estate Activities,6478.0
Gross Value Added at Constant Basic Prices,2020Q4,"Professional, Admin and Support Services",13549.0
Gross Value Added at Constant Basic Prices,2020Q4,"Public Admin, Education and Health",10685.0
Gross Value Added at Constant Basic Prices,2020Q4,"Arts, Entertainment and Other Services",1045.0
Gross Value Added at Constant Basic Prices,2020Q4,Statistical Discrepancy,
Gross Value Added at Constant Basic Prices,2020Q4,All Sectors,107832.0
Gross Value Added at Constant Basic Prices,2021Q1,"Agriculture, Forestry and Fishing",1028.0
Gross Value Added at Constant Basic Prices,2021Q1,Industry (excl. Construction),43589.0
Gross Value Added at Constant Basic Prices,2021Q1,Industry - of which Manufacturing,42049.0
Gross Value Added at Constant Basic Prices,2021Q1,Construction,2433.0
Gross Value Added at Constant Basic Prices,2021Q1,"Distribution, Transport, Hotels and Restaurants",9921.0
Gross Value Added at Constant Basic Prices,2021Q1,Information and Communication,19832.0
Gross Value Added at Constant Basic Prices,2021Q1,Financial and Insurance Activities,5033.0
Gross Value Added at Constant Basic Prices,2021Q1,Real Estate Activities,6647.0
Gross Value Added at Constant Basic Prices,2021Q1,"Professional, Admin and Support Services",12696.0
Gross Value Added at Constant Basic Prices,2021Q1,"Public Admin, Education and Health",10709.0
Gross Value Added at Constant Basic Prices,2021Q1,"Arts, Entertainment and Other Services",1003.0
Gross Value Added at Constant Basic Prices,2021Q1,Statistical Discrepancy,
Gross Value Added at Constant Basic Prices,2021Q1,All Sectors,115968.0
Gross Value Added at Constant Basic Prices,2021Q2,"Agriculture, Forestry and Fishing",1264.0
Gross Value Added at Constant Basic Prices,2021Q2,Industry (excl. Construction),42873.0
Gross Value Added at Constant Basic Prices,2021Q2,Industry - of which Manufacturing,41494.0
Gross Value Added at Constant Basic Prices,2021Q2,Construction,3166.0
Gross Value Added at Constant Basic Prices,2021Q2,"Distribution, Transport, Hotels and Restaurants",10961.0
Gross Value Added at Constant Basic Prices,2021Q2,Information and Communication,21847.0
Gross Value Added at Constant Basic Prices,2021Q2,Financial and Insurance Activities,4842.0
Gross Value Added at Constant Basic Prices,2021Q2,Real Estate Activities,6798.0
Gross Value Added at Constant Basic Prices,2021Q2,"Professional, Admin and Support Services",13134.0
Gross Value Added at Constant Basic Prices,2021Q2,"Public Admin, Education and Health",11076.0
Gross Value Added at Constant Basic Prices,2021Q2,"Arts, Entertainment and Other Services",1092.0
Gross Value Added at Constant Basic Prices,2021Q2,Statistical Discrepancy,
Gross Value Added at Constant Basic Prices,2021Q2,All Sectors,120937.0
Gross Value Added at Constant Basic Prices,2021Q3,"Agriculture, Forestry and Fishing",1472.0
Gross Value Added at Constant Basic Prices,2021Q3,Industry (excl. Construction),49874.0
Gross Value Added at Constant Basic Prices,2021Q3,Industry - of which Manufacturing,48671.0
Gross Value Added at Constant Basic Prices,2021Q3,Construction,3735.0
Gross Value Added at Constant Basic Prices,2021Q3,"Distribution, Transport, Hotels and Restaurants",12142.0
Gross Value Added at Constant Basic Prices,2021Q3,Information and Communication,19700.0
Gross Value Added at Constant Basic Prices,2021Q3,Financial and Insurance Activities,5328.0
Gross Value Added at Constant Basic Prices,2021Q3,Real Estate Activities,6855.0
Gross Value Added at Constant Basic Prices,2021Q3,"Professional, Admin and Support Services",13343.0
Gross Value Added at Constant Basic Prices,2021Q3,"Public Admin, Education and Health",11289.0
Gross Value Added at Constant Basic Prices,2021Q3,"Arts, Entertainment and Other Services",1241.0
Gross Value Added at Constant Basic Prices,2021Q3,Statistical Discrepancy,
Gross Value Added at Constant Basic Prices,2021Q3,All Sectors,128229.0
Gross Value Added at Constant Basic Prices,2021Q4,"Agriculture, Forestry and Fishing",982.0
Gross Value Added at Constant Basic Prices,2021Q4,Industry (excl. Construction),42625.0
Gross Value Added at Constant Basic Prices,2021Q4,Industry - of which Manufacturing,41543.0
Gross Value Added at Constant Basic Prices,2021Q4,Construction,4299.0
Gross Value Added at Constant Basic Prices,2021Q4,"Distribution, Transport, Hotels and Restaurants",13611.0
Gross Value Added at Constant Basic Prices,2021Q4,Information and Communication,24813.0
Gross Value Added at Constant Basic Prices,2021Q4,Financial and Insurance Activities,5623.0
Gross Value Added at Constant Basic Prices,2021Q4,Real Estate Activities,7224.0
Gross Value Added at Constant Basic Prices,2021Q4,"Professional, Admin and Support Services",14063.0
Gross Value Added at Constant Basic Prices,2021Q4,"Public Admin, Education and Health",11436.0
Gross Value Added at Constant Basic Prices,2021Q4,"Arts, Entertainment and Other Services",1450.0
Gross Value Added at Constant Basic Prices,2021Q4,Statistical Discrepancy,
Gross Value Added at Constant Basic Prices,2021Q4,All Sectors,124350.0
Gross Value Added at Constant Basic Prices,2022Q1,"Agriculture, Forestry and Fishing",1152.0
Gross Value Added at Constant Basic Prices,2022Q1,Industry (excl. Construction),47828.0
Gross Value Added at Constant Basic Prices,2022Q1,Industry - of which Manufacturing,46843.0
Gross Value Added at Constant Basic Prices,2022Q1,Construction,3048.0
Gross Value Added at Constant Basic Prices,2022Q1,"Distribution, Transport, Hotels and Restaurants",11834.0
Gross Value Added at Constant Basic Prices,2022Q1,Information and Communication,21812.0
Gross Value Added at Constant Basic Prices,2022Q1,Financial and Insurance Activities,4590.0
Gross Value Added at Constant Basic Prices,2022Q1,Real Estate Activities,6913.0
Gross Value Added at Constant Basic Prices,2022Q1,"Professional, Admin and Support Services",13612.0
Gross Value Added at Constant Basic Prices,2022Q1,"Public Admin, Education and Health",11378.0
Gross Value Added at Constant Basic Prices,2022Q1,"Arts, Entertainment and Other Services",1355.0
Gross Value Added at Constant Basic Prices,2022Q1,Statistical Discrepancy,
Gross Value Added at Constant Basic Prices,2022Q1,All Sectors,124638.0
Gross Value Added at Constant Basic Prices,2022Q2,"Agriculture, Forestry and Fishing",1420.0
Gross Value Added at Constant Basic Prices,2022Q2,Industry (excl. Construction),47246.0
Gross Value Added at Constant Basic Prices,2022Q2,Industry - of which Manufacturing,46178.0
Gross Value Added at Constant Basic Prices,2022Q2,Construction,3476.0
Gross Value Added at Constant Basic Prices,2022Q2,"Distribution, Transport, Hotels and Restaurants",12631.0
Gross Value Added at Constant Basic Prices,2022Q2,Information and Communication,24000.0
Gross Value Added at Constant Basic Prices,2022Q2,Financial and Insurance Activities,4239.0
Gross Value Added at Constant Basic Prices,2022Q2,Real Estate Activities,7193.0
Gross Value Added at Constant Basic Prices,2022Q2,"Professional, Admin and Support Services",14332.0
Gross Value Added at Constant Basic Prices,2022Q2,"Public Admin, Education and Health",11858.0
Gross Value Added at Constant Basic Prices,2022Q2,"Arts, Entertainment and Other Services",1471.0
Gross Value Added at Constant Basic Prices,2022Q2,Statistical Discrepancy,
Gross Value Added at Constant Basic Prices,2022Q2,All Sectors,131748.0
Gross Value Added at Constant Basic Prices,2022Q3,"Agriculture, Forestry and Fishing",1597.0
Gross Value Added at Constant Basic Prices,2022Q3,Industry (excl. Construction),56613.0
Gross Value Added at Constant Basic Prices,2022Q3,Industry - of which Manufacturing,55928.0
Gross Value Added at Constant Basic Prices,2022Q3,Construction,3956.0
Gross Value Added at Constant Basic Prices,2022Q3,"Distribution, Transport, Hotels and Restaurants",12459.0
Gross Value Added at Constant Basic Prices,2022Q3,Information and Communication,22460.0
Gross Value Added at Constant Basic Prices,2022Q3,Financial and Insurance Activities,4495.0
Gross Value Added at Constant Basic Prices,2022Q3,Real Estate Activities,7221.0
Gross Value Added at Constant Basic Prices,2022Q3,"Professional, Admin and Support Services",14328.0
Gross Value Added at Constant Basic Prices,2022Q3,"Public Admin, Education and Health",11937.0
Gross Value Added at Constant Basic Prices,2022Q3,"Arts, Entertainment and Other Services",1542.0
Gross Value Added at Constant Basic Prices,2022Q3,Statistical Discrepancy,
Gross Value Added at Constant Basic Prices,2022Q3,All Sectors,138844.0
Gross Value Added at Constant Basic Prices,2022Q4,"Agriculture, Forestry and Fishing",1056.0
Gross Value Added at Constant Basic Prices,2022Q4,Industry (excl. Construction),55223.0
Gross Value Added at Constant Basic Prices,2022Q4,Industry - of which Manufacturing,54310.0
Gross Value Added at Constant Basic Prices,2022Q4,Construction,3929.0
Gross Value Added at Constant Basic Prices,2022Q4,"Distribution, Transport, Hotels and Restaurants",13844.0
Gross Value Added at Constant Basic Prices,2022Q4,Information and Communication,24465.0
Gross Value Added at Constant Basic Prices,2022Q4,Financial and Insurance Activities,4772.0
Gross Value Added at Constant Basic Prices,2022Q4,Real Estate Activities,7416.0
Gross Value Added at Constant Basic Prices,2022Q4,"Professional, Admin and Support Services",15224.0
Gross Value Added at Constant Basic Prices,2022Q4,"Public Admin, Education and Health",12059.0
Gross Value Added at Constant Basic Prices,2022Q4,"Arts, Entertainment and Other Services",1540.0
Gross Value Added at Constant Basic Prices,2022Q4,Statistical Discrepancy,
Gross Value Added at Constant Basic Prices,2022Q4,All Sectors,136640.0
Gross Value Added at Constant Basic Prices,2023Q1,"Agriculture, Forestry and Fishing",1307.0
Gross Value Added at Constant Basic Prices,2023Q1,Industry (excl. Construction),42879.0
Gross Value Added at Constant Basic Prices,2023Q1,Industry - of which Manufacturing,41217.0
Gross Value Added at Constant Basic Prices,2023Q1,Construction,3356.0
Gross Value Added at Constant Basic Prices,2023Q1,"Distribution, Transport, Hotels and Restaurants",12865.0
Gross Value Added at Constant Basic Prices,2023Q1,Information and Communication,24501.0
Gross Value Added at Constant Basic Prices,2023Q1,Financial and Insurance Activities,5084.0
Gross Value Added at Constant Basic Prices,2023Q1,Real Estate Activities,7080.0
Gross Value Added at Constant Basic Prices,2023Q1,"Professional, Admin and Support Services",14670.0
Gross Value Added at Constant Basic Prices,2023Q1,"Public Admin, Education and Health",12071.0
Gross Value Added at Constant Basic Prices,2023Q1,"Arts, Entertainment and Other Services",1528.0
Gross Value Added at Constant Basic Prices,2023Q1,Statistical Discrepancy,
Gross Value Added at Constant Basic Prices,2023Q1,All Sectors,127127.0
Gross Value Added at Constant Basic Prices,2023Q2,"Agriculture, Forestry and Fishing",1712.0
Gross Value Added at Constant Basic Prices,2023Q2,Industry (excl. Construction),42887.0
Gross Value Added at Constant Basic Prices,2023Q2,Industry - of which Manufacturing,41010.0
Gross Value Added at Constant Basic Prices,2023Q2,Construction,3447.0
Gross Value Added at Constant Basic Prices,2023Q2,"Distribution, Transport, Hotels and Restaurants",13376.0
Gross Value Added at Constant Basic Prices,2023Q2,Information and Communication,27000.0
Gross Value Added at Constant Basic Prices,2023Q2,Financial and Insurance Activities,4832.0
Gross Value Added at Constant Basic Prices,2023Q2,Real Estate Activities,7256.0
Gross Value Added at Constant Basic Prices,2023Q2,"Professional, Admin and Support Services",15568.0
Gross Value Added at Constant Basic Prices,2023Q2,"Public Admin, Education and Health",12351.0
Gross Value Added at Constant Basic Prices,2023Q2,"Arts, Entertainment and Other Services",1536.0
Gross Value Added at Constant Basic Prices,2023Q2,Statistical Discrepancy,
Gross Value Added at Constant Basic Prices,2023Q2,All Sectors,129369.0
Gross Value Added at Constant Basic Prices,2023Q3,"Agriculture, Forestry and Fishing",1622.0
Gross Value Added at Constant Basic Prices,2023Q3,Industry (excl. Construction),45602.0
Gross Value Added at Constant Basic Prices,2023Q3,Industry - of which Manufacturing,43867.0
Gross Value Added at Constant Basic Prices,2023Q3,Construction,3894.0
Gross Value Added at Constant Basic Prices,2023Q3,"Distribution, Transport, Hotels and Restaurants",13242.0
Gross Value Added at Constant Basic Prices,2023Q3,Information and Communication,24576.0
Gross Value Added at Constant Basic Prices,2023Q3,Financial and Insurance Activities,4799.0
Gross Value Added at Constant Basic Prices,2023Q3,Real Estate Activities,7329.0
Gross Value Added at Constant Basic Prices,2023Q3,"Professional, Admin and Support Services",15962.0
Gross Value Added at Constant Basic Prices,2023Q3,"Public Admin, Education and Health",12451.0
Gross Value Added at Constant Basic Prices,2023Q3,"Arts, Entertainment and Other Services",1519.0
Gross Value Added at Constant Basic Prices,2023Q3,Statistical Discrepancy,
Gross Value Added at Constant Basic Prices,2023Q3,All Sectors,131733.0
Gross Value Added at Constant Basic Prices,2023Q4,"Agriculture, Forestry and Fishing",1069.0
Gross Value Added at Constant Basic Prices,2023Q4,Industry (excl. Construction),38764.0
Gross Value Added at Constant Basic Prices,2023Q4,Industry - of which Manufacturing,36914.0
Gross Value Added at Constant Basic Prices,2023Q4,Construction,3932.0
Gross Value Added at Constant Basic Prices,2023Q4,"Distribution, Transport, Hotels and Restaurants",13628.0
Gross Value Added at Constant Basic Prices,2023Q4,Information and Communication,28098.0
Gross Value Added at Constant Basic Prices,2023Q4,Financial and Insurance Activities,5354.0
Gross Value Added at Constant Basic Prices,2023Q4,Real Estate Activities,7326.0
Gross Value Added at Constant Basic Prices,2023Q4,"Professional, Admin and Support Services",16186.0
Gross Value Added at Constant Basic Prices,2023Q4,"Public Admin, Education and Health",12653.0
Gross Value Added at Constant Basic Prices,2023Q4,"Arts, Entertainment and Other Services",1590.0
Gross Value Added at Constant Basic Prices,2023Q4,Statistical Discrepancy,
Gross Value Added at Constant Basic Prices,2023Q4,All Sectors,125608.0
Gross Value Added at Constant Basic Prices,2024Q1,"Agriculture, Forestry and Fishing",1336.0
Gross Value Added at Constant Basic Prices,2024Q1,Industry (excl. Construction),36908.0
Gross Value Added at Constant Basic Prices,2024Q1,Industry - of which Manufacturing,34824.0
Gross Value Added at Constant Basic Prices,2024Q1,Construction,3145.0
Gross Value Added at Constant Basic Prices,2024Q1,"Distribution, Transport, Hotels and Restaurants",13113.0
Gross Value Added at Constant Basic Prices,2024Q1,Information and Communication,27176.0
Gross Value Added at Constant Basic Prices,2024Q1,Financial and Insurance Activities,5978.0
Gross Value Added at Constant Basic Prices,2024Q1,Real Estate Activities,7449.0
Gross Value Added at Constant Basic Prices,2024Q1,"Professional, Admin and Support Services",15950.0
Gross Value Added at Constant Basic Prices,2024Q1,"Public Admin, Education and Health",12770.0
Gross Value Added at Constant Basic Prices,2024Q1,"Arts, Entertainment and Other Services",1597.0
Gross Value Added at Constant Basic Prices,2024Q1,Statistical Discrepancy,
Gross Value Added at Constant Basic Prices,2024Q1,All Sectors,124755.0
Gross Value Added at Constant Basic Prices,2024Q2,"Agriculture, Forestry and Fishing",1598.0
Gross Value Added at Constant Basic Prices,2024Q2,Industry (excl. Construction),39387.0
Gross Value Added at Constant Basic Prices,2024Q2,Industry - of which Manufacturing,37574.0
Gross Value Added at Constant Basic Prices,2024Q2,Construction,3439.0
Gross Value Added at Constant Basic Prices,2024Q2,"Distribution, Transport, Hotels and Restaurants",13178.0
Gross Value Added at Constant Basic Prices,2024Q2,Information and Communication,26710.0
Gross Value Added at Constant Basic Prices,2024Q2,Financial and Insurance Activities,5109.0
Gross Value Added at Constant Basic Prices,2024Q2,Real Estate Activities,7577.0
Gross Value Added at Constant Basic Prices,2024Q2,"Professional, Admin and Support Services",16371.0
Gross Value Added at Constant Basic Prices,2024Q2,"Public Admin, Education and Health",12995.0
Gross Value Added at Constant Basic Prices,2024Q2,"Arts, Entertainment and Other Services",1480.0
Gross Value Added at Constant Basic Prices,2024Q2,Statistical Discrepancy,
Gross Value Added at Constant Basic Prices,2024Q2,All Sectors,127930.0
Gross Value Added at Constant Basic Prices,2024Q3,"Agriculture, Forestry and Fishing",1703.0
Gross Value Added at Constant Basic Prices,2024Q3,Industry (excl. Construction),49429.0
Gross Value Added at Constant Basic Prices,2024Q3,Industry - of which Manufacturing,47922.0
Gross Value Added at Constant Basic Prices,2024Q3,Construction,4229.0
Gross Value Added at Constant Basic Prices,2024Q3,"Distribution, Transport, Hotels and Restaurants",13113.0
Gross Value Added at Constant Basic Prices,2024Q3,Information and Communication,26519.0
Gross Value Added at Constant Basic Prices,2024Q3,Financial and Insurance Activities,6099.0
Gross Value Added at Constant Basic Prices,2024Q3,Real Estate Activities,7774.0
Gross Value Added at Constant Basic Prices,2024Q3,"Professional, Admin and Support Services",15998.0
Gross Value Added at Constant Basic Prices,2024Q3,"Public Admin, Education and Health",13013.0
Gross Value Added at Constant Basic Prices,2024Q3,"Arts, Entertainment and Other Services",1499.0
Gross Value Added at Constant Basic Prices,2024Q3,Statistical Discrepancy,
Gross Value Added at Constant Basic Prices,2024Q3,All Sectors,137742.0
Gross Value Added at Constant Basic Prices,2024Q4,"Agriculture, Forestry and Fishing",1157.0
Gross Value Added at Constant Basic Prices,2024Q4,Industry (excl. Construction),45236.0
Gross Value Added at Constant Basic Prices,2024Q4,Industry - of which Manufacturing,43737.0
Gross Value Added at Constant Basic Prices,2024Q4,Construction,3930.0
Gross Value Added at Constant Basic Prices,2024Q4,"Distribution, Transport, Hotels and Restaurants",13562.0
Gross Value Added at Constant Basic Prices,2024Q4,Information and Communication,32477.0
Gross Value Added at Constant Basic Prices,2024Q4,Financial and Insurance Activities,6270.0
Gross Value Added at Constant Basic Prices,2024Q4,Real Estate Activities,7936.0
Gross Value Added at Constant Basic Prices,2024Q4,"Professional, Admin and Support Services",16875.0
Gross Value Added at Constant Basic Prices,2024Q4,"Public Admin, Education and Health",13238.0
Gross Value Added at Constant Basic Prices,2024Q4,"Arts, Entertainment and Other Services",1574.0
Gross Value Added at Constant Basic Prices,2024Q4,Statistical Discrepancy,
Gross Value Added at Constant Basic Prices,2024Q4,All Sectors,141900.0
Gross Value Added at Constant Basic Prices,2025Q1,"Agriculture, Forestry and Fishing",1385.0
Gross Value Added at Constant Basic Prices,2025Q1,Industry (excl. Construction),57053.0
Gross Value Added at Constant Basic Prices,2025Q1,Industry - of which Manufacturing,55231.0
Gross Value Added at Constant Basic Prices,2025Q1,Construction,3376.0
Gross Value Added at Constant Basic Prices,2025Q1,"Distribution, Transport, Hotels and Restaurants",12987.0
Gross Value Added at Constant Basic Prices,2025Q1,Information and Communication,31367.0
Gross Value Added at Constant Basic Prices,2025Q1,Financial and Insurance Activities,5844.0
Gross Value Added at Constant Basic Prices,2025Q1,Real Estate Activities,7732.0
Gross Value Added at Constant Basic Prices,2025Q1,"Professional, Admin and Support Services",16706.0
Gross Value Added at Constant Basic Prices,2025Q1,"Public Admin, Education and Health",12802.0
Gross Value Added at Constant Basic Prices,2025Q1,"Arts, Entertainment and Other Services",1516.0
Gross Value Added at Constant Basic Prices,2025Q1,Statistical Discrepancy,
Gross Value Added at Constant Basic Prices,2025Q1,All Sectors,148255.0
Gross Value Added at Constant Basic Prices,2025Q2,"Agriculture, Forestry and Fishing",1632.0
Gross Value Added at Constant Basic Prices,2025Q2,Industry (excl. Construction),42769.0
Gross Value Added at Constant Basic Prices,2025Q2,Industry - of which Manufacturing,40828.0
Gross Value Added at Constant Basic Prices,2025Q2,Construction,3892.0
Gross Value Added at Constant Basic Prices,2025Q2,"Distribution, Transport, Hotels and Restaurants",13202.0
Gross Value Added at Constant Basic Prices,2025Q2,Information and Communication,31962.0
Gross Value Added at Constant Basic Prices,2025Q2,Financial and Insurance Activities,5054.0
Gross Value Added at Constant Basic Prices,2025Q2,Real Estate Activities,8026.0
Gross Value Added at Constant Basic Prices,2025Q2,"Professional, Admin and Support Services",16449.0
Gross Value Added at Constant Basic Prices,2025Q2,"Public Admin, Education and Health",13148.0
Gross Value Added at Constant Basic Prices,2025Q2,"Arts, Entertainment and Other Services",1484.0
Gross Value Added at Constant Basic Prices,2025Q2,Statistical Discrepancy,
Gross Value Added at Constant Basic Prices,2025Q2,All Sectors,142211.0
Gross Value Added at Constant Basic Prices,2025Q3,"Agriculture, Forestry and Fishing",1715.0
Gross Value Added at Constant Basic Prices,2025Q3,Industry (excl. Construction),49885.0
Gross Value Added at Constant Basic Prices,2025Q3,Industry - of which Manufacturing,48079.0
Gross Value Added at Constant Basic Prices,2025Q3,Construction,4227.0
Gross Value Added at Constant Basic Prices,2025Q3,"Distribution, Transport, Hotels and Restaurants",13983.0
Gross Value Added at Constant Basic Prices,2025Q3,Information and Communication,30647.0
Gross Value Added at Constant Basic Prices,2025Q3,Financial and Insurance Activities,6099.0
Gross Value Added at Constant Basic Prices,2025Q3,Real Estate Activities,8104.0
Gross Value Added at Constant Basic Prices,2025Q3,"Professional, Admin and Support Services",16748.0
Gross Value Added at Constant Basic Prices,2025Q3,"Public Admin, Education and Health",13479.0
Gross Value Added at Constant Basic Prices,2025Q3,"Arts, Entertainment and Other Services",1566.0
Gross Value Added at Constant Basic Prices,2025Q3,Statistical Discrepancy,
Gross Value Added at Constant Basic Prices,2025Q3,All Sectors,144527.0
Gross Value Added at Constant Basic Prices,2025Q4,"Agriculture, Forestry and Fishing",1271.0
Gross Value Added at Constant Basic Prices,2025Q4,Industry (excl. Construction),41541.0
Gross Value Added at Constant Basic Prices,2025Q4,Industry - of which Manufacturing,39847.0
Gross Value Added at Constant Basic Prices,2025Q4,Construction,4305.0
Gross Value Added at Constant Basic Prices,2025Q4,"Distribution, Transport, Hotels and Restaurants",13917.0
Gross Value Added at Constant Basic Prices,2025Q4,Information and Communication,35594.0
Gross Value Added at Constant Basic Prices,2025Q4,Financial and Insurance Activities,6458.0
Gross Value Added at Constant Basic Prices,2025Q4,Real Estate Activities,8383.0
Gross Value Added at Constant Basic Prices,2025Q4,"Professional, Admin and Support Services",16538.0
Gross Value Added at Constant Basic Prices,2025Q4,"Public Admin, Education and Health",13631.0
Gross Value Added at Constant Basic Prices,2025Q4,"Arts, Entertainment and Other Services",1604.0
Gross Value Added at Constant Basic Prices,2025Q4,Statistical Discrepancy,
Gross Value Added at Constant Basic Prices,2025Q4,All Sectors,141099.0
Gross Value Added at Constant Basic Prices,2026Q1,"Agriculture, Forestry and Fishing",1381.0
Gross Value Added at Constant Basic Prices,2026Q1,Industry (excl. Construction),36601.0
Gross Value Added at Constant Basic Prices,2026Q1,Industry - of which Manufacturing,34862.0
Gross Value Added at Constant Basic Prices,2026Q1,Construction,3258.0
Gross Value Added at Constant Basic Prices,2026Q1,"Distribution, Transport, Hotels and Restaurants",13159.0
Gross Value Added at Constant Basic Prices,2026Q1,Information and Communication,32534.0
Gross Value Added at Constant Basic Prices,2026Q1,Financial and Insurance Activities,6145.0
Gross Value Added at Constant Basic Prices,2026Q1,Real Estate Activities,8032.0
Gross Value Added at Constant Basic Prices,2026Q1,"Professional, Admin and Support Services",16303.0
Gross Value Added at Constant Basic Prices,2026Q1,"Public Admin, Education and Health",13003.0
Gross Value Added at Constant Basic Prices,2026Q1,"Arts, Entertainment and Other Services",1437.0
Gross Value Added at Constant Basic Prices,2026Q1,Statistical Discrepancy,
Gross Value Added at Constant Basic Prices,2026Q1,All Sectors,127074.0
Gross Value Added at Constant Basic Prices,2026Q2,"Agriculture, Forestry and Fishing",1857.0
Gross Value Added at Constant Basic Prices,2026Q2,Industry (excl. Construction),44693.0
Gross Value Added at Constant Basic Prices,2026Q2,Industry - of which Manufacturing,43040.0
Gross Value Added at Constant Basic Prices,2026Q2,Construction,3778.0
Gross Value Added at Constant Basic Prices,2026Q2,"Distribution, Transport, Hotels and Restaurants",13168.0
Gross Value Added at Constant Basic Prices,2026Q2,Information and Communication,33025.0
Gross Value Added at Constant Basic Prices,2026Q2,Financial and Insurance Activities,5441.0
Gross Value Added at Constant Basic Prices,2026Q2,Real Estate Activities,8111.0
Gross Value Added at Constant Basic Prices,2026Q2,"Professional, Admin and Support Services",16932.0
Gross Value Added at Constant Basic Prices,2026Q2,"Public Admin, Education and Health",13523.0
Gross Value Added at Constant Basic Prices,2026Q2,"Arts, Entertainment and Other Services",1440.0
Gross Value Added at Constant Basic Prices,2026Q2,Statistical Discrepancy,
Gross Value Added at Constant Basic Prices,2026Q2,All Sectors,141609.0
Gross Value Added at Current Basic Prices,1995Q1,"Agriculture, Forestry and Fishing",843.0
Gross Value Added at Current Basic Prices,1995Q1,Industry (excl. Construction),3140.0
Gross Value Added at Current Basic Prices,1995Q1,Industry - of which Manufacturing,2736.0
Gross Value Added at Current Basic Prices,1995Q1,Construction,681.0
Gross Value Added at Current Basic Prices,1995Q1,"Distribution, Transport, Hotels and Restaurants",1896.0
Gross Value Added at Current Basic Prices,1995Q1,Information and Communication,793.0
Gross Value Added at Current Basic Prices,1995Q1,Financial and Insurance Activities,949.0
Gross Value Added at Current Basic Prices,1995Q1,Real Estate Activities,645.0
Gross Value Added at Current Basic Prices,1995Q1,"Professional, Admin and Support Services",612.0
Gross Value Added at Current Basic Prices,1995Q1,"Public Admin, Education and Health",2118.0
Gross Value Added at Current Basic Prices,1995Q1,"Arts, Entertainment and Other Services",306.0
Gross Value Added at Current Basic Prices,1995Q1,Statistical Discrepancy,-206.0
Gross Value Added at Current Basic Prices,1995Q1,All Sectors,11776.0
Gross Value Added at Current Basic Prices,1995Q2,"Agriculture, Forestry and Fishing",1144.0
Gross Value Added at Current Basic Prices,1995Q2,Industry (excl. Construction),3310.0
Gross Value Added at Current Basic Prices,1995Q2,Industry - of which Manufacturing,2899.0
Gross Value Added at Current Basic Prices,1995Q2,Construction,719.0
Gross Value Added at Current Basic Prices,1995Q2,"Distribution, Transport, Hotels and Restaurants",1963.0
Gross Value Added at Current Basic Prices,1995Q2,Information and Communication,812.0
Gross Value Added at Current Basic Prices,1995Q2,Financial and Insurance Activities,997.0
Gross Value Added at Current Basic Prices,1995Q2,Real Estate Activities,687.0
Gross Value Added at Current Basic Prices,1995Q2,"Professional, Admin and Support Services",628.0
Gross Value Added at Current Basic Prices,1995Q2,"Public Admin, Education and Health",2146.0
Gross Value Added at Current Basic Prices,1995Q2,"Arts, Entertainment and Other Services",321.0
Gross Value Added at Current Basic Prices,1995Q2,Statistical Discrepancy,-253.0
Gross Value Added at Current Basic Prices,1995Q2,All Sectors,12474.0
Gross Value Added at Current Basic Prices,1995Q3,"Agriculture, Forestry and Fishing",640.0
Gross Value Added at Current Basic Prices,1995Q3,Industry (excl. Construction),3054.0
Gross Value Added at Current Basic Prices,1995Q3,Industry - of which Manufacturing,2676.0
Gross Value Added at Current Basic Prices,1995Q3,Construction,758.0
Gross Value Added at Current Basic Prices,1995Q3,"Distribution, Transport, Hotels and Restaurants",2151.0
Gross Value Added at Current Basic Prices,1995Q3,Information and Communication,831.0
Gross Value Added at Current Basic Prices,1995Q3,Financial and Insurance Activities,1087.0
Gross Value Added at Current Basic Prices,1995Q3,Real Estate Activities,718.0
Gross Value Added at Current Basic Prices,1995Q3,"Professional, Admin and Support Services",636.0
Gross Value Added at Current Basic Prices,1995Q3,"Public Admin, Education and Health",2116.0
Gross Value Added at Current Basic Prices,1995Q3,"Arts, Entertainment and Other Services",315.0
Gross Value Added at Current Basic Prices,1995Q3,Statistical Discrepancy,-68.0
Gross Value Added at Current Basic Prices,1995Q3,All Sectors,12237.0
Gross Value Added at Current Basic Prices,1995Q4,"Agriculture, Forestry and Fishing",432.0
Gross Value Added at Current Basic Prices,1995Q4,Industry (excl. Construction),3420.0
Gross Value Added at Current Basic Prices,1995Q4,Industry - of which Manufacturing,3018.0
Gross Value Added at Current Basic Prices,1995Q4,Construction,766.0
Gross Value Added at Current Basic Prices,1995Q4,"Distribution, Transport, Hotels and Restaurants",2051.0
Gross Value Added at Current Basic Prices,1995Q4,Information and Communication,814.0
Gross Value Added at Current Basic Prices,1995Q4,Financial and Insurance Activities,1122.0
Gross Value Added at Current Basic Prices,1995Q4,Real Estate Activities,730.0
Gross Value Added at Current Basic Prices,1995Q4,"Professional, Admin and Support Services",670.0
Gross Value Added at Current Basic Prices,1995Q4,"Public Admin, Education and Health",2122.0
Gross Value Added at Current Basic Prices,1995Q4,"Arts, Entertainment and Other Services",310.0
Gross Value Added at Current Basic Prices,1995Q4,Statistical Discrepancy,218.0
Gross Value Added at Current Basic Prices,1995Q4,All Sectors,12655.0
Gross Value Added at Current Basic Prices,1996Q1,"Agriculture, Forestry and Fishing",765.0
Gross Value Added at Current Basic Prices,1996Q1,Industry (excl. Construction),3512.0
Gross Value Added at Current Basic Prices,1996Q1,Industry - of which Manufacturing,3124.0
Gross Value Added at Current Basic Prices,1996Q1,Construction,742.0
Gross Value Added at Current Basic Prices,1996Q1,"Distribution, Transport, Hotels and Restaurants",2277.0
Gross Value Added at Current Basic Prices,1996Q1,Information and Communication,848.0
Gross Value Added at Current Basic Prices,1996Q1,Financial and Insurance Activities,915.0
Gross Value Added at Current Basic Prices,1996Q1,Real Estate Activities,747.0
Gross Value Added at Current Basic Prices,1996Q1,"Professional, Admin and Support Services",685.0
Gross Value Added at Current Basic Prices,1996Q1,"Public Admin, Education and Health",2323.0
Gross Value Added at Current Basic Prices,1996Q1,"Arts, Entertainment and Other Services",321.0
Gross Value Added at Current Basic Prices,1996Q1,Statistical Discrepancy,-32.0
Gross Value Added at Current Basic Prices,1996Q1,All Sectors,13102.0
Gross Value Added at Current Basic Prices,1996Q2,"Agriculture, Forestry and Fishing",1044.0
Gross Value Added at Current Basic Prices,1996Q2,Industry (excl. Construction),3586.0
Gross Value Added at Current Basic Prices,1996Q2,Industry - of which Manufacturing,3205.0
Gross Value Added at Current Basic Prices,1996Q2,Construction,783.0
Gross Value Added at Current Basic Prices,1996Q2,"Distribution, Transport, Hotels and Restaurants",2297.0
Gross Value Added at Current Basic Prices,1996Q2,Information and Communication,879.0
Gross Value Added at Current Basic Prices,1996Q2,Financial and Insurance Activities,981.0
Gross Value Added at Current Basic Prices,1996Q2,Real Estate Activities,775.0
Gross Value Added at Current Basic Prices,1996Q2,"Professional, Admin and Support Services",695.0
Gross Value Added at Current Basic Prices,1996Q2,"Public Admin, Education and Health",2344.0
Gross Value Added at Current Basic Prices,1996Q2,"Arts, Entertainment and Other Services",326.0
Gross Value Added at Current Basic Prices,1996Q2,Statistical Discrepancy,-50.0
Gross Value Added at Current Basic Prices,1996Q2,All Sectors,13660.0
Gross Value Added at Current Basic Prices,1996Q3,"Agriculture, Forestry and Fishing",642.0
Gross Value Added at Current Basic Prices,1996Q3,Industry (excl. Construction),3100.0
Gross Value Added at Current Basic Prices,1996Q3,Industry - of which Manufacturing,2718.0
Gross Value Added at Current Basic Prices,1996Q3,Construction,826.0
Gross Value Added at Current Basic Prices,1996Q3,"Distribution, Transport, Hotels and Restaurants",2489.0
Gross Value Added at Current Basic Prices,1996Q3,Information and Communication,879.0
Gross Value Added at Current Basic Prices,1996Q3,Financial and Insurance Activities,1017.0
Gross Value Added at Current Basic Prices,1996Q3,Real Estate Activities,825.0
Gross Value Added at Current Basic Prices,1996Q3,"Professional, Admin and Support Services",719.0
Gross Value Added at Current Basic Prices,1996Q3,"Public Admin, Education and Health",2279.0
Gross Value Added at Current Basic Prices,1996Q3,"Arts, Entertainment and Other Services",338.0
Gross Value Added at Current Basic Prices,1996Q3,Statistical Discrepancy,148.0
Gross Value Added at Current Basic Prices,1996Q3,All Sectors,13261.0
Gross Value Added at Current Basic Prices,1996Q4,"Agriculture, Forestry and Fishing",374.0
Gross Value Added at Current Basic Prices,1996Q4,Industry (excl. Construction),3634.0
Gross Value Added at Current Basic Prices,1996Q4,Industry - of which Manufacturing,3248.0
Gross Value Added at Current Basic Prices,1996Q4,Construction,835.0
Gross Value Added at Current Basic Prices,1996Q4,"Distribution, Transport, Hotels and Restaurants",2400.0
Gross Value Added at Current Basic Prices,1996Q4,Information and Communication,980.0
Gross Value Added at Current Basic Prices,1996Q4,Financial and Insurance Activities,1080.0
Gross Value Added at Current Basic Prices,1996Q4,Real Estate Activities,847.0
Gross Value Added at Current Basic Prices,1996Q4,"Professional, Admin and Support Services",791.0
Gross Value Added at Current Basic Prices,1996Q4,"Public Admin, Education and Health",2270.0
Gross Value Added at Current Basic Prices,1996Q4,"Arts, Entertainment and Other Services",349.0
Gross Value Added at Current Basic Prices,1996Q4,Statistical Discrepancy,415.0
Gross Value Added at Current Basic Prices,1996Q4,All Sectors,13974.0
Gross Value Added at Current Basic Prices,1997Q1,"Agriculture, Forestry and Fishing",793.0
Gross Value Added at Current Basic Prices,1997Q1,Industry (excl. Construction),3950.0
Gross Value Added at Current Basic Prices,1997Q1,Industry - of which Manufacturing,3512.0
Gross Value Added at Current Basic Prices,1997Q1,Construction,876.0
Gross Value Added at Current Basic Prices,1997Q1,"Distribution, Transport, Hotels and Restaurants",2550.0
Gross Value Added at Current Basic Prices,1997Q1,Information and Communication,1142.0
Gross Value Added at Current Basic Prices,1997Q1,Financial and Insurance Activities,947.0
Gross Value Added at Current Basic Prices,1997Q1,Real Estate Activities,908.0
Gross Value Added at Current Basic Prices,1997Q1,"Professional, Admin and Support Services",793.0
Gross Value Added at Current Basic Prices,1997Q1,"Public Admin, Education and Health",2491.0
Gross Value Added at Current Basic Prices,1997Q1,"Arts, Entertainment and Other Services",361.0
Gross Value Added at Current Basic Prices,1997Q1,Statistical Discrepancy,-418.0
Gross Value Added at Current Basic Prices,1997Q1,All Sectors,14392.0
Gross Value Added at Current Basic Prices,1997Q2,"Agriculture, Forestry and Fishing",1023.0
Gross Value Added at Current Basic Prices,1997Q2,Industry (excl. Construction),4295.0
Gross Value Added at Current Basic Prices,1997Q2,Industry - of which Manufacturing,3874.0
Gross Value Added at Current Basic Prices,1997Q2,Construction,925.0
Gross Value Added at Current Basic Prices,1997Q2,"Distribution, Transport, Hotels and Restaurants",2649.0
Gross Value Added at Current Basic Prices,1997Q2,Information and Communication,1085.0
Gross Value Added at Current Basic Prices,1997Q2,Financial and Insurance Activities,998.0
Gross Value Added at Current Basic Prices,1997Q2,Real Estate Activities,978.0
Gross Value Added at Current Basic Prices,1997Q2,"Professional, Admin and Support Services",839.0
Gross Value Added at Current Basic Prices,1997Q2,"Public Admin, Education and Health",2499.0
Gross Value Added at Current Basic Prices,1997Q2,"Arts, Entertainment and Other Services",386.0
Gross Value Added at Current Basic Prices,1997Q2,Statistical Discrepancy,-99.0
Gross Value Added at Current Basic Prices,1997Q2,All Sectors,15579.0
Gross Value Added at Current Basic Prices,1997Q3,"Agriculture, Forestry and Fishing",573.0
Gross Value Added at Current Basic Prices,1997Q3,Industry (excl. Construction),4227.0
Gross Value Added at Current Basic Prices,1997Q3,Industry - of which Manufacturing,3801.0
Gross Value Added at Current Basic Prices,1997Q3,Construction,975.0
Gross Value Added at Current Basic Prices,1997Q3,"Distribution, Transport, Hotels and Restaurants",2918.0
Gross Value Added at Current Basic Prices,1997Q3,Information and Communication,1130.0
Gross Value Added at Current Basic Prices,1997Q3,Financial and Insurance Activities,1064.0
Gross Value Added at Current Basic Prices,1997Q3,Real Estate Activities,1024.0
Gross Value Added at Current Basic Prices,1997Q3,"Professional, Admin and Support Services",880.0
Gross Value Added at Current Basic Prices,1997Q3,"Public Admin, Education and Health",2432.0
Gross Value Added at Current Basic Prices,1997Q3,"Arts, Entertainment and Other Services",376.0
Gross Value Added at Current Basic Prices,1997Q3,Statistical Discrepancy,-109.0
Gross Value Added at Current Basic Prices,1997Q3,All Sectors,15490.0
Gross Value Added at Current Basic Prices,1997Q4,"Agriculture, Forestry and Fishing",331.0
Gross Value Added at Current Basic Prices,1997Q4,Industry (excl. Construction),4376.0
Gross Value Added at Current Basic Prices,1997Q4,Industry - of which Manufacturing,3936.0
Gross Value Added at Current Basic Prices,1997Q4,Construction,986.0
Gross Value Added at Current Basic Prices,1997Q4,"Distribution, Transport, Hotels and Restaurants",2947.0
Gross Value Added at Current Basic Prices,1997Q4,Information and Communication,1261.0
Gross Value Added at Current Basic Prices,1997Q4,Financial and Insurance Activities,1034.0
Gross Value Added at Current Basic Prices,1997Q4,Real Estate Activities,1058.0
Gross Value Added at Current Basic Prices,1997Q4,"Professional, Admin and Support Services",954.0
Gross Value Added at Current Basic Prices,1997Q4,"Public Admin, Education and Health",2429.0
Gross Value Added at Current Basic Prices,1997Q4,"Arts, Entertainment and Other Services",381.0
Gross Value Added at Current Basic Prices,1997Q4,Statistical Discrepancy,989.0
Gross Value Added at Current Basic Prices,1997Q4,All Sectors,16746.0
Gross Value Added at Current Basic Prices,1998Q1,"Agriculture, Forestry and Fishing",864.0
Gross Value Added at Current Basic Prices,1998Q1,Industry (excl. Construction),5220.0
Gross Value Added at Current Basic Prices,1998Q1,Industry - of which Manufacturing,4744.0
Gross Value Added at Current Basic Prices,1998Q1,Construction,1070.0
Gross Value Added at Current Basic Prices,1998Q1,"Distribution, Transport, Hotels and Restaurants",3017.0
Gross Value Added at Current Basic Prices,1998Q1,Information and Communication,1400.0
Gross Value Added at Current Basic Prices,1998Q1,Financial and Insurance Activities,1219.0
Gross Value Added at Current Basic Prices,1998Q1,Real Estate Activities,1134.0
Gross Value Added at Current Basic Prices,1998Q1,"Professional, Admin and Support Services",1069.0
Gross Value Added at Current Basic Prices,1998Q1,"Public Admin, Education and Health",2505.0
Gross Value Added at Current Basic Prices,1998Q1,"Arts, Entertainment and Other Services",381.0
Gross Value Added at Current Basic Prices,1998Q1,Statistical Discrepancy,-767.0
Gross Value Added at Current Basic Prices,1998Q1,All Sectors,17112.0
Gross Value Added at Current Basic Prices,1998Q2,"Agriculture, Forestry and Fishing",1002.0
Gross Value Added at Current Basic Prices,1998Q2,Industry (excl. Construction),5148.0
Gross Value Added at Current Basic Prices,1998Q2,Industry - of which Manufacturing,4690.0
Gross Value Added at Current Basic Prices,1998Q2,Construction,1130.0
Gross Value Added at Current Basic Prices,1998Q2,"Distribution, Transport, Hotels and Restaurants",3121.0
Gross Value Added at Current Basic Prices,1998Q2,Information and Communication,1450.0
Gross Value Added at Current Basic Prices,1998Q2,Financial and Insurance Activities,1162.0
Gross Value Added at Current Basic Prices,1998Q2,Real Estate Activities,1237.0
Gross Value Added at Current Basic Prices,1998Q2,"Professional, Admin and Support Services",1081.0
Gross Value Added at Current Basic Prices,1998Q2,"Public Admin, Education and Health",2551.0
Gross Value Added at Current Basic Prices,1998Q2,"Arts, Entertainment and Other Services",393.0
Gross Value Added at Current Basic Prices,1998Q2,Statistical Discrepancy,-272.0
Gross Value Added at Current Basic Prices,1998Q2,All Sectors,18003.0
Gross Value Added at Current Basic Prices,1998Q3,"Agriculture, Forestry and Fishing",572.0
Gross Value Added at Current Basic Prices,1998Q3,Industry (excl. Construction),5193.0
Gross Value Added at Current Basic Prices,1998Q3,Industry - of which Manufacturing,4740.0
Gross Value Added at Current Basic Prices,1998Q3,Construction,1192.0
Gross Value Added at Current Basic Prices,1998Q3,"Distribution, Transport, Hotels and Restaurants",3372.0
Gross Value Added at Current Basic Prices,1998Q3,Information and Communication,1375.0
Gross Value Added at Current Basic Prices,1998Q3,Financial and Insurance Activities,1276.0
Gross Value Added at Current Basic Prices,1998Q3,Real Estate Activities,1274.0
Gross Value Added at Current Basic Prices,1998Q3,"Professional, Admin and Support Services",1118.0
Gross Value Added at Current Basic Prices,1998Q3,"Public Admin, Education and Health",2589.0
Gross Value Added at Current Basic Prices,1998Q3,"Arts, Entertainment and Other Services",410.0
Gross Value Added at Current Basic Prices,1998Q3,Statistical Discrepancy,-60.0
Gross Value Added at Current Basic Prices,1998Q3,All Sectors,18312.0
Gross Value Added at Current Basic Prices,1998Q4,"Agriculture, Forestry and Fishing",367.0
Gross Value Added at Current Basic Prices,1998Q4,Industry (excl. Construction),5009.0
Gross Value Added at Current Basic Prices,1998Q4,Industry - of which Manufacturing,4522.0
Gross Value Added at Current Basic Prices,1998Q4,Construction,1205.0
Gross Value Added at Current Basic Prices,1998Q4,"Distribution, Transport, Hotels and Restaurants",3299.0
Gross Value Added at Current Basic Prices,1998Q4,Information and Communication,1485.0
Gross Value Added at Current Basic Prices,1998Q4,Financial and Insurance Activities,1253.0
Gross Value Added at Current Basic Prices,1998Q4,Real Estate Activities,1335.0
Gross Value Added at Current Basic Prices,1998Q4,"Professional, Admin and Support Services",1200.0
Gross Value Added at Current Basic Prices,1998Q4,"Public Admin, Education and Health",2646.0
Gross Value Added at Current Basic Prices,1998Q4,"Arts, Entertainment and Other Services",432.0
Gross Value Added at Current Basic Prices,1998Q4,Statistical Discrepancy,368.0
Gross Value Added at Current Basic Prices,1998Q4,All Sectors,18597.0
Gross Value Added at Current Basic Prices,1999Q1,"Agriculture, Forestry and Fishing",697.0
Gross Value Added at Current Basic Prices,1999Q1,Industry (excl. Construction),5832.0
Gross Value Added at Current Basic Prices,1999Q1,Industry - of which Manufacturing,5415.0
Gross Value Added at Current Basic Prices,1999Q1,Construction,1299.0
Gross Value Added at Current Basic Prices,1999Q1,"Distribution, Transport, Hotels and Restaurants",3354.0
Gross Value Added at Current Basic Prices,1999Q1,Information and Communication,1643.0
Gross Value Added at Current Basic Prices,1999Q1,Financial and Insurance Activities,1354.0
Gross Value Added at Current Basic Prices,1999Q1,Real Estate Activities,1340.0
Gross Value Added at Current Basic Prices,1999Q1,"Professional, Admin and Support Services",1273.0
Gross Value Added at Current Basic Prices,1999Q1,"Public Admin, Education and Health",2665.0
Gross Value Added at Current Basic Prices,1999Q1,"Arts, Entertainment and Other Services",448.0
Gross Value Added at Current Basic Prices,1999Q1,Statistical Discrepancy,-395.0
Gross Value Added at Current Basic Prices,1999Q1,All Sectors,19509.0
Gross Value Added at Current Basic Prices,1999Q2,"Agriculture, Forestry and Fishing",880.0
Gross Value Added at Current Basic Prices,1999Q2,Industry (excl. Construction),5787.0
Gross Value Added at Current Basic Prices,1999Q2,Industry - of which Manufacturing,5365.0
Gross Value Added at Current Basic Prices,1999Q2,Construction,1373.0
Gross Value Added at Current Basic Prices,1999Q2,"Distribution, Transport, Hotels and Restaurants",3478.0
Gross Value Added at Current Basic Prices,1999Q2,Information and Communication,1626.0
Gross Value Added at Current Basic Prices,1999Q2,Financial and Insurance Activities,1440.0
Gross Value Added at Current Basic Prices,1999Q2,Real Estate Activities,1392.0
Gross Value Added at Current Basic Prices,1999Q2,"Professional, Admin and Support Services",1332.0
Gross Value Added at Current Basic Prices,1999Q2,"Public Admin, Education and Health",2756.0
Gross Value Added at Current Basic Prices,1999Q2,"Arts, Entertainment and Other Services",464.0
Gross Value Added at Current Basic Prices,1999Q2,Statistical Discrepancy,-512.0
Gross Value Added at Current Basic Prices,1999Q2,All Sectors,20016.0
Gross Value Added at Current Basic Prices,1999Q3,"Agriculture, Forestry and Fishing",526.0
Gross Value Added at Current Basic Prices,1999Q3,Industry (excl. Construction),5511.0
Gross Value Added at Current Basic Prices,1999Q3,Industry - of which Manufacturing,5091.0
Gross Value Added at Current Basic Prices,1999Q3,Construction,1448.0
Gross Value Added at Current Basic Prices,1999Q3,"Distribution, Transport, Hotels and Restaurants",3779.0
Gross Value Added at Current Basic Prices,1999Q3,Information and Communication,1715.0
Gross Value Added at Current Basic Prices,1999Q3,Financial and Insurance Activities,1588.0
Gross Value Added at Current Basic Prices,1999Q3,Real Estate Activities,1434.0
Gross Value Added at Current Basic Prices,1999Q3,"Professional, Admin and Support Services",1313.0
Gross Value Added at Current Basic Prices,1999Q3,"Public Admin, Education and Health",2825.0
Gross Value Added at Current Basic Prices,1999Q3,"Arts, Entertainment and Other Services",476.0
Gross Value Added at Current Basic Prices,1999Q3,Statistical Discrepancy,416.0
Gross Value Added at Current Basic Prices,1999Q3,All Sectors,21031.0
Gross Value Added at Current Basic Prices,1999Q4,"Agriculture, Forestry and Fishing",293.0
Gross Value Added at Current Basic Prices,1999Q4,Industry (excl. Construction),6396.0
Gross Value Added at Current Basic Prices,1999Q4,Industry - of which Manufacturing,5964.0
Gross Value Added at Current Basic Prices,1999Q4,Construction,1463.0
Gross Value Added at Current Basic Prices,1999Q4,"Distribution, Transport, Hotels and Restaurants",3676.0
Gross Value Added at Current Basic Prices,1999Q4,Information and Communication,1929.0
Gross Value Added at Current Basic Prices,1999Q4,Financial and Insurance Activities,1553.0
Gross Value Added at Current Basic Prices,1999Q4,Real Estate Activities,1514.0
Gross Value Added at Current Basic Prices,1999Q4,"Professional, Admin and Support Services",1413.0
Gross Value Added at Current Basic Prices,1999Q4,"Public Admin, Education and Health",2918.0
Gross Value Added at Current Basic Prices,1999Q4,"Arts, Entertainment and Other Services",470.0
Gross Value Added at Current Basic Prices,1999Q4,Statistical Discrepancy,643.0
Gross Value Added at Current Basic Prices,1999Q4,All Sectors,22266.0
Gross Value Added at Current Basic Prices,2000Q1,"Agriculture, Forestry and Fishing",763.0
Gross Value Added at Current Basic Prices,2000Q1,Industry (excl. Construction),6042.0
Gross Value Added at Current Basic Prices,2000Q1,Industry - of which Manufacturing,5509.0
Gross Value Added at Current Basic Prices,2000Q1,Construction,1596.0
Gross Value Added at Current Basic Prices,2000Q1,"Distribution, Transport, Hotels and Restaurants",4130.0
Gross Value Added at Current Basic Prices,2000Q1,Information and Communication,1934.0
Gross Value Added at Current Basic Prices,2000Q1,Financial and Insurance Activities,1694.0
Gross Value Added at Current Basic Prices,2000Q1,Real Estate Activities,1587.0
Gross Value Added at Current Basic Prices,2000Q1,"Professional, Admin and Support Services",1478.0
Gross Value Added at Current Basic Prices,2000Q1,"Public Admin, Education and Health",3058.0
Gross Value Added at Current Basic Prices,2000Q1,"Arts, Entertainment and Other Services",508.0
Gross Value Added at Current Basic Prices,2000Q1,Statistical Discrepancy,-335.0
Gross Value Added at Current Basic Prices,2000Q1,All Sectors,22456.0
Gross Value Added at Current Basic Prices,2000Q2,"Agriculture, Forestry and Fishing",1038.0
Gross Value Added at Current Basic Prices,2000Q2,Industry (excl. Construction),6932.0
Gross Value Added at Current Basic Prices,2000Q2,Industry - of which Manufacturing,6402.0
Gross Value Added at Current Basic Prices,2000Q2,Construction,1707.0
Gross Value Added at Current Basic Prices,2000Q2,"Distribution, Transport, Hotels and Restaurants",4196.0
Gross Value Added at Current Basic Prices,2000Q2,Information and Communication,1834.0
Gross Value Added at Current Basic Prices,2000Q2,Financial and Insurance Activities,1756.0
Gross Value Added at Current Basic Prices,2000Q2,Real Estate Activities,1692.0
Gross Value Added at Current Basic Prices,2000Q2,"Professional, Admin and Support Services",1492.0
Gross Value Added at Current Basic Prices,2000Q2,"Public Admin, Education and Health",3134.0
Gross Value Added at Current Basic Prices,2000Q2,"Arts, Entertainment and Other Services",502.0
Gross Value Added at Current Basic Prices,2000Q2,Statistical Discrepancy,-146.0
Gross Value Added at Current Basic Prices,2000Q2,All Sectors,24139.0
Gross Value Added at Current Basic Prices,2000Q3,"Agriculture, Forestry and Fishing",618.0
Gross Value Added at Current Basic Prices,2000Q3,Industry (excl. Construction),6424.0
Gross Value Added at Current Basic Prices,2000Q3,Industry - of which Manufacturing,5881.0
Gross Value Added at Current Basic Prices,2000Q3,Construction,1808.0
Gross Value Added at Current Basic Prices,2000Q3,"Distribution, Transport, Hotels and Restaurants",4398.0
Gross Value Added at Current Basic Prices,2000Q3,Information and Communication,1911.0
Gross Value Added at Current Basic Prices,2000Q3,Financial and Insurance Activities,1852.0
Gross Value Added at Current Basic Prices,2000Q3,Real Estate Activities,1771.0
Gross Value Added at Current Basic Prices,2000Q3,"Professional, Admin and Support Services",1560.0
Gross Value Added at Current Basic Prices,2000Q3,"Public Admin, Education and Health",3218.0
Gross Value Added at Current Basic Prices,2000Q3,"Arts, Entertainment and Other Services",529.0
Gross Value Added at Current Basic Prices,2000Q3,Statistical Discrepancy,-107.0
Gross Value Added at Current Basic Prices,2000Q3,All Sectors,23983.0
Gross Value Added at Current Basic Prices,2000Q4,"Agriculture, Forestry and Fishing",307.0
Gross Value Added at Current Basic Prices,2000Q4,Industry (excl. Construction),7848.0
Gross Value Added at Current Basic Prices,2000Q4,Industry - of which Manufacturing,7291.0
Gross Value Added at Current Basic Prices,2000Q4,Construction,1820.0
Gross Value Added at Current Basic Prices,2000Q4,"Distribution, Transport, Hotels and Restaurants",4099.0
Gross Value Added at Current Basic Prices,2000Q4,Information and Communication,2084.0
Gross Value Added at Current Basic Prices,2000Q4,Financial and Insurance Activities,1897.0
Gross Value Added at Current Basic Prices,2000Q4,Real Estate Activities,1818.0
Gross Value Added at Current Basic Prices,2000Q4,"Professional, Admin and Support Services",1710.0
Gross Value Added at Current Basic Prices,2000Q4,"Public Admin, Education and Health",3443.0
Gross Value Added at Current Basic Prices,2000Q4,"Arts, Entertainment and Other Services",529.0
Gross Value Added at Current Basic Prices,2000Q4,Statistical Discrepancy,589.0
Gross Value Added at Current Basic Prices,2000Q4,All Sectors,26145.0
Gross Value Added at Current Basic Prices,2001Q1,"Agriculture, Forestry and Fishing",702.0
Gross Value Added at Current Basic Prices,2001Q1,Industry (excl. Construction),8763.0
Gross Value Added at Current Basic Prices,2001Q1,Industry - of which Manufacturing,8089.0
Gross Value Added at Current Basic Prices,2001Q1,Construction,1915.0
Gross Value Added at Current Basic Prices,2001Q1,"Distribution, Transport, Hotels and Restaurants",4005.0
Gross Value Added at Current Basic Prices,2001Q1,Information and Communication,2103.0
Gross Value Added at Current Basic Prices,2001Q1,Financial and Insurance Activities,1850.0
Gross Value Added at Current Basic Prices,2001Q1,Real Estate Activities,1855.0
Gross Value Added at Current Basic Prices,2001Q1,"Professional, Admin and Support Services",1618.0
Gross Value Added at Current Basic Prices,2001Q1,"Public Admin, Education and Health",3479.0
Gross Value Added at Current Basic Prices,2001Q1,"Arts, Entertainment and Other Services",579.0
Gross Value Added at Current Basic Prices,2001Q1,Statistical Discrepancy,-409.0
Gross Value Added at Current Basic Prices,2001Q1,All Sectors,26460.0
Gross Value Added at Current Basic Prices,2001Q2,"Agriculture, Forestry and Fishing",1015.0
Gross Value Added at Current Basic Prices,2001Q2,Industry (excl. Construction),8698.0
Gross Value Added at Current Basic Prices,2001Q2,Industry - of which Manufacturing,7995.0
Gross Value Added at Current Basic Prices,2001Q2,Construction,2046.0
Gross Value Added at Current Basic Prices,2001Q2,"Distribution, Transport, Hotels and Restaurants",4147.0
Gross Value Added at Current Basic Prices,2001Q2,Information and Communication,1786.0
Gross Value Added at Current Basic Prices,2001Q2,Financial and Insurance Activities,2007.0
Gross Value Added at Current Basic Prices,2001Q2,Real Estate Activities,2011.0
Gross Value Added at Current Basic Prices,2001Q2,"Professional, Admin and Support Services",1730.0
Gross Value Added at Current Basic Prices,2001Q2,"Public Admin, Education and Health",3681.0
Gross Value Added at Current Basic Prices,2001Q2,"Arts, Entertainment and Other Services",568.0
Gross Value Added at Current Basic Prices,2001Q2,Statistical Discrepancy,119.0
Gross Value Added at Current Basic Prices,2001Q2,All Sectors,27809.0
Gross Value Added at Current Basic Prices,2001Q3,"Agriculture, Forestry and Fishing",531.0
Gross Value Added at Current Basic Prices,2001Q3,Industry (excl. Construction),7526.0
Gross Value Added at Current Basic Prices,2001Q3,Industry - of which Manufacturing,6872.0
Gross Value Added at Current Basic Prices,2001Q3,Construction,2038.0
Gross Value Added at Current Basic Prices,2001Q3,"Distribution, Transport, Hotels and Restaurants",4168.0
Gross Value Added at Current Basic Prices,2001Q3,Information and Communication,1957.0
Gross Value Added at Current Basic Prices,2001Q3,Financial and Insurance Activities,2088.0
Gross Value Added at Current Basic Prices,2001Q3,Real Estate Activities,2016.0
Gross Value Added at Current Basic Prices,2001Q3,"Professional, Admin and Support Services",1757.0
Gross Value Added at Current Basic Prices,2001Q3,"Public Admin, Education and Health",3768.0
Gross Value Added at Current Basic Prices,2001Q3,"Arts, Entertainment and Other Services",618.0
Gross Value Added at Current Basic Prices,2001Q3,Statistical Discrepancy,494.0
Gross Value Added at Current Basic Prices,2001Q3,All Sectors,26961.0
Gross Value Added at Current Basic Prices,2001Q4,"Agriculture, Forestry and Fishing",192.0
Gross Value Added at Current Basic Prices,2001Q4,Industry (excl. Construction),8544.0
Gross Value Added at Current Basic Prices,2001Q4,Industry - of which Manufacturing,7872.0
Gross Value Added at Current Basic Prices,2001Q4,Construction,2082.0
Gross Value Added at Current Basic Prices,2001Q4,"Distribution, Transport, Hotels and Restaurants",4256.0
Gross Value Added at Current Basic Prices,2001Q4,Information and Communication,1998.0
Gross Value Added at Current Basic Prices,2001Q4,Financial and Insurance Activities,2205.0
Gross Value Added at Current Basic Prices,2001Q4,Real Estate Activities,2164.0
Gross Value Added at Current Basic Prices,2001Q4,"Professional, Admin and Support Services",1816.0
Gross Value Added at Current Basic Prices,2001Q4,"Public Admin, Education and Health",3933.0
Gross Value Added at Current Basic Prices,2001Q4,"Arts, Entertainment and Other Services",600.0
Gross Value Added at Current Basic Prices,2001Q4,Statistical Discrepancy,818.0
Gross Value Added at Current Basic Prices,2001Q4,All Sectors,28606.0
Gross Value Added at Current Basic Prices,2002Q1,"Agriculture, Forestry and Fishing",635.0
Gross Value Added at Current Basic Prices,2002Q1,Industry (excl. Construction),9429.0
Gross Value Added at Current Basic Prices,2002Q1,Industry - of which Manufacturing,8732.0
Gross Value Added at Current Basic Prices,2002Q1,Construction,2001.0
Gross Value Added at Current Basic Prices,2002Q1,"Distribution, Transport, Hotels and Restaurants",4323.0
Gross Value Added at Current Basic Prices,2002Q1,Information and Communication,1920.0
Gross Value Added at Current Basic Prices,2002Q1,Financial and Insurance Activities,2036.0
Gross Value Added at Current Basic Prices,2002Q1,Real Estate Activities,2130.0
Gross Value Added at Current Basic Prices,2002Q1,"Professional, Admin and Support Services",1750.0
Gross Value Added at Current Basic Prices,2002Q1,"Public Admin, Education and Health",4058.0
Gross Value Added at Current Basic Prices,2002Q1,"Arts, Entertainment and Other Services",626.0
Gross Value Added at Current Basic Prices,2002Q1,Statistical Discrepancy,332.0
Gross Value Added at Current Basic Prices,2002Q1,All Sectors,29241.0
Gross Value Added at Current Basic Prices,2002Q2,"Agriculture, Forestry and Fishing",987.0
Gross Value Added at Current Basic Prices,2002Q2,Industry (excl. Construction),10558.0
Gross Value Added at Current Basic Prices,2002Q2,Industry - of which Manufacturing,9905.0
Gross Value Added at Current Basic Prices,2002Q2,Construction,2069.0
Gross Value Added at Current Basic Prices,2002Q2,"Distribution, Transport, Hotels and Restaurants",4433.0
Gross Value Added at Current Basic Prices,2002Q2,Information and Communication,1846.0
Gross Value Added at Current Basic Prices,2002Q2,Financial and Insurance Activities,2120.0
Gross Value Added at Current Basic Prices,2002Q2,Real Estate Activities,2251.0
Gross Value Added at Current Basic Prices,2002Q2,"Professional, Admin and Support Services",1799.0
Gross Value Added at Current Basic Prices,2002Q2,"Public Admin, Education and Health",4189.0
Gross Value Added at Current Basic Prices,2002Q2,"Arts, Entertainment and Other Services",665.0
Gross Value Added at Current Basic Prices,2002Q2,Statistical Discrepancy,31.0
Gross Value Added at Current Basic Prices,2002Q2,All Sectors,30950.0
Gross Value Added at Current Basic Prices,2002Q3,"Agriculture, Forestry and Fishing",559.0
Gross Value Added at Current Basic Prices,2002Q3,Industry (excl. Construction),9111.0
Gross Value Added at Current Basic Prices,2002Q3,Industry - of which Manufacturing,8457.0
Gross Value Added at Current Basic Prices,2002Q3,Construction,2294.0
Gross Value Added at Current Basic Prices,2002Q3,"Distribution, Transport, Hotels and Restaurants",4561.0
Gross Value Added at Current Basic Prices,2002Q3,Information and Communication,1976.0
Gross Value Added at Current Basic Prices,2002Q3,Financial and Insurance Activities,2255.0
Gross Value Added at Current Basic Prices,2002Q3,Real Estate Activities,2363.0
Gross Value Added at Current Basic Prices,2002Q3,"Professional, Admin and Support Services",1744.0
Gross Value Added at Current Basic Prices,2002Q3,"Public Admin, Education and Health",4211.0
Gross Value Added at Current Basic Prices,2002Q3,"Arts, Entertainment and Other Services",661.0
Gross Value Added at Current Basic Prices,2002Q3,Statistical Discrepancy,627.0
Gross Value Added at Current Basic Prices,2002Q3,All Sectors,30362.0
Gross Value Added at Current Basic Prices,2002Q4,"Agriculture, Forestry and Fishing",186.0
Gross Value Added at Current Basic Prices,2002Q4,Industry (excl. Construction),9973.0
Gross Value Added at Current Basic Prices,2002Q4,Industry - of which Manufacturing,9279.0
Gross Value Added at Current Basic Prices,2002Q4,Construction,2308.0
Gross Value Added at Current Basic Prices,2002Q4,"Distribution, Transport, Hotels and Restaurants",4726.0
Gross Value Added at Current Basic Prices,2002Q4,Information and Communication,2042.0
Gross Value Added at Current Basic Prices,2002Q4,Financial and Insurance Activities,2456.0
Gross Value Added at Current Basic Prices,2002Q4,Real Estate Activities,2519.0
Gross Value Added at Current Basic Prices,2002Q4,"Professional, Admin and Support Services",1753.0
Gross Value Added at Current Basic Prices,2002Q4,"Public Admin, Education and Health",4403.0
Gross Value Added at Current Basic Prices,2002Q4,"Arts, Entertainment and Other Services",675.0
Gross Value Added at Current Basic Prices,2002Q4,Statistical Discrepancy,1226.0
Gross Value Added at Current Basic Prices,2002Q4,All Sectors,32269.0
Gross Value Added at Current Basic Prices,2003Q1,"Agriculture, Forestry and Fishing",599.0
Gross Value Added at Current Basic Prices,2003Q1,Industry (excl. Construction),9025.0
Gross Value Added at Current Basic Prices,2003Q1,Industry - of which Manufacturing,8253.0
Gross Value Added at Current Basic Prices,2003Q1,Construction,2191.0
Gross Value Added at Current Basic Prices,2003Q1,"Distribution, Transport, Hotels and Restaurants",4928.0
Gross Value Added at Current Basic Prices,2003Q1,Information and Communication,1989.0
Gross Value Added at Current Basic Prices,2003Q1,Financial and Insurance Activities,2690.0
Gross Value Added at Current Basic Prices,2003Q1,Real Estate Activities,2163.0
Gross Value Added at Current Basic Prices,2003Q1,"Professional, Admin and Support Services",2043.0
Gross Value Added at Current Basic Prices,2003Q1,"Public Admin, Education and Health",4622.0
Gross Value Added at Current Basic Prices,2003Q1,"Arts, Entertainment and Other Services",702.0
Gross Value Added at Current Basic Prices,2003Q1,Statistical Discrepancy,275.0
Gross Value Added at Current Basic Prices,2003Q1,All Sectors,31226.0
Gross Value Added at Current Basic Prices,2003Q2,"Agriculture, Forestry and Fishing",881.0
Gross Value Added at Current Basic Prices,2003Q2,Industry (excl. Construction),9800.0
Gross Value Added at Current Basic Prices,2003Q2,Industry - of which Manufacturing,9067.0
Gross Value Added at Current Basic Prices,2003Q2,Construction,2338.0
Gross Value Added at Current Basic Prices,2003Q2,"Distribution, Transport, Hotels and Restaurants",5037.0
Gross Value Added at Current Basic Prices,2003Q2,Information and Communication,2103.0
Gross Value Added at Current Basic Prices,2003Q2,Financial and Insurance Activities,2831.0
Gross Value Added at Current Basic Prices,2003Q2,Real Estate Activities,2296.0
Gross Value Added at Current Basic Prices,2003Q2,"Professional, Admin and Support Services",2035.0
Gross Value Added at Current Basic Prices,2003Q2,"Public Admin, Education and Health",4728.0
Gross Value Added at Current Basic Prices,2003Q2,"Arts, Entertainment and Other Services",687.0
Gross Value Added at Current Basic Prices,2003Q2,Statistical Discrepancy,424.0
Gross Value Added at Current Basic Prices,2003Q2,All Sectors,33161.0
Gross Value Added at Current Basic Prices,2003Q3,"Agriculture, Forestry and Fishing",519.0
Gross Value Added at Current Basic Prices,2003Q3,Industry (excl. Construction),7943.0
Gross Value Added at Current Basic Prices,2003Q3,Industry - of which Manufacturing,7197.0
Gross Value Added at Current Basic Prices,2003Q3,Construction,2661.0
Gross Value Added at Current Basic Prices,2003Q3,"Distribution, Transport, Hotels and Restaurants",5105.0
Gross Value Added at Current Basic Prices,2003Q3,Information and Communication,2113.0
Gross Value Added at Current Basic Prices,2003Q3,Financial and Insurance Activities,2969.0
Gross Value Added at Current Basic Prices,2003Q3,Real Estate Activities,2517.0
Gross Value Added at Current Basic Prices,2003Q3,"Professional, Admin and Support Services",2013.0
Gross Value Added at Current Basic Prices,2003Q3,"Public Admin, Education and Health",4769.0
Gross Value Added at Current Basic Prices,2003Q3,"Arts, Entertainment and Other Services",740.0
Gross Value Added at Current Basic Prices,2003Q3,Statistical Discrepancy,94.0
Gross Value Added at Current Basic Prices,2003Q3,All Sectors,31444.0
Gross Value Added at Current Basic Prices,2003Q4,"Agriculture, Forestry and Fishing",162.0
Gross Value Added at Current Basic Prices,2003Q4,Industry (excl. Construction),10261.0
Gross Value Added at Current Basic Prices,2003Q4,Industry - of which Manufacturing,9488.0
Gross Value Added at Current Basic Prices,2003Q4,Construction,2743.0
Gross Value Added at Current Basic Prices,2003Q4,"Distribution, Transport, Hotels and Restaurants",5192.0
Gross Value Added at Current Basic Prices,2003Q4,Information and Communication,2232.0
Gross Value Added at Current Basic Prices,2003Q4,Financial and Insurance Activities,2954.0
Gross Value Added at Current Basic Prices,2003Q4,Real Estate Activities,2666.0
Gross Value Added at Current Basic Prices,2003Q4,"Professional, Admin and Support Services",2075.0
Gross Value Added at Current Basic Prices,2003Q4,"Public Admin, Education and Health",4913.0
Gross Value Added at Current Basic Prices,2003Q4,"Arts, Entertainment and Other Services",749.0
Gross Value Added at Current Basic Prices,2003Q4,Statistical Discrepancy,1267.0
Gross Value Added at Current Basic Prices,2003Q4,All Sectors,35215.0
Gross Value Added at Current Basic Prices,2004Q1,"Agriculture, Forestry and Fishing",671.0
Gross Value Added at Current Basic Prices,2004Q1,Industry (excl. Construction),9155.0
Gross Value Added at Current Basic Prices,2004Q1,Industry - of which Manufacturing,8354.0
Gross Value Added at Current Basic Prices,2004Q1,Construction,2811.0
Gross Value Added at Current Basic Prices,2004Q1,"Distribution, Transport, Hotels and Restaurants",5217.0
Gross Value Added at Current Basic Prices,2004Q1,Information and Communication,2356.0
Gross Value Added at Current Basic Prices,2004Q1,Financial and Insurance Activities,3152.0
Gross Value Added at Current Basic Prices,2004Q1,Real Estate Activities,2318.0
Gross Value Added at Current Basic Prices,2004Q1,"Professional, Admin and Support Services",2240.0
Gross Value Added at Current Basic Prices,2004Q1,"Public Admin, Education and Health",5097.0
Gross Value Added at Current Basic Prices,2004Q1,"Arts, Entertainment and Other Services",713.0
Gross Value Added at Current Basic Prices,2004Q1,Statistical Discrepancy,-75.0
Gross Value Added at Current Basic Prices,2004Q1,All Sectors,33654.0
Gross Value Added at Current Basic Prices,2004Q2,"Agriculture, Forestry and Fishing",959.0
Gross Value Added at Current Basic Prices,2004Q2,Industry (excl. Construction),9821.0
Gross Value Added at Current Basic Prices,2004Q2,Industry - of which Manufacturing,9065.0
Gross Value Added at Current Basic Prices,2004Q2,Construction,3151.0
Gross Value Added at Current Basic Prices,2004Q2,"Distribution, Transport, Hotels and Restaurants",5272.0
Gross Value Added at Current Basic Prices,2004Q2,Information and Communication,2303.0
Gross Value Added at Current Basic Prices,2004Q2,Financial and Insurance Activities,3110.0
Gross Value Added at Current Basic Prices,2004Q2,Real Estate Activities,2421.0
Gross Value Added at Current Basic Prices,2004Q2,"Professional, Admin and Support Services",2276.0
Gross Value Added at Current Basic Prices,2004Q2,"Public Admin, Education and Health",5188.0
Gross Value Added at Current Basic Prices,2004Q2,"Arts, Entertainment and Other Services",725.0
Gross Value Added at Current Basic Prices,2004Q2,Statistical Discrepancy,670.0
Gross Value Added at Current Basic Prices,2004Q2,All Sectors,35897.0
Gross Value Added at Current Basic Prices,2004Q3,"Agriculture, Forestry and Fishing",553.0
Gross Value Added at Current Basic Prices,2004Q3,Industry (excl. Construction),7787.0
Gross Value Added at Current Basic Prices,2004Q3,Industry - of which Manufacturing,7056.0
Gross Value Added at Current Basic Prices,2004Q3,Construction,3003.0
Gross Value Added at Current Basic Prices,2004Q3,"Distribution, Transport, Hotels and Restaurants",5372.0
Gross Value Added at Current Basic Prices,2004Q3,Information and Communication,2373.0
Gross Value Added at Current Basic Prices,2004Q3,Financial and Insurance Activities,3190.0
Gross Value Added at Current Basic Prices,2004Q3,Real Estate Activities,2391.0
Gross Value Added at Current Basic Prices,2004Q3,"Professional, Admin and Support Services",2371.0
Gross Value Added at Current Basic Prices,2004Q3,"Public Admin, Education and Health",5234.0
Gross Value Added at Current Basic Prices,2004Q3,"Arts, Entertainment and Other Services",788.0
Gross Value Added at Current Basic Prices,2004Q3,Statistical Discrepancy,537.0
Gross Value Added at Current Basic Prices,2004Q3,All Sectors,33597.0
Gross Value Added at Current Basic Prices,2004Q4,"Agriculture, Forestry and Fishing",147.0
Gross Value Added at Current Basic Prices,2004Q4,Industry (excl. Construction),9330.0
Gross Value Added at Current Basic Prices,2004Q4,Industry - of which Manufacturing,8539.0
Gross Value Added at Current Basic Prices,2004Q4,Construction,2983.0
Gross Value Added at Current Basic Prices,2004Q4,"Distribution, Transport, Hotels and Restaurants",5443.0
Gross Value Added at Current Basic Prices,2004Q4,Information and Communication,2455.0
Gross Value Added at Current Basic Prices,2004Q4,Financial and Insurance Activities,3378.0
Gross Value Added at Current Basic Prices,2004Q4,Real Estate Activities,2605.0
Gross Value Added at Current Basic Prices,2004Q4,"Professional, Admin and Support Services",2602.0
Gross Value Added at Current Basic Prices,2004Q4,"Public Admin, Education and Health",5442.0
Gross Value Added at Current Basic Prices,2004Q4,"Arts, Entertainment and Other Services",791.0
Gross Value Added at Current Basic Prices,2004Q4,Statistical Discrepancy,1350.0
Gross Value Added at Current Basic Prices,2004Q4,All Sectors,36526.0
Gross Value Added at Current Basic Prices,2005Q1,"Agriculture, Forestry and Fishing",528.0
Gross Value Added at Current Basic Prices,2005Q1,Industry (excl. Construction),9286.0
Gross Value Added at Current Basic Prices,2005Q1,Industry - of which Manufacturing,8441.0
Gross Value Added at Current Basic Prices,2005Q1,Construction,3220.0
Gross Value Added at Current Basic Prices,2005Q1,"Distribution, Transport, Hotels and Restaurants",5851.0
Gross Value Added at Current Basic Prices,2005Q1,Information and Communication,2544.0
Gross Value Added at Current Basic Prices,2005Q1,Financial and Insurance Activities,3551.0
Gross Value Added at Current Basic Prices,2005Q1,Real Estate Activities,2329.0
Gross Value Added at Current Basic Prices,2005Q1,"Professional, Admin and Support Services",2896.0
Gross Value Added at Current Basic Prices,2005Q1,"Public Admin, Education and Health",5503.0
Gross Value Added at Current Basic Prices,2005Q1,"Arts, Entertainment and Other Services",760.0
Gross Value Added at Current Basic Prices,2005Q1,Statistical Discrepancy,-466.0
Gross Value Added at Current Basic Prices,2005Q1,All Sectors,36004.0
Gross Value Added at Current Basic Prices,2005Q2,"Agriculture, Forestry and Fishing",769.0
Gross Value Added at Current Basic Prices,2005Q2,Industry (excl. Construction),9593.0
Gross Value Added at Current Basic Prices,2005Q2,Industry - of which Manufacturing,8853.0
Gross Value Added at Current Basic Prices,2005Q2,Construction,3754.0
Gross Value Added at Current Basic Prices,2005Q2,"Distribution, Transport, Hotels and Restaurants",5926.0
Gross Value Added at Current Basic Prices,2005Q2,Information and Communication,2539.0
Gross Value Added at Current Basic Prices,2005Q2,Financial and Insurance Activities,3542.0
Gross Value Added at Current Basic Prices,2005Q2,Real Estate Activities,2386.0
Gross Value Added at Current Basic Prices,2005Q2,"Professional, Admin and Support Services",3117.0
Gross Value Added at Current Basic Prices,2005Q2,"Public Admin, Education and Health",5637.0
Gross Value Added at Current Basic Prices,2005Q2,"Arts, Entertainment and Other Services",764.0
Gross Value Added at Current Basic Prices,2005Q2,Statistical Discrepancy,631.0
Gross Value Added at Current Basic Prices,2005Q2,All Sectors,38657.0
Gross Value Added at Current Basic Prices,2005Q3,"Agriculture, Forestry and Fishing",316.0
Gross Value Added at Current Basic Prices,2005Q3,Industry (excl. Construction),8025.0
Gross Value Added at Current Basic Prices,2005Q3,Industry - of which Manufacturing,7335.0
Gross Value Added at Current Basic Prices,2005Q3,Construction,3811.0
Gross Value Added at Current Basic Prices,2005Q3,"Distribution, Transport, Hotels and Restaurants",5903.0
Gross Value Added at Current Basic Prices,2005Q3,Information and Communication,2570.0
Gross Value Added at Current Basic Prices,2005Q3,Financial and Insurance Activities,3678.0
Gross Value Added at Current Basic Prices,2005Q3,Real Estate Activities,2483.0
Gross Value Added at Current Basic Prices,2005Q3,"Professional, Admin and Support Services",3105.0
Gross Value Added at Current Basic Prices,2005Q3,"Public Admin, Education and Health",5657.0
Gross Value Added at Current Basic Prices,2005Q3,"Arts, Entertainment and Other Services",836.0
Gross Value Added at Current Basic Prices,2005Q3,Statistical Discrepancy,4.0
Gross Value Added at Current Basic Prices,2005Q3,All Sectors,36387.0
Gross Value Added at Current Basic Prices,2005Q4,"Agriculture, Forestry and Fishing",24.0
Gross Value Added at Current Basic Prices,2005Q4,Industry (excl. Construction),9587.0
Gross Value Added at Current Basic Prices,2005Q4,Industry - of which Manufacturing,8738.0
Gross Value Added at Current Basic Prices,2005Q4,Construction,3836.0
Gross Value Added at Current Basic Prices,2005Q4,"Distribution, Transport, Hotels and Restaurants",5993.0
Gross Value Added at Current Basic Prices,2005Q4,Information and Communication,2578.0
Gross Value Added at Current Basic Prices,2005Q4,Financial and Insurance Activities,3833.0
Gross Value Added at Current Basic Prices,2005Q4,Real Estate Activities,2816.0
Gross Value Added at Current Basic Prices,2005Q4,"Professional, Admin and Support Services",3025.0
Gross Value Added at Current Basic Prices,2005Q4,"Public Admin, Education and Health",5877.0
Gross Value Added at Current Basic Prices,2005Q4,"Arts, Entertainment and Other Services",843.0
Gross Value Added at Current Basic Prices,2005Q4,Statistical Discrepancy,1448.0
Gross Value Added at Current Basic Prices,2005Q4,All Sectors,39860.0
Gross Value Added at Current Basic Prices,2006Q1,"Agriculture, Forestry and Fishing",530.0
Gross Value Added at Current Basic Prices,2006Q1,Industry (excl. Construction),9328.0
Gross Value Added at Current Basic Prices,2006Q1,Industry - of which Manufacturing,8314.0
Gross Value Added at Current Basic Prices,2006Q1,Construction,4130.0
Gross Value Added at Current Basic Prices,2006Q1,"Distribution, Transport, Hotels and Restaurants",6399.0
Gross Value Added at Current Basic Prices,2006Q1,Information and Communication,2415.0
Gross Value Added at Current Basic Prices,2006Q1,Financial and Insurance Activities,3779.0
Gross Value Added at Current Basic Prices,2006Q1,Real Estate Activities,2685.0
Gross Value Added at Current Basic Prices,2006Q1,"Professional, Admin and Support Services",3592.0
Gross Value Added at Current Basic Prices,2006Q1,"Public Admin, Education and Health",5936.0
Gross Value Added at Current Basic Prices,2006Q1,"Arts, Entertainment and Other Services",886.0
Gross Value Added at Current Basic Prices,2006Q1,Statistical Discrepancy,-470.0
Gross Value Added at Current Basic Prices,2006Q1,All Sectors,39209.0
Gross Value Added at Current Basic Prices,2006Q2,"Agriculture, Forestry and Fishing",808.0
Gross Value Added at Current Basic Prices,2006Q2,Industry (excl. Construction),10791.0
Gross Value Added at Current Basic Prices,2006Q2,Industry - of which Manufacturing,9856.0
Gross Value Added at Current Basic Prices,2006Q2,Construction,4281.0
Gross Value Added at Current Basic Prices,2006Q2,"Distribution, Transport, Hotels and Restaurants",6417.0
Gross Value Added at Current Basic Prices,2006Q2,Information and Communication,2287.0
Gross Value Added at Current Basic Prices,2006Q2,Financial and Insurance Activities,3886.0
Gross Value Added at Current Basic Prices,2006Q2,Real Estate Activities,2680.0
Gross Value Added at Current Basic Prices,2006Q2,"Professional, Admin and Support Services",3186.0
Gross Value Added at Current Basic Prices,2006Q2,"Public Admin, Education and Health",6141.0
Gross Value Added at Current Basic Prices,2006Q2,"Arts, Entertainment and Other Services",899.0
Gross Value Added at Current Basic Prices,2006Q2,Statistical Discrepancy,-42.0
Gross Value Added at Current Basic Prices,2006Q2,All Sectors,41334.0
Gross Value Added at Current Basic Prices,2006Q3,"Agriculture, Forestry and Fishing",224.0
Gross Value Added at Current Basic Prices,2006Q3,Industry (excl. Construction),8857.0
Gross Value Added at Current Basic Prices,2006Q3,Industry - of which Manufacturing,7965.0
Gross Value Added at Current Basic Prices,2006Q3,Construction,4203.0
Gross Value Added at Current Basic Prices,2006Q3,"Distribution, Transport, Hotels and Restaurants",6438.0
Gross Value Added at Current Basic Prices,2006Q3,Information and Communication,2802.0
Gross Value Added at Current Basic Prices,2006Q3,Financial and Insurance Activities,3964.0
Gross Value Added at Current Basic Prices,2006Q3,Real Estate Activities,2796.0
Gross Value Added at Current Basic Prices,2006Q3,"Professional, Admin and Support Services",3073.0
Gross Value Added at Current Basic Prices,2006Q3,"Public Admin, Education and Health",6280.0
Gross Value Added at Current Basic Prices,2006Q3,"Arts, Entertainment and Other Services",926.0
Gross Value Added at Current Basic Prices,2006Q3,Statistical Discrepancy,326.0
Gross Value Added at Current Basic Prices,2006Q3,All Sectors,39888.0
Gross Value Added at Current Basic Prices,2006Q4,"Agriculture, Forestry and Fishing",55.0
Gross Value Added at Current Basic Prices,2006Q4,Industry (excl. Construction),9257.0
Gross Value Added at Current Basic Prices,2006Q4,Industry - of which Manufacturing,8210.0
Gross Value Added at Current Basic Prices,2006Q4,Construction,4751.0
Gross Value Added at Current Basic Prices,2006Q4,"Distribution, Transport, Hotels and Restaurants",6826.0
Gross Value Added at Current Basic Prices,2006Q4,Information and Communication,2777.0
Gross Value Added at Current Basic Prices,2006Q4,Financial and Insurance Activities,4241.0
Gross Value Added at Current Basic Prices,2006Q4,Real Estate Activities,2922.0
Gross Value Added at Current Basic Prices,2006Q4,"Professional, Admin and Support Services",3452.0
Gross Value Added at Current Basic Prices,2006Q4,"Public Admin, Education and Health",6472.0
Gross Value Added at Current Basic Prices,2006Q4,"Arts, Entertainment and Other Services",948.0
Gross Value Added at Current Basic Prices,2006Q4,Statistical Discrepancy,292.0
Gross Value Added at Current Basic Prices,2006Q4,All Sectors,41994.0
Gross Value Added at Current Basic Prices,2007Q1,"Agriculture, Forestry and Fishing",605.0
Gross Value Added at Current Basic Prices,2007Q1,Industry (excl. Construction),10470.0
Gross Value Added at Current Basic Prices,2007Q1,Industry - of which Manufacturing,9249.0
Gross Value Added at Current Basic Prices,2007Q1,Construction,3932.0
Gross Value Added at Current Basic Prices,2007Q1,"Distribution, Transport, Hotels and Restaurants",7089.0
Gross Value Added at Current Basic Prices,2007Q1,Information and Communication,3082.0
Gross Value Added at Current Basic Prices,2007Q1,Financial and Insurance Activities,4000.0
Gross Value Added at Current Basic Prices,2007Q1,Real Estate Activities,3120.0
Gross Value Added at Current Basic Prices,2007Q1,"Professional, Admin and Support Services",3404.0
Gross Value Added at Current Basic Prices,2007Q1,"Public Admin, Education and Health",6605.0
Gross Value Added at Current Basic Prices,2007Q1,"Arts, Entertainment and Other Services",1002.0
Gross Value Added at Current Basic Prices,2007Q1,Statistical Discrepancy,-314.0
Gross Value Added at Current Basic Prices,2007Q1,All Sectors,42995.0
Gross Value Added at Current Basic Prices,2007Q2,"Agriculture, Forestry and Fishing",959.0
Gross Value Added at Current Basic Prices,2007Q2,Industry (excl. Construction),10191.0
Gross Value Added at Current Basic Prices,2007Q2,Industry - of which Manufacturing,9048.0
Gross Value Added at Current Basic Prices,2007Q2,Construction,4276.0
Gross Value Added at Current Basic Prices,2007Q2,"Distribution, Transport, Hotels and Restaurants",7130.0
Gross Value Added at Current Basic Prices,2007Q2,Information and Communication,2937.0
Gross Value Added at Current Basic Prices,2007Q2,Financial and Insurance Activities,4189.0
Gross Value Added at Current Basic Prices,2007Q2,Real Estate Activities,3201.0
Gross Value Added at Current Basic Prices,2007Q2,"Professional, Admin and Support Services",3676.0
Gross Value Added at Current Basic Prices,2007Q2,"Public Admin, Education and Health",6765.0
Gross Value Added at Current Basic Prices,2007Q2,"Arts, Entertainment and Other Services",986.0
Gross Value Added at Current Basic Prices,2007Q2,Statistical Discrepancy,130.0
Gross Value Added at Current Basic Prices,2007Q2,All Sectors,44441.0
Gross Value Added at Current Basic Prices,2007Q3,"Agriculture, Forestry and Fishing",359.0
Gross Value Added at Current Basic Prices,2007Q3,Industry (excl. Construction),9342.0
Gross Value Added at Current Basic Prices,2007Q3,Industry - of which Manufacturing,8199.0
Gross Value Added at Current Basic Prices,2007Q3,Construction,3918.0
Gross Value Added at Current Basic Prices,2007Q3,"Distribution, Transport, Hotels and Restaurants",7238.0
Gross Value Added at Current Basic Prices,2007Q3,Information and Communication,2513.0
Gross Value Added at Current Basic Prices,2007Q3,Financial and Insurance Activities,4591.0
Gross Value Added at Current Basic Prices,2007Q3,Real Estate Activities,3142.0
Gross Value Added at Current Basic Prices,2007Q3,"Professional, Admin and Support Services",3805.0
Gross Value Added at Current Basic Prices,2007Q3,"Public Admin, Education and Health",6854.0
Gross Value Added at Current Basic Prices,2007Q3,"Arts, Entertainment and Other Services",1079.0
Gross Value Added at Current Basic Prices,2007Q3,Statistical Discrepancy,-926.0
Gross Value Added at Current Basic Prices,2007Q3,All Sectors,41916.0
Gross Value Added at Current Basic Prices,2007Q4,"Agriculture, Forestry and Fishing",40.0
Gross Value Added at Current Basic Prices,2007Q4,Industry (excl. Construction),10151.0
Gross Value Added at Current Basic Prices,2007Q4,Industry - of which Manufacturing,8923.0
Gross Value Added at Current Basic Prices,2007Q4,Construction,3936.0
Gross Value Added at Current Basic Prices,2007Q4,"Distribution, Transport, Hotels and Restaurants",7394.0
Gross Value Added at Current Basic Prices,2007Q4,Information and Communication,2834.0
Gross Value Added at Current Basic Prices,2007Q4,Financial and Insurance Activities,4627.0
Gross Value Added at Current Basic Prices,2007Q4,Real Estate Activities,3422.0
Gross Value Added at Current Basic Prices,2007Q4,"Professional, Admin and Support Services",3947.0
Gross Value Added at Current Basic Prices,2007Q4,"Public Admin, Education and Health",6992.0
Gross Value Added at Current Basic Prices,2007Q4,"Arts, Entertainment and Other Services",1006.0
Gross Value Added at Current Basic Prices,2007Q4,Statistical Discrepancy,375.0
Gross Value Added at Current Basic Prices,2007Q4,All Sectors,44723.0
Gross Value Added at Current Basic Prices,2008Q1,"Agriculture, Forestry and Fishing",446.0
Gross Value Added at Current Basic Prices,2008Q1,Industry (excl. Construction),10095.0
Gross Value Added at Current Basic Prices,2008Q1,Industry - of which Manufacturing,8890.0
Gross Value Added at Current Basic Prices,2008Q1,Construction,2962.0
Gross Value Added at Current Basic Prices,2008Q1,"Distribution, Transport, Hotels and Restaurants",7071.0
Gross Value Added at Current Basic Prices,2008Q1,Information and Communication,3055.0
Gross Value Added at Current Basic Prices,2008Q1,Financial and Insurance Activities,3939.0
Gross Value Added at Current Basic Prices,2008Q1,Real Estate Activities,3314.0
Gross Value Added at Current Basic Prices,2008Q1,"Professional, Admin and Support Services",3634.0
Gross Value Added at Current Basic Prices,2008Q1,"Public Admin, Education and Health",7073.0
Gross Value Added at Current Basic Prices,2008Q1,"Arts, Entertainment and Other Services",997.0
Gross Value Added at Current Basic Prices,2008Q1,Statistical Discrepancy,-231.0
Gross Value Added at Current Basic Prices,2008Q1,All Sectors,42354.0
Gross Value Added at Current Basic Prices,2008Q2,"Agriculture, Forestry and Fishing",696.0
Gross Value Added at Current Basic Prices,2008Q2,Industry (excl. Construction),10334.0
Gross Value Added at Current Basic Prices,2008Q2,Industry - of which Manufacturing,9185.0
Gross Value Added at Current Basic Prices,2008Q2,Construction,2961.0
Gross Value Added at Current Basic Prices,2008Q2,"Distribution, Transport, Hotels and Restaurants",6803.0
Gross Value Added at Current Basic Prices,2008Q2,Information and Communication,3095.0
Gross Value Added at Current Basic Prices,2008Q2,Financial and Insurance Activities,3986.0
Gross Value Added at Current Basic Prices,2008Q2,Real Estate Activities,3262.0
Gross Value Added at Current Basic Prices,2008Q2,"Professional, Admin and Support Services",3589.0
Gross Value Added at Current Basic Prices,2008Q2,"Public Admin, Education and Health",7397.0
Gross Value Added at Current Basic Prices,2008Q2,"Arts, Entertainment and Other Services",1014.0
Gross Value Added at Current Basic Prices,2008Q2,Statistical Discrepancy,-81.0
Gross Value Added at Current Basic Prices,2008Q2,All Sectors,43055.0
Gross Value Added at Current Basic Prices,2008Q3,"Agriculture, Forestry and Fishing",342.0
Gross Value Added at Current Basic Prices,2008Q3,Industry (excl. Construction),9033.0
Gross Value Added at Current Basic Prices,2008Q3,Industry - of which Manufacturing,7968.0
Gross Value Added at Current Basic Prices,2008Q3,Construction,2696.0
Gross Value Added at Current Basic Prices,2008Q3,"Distribution, Transport, Hotels and Restaurants",6740.0
Gross Value Added at Current Basic Prices,2008Q3,Information and Communication,3364.0
Gross Value Added at Current Basic Prices,2008Q3,Financial and Insurance Activities,4194.0
Gross Value Added at Current Basic Prices,2008Q3,Real Estate Activities,3127.0
Gross Value Added at Current Basic Prices,2008Q3,"Professional, Admin and Support Services",3569.0
Gross Value Added at Current Basic Prices,2008Q3,"Public Admin, Education and Health",7356.0
Gross Value Added at Current Basic Prices,2008Q3,"Arts, Entertainment and Other Services",1007.0
Gross Value Added at Current Basic Prices,2008Q3,Statistical Discrepancy,-73.0
Gross Value Added at Current Basic Prices,2008Q3,All Sectors,41354.0
Gross Value Added at Current Basic Prices,2008Q4,"Agriculture, Forestry and Fishing",2.0
Gross Value Added at Current Basic Prices,2008Q4,Industry (excl. Construction),8043.0
Gross Value Added at Current Basic Prices,2008Q4,Industry - of which Manufacturing,6842.0
Gross Value Added at Current Basic Prices,2008Q4,Construction,2431.0
Gross Value Added at Current Basic Prices,2008Q4,"Distribution, Transport, Hotels and Restaurants",6625.0
Gross Value Added at Current Basic Prices,2008Q4,Information and Communication,3222.0
Gross Value Added at Current Basic Prices,2008Q4,Financial and Insurance Activities,4303.0
Gross Value Added at Current Basic Prices,2008Q4,Real Estate Activities,3086.0
Gross Value Added at Current Basic Prices,2008Q4,"Professional, Admin and Support Services",3612.0
Gross Value Added at Current Basic Prices,2008Q4,"Public Admin, Education and Health",7682.0
Gross Value Added at Current Basic Prices,2008Q4,"Arts, Entertainment and Other Services",925.0
Gross Value Added at Current Basic Prices,2008Q4,Statistical Discrepancy,1128.0
Gross Value Added at Current Basic Prices,2008Q4,All Sectors,41058.0
Gross Value Added at Current Basic Prices,2009Q1,"Agriculture, Forestry and Fishing",236.0
Gross Value Added at Current Basic Prices,2009Q1,Industry (excl. Construction),10875.0
Gross Value Added at Current Basic Prices,2009Q1,Industry - of which Manufacturing,9590.0
Gross Value Added at Current Basic Prices,2009Q1,Construction,1135.0
Gross Value Added at Current Basic Prices,2009Q1,"Distribution, Transport, Hotels and Restaurants",6080.0
Gross Value Added at Current Basic Prices,2009Q1,Information and Communication,3049.0
Gross Value Added at Current Basic Prices,2009Q1,Financial and Insurance Activities,3901.0
Gross Value Added at Current Basic Prices,2009Q1,Real Estate Activities,2070.0
Gross Value Added at Current Basic Prices,2009Q1,"Professional, Admin and Support Services",3259.0
Gross Value Added at Current Basic Prices,2009Q1,"Public Admin, Education and Health",7179.0
Gross Value Added at Current Basic Prices,2009Q1,"Arts, Entertainment and Other Services",914.0
Gross Value Added at Current Basic Prices,2009Q1,Statistical Discrepancy,523.0
Gross Value Added at Current Basic Prices,2009Q1,All Sectors,39223.0
Gross Value Added at Current Basic Prices,2009Q2,"Agriculture, Forestry and Fishing",437.0
Gross Value Added at Current Basic Prices,2009Q2,Industry (excl. Construction),10876.0
Gross Value Added at Current Basic Prices,2009Q2,Industry - of which Manufacturing,9723.0
Gross Value Added at Current Basic Prices,2009Q2,Construction,1075.0
Gross Value Added at Current Basic Prices,2009Q2,"Distribution, Transport, Hotels and Restaurants",6123.0
Gross Value Added at Current Basic Prices,2009Q2,Information and Communication,3055.0
Gross Value Added at Current Basic Prices,2009Q2,Financial and Insurance Activities,3985.0
Gross Value Added at Current Basic Prices,2009Q2,Real Estate Activities,2053.0
Gross Value Added at Current Basic Prices,2009Q2,"Professional, Admin and Support Services",3232.0
Gross Value Added at Current Basic Prices,2009Q2,"Public Admin, Education and Health",7414.0
Gross Value Added at Current Basic Prices,2009Q2,"Arts, Entertainment and Other Services",920.0
Gross Value Added at Current Basic Prices,2009Q2,Statistical Discrepancy,727.0
Gross Value Added at Current Basic Prices,2009Q2,All Sectors,39896.0
Gross Value Added at Current Basic Prices,2009Q3,"Agriculture, Forestry and Fishing",133.0
Gross Value Added at Current Basic Prices,2009Q3,Industry (excl. Construction),8893.0
Gross Value Added at Current Basic Prices,2009Q3,Industry - of which Manufacturing,7821.0
Gross Value Added at Current Basic Prices,2009Q3,Construction,1024.0
Gross Value Added at Current Basic Prices,2009Q3,"Distribution, Transport, Hotels and Restaurants",6222.0
Gross Value Added at Current Basic Prices,2009Q3,Information and Communication,3347.0
Gross Value Added at Current Basic Prices,2009Q3,Financial and Insurance Activities,4141.0
Gross Value Added at Current Basic Prices,2009Q3,Real Estate Activities,2065.0
Gross Value Added at Current Basic Prices,2009Q3,"Professional, Admin and Support Services",3232.0
Gross Value Added at Current Basic Prices,2009Q3,"Public Admin, Education and Health",7386.0
Gross Value Added at Current Basic Prices,2009Q3,"Arts, Entertainment and Other Services",899.0
Gross Value Added at Current Basic Prices,2009Q3,Statistical Discrepancy,271.0
Gross Value Added at Current Basic Prices,2009Q3,All Sectors,37615.0
Gross Value Added at Current Basic Prices,2009Q4,"Agriculture, Forestry and Fishing",27.0
Gross Value Added at Current Basic Prices,2009Q4,Industry (excl. Construction),8602.0
Gross Value Added at Current Basic Prices,2009Q4,Industry - of which Manufacturing,7429.0
Gross Value Added at Current Basic Prices,2009Q4,Construction,937.0
Gross Value Added at Current Basic Prices,2009Q4,"Distribution, Transport, Hotels and Restaurants",6203.0
Gross Value Added at Current Basic Prices,2009Q4,Information and Communication,3285.0
Gross Value Added at Current Basic Prices,2009Q4,Financial and Insurance Activities,4017.0
Gross Value Added at Current Basic Prices,2009Q4,Real Estate Activities,2087.0
Gross Value Added at Current Basic Prices,2009Q4,"Professional, Admin and Support Services",3384.0
Gross Value Added at Current Basic Prices,2009Q4,"Public Admin, Education and Health",7484.0
Gross Value Added at Current Basic Prices,2009Q4,"Arts, Entertainment and Other Services",873.0
Gross Value Added at Current Basic Prices,2009Q4,Statistical Discrepancy,524.0
Gross Value Added at Current Basic Prices,2009Q4,All Sectors,37424.0
Gross Value Added at Current Basic Prices,2010Q1,"Agriculture, Forestry and Fishing",412.0
Gross Value Added at Current Basic Prices,2010Q1,Industry (excl. Construction),9795.0
Gross Value Added at Current Basic Prices,2010Q1,Industry - of which Manufacturing,8729.0
Gross Value Added at Current Basic Prices,2010Q1,Construction,567.0
Gross Value Added at Current Basic Prices,2010Q1,"Distribution, Transport, Hotels and Restaurants",6122.0
Gross Value Added at Current Basic Prices,2010Q1,Information and Communication,3234.0
Gross Value Added at Current Basic Prices,2010Q1,Financial and Insurance Activities,4199.0
Gross Value Added at Current Basic Prices,2010Q1,Real Estate Activities,2440.0
Gross Value Added at Current Basic Prices,2010Q1,"Professional, Admin and Support Services",3367.0
Gross Value Added at Current Basic Prices,2010Q1,"Public Admin, Education and Health",6781.0
Gross Value Added at Current Basic Prices,2010Q1,"Arts, Entertainment and Other Services",906.0
Gross Value Added at Current Basic Prices,2010Q1,Statistical Discrepancy,-255.0
Gross Value Added at Current Basic Prices,2010Q1,All Sectors,37568.0
Gross Value Added at Current Basic Prices,2010Q2,"Agriculture, Forestry and Fishing",671.0
Gross Value Added at Current Basic Prices,2010Q2,Industry (excl. Construction),9195.0
Gross Value Added at Current Basic Prices,2010Q2,Industry - of which Manufacturing,8188.0
Gross Value Added at Current Basic Prices,2010Q2,Construction,598.0
Gross Value Added at Current Basic Prices,2010Q2,"Distribution, Transport, Hotels and Restaurants",6178.0
Gross Value Added at Current Basic Prices,2010Q2,Information and Communication,3329.0
Gross Value Added at Current Basic Prices,2010Q2,Financial and Insurance Activities,4383.0
Gross Value Added at Current Basic Prices,2010Q2,Real Estate Activities,2456.0
Gross Value Added at Current Basic Prices,2010Q2,"Professional, Admin and Support Services",3313.0
Gross Value Added at Current Basic Prices,2010Q2,"Public Admin, Education and Health",6968.0
Gross Value Added at Current Basic Prices,2010Q2,"Arts, Entertainment and Other Services",878.0
Gross Value Added at Current Basic Prices,2010Q2,Statistical Discrepancy,531.0
Gross Value Added at Current Basic Prices,2010Q2,All Sectors,38501.0
Gross Value Added at Current Basic Prices,2010Q3,"Agriculture, Forestry and Fishing",346.0
Gross Value Added at Current Basic Prices,2010Q3,Industry (excl. Construction),8921.0
Gross Value Added at Current Basic Prices,2010Q3,Industry - of which Manufacturing,7957.0
Gross Value Added at Current Basic Prices,2010Q3,Construction,584.0
Gross Value Added at Current Basic Prices,2010Q3,"Distribution, Transport, Hotels and Restaurants",6273.0
Gross Value Added at Current Basic Prices,2010Q3,Information and Communication,3286.0
Gross Value Added at Current Basic Prices,2010Q3,Financial and Insurance Activities,4351.0
Gross Value Added at Current Basic Prices,2010Q3,Real Estate Activities,2484.0
Gross Value Added at Current Basic Prices,2010Q3,"Professional, Admin and Support Services",3336.0
Gross Value Added at Current Basic Prices,2010Q3,"Public Admin, Education and Health",7098.0
Gross Value Added at Current Basic Prices,2010Q3,"Arts, Entertainment and Other Services",889.0
Gross Value Added at Current Basic Prices,2010Q3,Statistical Discrepancy,153.0
Gross Value Added at Current Basic Prices,2010Q3,All Sectors,37721.0
Gross Value Added at Current Basic Prices,2010Q4,"Agriculture, Forestry and Fishing",72.0
Gross Value Added at Current Basic Prices,2010Q4,Industry (excl. Construction),8801.0
Gross Value Added at Current Basic Prices,2010Q4,Industry - of which Manufacturing,7756.0
Gross Value Added at Current Basic Prices,2010Q4,Construction,594.0
Gross Value Added at Current Basic Prices,2010Q4,"Distribution, Transport, Hotels and Restaurants",6311.0
Gross Value Added at Current Basic Prices,2010Q4,Information and Communication,4147.0
Gross Value Added at Current Basic Prices,2010Q4,Financial and Insurance Activities,4546.0
Gross Value Added at Current Basic Prices,2010Q4,Real Estate Activities,2475.0
Gross Value Added at Current Basic Prices,2010Q4,"Professional, Admin and Support Services",3858.0
Gross Value Added at Current Basic Prices,2010Q4,"Public Admin, Education and Health",7050.0
Gross Value Added at Current Basic Prices,2010Q4,"Arts, Entertainment and Other Services",903.0
Gross Value Added at Current Basic Prices,2010Q4,Statistical Discrepancy,-593.0
Gross Value Added at Current Basic Prices,2010Q4,All Sectors,38163.0
Gross Value Added at Current Basic Prices,2011Q1,"Agriculture, Forestry and Fishing",544.0
Gross Value Added at Current Basic Prices,2011Q1,Industry (excl. Construction),10140.0
Gross Value Added at Current Basic Prices,2011Q1,Industry - of which Manufacturing,9014.0
Gross Value Added at Current Basic Prices,2011Q1,Construction,466.0
Gross Value Added at Current Basic Prices,2011Q1,"Distribution, Transport, Hotels and Restaurants",6502.0
Gross Value Added at Current Basic Prices,2011Q1,Information and Communication,3387.0
Gross Value Added at Current Basic Prices,2011Q1,Financial and Insurance Activities,3555.0
Gross Value Added at Current Basic Prices,2011Q1,Real Estate Activities,2557.0
Gross Value Added at Current Basic Prices,2011Q1,"Professional, Admin and Support Services",3797.0
Gross Value Added at Current Basic Prices,2011Q1,"Public Admin, Education and Health",6875.0
Gross Value Added at Current Basic Prices,2011Q1,"Arts, Entertainment and Other Services",859.0
Gross Value Added at Current Basic Prices,2011Q1,Statistical Discrepancy,-178.0
Gross Value Added at Current Basic Prices,2011Q1,All Sectors,38504.0
Gross Value Added at Current Basic Prices,2011Q2,"Agriculture, Forestry and Fishing",831.0
Gross Value Added at Current Basic Prices,2011Q2,Industry (excl. Construction),10513.0
Gross Value Added at Current Basic Prices,2011Q2,Industry - of which Manufacturing,9463.0
Gross Value Added at Current Basic Prices,2011Q2,Construction,481.0
Gross Value Added at Current Basic Prices,2011Q2,"Distribution, Transport, Hotels and Restaurants",6672.0
Gross Value Added at Current Basic Prices,2011Q2,Information and Communication,3695.0
Gross Value Added at Current Basic Prices,2011Q2,Financial and Insurance Activities,3719.0
Gross Value Added at Current Basic Prices,2011Q2,Real Estate Activities,2561.0
Gross Value Added at Current Basic Prices,2011Q2,"Professional, Admin and Support Services",3913.0
Gross Value Added at Current Basic Prices,2011Q2,"Public Admin, Education and Health",7123.0
Gross Value Added at Current Basic Prices,2011Q2,"Arts, Entertainment and Other Services",824.0
Gross Value Added at Current Basic Prices,2011Q2,Statistical Discrepancy,366.0
Gross Value Added at Current Basic Prices,2011Q2,All Sectors,40697.0
Gross Value Added at Current Basic Prices,2011Q3,"Agriculture, Forestry and Fishing",471.0
Gross Value Added at Current Basic Prices,2011Q3,Industry (excl. Construction),9767.0
Gross Value Added at Current Basic Prices,2011Q3,Industry - of which Manufacturing,8717.0
Gross Value Added at Current Basic Prices,2011Q3,Construction,536.0
Gross Value Added at Current Basic Prices,2011Q3,"Distribution, Transport, Hotels and Restaurants",6679.0
Gross Value Added at Current Basic Prices,2011Q3,Information and Communication,3244.0
Gross Value Added at Current Basic Prices,2011Q3,Financial and Insurance Activities,4036.0
Gross Value Added at Current Basic Prices,2011Q3,Real Estate Activities,2581.0
Gross Value Added at Current Basic Prices,2011Q3,"Professional, Admin and Support Services",3904.0
Gross Value Added at Current Basic Prices,2011Q3,"Public Admin, Education and Health",6997.0
Gross Value Added at Current Basic Prices,2011Q3,"Arts, Entertainment and Other Services",858.0
Gross Value Added at Current Basic Prices,2011Q3,Statistical Discrepancy,319.0
Gross Value Added at Current Basic Prices,2011Q3,All Sectors,39393.0
Gross Value Added at Current Basic Prices,2011Q4,"Agriculture, Forestry and Fishing",202.0
Gross Value Added at Current Basic Prices,2011Q4,Industry (excl. Construction),9515.0
Gross Value Added at Current Basic Prices,2011Q4,Industry - of which Manufacturing,8464.0
Gross Value Added at Current Basic Prices,2011Q4,Construction,587.0
Gross Value Added at Current Basic Prices,2011Q4,"Distribution, Transport, Hotels and Restaurants",6843.0
Gross Value Added at Current Basic Prices,2011Q4,Information and Communication,3971.0
Gross Value Added at Current Basic Prices,2011Q4,Financial and Insurance Activities,4299.0
Gross Value Added at Current Basic Prices,2011Q4,Real Estate Activities,2581.0
Gross Value Added at Current Basic Prices,2011Q4,"Professional, Admin and Support Services",4076.0
Gross Value Added at Current Basic Prices,2011Q4,"Public Admin, Education and Health",7040.0
Gross Value Added at Current Basic Prices,2011Q4,"Arts, Entertainment and Other Services",843.0
Gross Value Added at Current Basic Prices,2011Q4,Statistical Discrepancy,-406.0
Gross Value Added at Current Basic Prices,2011Q4,All Sectors,39552.0
Gross Value Added at Current Basic Prices,2012Q1,"Agriculture, Forestry and Fishing",557.0
Gross Value Added at Current Basic Prices,2012Q1,Industry (excl. Construction),10568.0
Gross Value Added at Current Basic Prices,2012Q1,Industry - of which Manufacturing,9274.0
Gross Value Added at Current Basic Prices,2012Q1,Construction,681.0
Gross Value Added at Current Basic Prices,2012Q1,"Distribution, Transport, Hotels and Restaurants",6670.0
Gross Value Added at Current Basic Prices,2012Q1,Information and Communication,4021.0
Gross Value Added at Current Basic Prices,2012Q1,Financial and Insurance Activities,3466.0
Gross Value Added at Current Basic Prices,2012Q1,Real Estate Activities,2780.0
Gross Value Added at Current Basic Prices,2012Q1,"Professional, Admin and Support Services",3975.0
Gross Value Added at Current Basic Prices,2012Q1,"Public Admin, Education and Health",6845.0
Gross Value Added at Current Basic Prices,2012Q1,"Arts, Entertainment and Other Services",818.0
Gross Value Added at Current Basic Prices,2012Q1,Statistical Discrepancy,-1035.0
Gross Value Added at Current Basic Prices,2012Q1,All Sectors,39347.0
Gross Value Added at Current Basic Prices,2012Q2,"Agriculture, Forestry and Fishing",802.0
Gross Value Added at Current Basic Prices,2012Q2,Industry (excl. Construction),10622.0
Gross Value Added at Current Basic Prices,2012Q2,Industry - of which Manufacturing,9440.0
Gross Value Added at Current Basic Prices,2012Q2,Construction,695.0
Gross Value Added at Current Basic Prices,2012Q2,"Distribution, Transport, Hotels and Restaurants",6765.0
Gross Value Added at Current Basic Prices,2012Q2,Information and Communication,3767.0
Gross Value Added at Current Basic Prices,2012Q2,Financial and Insurance Activities,3430.0
Gross Value Added at Current Basic Prices,2012Q2,Real Estate Activities,2805.0
Gross Value Added at Current Basic Prices,2012Q2,"Professional, Admin and Support Services",3896.0
Gross Value Added at Current Basic Prices,2012Q2,"Public Admin, Education and Health",7079.0
Gross Value Added at Current Basic Prices,2012Q2,"Arts, Entertainment and Other Services",822.0
Gross Value Added at Current Basic Prices,2012Q2,Statistical Discrepancy,840.0
Gross Value Added at Current Basic Prices,2012Q2,All Sectors,41522.0
Gross Value Added at Current Basic Prices,2012Q3,"Agriculture, Forestry and Fishing",300.0
Gross Value Added at Current Basic Prices,2012Q3,Industry (excl. Construction),9537.0
Gross Value Added at Current Basic Prices,2012Q3,Industry - of which Manufacturing,8407.0
Gross Value Added at Current Basic Prices,2012Q3,Construction,767.0
Gross Value Added at Current Basic Prices,2012Q3,"Distribution, Transport, Hotels and Restaurants",6905.0
Gross Value Added at Current Basic Prices,2012Q3,Information and Communication,3472.0
Gross Value Added at Current Basic Prices,2012Q3,Financial and Insurance Activities,3924.0
Gross Value Added at Current Basic Prices,2012Q3,Real Estate Activities,2838.0
Gross Value Added at Current Basic Prices,2012Q3,"Professional, Admin and Support Services",3968.0
Gross Value Added at Current Basic Prices,2012Q3,"Public Admin, Education and Health",7107.0
Gross Value Added at Current Basic Prices,2012Q3,"Arts, Entertainment and Other Services",837.0
Gross Value Added at Current Basic Prices,2012Q3,Statistical Discrepancy,381.0
Gross Value Added at Current Basic Prices,2012Q3,All Sectors,40035.0
Gross Value Added at Current Basic Prices,2012Q4,"Agriculture, Forestry and Fishing",0.0
Gross Value Added at Current Basic Prices,2012Q4,Industry (excl. Construction),8706.0
Gross Value Added at Current Basic Prices,2012Q4,Industry - of which Manufacturing,7506.0
Gross Value Added at Current Basic Prices,2012Q4,Construction,894.0
Gross Value Added at Current Basic Prices,2012Q4,"Distribution, Transport, Hotels and Restaurants",7210.0
Gross Value Added at Current Basic Prices,2012Q4,Information and Communication,4492.0
Gross Value Added at Current Basic Prices,2012Q4,Financial and Insurance Activities,4200.0
Gross Value Added at Current Basic Prices,2012Q4,Real Estate Activities,2899.0
Gross Value Added at Current Basic Prices,2012Q4,"Professional, Admin and Support Services",4173.0
Gross Value Added at Current Basic Prices,2012Q4,"Public Admin, Education and Health",7148.0
Gross Value Added at Current Basic Prices,2012Q4,"Arts, Entertainment and Other Services",813.0
Gross Value Added at Current Basic Prices,2012Q4,Statistical Discrepancy,-135.0
Gross Value Added at Current Basic Prices,2012Q4,All Sectors,40401.0
Gross Value Added at Current Basic Prices,2013Q1,"Agriculture, Forestry and Fishing",351.0
Gross Value Added at Current Basic Prices,2013Q1,Industry (excl. Construction),10337.0
Gross Value Added at Current Basic Prices,2013Q1,Industry - of which Manufacturing,9070.0
Gross Value Added at Current Basic Prices,2013Q1,Construction,769.0
Gross Value Added at Current Basic Prices,2013Q1,"Distribution, Transport, Hotels and Restaurants",7017.0
Gross Value Added at Current Basic Prices,2013Q1,Information and Communication,3886.0
Gross Value Added at Current Basic Prices,2013Q1,Financial and Insurance Activities,3033.0
Gross Value Added at Current Basic Prices,2013Q1,Real Estate Activities,2938.0
Gross Value Added at Current Basic Prices,2013Q1,"Professional, Admin and Support Services",4721.0
Gross Value Added at Current Basic Prices,2013Q1,"Public Admin, Education and Health",6742.0
Gross Value Added at Current Basic Prices,2013Q1,"Arts, Entertainment and Other Services",867.0
Gross Value Added at Current Basic Prices,2013Q1,Statistical Discrepancy,-1231.0
Gross Value Added at Current Basic Prices,2013Q1,All Sectors,39430.0
Gross Value Added at Current Basic Prices,2013Q2,"Agriculture, Forestry and Fishing",685.0
Gross Value Added at Current Basic Prices,2013Q2,Industry (excl. Construction),10527.0
Gross Value Added at Current Basic Prices,2013Q2,Industry - of which Manufacturing,9331.0
Gross Value Added at Current Basic Prices,2013Q2,Construction,894.0
Gross Value Added at Current Basic Prices,2013Q2,"Distribution, Transport, Hotels and Restaurants",7233.0
Gross Value Added at Current Basic Prices,2013Q2,Information and Communication,4096.0
Gross Value Added at Current Basic Prices,2013Q2,Financial and Insurance Activities,3126.0
Gross Value Added at Current Basic Prices,2013Q2,Real Estate Activities,2988.0
Gross Value Added at Current Basic Prices,2013Q2,"Professional, Admin and Support Services",4843.0
Gross Value Added at Current Basic Prices,2013Q2,"Public Admin, Education and Health",6995.0
Gross Value Added at Current Basic Prices,2013Q2,"Arts, Entertainment and Other Services",879.0
Gross Value Added at Current Basic Prices,2013Q2,Statistical Discrepancy,-183.0
Gross Value Added at Current Basic Prices,2013Q2,All Sectors,42082.0
Gross Value Added at Current Basic Prices,2013Q3,"Agriculture, Forestry and Fishing",578.0
Gross Value Added at Current Basic Prices,2013Q3,Industry (excl. Construction),9688.0
Gross Value Added at Current Basic Prices,2013Q3,Industry - of which Manufacturing,8467.0
Gross Value Added at Current Basic Prices,2013Q3,Construction,1036.0
Gross Value Added at Current Basic Prices,2013Q3,"Distribution, Transport, Hotels and Restaurants",7641.0
Gross Value Added at Current Basic Prices,2013Q3,Information and Communication,4160.0
Gross Value Added at Current Basic Prices,2013Q3,Financial and Insurance Activities,3561.0
Gross Value Added at Current Basic Prices,2013Q3,Real Estate Activities,3035.0
Gross Value Added at Current Basic Prices,2013Q3,"Professional, Admin and Support Services",4897.0
Gross Value Added at Current Basic Prices,2013Q3,"Public Admin, Education and Health",7030.0
Gross Value Added at Current Basic Prices,2013Q3,"Arts, Entertainment and Other Services",865.0
Gross Value Added at Current Basic Prices,2013Q3,Statistical Discrepancy,82.0
Gross Value Added at Current Basic Prices,2013Q3,All Sectors,42572.0
Gross Value Added at Current Basic Prices,2013Q4,"Agriculture, Forestry and Fishing",279.0
Gross Value Added at Current Basic Prices,2013Q4,Industry (excl. Construction),9191.0
Gross Value Added at Current Basic Prices,2013Q4,Industry - of which Manufacturing,8025.0
Gross Value Added at Current Basic Prices,2013Q4,Construction,1114.0
Gross Value Added at Current Basic Prices,2013Q4,"Distribution, Transport, Hotels and Restaurants",7874.0
Gross Value Added at Current Basic Prices,2013Q4,Information and Communication,5047.0
Gross Value Added at Current Basic Prices,2013Q4,Financial and Insurance Activities,3657.0
Gross Value Added at Current Basic Prices,2013Q4,Real Estate Activities,3106.0
Gross Value Added at Current Basic Prices,2013Q4,"Professional, Admin and Support Services",5273.0
Gross Value Added at Current Basic Prices,2013Q4,"Public Admin, Education and Health",7061.0
Gross Value Added at Current Basic Prices,2013Q4,"Arts, Entertainment and Other Services",874.0
Gross Value Added at Current Basic Prices,2013Q4,Statistical Discrepancy,-781.0
Gross Value Added at Current Basic Prices,2013Q4,All Sectors,42695.0
Gross Value Added at Current Basic Prices,2014Q1,"Agriculture, Forestry and Fishing",465.0
Gross Value Added at Current Basic Prices,2014Q1,Industry (excl. Construction),11129.0
Gross Value Added at Current Basic Prices,2014Q1,Industry - of which Manufacturing,9927.0
Gross Value Added at Current Basic Prices,2014Q1,Construction,975.0
Gross Value Added at Current Basic Prices,2014Q1,"Distribution, Transport, Hotels and Restaurants",7267.0
Gross Value Added at Current Basic Prices,2014Q1,Information and Communication,4287.0
Gross Value Added at Current Basic Prices,2014Q1,Financial and Insurance Activities,3633.0
Gross Value Added at Current Basic Prices,2014Q1,Real Estate Activities,3223.0
Gross Value Added at Current Basic Prices,2014Q1,"Professional, Admin and Support Services",5708.0
Gross Value Added at Current Basic Prices,2014Q1,"Public Admin, Education and Health",6877.0
Gross Value Added at Current Basic Prices,2014Q1,"Arts, Entertainment and Other Services",873.0
Gross Value Added at Current Basic Prices,2014Q1,Statistical Discrepancy,-1140.0
Gross Value Added at Current Basic Prices,2014Q1,All Sectors,43300.0
Gross Value Added at Current Basic Prices,2014Q2,"Agriculture, Forestry and Fishing",893.0
Gross Value Added at Current Basic Prices,2014Q2,Industry (excl. Construction),12162.0
Gross Value Added at Current Basic Prices,2014Q2,Industry - of which Manufacturing,11003.0
Gross Value Added at Current Basic Prices,2014Q2,Construction,1192.0
Gross Value Added at Current Basic Prices,2014Q2,"Distribution, Transport, Hotels and Restaurants",7387.0
Gross Value Added at Current Basic Prices,2014Q2,Information and Communication,4886.0
Gross Value Added at Current Basic Prices,2014Q2,Financial and Insurance Activities,3604.0
Gross Value Added at Current Basic Prices,2014Q2,Real Estate Activities,3275.0
Gross Value Added at Current Basic Prices,2014Q2,"Professional, Admin and Support Services",5798.0
Gross Value Added at Current Basic Prices,2014Q2,"Public Admin, Education and Health",7141.0
Gross Value Added at Current Basic Prices,2014Q2,"Arts, Entertainment and Other Services",898.0
Gross Value Added at Current Basic Prices,2014Q2,Statistical Discrepancy,-1359.0
Gross Value Added at Current Basic Prices,2014Q2,All Sectors,45877.0
Gross Value Added at Current Basic Prices,2014Q3,"Agriculture, Forestry and Fishing",622.0
Gross Value Added at Current Basic Prices,2014Q3,Industry (excl. Construction),10783.0
Gross Value Added at Current Basic Prices,2014Q3,Industry - of which Manufacturing,9408.0
Gross Value Added at Current Basic Prices,2014Q3,Construction,1272.0
Gross Value Added at Current Basic Prices,2014Q3,"Distribution, Transport, Hotels and Restaurants",7816.0
Gross Value Added at Current Basic Prices,2014Q3,Information and Communication,4424.0
Gross Value Added at Current Basic Prices,2014Q3,Financial and Insurance Activities,4163.0
Gross Value Added at Current Basic Prices,2014Q3,Real Estate Activities,3340.0
Gross Value Added at Current Basic Prices,2014Q3,"Professional, Admin and Support Services",6015.0
Gross Value Added at Current Basic Prices,2014Q3,"Public Admin, Education and Health",7144.0
Gross Value Added at Current Basic Prices,2014Q3,"Arts, Entertainment and Other Services",898.0
Gross Value Added at Current Basic Prices,2014Q3,Statistical Discrepancy,-94.0
Gross Value Added at Current Basic Prices,2014Q3,All Sectors,46382.0
Gross Value Added at Current Basic Prices,2014Q4,"Agriculture, Forestry and Fishing",406.0
Gross Value Added at Current Basic Prices,2014Q4,Industry (excl. Construction),10068.0
Gross Value Added at Current Basic Prices,2014Q4,Industry - of which Manufacturing,8951.0
Gross Value Added at Current Basic Prices,2014Q4,Construction,1354.0
Gross Value Added at Current Basic Prices,2014Q4,"Distribution, Transport, Hotels and Restaurants",7934.0
Gross Value Added at Current Basic Prices,2014Q4,Information and Communication,5870.0
Gross Value Added at Current Basic Prices,2014Q4,Financial and Insurance Activities,4275.0
Gross Value Added at Current Basic Prices,2014Q4,Real Estate Activities,3421.0
Gross Value Added at Current Basic Prices,2014Q4,"Professional, Admin and Support Services",6391.0
Gross Value Added at Current Basic Prices,2014Q4,"Public Admin, Education and Health",7203.0
Gross Value Added at Current Basic Prices,2014Q4,"Arts, Entertainment and Other Services",901.0
Gross Value Added at Current Basic Prices,2014Q4,Statistical Discrepancy,-530.0
Gross Value Added at Current Basic Prices,2014Q4,All Sectors,47292.0
Gross Value Added at Current Basic Prices,2015Q1,"Agriculture, Forestry and Fishing",489.0
Gross Value Added at Current Basic Prices,2015Q1,Industry (excl. Construction),24371.0
Gross Value Added at Current Basic Prices,2015Q1,Industry - of which Manufacturing,23222.0
Gross Value Added at Current Basic Prices,2015Q1,Construction,1139.0
Gross Value Added at Current Basic Prices,2015Q1,"Distribution, Transport, Hotels and Restaurants",7635.0
Gross Value Added at Current Basic Prices,2015Q1,Information and Communication,5629.0
Gross Value Added at Current Basic Prices,2015Q1,Financial and Insurance Activities,3939.0
Gross Value Added at Current Basic Prices,2015Q1,Real Estate Activities,3626.0
Gross Value Added at Current Basic Prices,2015Q1,"Professional, Admin and Support Services",6782.0
Gross Value Added at Current Basic Prices,2015Q1,"Public Admin, Education and Health",7014.0
Gross Value Added at Current Basic Prices,2015Q1,"Arts, Entertainment and Other Services",874.0
Gross Value Added at Current Basic Prices,2015Q1,Statistical Discrepancy,-949.0
Gross Value Added at Current Basic Prices,2015Q1,All Sectors,60549.0
Gross Value Added at Current Basic Prices,2015Q2,"Agriculture, Forestry and Fishing",784.0
Gross Value Added at Current Basic Prices,2015Q2,Industry (excl. Construction),24348.0
Gross Value Added at Current Basic Prices,2015Q2,Industry - of which Manufacturing,23312.0
Gross Value Added at Current Basic Prices,2015Q2,Construction,1348.0
Gross Value Added at Current Basic Prices,2015Q2,"Distribution, Transport, Hotels and Restaurants",7477.0
Gross Value Added at Current Basic Prices,2015Q2,Information and Communication,5605.0
Gross Value Added at Current Basic Prices,2015Q2,Financial and Insurance Activities,3894.0
Gross Value Added at Current Basic Prices,2015Q2,Real Estate Activities,3602.0
Gross Value Added at Current Basic Prices,2015Q2,"Professional, Admin and Support Services",7000.0
Gross Value Added at Current Basic Prices,2015Q2,"Public Admin, Education and Health",7305.0
Gross Value Added at Current Basic Prices,2015Q2,"Arts, Entertainment and Other Services",863.0
Gross Value Added at Current Basic Prices,2015Q2,Statistical Discrepancy,-648.0
Gross Value Added at Current Basic Prices,2015Q2,All Sectors,61581.0
Gross Value Added at Current Basic Prices,2015Q3,"Agriculture, Forestry and Fishing",613.0
Gross Value Added at Current Basic Prices,2015Q3,Industry (excl. Construction),23989.0
Gross Value Added at Current Basic Prices,2015Q3,Industry - of which Manufacturing,22947.0
Gross Value Added at Current Basic Prices,2015Q3,Construction,1343.0
Gross Value Added at Current Basic Prices,2015Q3,"Distribution, Transport, Hotels and Restaurants",8208.0
Gross Value Added at Current Basic Prices,2015Q3,Information and Communication,5626.0
Gross Value Added at Current Basic Prices,2015Q3,Financial and Insurance Activities,4277.0
Gross Value Added at Current Basic Prices,2015Q3,Real Estate Activities,3671.0
Gross Value Added at Current Basic Prices,2015Q3,"Professional, Admin and Support Services",7356.0
Gross Value Added at Current Basic Prices,2015Q3,"Public Admin, Education and Health",7371.0
Gross Value Added at Current Basic Prices,2015Q3,"Arts, Entertainment and Other Services",897.0
Gross Value Added at Current Basic Prices,2015Q3,Statistical Discrepancy,542.0
Gross Value Added at Current Basic Prices,2015Q3,All Sectors,63894.0
Gross Value Added at Current Basic Prices,2015Q4,"Agriculture, Forestry and Fishing",435.0
Gross Value Added at Current Basic Prices,2015Q4,Industry (excl. Construction),26552.0
Gross Value Added at Current Basic Prices,2015Q4,Industry - of which Manufacturing,25522.0
Gross Value Added at Current Basic Prices,2015Q4,Construction,1481.0
Gross Value Added at Current Basic Prices,2015Q4,"Distribution, Transport, Hotels and Restaurants",8177.0
Gross Value Added at Current Basic Prices,2015Q4,Information and Communication,6572.0
Gross Value Added at Current Basic Prices,2015Q4,Financial and Insurance Activities,4621.0
Gross Value Added at Current Basic Prices,2015Q4,Real Estate Activities,3718.0
Gross Value Added at Current Basic Prices,2015Q4,"Professional, Admin and Support Services",7365.0
Gross Value Added at Current Basic Prices,2015Q4,"Public Admin, Education and Health",7504.0
Gross Value Added at Current Basic Prices,2015Q4,"Arts, Entertainment and Other Services",956.0
Gross Value Added at Current Basic Prices,2015Q4,Statistical Discrepancy,-37.0
Gross Value Added at Current Basic Prices,2015Q4,All Sectors,67342.0
Gross Value Added at Current Basic Prices,2016Q1,"Agriculture, Forestry and Fishing",596.0
Gross Value Added at Current Basic Prices,2016Q1,Industry (excl. Construction),22443.0
Gross Value Added at Current Basic Prices,2016Q1,Industry - of which Manufacturing,21300.0
Gross Value Added at Current Basic Prices,2016Q1,Construction,1224.0
Gross Value Added at Current Basic Prices,2016Q1,"Distribution, Transport, Hotels and Restaurants",8330.0
Gross Value Added at Current Basic Prices,2016Q1,Information and Communication,6061.0
Gross Value Added at Current Basic Prices,2016Q1,Financial and Insurance Activities,3706.0
Gross Value Added at Current Basic Prices,2016Q1,Real Estate Activities,3804.0
Gross Value Added at Current Basic Prices,2016Q1,"Professional, Admin and Support Services",7303.0
Gross Value Added at Current Basic Prices,2016Q1,"Public Admin, Education and Health",7303.0
Gross Value Added at Current Basic Prices,2016Q1,"Arts, Entertainment and Other Services",887.0
Gross Value Added at Current Basic Prices,2016Q1,Statistical Discrepancy,-1436.0
Gross Value Added at Current Basic Prices,2016Q1,All Sectors,60220.0
Gross Value Added at Current Basic Prices,2016Q2,"Agriculture, Forestry and Fishing",879.0
Gross Value Added at Current Basic Prices,2016Q2,Industry (excl. Construction),21881.0
Gross Value Added at Current Basic Prices,2016Q2,Industry - of which Manufacturing,20778.0
Gross Value Added at Current Basic Prices,2016Q2,Construction,1572.0
Gross Value Added at Current Basic Prices,2016Q2,"Distribution, Transport, Hotels and Restaurants",8001.0
Gross Value Added at Current Basic Prices,2016Q2,Information and Communication,5882.0
Gross Value Added at Current Basic Prices,2016Q2,Financial and Insurance Activities,3720.0
Gross Value Added at Current Basic Prices,2016Q2,Real Estate Activities,3880.0
Gross Value Added at Current Basic Prices,2016Q2,"Professional, Admin and Support Services",7389.0
Gross Value Added at Current Basic Prices,2016Q2,"Public Admin, Education and Health",7619.0
Gross Value Added at Current Basic Prices,2016Q2,"Arts, Entertainment and Other Services",890.0
Gross Value Added at Current Basic Prices,2016Q2,Statistical Discrepancy,-980.0
Gross Value Added at Current Basic Prices,2016Q2,All Sectors,60733.0
Gross Value Added at Current Basic Prices,2016Q3,"Agriculture, Forestry and Fishing",637.0
Gross Value Added at Current Basic Prices,2016Q3,Industry (excl. Construction),22248.0
Gross Value Added at Current Basic Prices,2016Q3,Industry - of which Manufacturing,21156.0
Gross Value Added at Current Basic Prices,2016Q3,Construction,1659.0
Gross Value Added at Current Basic Prices,2016Q3,"Distribution, Transport, Hotels and Restaurants",8713.0
Gross Value Added at Current Basic Prices,2016Q3,Information and Communication,6344.0
Gross Value Added at Current Basic Prices,2016Q3,Financial and Insurance Activities,3877.0
Gross Value Added at Current Basic Prices,2016Q3,Real Estate Activities,3922.0
Gross Value Added at Current Basic Prices,2016Q3,"Professional, Admin and Support Services",7580.0
Gross Value Added at Current Basic Prices,2016Q3,"Public Admin, Education and Health",7531.0
Gross Value Added at Current Basic Prices,2016Q3,"Arts, Entertainment and Other Services",917.0
Gross Value Added at Current Basic Prices,2016Q3,Statistical Discrepancy,332.0
Gross Value Added at Current Basic Prices,2016Q3,All Sectors,63759.0
Gross Value Added at Current Basic Prices,2016Q4,"Agriculture, Forestry and Fishing",417.0
Gross Value Added at Current Basic Prices,2016Q4,Industry (excl. Construction),27902.0
Gross Value Added at Current Basic Prices,2016Q4,Industry - of which Manufacturing,26795.0
Gross Value Added at Current Basic Prices,2016Q4,Construction,1734.0
Gross Value Added at Current Basic Prices,2016Q4,"Distribution, Transport, Hotels and Restaurants",8463.0
Gross Value Added at Current Basic Prices,2016Q4,Information and Communication,7088.0
Gross Value Added at Current Basic Prices,2016Q4,Financial and Insurance Activities,4066.0
Gross Value Added at Current Basic Prices,2016Q4,Real Estate Activities,3975.0
Gross Value Added at Current Basic Prices,2016Q4,"Professional, Admin and Support Services",7765.0
Gross Value Added at Current Basic Prices,2016Q4,"Public Admin, Education and Health",7671.0
Gross Value Added at Current Basic Prices,2016Q4,"Arts, Entertainment and Other Services",983.0
Gross Value Added at Current Basic Prices,2016Q4,Statistical Discrepancy,1081.0
Gross Value Added at Current Basic Prices,2016Q4,All Sectors,71143.0
Gross Value Added at Current Basic Prices,2017Q1,"Agriculture, Forestry and Fishing",800.0
Gross Value Added at Current Basic Prices,2017Q1,Industry (excl. Construction),24947.0
Gross Value Added at Current Basic Prices,2017Q1,Industry - of which Manufacturing,23713.0
Gross Value Added at Current Basic Prices,2017Q1,Construction,1761.0
Gross Value Added at Current Basic Prices,2017Q1,"Distribution, Transport, Hotels and Restaurants",8789.0
Gross Value Added at Current Basic Prices,2017Q1,Information and Communication,6945.0
Gross Value Added at Current Basic Prices,2017Q1,Financial and Insurance Activities,3663.0
Gross Value Added at Current Basic Prices,2017Q1,Real Estate Activities,4089.0
Gross Value Added at Current Basic Prices,2017Q1,"Professional, Admin and Support Services",8264.0
Gross Value Added at Current Basic Prices,2017Q1,"Public Admin, Education and Health",7689.0
Gross Value Added at Current Basic Prices,2017Q1,"Arts, Entertainment and Other Services",1038.0
Gross Value Added at Current Basic Prices,2017Q1,Statistical Discrepancy,-1102.0
Gross Value Added at Current Basic Prices,2017Q1,All Sectors,66883.0
Gross Value Added at Current Basic Prices,2017Q2,"Agriculture, Forestry and Fishing",1136.0
Gross Value Added at Current Basic Prices,2017Q2,Industry (excl. Construction),22543.0
Gross Value Added at Current Basic Prices,2017Q2,Industry - of which Manufacturing,21422.0
Gross Value Added at Current Basic Prices,2017Q2,Construction,1933.0
Gross Value Added at Current Basic Prices,2017Q2,"Distribution, Transport, Hotels and Restaurants",8432.0
Gross Value Added at Current Basic Prices,2017Q2,Information and Communication,7598.0
Gross Value Added at Current Basic Prices,2017Q2,Financial and Insurance Activities,3824.0
Gross Value Added at Current Basic Prices,2017Q2,Real Estate Activities,4146.0
Gross Value Added at Current Basic Prices,2017Q2,"Professional, Admin and Support Services",8455.0
Gross Value Added at Current Basic Prices,2017Q2,"Public Admin, Education and Health",8075.0
Gross Value Added at Current Basic Prices,2017Q2,"Arts, Entertainment and Other Services",1084.0
Gross Value Added at Current Basic Prices,2017Q2,Statistical Discrepancy,1442.0
Gross Value Added at Current Basic Prices,2017Q2,All Sectors,68668.0
Gross Value Added at Current Basic Prices,2017Q3,"Agriculture, Forestry and Fishing",901.0
Gross Value Added at Current Basic Prices,2017Q3,Industry (excl. Construction),25048.0
Gross Value Added at Current Basic Prices,2017Q3,Industry - of which Manufacturing,23978.0
Gross Value Added at Current Basic Prices,2017Q3,Construction,2038.0
Gross Value Added at Current Basic Prices,2017Q3,"Distribution, Transport, Hotels and Restaurants",9192.0
Gross Value Added at Current Basic Prices,2017Q3,Information and Communication,8567.0
Gross Value Added at Current Basic Prices,2017Q3,Financial and Insurance Activities,4277.0
Gross Value Added at Current Basic Prices,2017Q3,Real Estate Activities,4200.0
Gross Value Added at Current Basic Prices,2017Q3,"Professional, Admin and Support Services",8724.0
Gross Value Added at Current Basic Prices,2017Q3,"Public Admin, Education and Health",8036.0
Gross Value Added at Current Basic Prices,2017Q3,"Arts, Entertainment and Other Services",1046.0
Gross Value Added at Current Basic Prices,2017Q3,Statistical Discrepancy,1343.0
Gross Value Added at Current Basic Prices,2017Q3,All Sectors,73374.0
Gross Value Added at Current Basic Prices,2017Q4,"Agriculture, Forestry and Fishing",576.0
Gross Value Added at Current Basic Prices,2017Q4,Industry (excl. Construction),31153.0
Gross Value Added at Current Basic Prices,2017Q4,Industry - of which Manufacturing,30056.0
Gross Value Added at Current Basic Prices,2017Q4,Construction,2269.0
Gross Value Added at Current Basic Prices,2017Q4,"Distribution, Transport, Hotels and Restaurants",9117.0
Gross Value Added at Current Basic Prices,2017Q4,Information and Communication,8956.0
Gross Value Added at Current Basic Prices,2017Q4,Financial and Insurance Activities,4581.0
Gross Value Added at Current Basic Prices,2017Q4,Real Estate Activities,4271.0
Gross Value Added at Current Basic Prices,2017Q4,"Professional, Admin and Support Services",9034.0
Gross Value Added at Current Basic Prices,2017Q4,"Public Admin, Education and Health",8191.0
Gross Value Added at Current Basic Prices,2017Q4,"Arts, Entertainment and Other Services",1119.0
Gross Value Added at Current Basic Prices,2017Q4,Statistical Discrepancy,-727.0
Gross Value Added at Current Basic Prices,2017Q4,All Sectors,78539.0
Gross Value Added at Current Basic Prices,2018Q1,"Agriculture, Forestry and Fishing",745.0
Gross Value Added at Current Basic Prices,2018Q1,Industry (excl. Construction),27937.0
Gross Value Added at Current Basic Prices,2018Q1,Industry - of which Manufacturing,26675.0
Gross Value Added at Current Basic Prices,2018Q1,Construction,1785.0
Gross Value Added at Current Basic Prices,2018Q1,"Distribution, Transport, Hotels and Restaurants",8902.0
Gross Value Added at Current Basic Prices,2018Q1,Information and Communication,9158.0
Gross Value Added at Current Basic Prices,2018Q1,Financial and Insurance Activities,3911.0
Gross Value Added at Current Basic Prices,2018Q1,Real Estate Activities,4598.0
Gross Value Added at Current Basic Prices,2018Q1,"Professional, Admin and Support Services",8627.0
Gross Value Added at Current Basic Prices,2018Q1,"Public Admin, Education and Health",8061.0
Gross Value Added at Current Basic Prices,2018Q1,"Arts, Entertainment and Other Services",1129.0
Gross Value Added at Current Basic Prices,2018Q1,Statistical Discrepancy,767.0
Gross Value Added at Current Basic Prices,2018Q1,All Sectors,75619.0
Gross Value Added at Current Basic Prices,2018Q2,"Agriculture, Forestry and Fishing",984.0
Gross Value Added at Current Basic Prices,2018Q2,Industry (excl. Construction),26308.0
Gross Value Added at Current Basic Prices,2018Q2,Industry - of which Manufacturing,25126.0
Gross Value Added at Current Basic Prices,2018Q2,Construction,2108.0
Gross Value Added at Current Basic Prices,2018Q2,"Distribution, Transport, Hotels and Restaurants",8829.0
Gross Value Added at Current Basic Prices,2018Q2,Information and Communication,9759.0
Gross Value Added at Current Basic Prices,2018Q2,Financial and Insurance Activities,3982.0
Gross Value Added at Current Basic Prices,2018Q2,Real Estate Activities,4674.0
Gross Value Added at Current Basic Prices,2018Q2,"Professional, Admin and Support Services",9287.0
Gross Value Added at Current Basic Prices,2018Q2,"Public Admin, Education and Health",8504.0
Gross Value Added at Current Basic Prices,2018Q2,"Arts, Entertainment and Other Services",1085.0
Gross Value Added at Current Basic Prices,2018Q2,Statistical Discrepancy,839.0
Gross Value Added at Current Basic Prices,2018Q2,All Sectors,76359.0
Gross Value Added at Current Basic Prices,2018Q3,"Agriculture, Forestry and Fishing",768.0
Gross Value Added at Current Basic Prices,2018Q3,Industry (excl. Construction),29766.0
Gross Value Added at Current Basic Prices,2018Q3,Industry - of which Manufacturing,28588.0
Gross Value Added at Current Basic Prices,2018Q3,Construction,2309.0
Gross Value Added at Current Basic Prices,2018Q3,"Distribution, Transport, Hotels and Restaurants",9490.0
Gross Value Added at Current Basic Prices,2018Q3,Information and Communication,9702.0
Gross Value Added at Current Basic Prices,2018Q3,Financial and Insurance Activities,4367.0
Gross Value Added at Current Basic Prices,2018Q3,Real Estate Activities,4736.0
Gross Value Added at Current Basic Prices,2018Q3,"Professional, Admin and Support Services",9560.0
Gross Value Added at Current Basic Prices,2018Q3,"Public Admin, Education and Health",8417.0
Gross Value Added at Current Basic Prices,2018Q3,"Arts, Entertainment and Other Services",1168.0
Gross Value Added at Current Basic Prices,2018Q3,Statistical Discrepancy,-930.0
Gross Value Added at Current Basic Prices,2018Q3,All Sectors,79354.0
Gross Value Added at Current Basic Prices,2018Q4,"Agriculture, Forestry and Fishing",570.0
Gross Value Added at Current Basic Prices,2018Q4,Industry (excl. Construction),30722.0
Gross Value Added at Current Basic Prices,2018Q4,Industry - of which Manufacturing,29468.0
Gross Value Added at Current Basic Prices,2018Q4,Construction,2444.0
Gross Value Added at Current Basic Prices,2018Q4,"Distribution, Transport, Hotels and Restaurants",9262.0
Gross Value Added at Current Basic Prices,2018Q4,Information and Communication,11460.0
Gross Value Added at Current Basic Prices,2018Q4,Financial and Insurance Activities,4776.0
Gross Value Added at Current Basic Prices,2018Q4,Real Estate Activities,4861.0
Gross Value Added at Current Basic Prices,2018Q4,"Professional, Admin and Support Services",10241.0
Gross Value Added at Current Basic Prices,2018Q4,"Public Admin, Education and Health",8665.0
Gross Value Added at Current Basic Prices,2018Q4,"Arts, Entertainment and Other Services",1163.0
Gross Value Added at Current Basic Prices,2018Q4,Statistical Discrepancy,-1975.0
Gross Value Added at Current Basic Prices,2018Q4,All Sectors,82187.0
Gross Value Added at Current Basic Prices,2019Q1,"Agriculture, Forestry and Fishing",779.0
Gross Value Added at Current Basic Prices,2019Q1,Industry (excl. Construction),29155.0
Gross Value Added at Current Basic Prices,2019Q1,Industry - of which Manufacturing,27916.0
Gross Value Added at Current Basic Prices,2019Q1,Construction,1910.0
Gross Value Added at Current Basic Prices,2019Q1,"Distribution, Transport, Hotels and Restaurants",9354.0
Gross Value Added at Current Basic Prices,2019Q1,Information and Communication,11487.0
Gross Value Added at Current Basic Prices,2019Q1,Financial and Insurance Activities,3748.0
Gross Value Added at Current Basic Prices,2019Q1,Real Estate Activities,4943.0
Gross Value Added at Current Basic Prices,2019Q1,"Professional, Admin and Support Services",10135.0
Gross Value Added at Current Basic Prices,2019Q1,"Public Admin, Education and Health",8690.0
Gross Value Added at Current Basic Prices,2019Q1,"Arts, Entertainment and Other Services",1194.0
Gross Value Added at Current Basic Prices,2019Q1,Statistical Discrepancy,-431.0
Gross Value Added at Current Basic Prices,2019Q1,All Sectors,80965.0
Gross Value Added at Current Basic Prices,2019Q2,"Agriculture, Forestry and Fishing",1080.0
Gross Value Added at Current Basic Prices,2019Q2,Industry (excl. Construction),27315.0
Gross Value Added at Current Basic Prices,2019Q2,Industry - of which Manufacturing,26079.0
Gross Value Added at Current Basic Prices,2019Q2,Construction,2053.0
Gross Value Added at Current Basic Prices,2019Q2,"Distribution, Transport, Hotels and Restaurants",9105.0
Gross Value Added at Current Basic Prices,2019Q2,Information and Communication,13365.0
Gross Value Added at Current Basic Prices,2019Q2,Financial and Insurance Activities,3813.0
Gross Value Added at Current Basic Prices,2019Q2,Real Estate Activities,5031.0
Gross Value Added at Current Basic Prices,2019Q2,"Professional, Admin and Support Services",10350.0
Gross Value Added at Current Basic Prices,2019Q2,"Public Admin, Education and Health",8954.0
Gross Value Added at Current Basic Prices,2019Q2,"Arts, Entertainment and Other Services",1179.0
Gross Value Added at Current Basic Prices,2019Q2,Statistical Discrepancy,-207.0
Gross Value Added at Current Basic Prices,2019Q2,All Sectors,82039.0
Gross Value Added at Current Basic Prices,2019Q3,"Agriculture, Forestry and Fishing",836.0
Gross Value Added at Current Basic Prices,2019Q3,Industry (excl. Construction),31285.0
Gross Value Added at Current Basic Prices,2019Q3,Industry - of which Manufacturing,30149.0
Gross Value Added at Current Basic Prices,2019Q3,Construction,2646.0
Gross Value Added at Current Basic Prices,2019Q3,"Distribution, Transport, Hotels and Restaurants",9612.0
Gross Value Added at Current Basic Prices,2019Q3,Information and Communication,12029.0
Gross Value Added at Current Basic Prices,2019Q3,Financial and Insurance Activities,4503.0
Gross Value Added at Current Basic Prices,2019Q3,Real Estate Activities,5141.0
Gross Value Added at Current Basic Prices,2019Q3,"Professional, Admin and Support Services",10380.0
Gross Value Added at Current Basic Prices,2019Q3,"Public Admin, Education and Health",9027.0
Gross Value Added at Current Basic Prices,2019Q3,"Arts, Entertainment and Other Services",1198.0
Gross Value Added at Current Basic Prices,2019Q3,Statistical Discrepancy,293.0
Gross Value Added at Current Basic Prices,2019Q3,All Sectors,86950.0
Gross Value Added at Current Basic Prices,2019Q4,"Agriculture, Forestry and Fishing",740.0
Gross Value Added at Current Basic Prices,2019Q4,Industry (excl. Construction),33167.0
Gross Value Added at Current Basic Prices,2019Q4,Industry - of which Manufacturing,32003.0
Gross Value Added at Current Basic Prices,2019Q4,Construction,2852.0
Gross Value Added at Current Basic Prices,2019Q4,"Distribution, Transport, Hotels and Restaurants",9480.0
Gross Value Added at Current Basic Prices,2019Q4,Information and Communication,14271.0
Gross Value Added at Current Basic Prices,2019Q4,Financial and Insurance Activities,4975.0
Gross Value Added at Current Basic Prices,2019Q4,Real Estate Activities,5201.0
Gross Value Added at Current Basic Prices,2019Q4,"Professional, Admin and Support Services",11395.0
Gross Value Added at Current Basic Prices,2019Q4,"Public Admin, Education and Health",9215.0
Gross Value Added at Current Basic Prices,2019Q4,"Arts, Entertainment and Other Services",1159.0
Gross Value Added at Current Basic Prices,2019Q4,Statistical Discrepancy,-1983.0
Gross Value Added at Current Basic Prices,2019Q4,All Sectors,90471.0
Gross Value Added at Current Basic Prices,2020Q1,"Agriculture, Forestry and Fishing",942.0
Gross Value Added at Current Basic Prices,2020Q1,Industry (excl. Construction),34194.0
Gross Value Added at Current Basic Prices,2020Q1,Industry - of which Manufacturing,32959.0
Gross Value Added at Current Basic Prices,2020Q1,Construction,2122.0
Gross Value Added at Current Basic Prices,2020Q1,"Distribution, Transport, Hotels and Restaurants",9647.0
Gross Value Added at Current Basic Prices,2020Q1,Information and Communication,14382.0
Gross Value Added at Current Basic Prices,2020Q1,Financial and Insurance Activities,3804.0
Gross Value Added at Current Basic Prices,2020Q1,Real Estate Activities,5144.0
Gross Value Added at Current Basic Prices,2020Q1,"Professional, Admin and Support Services",9889.0
Gross Value Added at Current Basic Prices,2020Q1,"Public Admin, Education and Health",9120.0
Gross Value Added at Current Basic Prices,2020Q1,"Arts, Entertainment and Other Services",1299.0
Gross Value Added at Current Basic Prices,2020Q1,Statistical Discrepancy,126.0
Gross Value Added at Current Basic Prices,2020Q1,All Sectors,90666.0
Gross Value Added at Current Basic Prices,2020Q2,"Agriculture, Forestry and Fishing",1199.0
Gross Value Added at Current Basic Prices,2020Q2,Industry (excl. Construction),30611.0
Gross Value Added at Current Basic Prices,2020Q2,Industry - of which Manufacturing,29556.0
Gross Value Added at Current Basic Prices,2020Q2,Construction,1273.0
Gross Value Added at Current Basic Prices,2020Q2,"Distribution, Transport, Hotels and Restaurants",5737.0
Gross Value Added at Current Basic Prices,2020Q2,Information and Communication,14065.0
Gross Value Added at Current Basic Prices,2020Q2,Financial and Insurance Activities,3495.0
Gross Value Added at Current Basic Prices,2020Q2,Real Estate Activities,4899.0
Gross Value Added at Current Basic Prices,2020Q2,"Professional, Admin and Support Services",10679.0
Gross Value Added at Current Basic Prices,2020Q2,"Public Admin, Education and Health",8507.0
Gross Value Added at Current Basic Prices,2020Q2,"Arts, Entertainment and Other Services",788.0
Gross Value Added at Current Basic Prices,2020Q2,Statistical Discrepancy,1515.0
Gross Value Added at Current Basic Prices,2020Q2,All Sectors,82770.0
Gross Value Added at Current Basic Prices,2020Q3,"Agriculture, Forestry and Fishing",1016.0
Gross Value Added at Current Basic Prices,2020Q3,Industry (excl. Construction),35133.0
Gross Value Added at Current Basic Prices,2020Q3,Industry - of which Manufacturing,33988.0
Gross Value Added at Current Basic Prices,2020Q3,Construction,2366.0
Gross Value Added at Current Basic Prices,2020Q3,"Distribution, Transport, Hotels and Restaurants",8585.0
Gross Value Added at Current Basic Prices,2020Q3,Information and Communication,16297.0
Gross Value Added at Current Basic Prices,2020Q3,Financial and Insurance Activities,3658.0
Gross Value Added at Current Basic Prices,2020Q3,Real Estate Activities,5051.0
Gross Value Added at Current Basic Prices,2020Q3,"Professional, Admin and Support Services",11071.0
Gross Value Added at Current Basic Prices,2020Q3,"Public Admin, Education and Health",9105.0
Gross Value Added at Current Basic Prices,2020Q3,"Arts, Entertainment and Other Services",840.0
Gross Value Added at Current Basic Prices,2020Q3,Statistical Discrepancy,1895.0
Gross Value Added at Current Basic Prices,2020Q3,All Sectors,95017.0
Gross Value Added at Current Basic Prices,2020Q4,"Agriculture, Forestry and Fishing",752.0
Gross Value Added at Current Basic Prices,2020Q4,Industry (excl. Construction),32519.0
Gross Value Added at Current Basic Prices,2020Q4,Industry - of which Manufacturing,31343.0
Gross Value Added at Current Basic Prices,2020Q4,Construction,2731.0
Gross Value Added at Current Basic Prices,2020Q4,"Distribution, Transport, Hotels and Restaurants",8758.0
Gross Value Added at Current Basic Prices,2020Q4,Information and Communication,16086.0
Gross Value Added at Current Basic Prices,2020Q4,Financial and Insurance Activities,4098.0
Gross Value Added at Current Basic Prices,2020Q4,Real Estate Activities,5408.0
Gross Value Added at Current Basic Prices,2020Q4,"Professional, Admin and Support Services",11385.0
Gross Value Added at Current Basic Prices,2020Q4,"Public Admin, Education and Health",9155.0
Gross Value Added at Current Basic Prices,2020Q4,"Arts, Entertainment and Other Services",869.0
Gross Value Added at Current Basic Prices,2020Q4,Statistical Discrepancy,668.0
Gross Value Added at Current Basic Prices,2020Q4,All Sectors,92429.0
Gross Value Added at Current Basic Prices,2021Q1,"Agriculture, Forestry and Fishing",1079.0
Gross Value Added at Current Basic Prices,2021Q1,Industry (excl. Construction),40078.0
Gross Value Added at Current Basic Prices,2021Q1,Industry - of which Manufacturing,38513.0
Gross Value Added at Current Basic Prices,2021Q1,Construction,1693.0
Gross Value Added at Current Basic Prices,2021Q1,"Distribution, Transport, Hotels and Restaurants",8026.0
Gross Value Added at Current Basic Prices,2021Q1,Information and Communication,18243.0
Gross Value Added at Current Basic Prices,2021Q1,Financial and Insurance Activities,4998.0
Gross Value Added at Current Basic Prices,2021Q1,Real Estate Activities,5350.0
Gross Value Added at Current Basic Prices,2021Q1,"Professional, Admin and Support Services",10721.0
Gross Value Added at Current Basic Prices,2021Q1,"Public Admin, Education and Health",9553.0
Gross Value Added at Current Basic Prices,2021Q1,"Arts, Entertainment and Other Services",956.0
Gross Value Added at Current Basic Prices,2021Q1,Statistical Discrepancy,304.0
Gross Value Added at Current Basic Prices,2021Q1,All Sectors,101003.0
Gross Value Added at Current Basic Prices,2021Q2,"Agriculture, Forestry and Fishing",1277.0
Gross Value Added at Current Basic Prices,2021Q2,Industry (excl. Construction),35850.0
Gross Value Added at Current Basic Prices,2021Q2,Industry - of which Manufacturing,34373.0
Gross Value Added at Current Basic Prices,2021Q2,Construction,2144.0
Gross Value Added at Current Basic Prices,2021Q2,"Distribution, Transport, Hotels and Restaurants",8910.0
Gross Value Added at Current Basic Prices,2021Q2,Information and Communication,20100.0
Gross Value Added at Current Basic Prices,2021Q2,Financial and Insurance Activities,4777.0
Gross Value Added at Current Basic Prices,2021Q2,Real Estate Activities,5472.0
Gross Value Added at Current Basic Prices,2021Q2,"Professional, Admin and Support Services",10916.0
Gross Value Added at Current Basic Prices,2021Q2,"Public Admin, Education and Health",9884.0
Gross Value Added at Current Basic Prices,2021Q2,"Arts, Entertainment and Other Services",1019.0
Gross Value Added at Current Basic Prices,2021Q2,Statistical Discrepancy,1297.0
Gross Value Added at Current Basic Prices,2021Q2,All Sectors,101646.0
Gross Value Added at Current Basic Prices,2021Q3,"Agriculture, Forestry and Fishing",1349.0
Gross Value Added at Current Basic Prices,2021Q3,Industry (excl. Construction),44673.0
Gross Value Added at Current Basic Prices,2021Q3,Industry - of which Manufacturing,43235.0
Gross Value Added at Current Basic Prices,2021Q3,Construction,2840.0
Gross Value Added at Current Basic Prices,2021Q3,"Distribution, Transport, Hotels and Restaurants",10127.0
Gross Value Added at Current Basic Prices,2021Q3,Information and Communication,18205.0
Gross Value Added at Current Basic Prices,2021Q3,Financial and Insurance Activities,5164.0
Gross Value Added at Current Basic Prices,2021Q3,Real Estate Activities,5515.0
Gross Value Added at Current Basic Prices,2021Q3,"Professional, Admin and Support Services",11163.0
Gross Value Added at Current Basic Prices,2021Q3,"Public Admin, Education and Health",10049.0
Gross Value Added at Current Basic Prices,2021Q3,"Arts, Entertainment and Other Services",1133.0
Gross Value Added at Current Basic Prices,2021Q3,Statistical Discrepancy,863.0
Gross Value Added at Current Basic Prices,2021Q3,All Sectors,111082.0
Gross Value Added at Current Basic Prices,2021Q4,"Agriculture, Forestry and Fishing",888.0
Gross Value Added at Current Basic Prices,2021Q4,Industry (excl. Construction),39111.0
Gross Value Added at Current Basic Prices,2021Q4,Industry - of which Manufacturing,37511.0
Gross Value Added at Current Basic Prices,2021Q4,Construction,3466.0
Gross Value Added at Current Basic Prices,2021Q4,"Distribution, Transport, Hotels and Restaurants",10433.0
Gross Value Added at Current Basic Prices,2021Q4,Information and Communication,22808.0
Gross Value Added at Current Basic Prices,2021Q4,Financial and Insurance Activities,5492.0
Gross Value Added at Current Basic Prices,2021Q4,Real Estate Activities,5811.0
Gross Value Added at Current Basic Prices,2021Q4,"Professional, Admin and Support Services",12038.0
Gross Value Added at Current Basic Prices,2021Q4,"Public Admin, Education and Health",10120.0
Gross Value Added at Current Basic Prices,2021Q4,"Arts, Entertainment and Other Services",1360.0
Gross Value Added at Current Basic Prices,2021Q4,Statistical Discrepancy,-1677.0
Gross Value Added at Current Basic Prices,2021Q4,All Sectors,109850.0
Gross Value Added at Current Basic Prices,2022Q1,"Agriculture, Forestry and Fishing",1238.0
Gross Value Added at Current Basic Prices,2022Q1,Industry (excl. Construction),46421.0
Gross Value Added at Current Basic Prices,2022Q1,Industry - of which Manufacturing,44802.0
Gross Value Added at Current Basic Prices,2022Q1,Construction,2438.0
Gross Value Added at Current Basic Prices,2022Q1,"Distribution, Transport, Hotels and Restaurants",10753.0
Gross Value Added at Current Basic Prices,2022Q1,Information and Communication,20582.0
Gross Value Added at Current Basic Prices,2022Q1,Financial and Insurance Activities,4483.0
Gross Value Added at Current Basic Prices,2022Q1,Real Estate Activities,6161.0
Gross Value Added at Current Basic Prices,2022Q1,"Professional, Admin and Support Services",12390.0
Gross Value Added at Current Basic Prices,2022Q1,"Public Admin, Education and Health",10448.0
Gross Value Added at Current Basic Prices,2022Q1,"Arts, Entertainment and Other Services",1242.0
Gross Value Added at Current Basic Prices,2022Q1,Statistical Discrepancy,-462.0
Gross Value Added at Current Basic Prices,2022Q1,All Sectors,115694.0
Gross Value Added at Current Basic Prices,2022Q2,"Agriculture, Forestry and Fishing",1759.0
Gross Value Added at Current Basic Prices,2022Q2,Industry (excl. Construction),44474.0
Gross Value Added at Current Basic Prices,2022Q2,Industry - of which Manufacturing,42915.0
Gross Value Added at Current Basic Prices,2022Q2,Construction,2859.0
Gross Value Added at Current Basic Prices,2022Q2,"Distribution, Transport, Hotels and Restaurants",11670.0
Gross Value Added at Current Basic Prices,2022Q2,Information and Communication,22664.0
Gross Value Added at Current Basic Prices,2022Q2,Financial and Insurance Activities,4158.0
Gross Value Added at Current Basic Prices,2022Q2,Real Estate Activities,6368.0
Gross Value Added at Current Basic Prices,2022Q2,"Professional, Admin and Support Services",13262.0
Gross Value Added at Current Basic Prices,2022Q2,"Public Admin, Education and Health",10857.0
Gross Value Added at Current Basic Prices,2022Q2,"Arts, Entertainment and Other Services",1402.0
Gross Value Added at Current Basic Prices,2022Q2,Statistical Discrepancy,1820.0
Gross Value Added at Current Basic Prices,2022Q2,All Sectors,121291.0
Gross Value Added at Current Basic Prices,2022Q3,"Agriculture, Forestry and Fishing",1916.0
Gross Value Added at Current Basic Prices,2022Q3,Industry (excl. Construction),56847.0
Gross Value Added at Current Basic Prices,2022Q3,Industry - of which Manufacturing,55403.0
Gross Value Added at Current Basic Prices,2022Q3,Construction,3421.0
Gross Value Added at Current Basic Prices,2022Q3,"Distribution, Transport, Hotels and Restaurants",12104.0
Gross Value Added at Current Basic Prices,2022Q3,Information and Communication,21163.0
Gross Value Added at Current Basic Prices,2022Q3,Financial and Insurance Activities,4470.0
Gross Value Added at Current Basic Prices,2022Q3,Real Estate Activities,6416.0
Gross Value Added at Current Basic Prices,2022Q3,"Professional, Admin and Support Services",13454.0
Gross Value Added at Current Basic Prices,2022Q3,"Public Admin, Education and Health",10952.0
Gross Value Added at Current Basic Prices,2022Q3,"Arts, Entertainment and Other Services",1454.0
Gross Value Added at Current Basic Prices,2022Q3,Statistical Discrepancy,-1818.0
Gross Value Added at Current Basic Prices,2022Q3,All Sectors,130379.0
Gross Value Added at Current Basic Prices,2022Q4,"Agriculture, Forestry and Fishing",1167.0
Gross Value Added at Current Basic Prices,2022Q4,Industry (excl. Construction),53054.0
Gross Value Added at Current Basic Prices,2022Q4,Industry - of which Manufacturing,51348.0
Gross Value Added at Current Basic Prices,2022Q4,Construction,3788.0
Gross Value Added at Current Basic Prices,2022Q4,"Distribution, Transport, Hotels and Restaurants",12756.0
Gross Value Added at Current Basic Prices,2022Q4,Information and Communication,23086.0
Gross Value Added at Current Basic Prices,2022Q4,Financial and Insurance Activities,4745.0
Gross Value Added at Current Basic Prices,2022Q4,Real Estate Activities,6593.0
Gross Value Added at Current Basic Prices,2022Q4,"Professional, Admin and Support Services",14410.0
Gross Value Added at Current Basic Prices,2022Q4,"Public Admin, Education and Health",11172.0
Gross Value Added at Current Basic Prices,2022Q4,"Arts, Entertainment and Other Services",1654.0
Gross Value Added at Current Basic Prices,2022Q4,Statistical Discrepancy,-3232.0
Gross Value Added at Current Basic Prices,2022Q4,All Sectors,129192.0
Gross Value Added at Current Basic Prices,2023Q1,"Agriculture, Forestry and Fishing",1072.0
Gross Value Added at Current Basic Prices,2023Q1,Industry (excl. Construction),42238.0
Gross Value Added at Current Basic Prices,2023Q1,Industry - of which Manufacturing,40283.0
Gross Value Added at Current Basic Prices,2023Q1,Construction,3021.0
Gross Value Added at Current Basic Prices,2023Q1,"Distribution, Transport, Hotels and Restaurants",12445.0
Gross Value Added at Current Basic Prices,2023Q1,Information and Communication,23803.0
Gross Value Added at Current Basic Prices,2023Q1,Financial and Insurance Activities,5715.0
Gross Value Added at Current Basic Prices,2023Q1,Real Estate Activities,6596.0
Gross Value Added at Current Basic Prices,2023Q1,"Professional, Admin and Support Services",14305.0
Gross Value Added at Current Basic Prices,2023Q1,"Public Admin, Education and Health",11213.0
Gross Value Added at Current Basic Prices,2023Q1,"Arts, Entertainment and Other Services",1447.0
Gross Value Added at Current Basic Prices,2023Q1,Statistical Discrepancy,1369.0
Gross Value Added at Current Basic Prices,2023Q1,All Sectors,123225.0
Gross Value Added at Current Basic Prices,2023Q2,"Agriculture, Forestry and Fishing",1392.0
Gross Value Added at Current Basic Prices,2023Q2,Industry (excl. Construction),40271.0
Gross Value Added at Current Basic Prices,2023Q2,Industry - of which Manufacturing,38107.0
Gross Value Added at Current Basic Prices,2023Q2,Construction,3179.0
Gross Value Added at Current Basic Prices,2023Q2,"Distribution, Transport, Hotels and Restaurants",13183.0
Gross Value Added at Current Basic Prices,2023Q2,Information and Communication,25564.0
Gross Value Added at Current Basic Prices,2023Q2,Financial and Insurance Activities,5502.0
Gross Value Added at Current Basic Prices,2023Q2,Real Estate Activities,6790.0
Gross Value Added at Current Basic Prices,2023Q2,"Professional, Admin and Support Services",15016.0
Gross Value Added at Current Basic Prices,2023Q2,"Public Admin, Education and Health",11622.0
Gross Value Added at Current Basic Prices,2023Q2,"Arts, Entertainment and Other Services",1479.0
Gross Value Added at Current Basic Prices,2023Q2,Statistical Discrepancy,-821.0
Gross Value Added at Current Basic Prices,2023Q2,All Sectors,123178.0
Gross Value Added at Current Basic Prices,2023Q3,"Agriculture, Forestry and Fishing",1089.0
Gross Value Added at Current Basic Prices,2023Q3,Industry (excl. Construction),43052.0
Gross Value Added at Current Basic Prices,2023Q3,Industry - of which Manufacturing,40988.0
Gross Value Added at Current Basic Prices,2023Q3,Construction,3806.0
Gross Value Added at Current Basic Prices,2023Q3,"Distribution, Transport, Hotels and Restaurants",13336.0
Gross Value Added at Current Basic Prices,2023Q3,Information and Communication,23900.0
Gross Value Added at Current Basic Prices,2023Q3,Financial and Insurance Activities,5454.0
Gross Value Added at Current Basic Prices,2023Q3,Real Estate Activities,6888.0
Gross Value Added at Current Basic Prices,2023Q3,"Professional, Admin and Support Services",15252.0
Gross Value Added at Current Basic Prices,2023Q3,"Public Admin, Education and Health",11906.0
Gross Value Added at Current Basic Prices,2023Q3,"Arts, Entertainment and Other Services",1480.0
Gross Value Added at Current Basic Prices,2023Q3,Statistical Discrepancy,-845.0
Gross Value Added at Current Basic Prices,2023Q3,All Sectors,125319.0
Gross Value Added at Current Basic Prices,2023Q4,"Agriculture, Forestry and Fishing",795.0
Gross Value Added at Current Basic Prices,2023Q4,Industry (excl. Construction),37883.0
Gross Value Added at Current Basic Prices,2023Q4,Industry - of which Manufacturing,35816.0
Gross Value Added at Current Basic Prices,2023Q4,Construction,3895.0
Gross Value Added at Current Basic Prices,2023Q4,"Distribution, Transport, Hotels and Restaurants",13120.0
Gross Value Added at Current Basic Prices,2023Q4,Information and Communication,25862.0
Gross Value Added at Current Basic Prices,2023Q4,Financial and Insurance Activities,6046.0
Gross Value Added at Current Basic Prices,2023Q4,Real Estate Activities,7041.0
Gross Value Added at Current Basic Prices,2023Q4,"Professional, Admin and Support Services",15318.0
Gross Value Added at Current Basic Prices,2023Q4,"Public Admin, Education and Health",12023.0
Gross Value Added at Current Basic Prices,2023Q4,"Arts, Entertainment and Other Services",1572.0
Gross Value Added at Current Basic Prices,2023Q4,Statistical Discrepancy,-2364.0
Gross Value Added at Current Basic Prices,2023Q4,All Sectors,121192.0
Gross Value Added at Current Basic Prices,2024Q1,"Agriculture, Forestry and Fishing",1195.0
Gross Value Added at Current Basic Prices,2024Q1,Industry (excl. Construction),39828.0
Gross Value Added at Current Basic Prices,2024Q1,Industry - of which Manufacturing,37855.0
Gross Value Added at Current Basic Prices,2024Q1,Construction,3388.0
Gross Value Added at Current Basic Prices,2024Q1,"Distribution, Transport, Hotels and Restaurants",13243.0
Gross Value Added at Current Basic Prices,2024Q1,Information and Communication,26590.0
Gross Value Added at Current Basic Prices,2024Q1,Financial and Insurance Activities,5946.0
Gross Value Added at Current Basic Prices,2024Q1,Real Estate Activities,7243.0
Gross Value Added at Current Basic Prices,2024Q1,"Professional, Admin and Support Services",14575.0
Gross Value Added at Current Basic Prices,2024Q1,"Public Admin, Education and Health",12748.0
Gross Value Added at Current Basic Prices,2024Q1,"Arts, Entertainment and Other Services",1634.0
Gross Value Added at Current Basic Prices,2024Q1,Statistical Discrepancy,-1261.0
Gross Value Added at Current Basic Prices,2024Q1,All Sectors,125130.0
Gross Value Added at Current Basic Prices,2024Q2,"Agriculture, Forestry and Fishing",1646.0
Gross Value Added at Current Basic Prices,2024Q2,Industry (excl. Construction),41192.0
Gross Value Added at Current Basic Prices,2024Q2,Industry - of which Manufacturing,39408.0
Gross Value Added at Current Basic Prices,2024Q2,Construction,3606.0
Gross Value Added at Current Basic Prices,2024Q2,"Distribution, Transport, Hotels and Restaurants",13273.0
Gross Value Added at Current Basic Prices,2024Q2,Information and Communication,26934.0
Gross Value Added at Current Basic Prices,2024Q2,Financial and Insurance Activities,5191.0
Gross Value Added at Current Basic Prices,2024Q2,Real Estate Activities,7595.0
Gross Value Added at Current Basic Prices,2024Q2,"Professional, Admin and Support Services",16423.0
Gross Value Added at Current Basic Prices,2024Q2,"Public Admin, Education and Health",13112.0
Gross Value Added at Current Basic Prices,2024Q2,"Arts, Entertainment and Other Services",1457.0
Gross Value Added at Current Basic Prices,2024Q2,Statistical Discrepancy,-1235.0
Gross Value Added at Current Basic Prices,2024Q2,All Sectors,129194.0
Gross Value Added at Current Basic Prices,2024Q3,"Agriculture, Forestry and Fishing",1739.0
Gross Value Added at Current Basic Prices,2024Q3,Industry (excl. Construction),45154.0
Gross Value Added at Current Basic Prices,2024Q3,Industry - of which Manufacturing,43556.0
Gross Value Added at Current Basic Prices,2024Q3,Construction,4132.0
Gross Value Added at Current Basic Prices,2024Q3,"Distribution, Transport, Hotels and Restaurants",13156.0
Gross Value Added at Current Basic Prices,2024Q3,Information and Communication,26714.0
Gross Value Added at Current Basic Prices,2024Q3,Financial and Insurance Activities,6056.0
Gross Value Added at Current Basic Prices,2024Q3,Real Estate Activities,7818.0
Gross Value Added at Current Basic Prices,2024Q3,"Professional, Admin and Support Services",17219.0
Gross Value Added at Current Basic Prices,2024Q3,"Public Admin, Education and Health",12998.0
Gross Value Added at Current Basic Prices,2024Q3,"Arts, Entertainment and Other Services",1478.0
Gross Value Added at Current Basic Prices,2024Q3,Statistical Discrepancy,-1172.0
Gross Value Added at Current Basic Prices,2024Q3,All Sectors,135291.0
Gross Value Added at Current Basic Prices,2024Q4,"Agriculture, Forestry and Fishing",1214.0
Gross Value Added at Current Basic Prices,2024Q4,Industry (excl. Construction),44785.0
Gross Value Added at Current Basic Prices,2024Q4,Industry - of which Manufacturing,43238.0
Gross Value Added at Current Basic Prices,2024Q4,Construction,3617.0
Gross Value Added at Current Basic Prices,2024Q4,"Distribution, Transport, Hotels and Restaurants",13294.0
Gross Value Added at Current Basic Prices,2024Q4,Information and Communication,32643.0
Gross Value Added at Current Basic Prices,2024Q4,Financial and Insurance Activities,6264.0
Gross Value Added at Current Basic Prices,2024Q4,Real Estate Activities,8079.0
Gross Value Added at Current Basic Prices,2024Q4,"Professional, Admin and Support Services",16979.0
Gross Value Added at Current Basic Prices,2024Q4,"Public Admin, Education and Health",13158.0
Gross Value Added at Current Basic Prices,2024Q4,"Arts, Entertainment and Other Services",1582.0
Gross Value Added at Current Basic Prices,2024Q4,Statistical Discrepancy,1097.0
Gross Value Added at Current Basic Prices,2024Q4,All Sectors,142711.0
Gross Value Added at Current Basic Prices,2025Q1,"Agriculture, Forestry and Fishing",1730.0
Gross Value Added at Current Basic Prices,2025Q1,Industry (excl. Construction),59459.0
Gross Value Added at Current Basic Prices,2025Q1,Industry - of which Manufacturing,57529.0
Gross Value Added at Current Basic Prices,2025Q1,Construction,3276.0
Gross Value Added at Current Basic Prices,2025Q1,"Distribution, Transport, Hotels and Restaurants",13274.0
Gross Value Added at Current Basic Prices,2025Q1,Information and Communication,30952.0
Gross Value Added at Current Basic Prices,2025Q1,Financial and Insurance Activities,5459.0
Gross Value Added at Current Basic Prices,2025Q1,Real Estate Activities,7658.0
Gross Value Added at Current Basic Prices,2025Q1,"Professional, Admin and Support Services",16641.0
Gross Value Added at Current Basic Prices,2025Q1,"Public Admin, Education and Health",13674.0
Gross Value Added at Current Basic Prices,2025Q1,"Arts, Entertainment and Other Services",1593.0
Gross Value Added at Current Basic Prices,2025Q1,Statistical Discrepancy,-3247.0
Gross Value Added at Current Basic Prices,2025Q1,All Sectors,150471.0
Gross Value Added at Current Basic Prices,2025Q2,"Agriculture, Forestry and Fishing",2310.0
Gross Value Added at Current Basic Prices,2025Q2,Industry (excl. Construction),42587.0
Gross Value Added at Current Basic Prices,2025Q2,Industry - of which Manufacturing,40535.0
Gross Value Added at Current Basic Prices,2025Q2,Construction,3906.0
Gross Value Added at Current Basic Prices,2025Q2,"Distribution, Transport, Hotels and Restaurants",13535.0
Gross Value Added at Current Basic Prices,2025Q2,Information and Communication,31523.0
Gross Value Added at Current Basic Prices,2025Q2,Financial and Insurance Activities,4705.0
Gross Value Added at Current Basic Prices,2025Q2,Real Estate Activities,8106.0
Gross Value Added at Current Basic Prices,2025Q2,"Professional, Admin and Support Services",16792.0
Gross Value Added at Current Basic Prices,2025Q2,"Public Admin, Education and Health",13829.0
Gross Value Added at Current Basic Prices,2025Q2,"Arts, Entertainment and Other Services",1522.0
Gross Value Added at Current Basic Prices,2025Q2,Statistical Discrepancy,3842.0
Gross Value Added at Current Basic Prices,2025Q2,All Sectors,142658.0
Gross Value Added at Current Basic Prices,2025Q3,"Agriculture, Forestry and Fishing",1991.0
Gross Value Added at Current Basic Prices,2025Q3,Industry (excl. Construction),43843.0
Gross Value Added at Current Basic Prices,2025Q3,Industry - of which Manufacturing,41946.0
Gross Value Added at Current Basic Prices,2025Q3,Construction,4211.0
Gross Value Added at Current Basic Prices,2025Q3,"Distribution, Transport, Hotels and Restaurants",13325.0
Gross Value Added at Current Basic Prices,2025Q3,Information and Communication,30250.0
Gross Value Added at Current Basic Prices,2025Q3,Financial and Insurance Activities,5704.0
Gross Value Added at Current Basic Prices,2025Q3,Real Estate Activities,8200.0
Gross Value Added at Current Basic Prices,2025Q3,"Professional, Admin and Support Services",17315.0
Gross Value Added at Current Basic Prices,2025Q3,"Public Admin, Education and Health",13574.0
Gross Value Added at Current Basic Prices,2025Q3,"Arts, Entertainment and Other Services",1592.0
Gross Value Added at Current Basic Prices,2025Q3,Statistical Discrepancy,-806.0
Gross Value Added at Current Basic Prices,2025Q3,All Sectors,139199.0
Gross Value Added at Current Basic Prices,2025Q4,"Agriculture, Forestry and Fishing",1229.0
Gross Value Added at Current Basic Prices,2025Q4,Industry (excl. Construction),38590.0
Gross Value Added at Current Basic Prices,2025Q4,Industry - of which Manufacturing,36825.0
Gross Value Added at Current Basic Prices,2025Q4,Construction,4345.0
Gross Value Added at Current Basic Prices,2025Q4,"Distribution, Transport, Hotels and Restaurants",14111.0
Gross Value Added at Current Basic Prices,2025Q4,Information and Communication,35024.0
Gross Value Added at Current Basic Prices,2025Q4,Financial and Insurance Activities,6039.0
Gross Value Added at Current Basic Prices,2025Q4,Real Estate Activities,8403.0
Gross Value Added at Current Basic Prices,2025Q4,"Professional, Admin and Support Services",17785.0
Gross Value Added at Current Basic Prices,2025Q4,"Public Admin, Education and Health",13738.0
Gross Value Added at Current Basic Prices,2025Q4,"Arts, Entertainment and Other Services",1642.0
Gross Value Added at Current Basic Prices,2025Q4,Statistical Discrepancy,-2093.0
Gross Value Added at Current Basic Prices,2025Q4,All Sectors,138811.0
Gross Value Added at Current Basic Prices,2026Q1,"Agriculture, Forestry and Fishing",1632.0
Gross Value Added at Current Basic Prices,2026Q1,Industry (excl. Construction),36990.0
Gross Value Added at Current Basic Prices,2026Q1,Industry - of which Manufacturing,35110.0
Gross Value Added at Current Basic Prices,2026Q1,Construction,3242.0
Gross Value Added at Current Basic Prices,2026Q1,"Distribution, Transport, Hotels and Restaurants",13649.0
Gross Value Added at Current Basic Prices,2026Q1,Information and Communication,31590.0
Gross Value Added at Current Basic Prices,2026Q1,Financial and Insurance Activities,5972.0
Gross Value Added at Current Basic Prices,2026Q1,Real Estate Activities,8163.0
Gross Value Added at Current Basic Prices,2026Q1,"Professional, Admin and Support Services",16656.0
Gross Value Added at Current Basic Prices,2026Q1,"Public Admin, Education and Health",13915.0
Gross Value Added at Current Basic Prices,2026Q1,"Arts, Entertainment and Other Services",1524.0
Gross Value Added at Current Basic Prices,2026Q1,Statistical Discrepancy,-4490.0
Gross Value Added at Current Basic Prices,2026Q1,All Sectors,128841.0
Gross Value Added at Current Basic Prices,2026Q2,"Agriculture, Forestry and Fishing",1540.0
Gross Value Added at Current Basic Prices,2026Q2,Industry (excl. Construction),45614.0
Gross Value Added at Current Basic Prices,2026Q2,Industry - of which Manufacturing,43670.0
Gross Value Added at Current Basic Prices,2026Q2,Construction,3873.0
Gross Value Added at Current Basic Prices,2026Q2,"Distribution, Transport, Hotels and Restaurants",13926.0
Gross Value Added at Current Basic Prices,2026Q2,Information and Communication,33527.0
Gross Value Added at Current Basic Prices,2026Q2,Financial and Insurance Activities,5227.0
Gross Value Added at Current Basic Prices,2026Q2,Real Estate Activities,8710.0
Gross Value Added at Current Basic Prices,2026Q2,"Professional, Admin and Support Services",17661.0
Gross Value Added at Current Basic Prices,2026Q2,"Public Admin, Education and Health",14310.0
Gross Value Added at Current Basic Prices,2026Q2,"Arts, Entertainment and Other Services",1495.0
Gross Value Added at Current Basic Prices,2026Q2,Statistical Discrepancy,-1136.0
Gross Value Added at Current Basic Prices,2026Q2,All Sectors,144747.0
Gross Value Added at Constant Basic Prices (Seasonally Adjusted),1995Q1,"Agriculture, Forestry and Fishing",752.0
Gross Value Added at Constant Basic Prices (Seasonally Adjusted),1995Q1,Industry (excl. Construction),6243.0
Gross Value Added at Constant Basic Prices (Seasonally Adjusted),1995Q1,Industry - of which Manufacturing,5418.0
Gross Value Added at Constant Basic Prices (Seasonally Adjusted),1995Q1,Construction,2160.0
Gross Value Added at Constant Basic Prices (Seasonally Adjusted),1995Q1,"Distribution, Transport, Hotels and Restaurants",6238.0
Gross Value Added at Constant Basic Prices (Seasonally Adjusted),1995Q1,Information and Communication,1102.0
Gross Value Added at Constant Basic Prices (Seasonally Adjusted),1995Q1,Financial and Insurance Activities,1945.0
Gross Value Added at Constant Basic Prices (Seasonally Adjusted),1995Q1,Real Estate Activities,3421.0
Gross Value Added at Constant Basic Prices (Seasonally Adjusted),1995Q1,"Professional, Admin and Support Services",1900.0
Gross Value Added at Constant Basic Prices (Seasonally Adjusted),1995Q1,"Public Admin, Education and Health",5688.0
Gross Value Added at Constant Basic Prices (Seasonally Adjusted),1995Q1,"Arts, Entertainment and Other Services",625.0
Gross Value Added at Constant Basic Prices (Seasonally Adjusted),1995Q1,Statistical Discrepancy,
Gross Value Added at Constant Basic Prices (Seasonally Adjusted),1995Q1,All Sectors,25011.0
Gross Value Added at Constant Basic Prices (Seasonally Adjusted),1995Q2,"Agriculture, Forestry and Fishing",752.0
Gross Value Added at Constant Basic Prices (Seasonally Adjusted),1995Q2,Industry (excl. Construction),6628.0
Gross Value Added at Constant Basic Prices (Seasonally Adjusted),1995Q2,Industry - of which Manufacturing,5778.0
Gross Value Added at Constant Basic Prices (Seasonally Adjusted),1995Q2,Construction,2102.0
Gross Value Added at Constant Basic Prices (Seasonally Adjusted),1995Q2,"Distribution, Transport, Hotels and Restaurants",6393.0
Gross Value Added at Constant Basic Prices (Seasonally Adjusted),1995Q2,Information and Communication,1160.0
Gross Value Added at Constant Basic Prices (Seasonally Adjusted),1995Q2,Financial and Insurance Activities,1974.0
Gross Value Added at Constant Basic Prices (Seasonally Adjusted),1995Q2,Real Estate Activities,3421.0
Gross Value Added at Constant Basic Prices (Seasonally Adjusted),1995Q2,"Professional, Admin and Support Services",1942.0
Gross Value Added at Constant Basic Prices (Seasonally Adjusted),1995Q2,"Public Admin, Education and Health",5735.0
Gross Value Added at Constant Basic Prices (Seasonally Adjusted),1995Q2,"Arts, Entertainment and Other Services",637.0
Gross Value Added at Constant Basic Prices (Seasonally Adjusted),1995Q2,Statistical Discrepancy,
Gross Value Added at Constant Basic Prices (Seasonally Adjusted),1995Q2,All Sectors,25335.0
Gross Value Added at Constant Basic Prices (Seasonally Adjusted),1995Q3,"Agriculture, Forestry and Fishing",784.0
Gross Value Added at Constant Basic Prices (Seasonally Adjusted),1995Q3,Industry (excl. Construction),6023.0
Gross Value Added at Constant Basic Prices (Seasonally Adjusted),1995Q3,Industry - of which Manufacturing,5245.0
Gross Value Added at Constant Basic Prices (Seasonally Adjusted),1995Q3,Construction,2036.0
Gross Value Added at Constant Basic Prices (Seasonally Adjusted),1995Q3,"Distribution, Transport, Hotels and Restaurants",6457.0
Gross Value Added at Constant Basic Prices (Seasonally Adjusted),1995Q3,Information and Communication,1213.0
Gross Value Added at Constant Basic Prices (Seasonally Adjusted),1995Q3,Financial and Insurance Activities,2139.0
Gross Value Added at Constant Basic Prices (Seasonally Adjusted),1995Q3,Real Estate Activities,3471.0
Gross Value Added at Constant Basic Prices (Seasonally Adjusted),1995Q3,"Professional, Admin and Support Services",1943.0
Gross Value Added at Constant Basic Prices (Seasonally Adjusted),1995Q3,"Public Admin, Education and Health",5790.0
Gross Value Added at Constant Basic Prices (Seasonally Adjusted),1995Q3,"Arts, Entertainment and Other Services",617.0
Gross Value Added at Constant Basic Prices (Seasonally Adjusted),1995Q3,Statistical Discrepancy,
Gross Value Added at Constant Basic Prices (Seasonally Adjusted),1995Q3,All Sectors,25426.0
Gross Value Added at Constant Basic Prices (Seasonally Adjusted),1995Q4,"Agriculture, Forestry and Fishing",881.0
Gross Value Added at Constant Basic Prices (Seasonally Adjusted),1995Q4,Industry (excl. Construction),6887.0
Gross Value Added at Constant Basic Prices (Seasonally Adjusted),1995Q4,Industry - of which Manufacturing,6083.0
Gross Value Added at Constant Basic Prices (Seasonally Adjusted),1995Q4,Construction,1968.0
Gross Value Added at Constant Basic Prices (Seasonally Adjusted),1995Q4,"Distribution, Transport, Hotels and Restaurants",6470.0
Gross Value Added at Constant Basic Prices (Seasonally Adjusted),1995Q4,Information and Communication,1132.0
Gross Value Added at Constant Basic Prices (Seasonally Adjusted),1995Q4,Financial and Insurance Activities,2239.0
Gross Value Added at Constant Basic Prices (Seasonally Adjusted),1995Q4,Real Estate Activities,3490.0
Gross Value Added at Constant Basic Prices (Seasonally Adjusted),1995Q4,"Professional, Admin and Support Services",1951.0
Gross Value Added at Constant Basic Prices (Seasonally Adjusted),1995Q4,"Public Admin, Education and Health",5684.0
Gross Value Added at Constant Basic Prices (Seasonally Adjusted),1995Q4,"Arts, Entertainment and Other Services",605.0
Gross Value Added at Constant Basic Prices (Seasonally Adjusted),1995Q4,Statistical Discrepancy,
Gross Value Added at Constant Basic Prices (Seasonally Adjusted),1995Q4,All Sectors,25880.0
Gross Value Added at Constant Basic Prices (Seasonally Adjusted),1996Q1,"Agriculture, Forestry and Fishing",754.0
Gross Value Added at Constant Basic Prices (Seasonally Adjusted),1996Q1,Industry (excl. Construction),6979.0
Gross Value Added at Constant Basic Prices (Seasonally Adjusted),1996Q1,Industry - of which Manufacturing,6103.0
Gross Value Added at Constant Basic Prices (Seasonally Adjusted),1996Q1,Construction,2308.0
Gross Value Added at Constant Basic Prices (Seasonally Adjusted),1996Q1,"Distribution, Transport, Hotels and Restaurants",6645.0
Gross Value Added at Constant Basic Prices (Seasonally Adjusted),1996Q1,Information and Communication,1134.0
Gross Value Added at Constant Basic Prices (Seasonally Adjusted),1996Q1,Financial and Insurance Activities,2197.0
Gross Value Added at Constant Basic Prices (Seasonally Adjusted),1996Q1,Real Estate Activities,3606.0
Gross Value Added at Constant Basic Prices (Seasonally Adjusted),1996Q1,"Professional, Admin and Support Services",1965.0
Gross Value Added at Constant Basic Prices (Seasonally Adjusted),1996Q1,"Public Admin, Education and Health",5942.0
Gross Value Added at Constant Basic Prices (Seasonally Adjusted),1996Q1,"Arts, Entertainment and Other Services",626.0
Gross Value Added at Constant Basic Prices (Seasonally Adjusted),1996Q1,Statistical Discrepancy,
Gross Value Added at Constant Basic Prices (Seasonally Adjusted),1996Q1,All Sectors,27025.0
Gross Value Added at Constant Basic Prices (Seasonally Adjusted),1996Q2,"Agriculture, Forestry and Fishing",787.0
Gross Value Added at Constant Basic Prices (Seasonally Adjusted),1996Q2,Industry (excl. Construction),7097.0
Gross Value Added at Constant Basic Prices (Seasonally Adjusted),1996Q2,Industry - of which Manufacturing,6247.0
Gross Value Added at Constant Basic Prices (Seasonally Adjusted),1996Q2,Construction,2481.0
Gross Value Added at Constant Basic Prices (Seasonally Adjusted),1996Q2,"Distribution, Transport, Hotels and Restaurants",6645.0
Gross Value Added at Constant Basic Prices (Seasonally Adjusted),1996Q2,Information and Communication,1210.0
Gross Value Added at Constant Basic Prices (Seasonally Adjusted),1996Q2,Financial and Insurance Activities,2287.0
Gross Value Added at Constant Basic Prices (Seasonally Adjusted),1996Q2,Real Estate Activities,3569.0
Gross Value Added at Constant Basic Prices (Seasonally Adjusted),1996Q2,"Professional, Admin and Support Services",1985.0
Gross Value Added at Constant Basic Prices (Seasonally Adjusted),1996Q2,"Public Admin, Education and Health",5972.0
Gross Value Added at Constant Basic Prices (Seasonally Adjusted),1996Q2,"Arts, Entertainment and Other Services",616.0
Gross Value Added at Constant Basic Prices (Seasonally Adjusted),1996Q2,Statistical Discrepancy,
Gross Value Added at Constant Basic Prices (Seasonally Adjusted),1996Q2,All Sectors,27530.0
Gross Value Added at Constant Basic Prices (Seasonally Adjusted),1996Q3,"Agriculture, Forestry and Fishing",827.0
Gross Value Added at Constant Basic Prices (Seasonally Adjusted),1996Q3,Industry (excl. Construction),6118.0
Gross Value Added at Constant Basic Prices (Seasonally Adjusted),1996Q3,Industry - of which Manufacturing,5275.0
Gross Value Added at Constant Basic Prices (Seasonally Adjusted),1996Q3,Construction,2429.0
Gross Value Added at Constant Basic Prices (Seasonally Adjusted),1996Q3,"Distribution, Transport, Hotels and Restaurants",6693.0
Gross Value Added at Constant Basic Prices (Seasonally Adjusted),1996Q3,Information and Communication,1231.0
Gross Value Added at Constant Basic Prices (Seasonally Adjusted),1996Q3,Financial and Insurance Activities,2254.0
Gross Value Added at Constant Basic Prices (Seasonally Adjusted),1996Q3,Real Estate Activities,3704.0
Gross Value Added at Constant Basic Prices (Seasonally Adjusted),1996Q3,"Professional, Admin and Support Services",2052.0
Gross Value Added at Constant Basic Prices (Seasonally Adjusted),1996Q3,"Public Admin, Education and Health",5919.0
Gross Value Added at Constant Basic Prices (Seasonally Adjusted),1996Q3,"Arts, Entertainment and Other Services",642.0
Gross Value Added at Constant Basic Prices (Seasonally Adjusted),1996Q3,Statistical Discrepancy,
Gross Value Added at Constant Basic Prices (Seasonally Adjusted),1996Q3,All Sectors,26983.0
Gross Value Added at Constant Basic Prices (Seasonally Adjusted),1996Q4,"Agriculture, Forestry and Fishing",805.0
Gross Value Added at Constant Basic Prices (Seasonally Adjusted),1996Q4,Industry (excl. Construction),7167.0
Gross Value Added at Constant Basic Prices (Seasonally Adjusted),1996Q4,Industry - of which Manufacturing,6295.0
Gross Value Added at Constant Basic Prices (Seasonally Adjusted),1996Q4,Construction,2461.0
Gross Value Added at Constant Basic Prices (Seasonally Adjusted),1996Q4,"Distribution, Transport, Hotels and Restaurants",6732.0
Gross Value Added at Constant Basic Prices (Seasonally Adjusted),1996Q4,Information and Communication,1315.0
Gross Value Added at Constant Basic Prices (Seasonally Adjusted),1996Q4,Financial and Insurance Activities,2414.0
Gross Value Added at Constant Basic Prices (Seasonally Adjusted),1996Q4,Real Estate Activities,3755.0
Gross Value Added at Constant Basic Prices (Seasonally Adjusted),1996Q4,"Professional, Admin and Support Services",2152.0
Gross Value Added at Constant Basic Prices (Seasonally Adjusted),1996Q4,"Public Admin, Education and Health",5794.0
Gross Value Added at Constant Basic Prices (Seasonally Adjusted),1996Q4,"Arts, Entertainment and Other Services",656.0
Gross Value Added at Constant Basic Prices (Seasonally Adjusted),1996Q4,Statistical Discrepancy,
Gross Value Added at Constant Basic Prices (Seasonally Adjusted),1996Q4,All Sectors,27261.0
Gross Value Added at Constant Basic Prices (Seasonally Adjusted),1997Q1,"Agriculture, Forestry and Fishing",857.0
Gross Value Added at Constant Basic Prices (Seasonally Adjusted),1997Q1,Industry (excl. Construction),7424.0
Gross Value Added at Constant Basic Prices (Seasonally Adjusted),1997Q1,Industry - of which Manufacturing,6562.0
Gross Value Added at Constant Basic Prices (Seasonally Adjusted),1997Q1,Construction,2613.0
Gross Value Added at Constant Basic Prices (Seasonally Adjusted),1997Q1,"Distribution, Transport, Hotels and Restaurants",6870.0
Gross Value Added at Constant Basic Prices (Seasonally Adjusted),1997Q1,Information and Communication,1402.0
Gross Value Added at Constant Basic Prices (Seasonally Adjusted),1997Q1,Financial and Insurance Activities,2524.0
Gross Value Added at Constant Basic Prices (Seasonally Adjusted),1997Q1,Real Estate Activities,3722.0
Gross Value Added at Constant Basic Prices (Seasonally Adjusted),1997Q1,"Professional, Admin and Support Services",2235.0
Gross Value Added at Constant Basic Prices (Seasonally Adjusted),1997Q1,"Public Admin, Education and Health",6010.0
Gross Value Added at Constant Basic Prices (Seasonally Adjusted),1997Q1,"Arts, Entertainment and Other Services",692.0
Gross Value Added at Constant Basic Prices (Seasonally Adjusted),1997Q1,Statistical Discrepancy,
Gross Value Added at Constant Basic Prices (Seasonally Adjusted),1997Q1,All Sectors,29233.0
Gross Value Added at Constant Basic Prices (Seasonally Adjusted),1997Q2,"Agriculture, Forestry and Fishing",864.0
Gross Value Added at Constant Basic Prices (Seasonally Adjusted),1997Q2,Industry (excl. Construction),8053.0
Gross Value Added at Constant Basic Prices (Seasonally Adjusted),1997Q2,Industry - of which Manufacturing,7227.0
Gross Value Added at Constant Basic Prices (Seasonally Adjusted),1997Q2,Construction,2762.0
Gross Value Added at Constant Basic Prices (Seasonally Adjusted),1997Q2,"Distribution, Transport, Hotels and Restaurants",7039.0
Gross Value Added at Constant Basic Prices (Seasonally Adjusted),1997Q2,Information and Communication,1373.0
Gross Value Added at Constant Basic Prices (Seasonally Adjusted),1997Q2,Financial and Insurance Activities,2624.0
Gross Value Added at Constant Basic Prices (Seasonally Adjusted),1997Q2,Real Estate Activities,3828.0
Gross Value Added at Constant Basic Prices (Seasonally Adjusted),1997Q2,"Professional, Admin and Support Services",2374.0
Gross Value Added at Constant Basic Prices (Seasonally Adjusted),1997Q2,"Public Admin, Education and Health",6000.0
Gross Value Added at Constant Basic Prices (Seasonally Adjusted),1997Q2,"Arts, Entertainment and Other Services",718.0
Gross Value Added at Constant Basic Prices (Seasonally Adjusted),1997Q2,Statistical Discrepancy,
Gross Value Added at Constant Basic Prices (Seasonally Adjusted),1997Q2,All Sectors,30093.0
Gross Value Added at Constant Basic Prices (Seasonally Adjusted),1997Q3,"Agriculture, Forestry and Fishing",807.0
Gross Value Added at Constant Basic Prices (Seasonally Adjusted),1997Q3,Industry (excl. Construction),7933.0
Gross Value Added at Constant Basic Prices (Seasonally Adjusted),1997Q3,Industry - of which Manufacturing,7107.0
Gross Value Added at Constant Basic Prices (Seasonally Adjusted),1997Q3,Construction,2840.0
Gross Value Added at Constant Basic Prices (Seasonally Adjusted),1997Q3,"Distribution, Transport, Hotels and Restaurants",7238.0
Gross Value Added at Constant Basic Prices (Seasonally Adjusted),1997Q3,Information and Communication,1458.0
Gross Value Added at Constant Basic Prices (Seasonally Adjusted),1997Q3,Financial and Insurance Activities,2679.0
Gross Value Added at Constant Basic Prices (Seasonally Adjusted),1997Q3,Real Estate Activities,3912.0
Gross Value Added at Constant Basic Prices (Seasonally Adjusted),1997Q3,"Professional, Admin and Support Services",2505.0
Gross Value Added at Constant Basic Prices (Seasonally Adjusted),1997Q3,"Public Admin, Education and Health",5906.0
Gross Value Added at Constant Basic Prices (Seasonally Adjusted),1997Q3,"Arts, Entertainment and Other Services",700.0
Gross Value Added at Constant Basic Prices (Seasonally Adjusted),1997Q3,Statistical Discrepancy,
Gross Value Added at Constant Basic Prices (Seasonally Adjusted),1997Q3,All Sectors,29903.0
Gross Value Added at Constant Basic Prices (Seasonally Adjusted),1997Q4,"Agriculture, Forestry and Fishing",787.0
Gross Value Added at Constant Basic Prices (Seasonally Adjusted),1997Q4,Industry (excl. Construction),8242.0
Gross Value Added at Constant Basic Prices (Seasonally Adjusted),1997Q4,Industry - of which Manufacturing,7365.0
Gross Value Added at Constant Basic Prices (Seasonally Adjusted),1997Q4,Construction,2849.0
Gross Value Added at Constant Basic Prices (Seasonally Adjusted),1997Q4,"Distribution, Transport, Hotels and Restaurants",7633.0
Gross Value Added at Constant Basic Prices (Seasonally Adjusted),1997Q4,Information and Communication,1546.0
Gross Value Added at Constant Basic Prices (Seasonally Adjusted),1997Q4,Financial and Insurance Activities,2709.0
Gross Value Added at Constant Basic Prices (Seasonally Adjusted),1997Q4,Real Estate Activities,3975.0
Gross Value Added at Constant Basic Prices (Seasonally Adjusted),1997Q4,"Professional, Admin and Support Services",2578.0
Gross Value Added at Constant Basic Prices (Seasonally Adjusted),1997Q4,"Public Admin, Education and Health",5789.0
Gross Value Added at Constant Basic Prices (Seasonally Adjusted),1997Q4,"Arts, Entertainment and Other Services",702.0
Gross Value Added at Constant Basic Prices (Seasonally Adjusted),1997Q4,Statistical Discrepancy,
Gross Value Added at Constant Basic Prices (Seasonally Adjusted),1997Q4,All Sectors,30935.0
Gross Value Added at Constant Basic Prices (Seasonally Adjusted),1998Q1,"Agriculture, Forestry and Fishing",921.0
Gross Value Added at Constant Basic Prices (Seasonally Adjusted),1998Q1,Industry (excl. Construction),9091.0
Gross Value Added at Constant Basic Prices (Seasonally Adjusted),1998Q1,Industry - of which Manufacturing,8215.0
Gross Value Added at Constant Basic Prices (Seasonally Adjusted),1998Q1,Construction,2786.0
Gross Value Added at Constant Basic Prices (Seasonally Adjusted),1998Q1,"Distribution, Transport, Hotels and Restaurants",7528.0
Gross Value Added at Constant Basic Prices (Seasonally Adjusted),1998Q1,Information and Communication,1619.0
Gross Value Added at Constant Basic Prices (Seasonally Adjusted),1998Q1,Financial and Insurance Activities,2834.0
Gross Value Added at Constant Basic Prices (Seasonally Adjusted),1998Q1,Real Estate Activities,4112.0
Gross Value Added at Constant Basic Prices (Seasonally Adjusted),1998Q1,"Professional, Admin and Support Services",2708.0
Gross Value Added at Constant Basic Prices (Seasonally Adjusted),1998Q1,"Public Admin, Education and Health",5936.0
Gross Value Added at Constant Basic Prices (Seasonally Adjusted),1998Q1,"Arts, Entertainment and Other Services",670.0
Gross Value Added at Constant Basic Prices (Seasonally Adjusted),1998Q1,Statistical Discrepancy,
Gross Value Added at Constant Basic Prices (Seasonally Adjusted),1998Q1,All Sectors,31902.0
Gross Value Added at Constant Basic Prices (Seasonally Adjusted),1998Q2,"Agriculture, Forestry and Fishing",817.0
Gross Value Added at Constant Basic Prices (Seasonally Adjusted),1998Q2,Industry (excl. Construction),8976.0
Gross Value Added at Constant Basic Prices (Seasonally Adjusted),1998Q2,Industry - of which Manufacturing,8129.0
Gross Value Added at Constant Basic Prices (Seasonally Adjusted),1998Q2,Construction,2875.0
Gross Value Added at Constant Basic Prices (Seasonally Adjusted),1998Q2,"Distribution, Transport, Hotels and Restaurants",7646.0
Gross Value Added at Constant Basic Prices (Seasonally Adjusted),1998Q2,Information and Communication,1753.0
Gross Value Added at Constant Basic Prices (Seasonally Adjusted),1998Q2,Financial and Insurance Activities,2639.0
Gross Value Added at Constant Basic Prices (Seasonally Adjusted),1998Q2,Real Estate Activities,4277.0
Gross Value Added at Constant Basic Prices (Seasonally Adjusted),1998Q2,"Professional, Admin and Support Services",2732.0
Gross Value Added at Constant Basic Prices (Seasonally Adjusted),1998Q2,"Public Admin, Education and Health",6011.0
Gross Value Added at Constant Basic Prices (Seasonally Adjusted),1998Q2,"Arts, Entertainment and Other Services",676.0
Gross Value Added at Constant Basic Prices (Seasonally Adjusted),1998Q2,Statistical Discrepancy,
Gross Value Added at Constant Basic Prices (Seasonally Adjusted),1998Q2,All Sectors,32612.0
Gross Value Added at Constant Basic Prices (Seasonally Adjusted),1998Q3,"Agriculture, Forestry and Fishing",780.0
Gross Value Added at Constant Basic Prices (Seasonally Adjusted),1998Q3,Industry (excl. Construction),9083.0
Gross Value Added at Constant Basic Prices (Seasonally Adjusted),1998Q3,Industry - of which Manufacturing,8243.0
Gross Value Added at Constant Basic Prices (Seasonally Adjusted),1998Q3,Construction,3087.0
Gross Value Added at Constant Basic Prices (Seasonally Adjusted),1998Q3,"Distribution, Transport, Hotels and Restaurants",7765.0
Gross Value Added at Constant Basic Prices (Seasonally Adjusted),1998Q3,Information and Communication,1663.0
Gross Value Added at Constant Basic Prices (Seasonally Adjusted),1998Q3,Financial and Insurance Activities,2887.0
Gross Value Added at Constant Basic Prices (Seasonally Adjusted),1998Q3,Real Estate Activities,4321.0
Gross Value Added at Constant Basic Prices (Seasonally Adjusted),1998Q3,"Professional, Admin and Support Services",2844.0
Gross Value Added at Constant Basic Prices (Seasonally Adjusted),1998Q3,"Public Admin, Education and Health",6120.0
Gross Value Added at Constant Basic Prices (Seasonally Adjusted),1998Q3,"Arts, Entertainment and Other Services",698.0
Gross Value Added at Constant Basic Prices (Seasonally Adjusted),1998Q3,Statistical Discrepancy,
Gross Value Added at Constant Basic Prices (Seasonally Adjusted),1998Q3,All Sectors,32965.0
Gross Value Added at Constant Basic Prices (Seasonally Adjusted),1998Q4,"Agriculture, Forestry and Fishing",807.0
Gross Value Added at Constant Basic Prices (Seasonally Adjusted),1998Q4,Industry (excl. Construction),8655.0
Gross Value Added at Constant Basic Prices (Seasonally Adjusted),1998Q4,Industry - of which Manufacturing,7766.0
Gross Value Added at Constant Basic Prices (Seasonally Adjusted),1998Q4,Construction,3228.0
Gross Value Added at Constant Basic Prices (Seasonally Adjusted),1998Q4,"Distribution, Transport, Hotels and Restaurants",7941.0
Gross Value Added at Constant Basic Prices (Seasonally Adjusted),1998Q4,Information and Communication,1712.0
Gross Value Added at Constant Basic Prices (Seasonally Adjusted),1998Q4,Financial and Insurance Activities,2777.0
Gross Value Added at Constant Basic Prices (Seasonally Adjusted),1998Q4,Real Estate Activities,4422.0
Gross Value Added at Constant Basic Prices (Seasonally Adjusted),1998Q4,"Professional, Admin and Support Services",2916.0
Gross Value Added at Constant Basic Prices (Seasonally Adjusted),1998Q4,"Public Admin, Education and Health",6125.0
Gross Value Added at Constant Basic Prices (Seasonally Adjusted),1998Q4,"Arts, Entertainment and Other Services",731.0
Gross Value Added at Constant Basic Prices (Seasonally Adjusted),1998Q4,Statistical Discrepancy,
Gross Value Added at Constant Basic Prices (Seasonally Adjusted),1998Q4,All Sectors,32466.0
Gross Value Added at Constant Basic Prices (Seasonally Adjusted),1999Q1,"Agriculture, Forestry and Fishing",745.0
Gross Value Added at Constant Basic Prices (Seasonally Adjusted),1999Q1,Industry (excl. Construction),9981.0
Gross Value Added at Constant Basic Prices (Seasonally Adjusted),1999Q1,Industry - of which Manufacturing,9050.0
Gross Value Added at Constant Basic Prices (Seasonally Adjusted),1999Q1,Construction,3312.0
Gross Value Added at Constant Basic Prices (Seasonally Adjusted),1999Q1,"Distribution, Transport, Hotels and Restaurants",7966.0
Gross Value Added at Constant Basic Prices (Seasonally Adjusted),1999Q1,Information and Communication,1768.0
Gross Value Added at Constant Basic Prices (Seasonally Adjusted),1999Q1,Financial and Insurance Activities,2775.0
Gross Value Added at Constant Basic Prices (Seasonally Adjusted),1999Q1,Real Estate Activities,4600.0
Gross Value Added at Constant Basic Prices (Seasonally Adjusted),1999Q1,"Professional, Admin and Support Services",2961.0
Gross Value Added at Constant Basic Prices (Seasonally Adjusted),1999Q1,"Public Admin, Education and Health",6134.0
Gross Value Added at Constant Basic Prices (Seasonally Adjusted),1999Q1,"Arts, Entertainment and Other Services",734.0
Gross Value Added at Constant Basic Prices (Seasonally Adjusted),1999Q1,Statistical Discrepancy,
Gross Value Added at Constant Basic Prices (Seasonally Adjusted),1999Q1,All Sectors,34829.0
Gross Value Added at Constant Basic Prices (Seasonally Adjusted),1999Q2,"Agriculture, Forestry and Fishing",689.0
Gross Value Added at Constant Basic Prices (Seasonally Adjusted),1999Q2,Industry (excl. Construction),9867.0
Gross Value Added at Constant Basic Prices (Seasonally Adjusted),1999Q2,Industry - of which Manufacturing,8932.0
Gross Value Added at Constant Basic Prices (Seasonally Adjusted),1999Q2,Construction,3297.0
Gross Value Added at Constant Basic Prices (Seasonally Adjusted),1999Q2,"Distribution, Transport, Hotels and Restaurants",8106.0
Gross Value Added at Constant Basic Prices (Seasonally Adjusted),1999Q2,Information and Communication,1857.0
Gross Value Added at Constant Basic Prices (Seasonally Adjusted),1999Q2,Financial and Insurance Activities,2931.0
Gross Value Added at Constant Basic Prices (Seasonally Adjusted),1999Q2,Real Estate Activities,4550.0
Gross Value Added at Constant Basic Prices (Seasonally Adjusted),1999Q2,"Professional, Admin and Support Services",3086.0
Gross Value Added at Constant Basic Prices (Seasonally Adjusted),1999Q2,"Public Admin, Education and Health",6277.0
Gross Value Added at Constant Basic Prices (Seasonally Adjusted),1999Q2,"Arts, Entertainment and Other Services",753.0
Gross Value Added at Constant Basic Prices (Seasonally Adjusted),1999Q2,Statistical Discrepancy,
Gross Value Added at Constant Basic Prices (Seasonally Adjusted),1999Q2,All Sectors,34763.0
Gross Value Added at Constant Basic Prices (Seasonally Adjusted),1999Q3,"Agriculture, Forestry and Fishing",724.0
Gross Value Added at Constant Basic Prices (Seasonally Adjusted),1999Q3,Industry (excl. Construction),9455.0
Gross Value Added at Constant Basic Prices (Seasonally Adjusted),1999Q3,Industry - of which Manufacturing,8531.0
Gross Value Added at Constant Basic Prices (Seasonally Adjusted),1999Q3,Construction,3390.0
Gross Value Added at Constant Basic Prices (Seasonally Adjusted),1999Q3,"Distribution, Transport, Hotels and Restaurants",8389.0
Gross Value Added at Constant Basic Prices (Seasonally Adjusted),1999Q3,Information and Communication,1946.0
Gross Value Added at Constant Basic Prices (Seasonally Adjusted),1999Q3,Financial and Insurance Activities,3110.0
Gross Value Added at Constant Basic Prices (Seasonally Adjusted),1999Q3,Real Estate Activities,4614.0
Gross Value Added at Constant Basic Prices (Seasonally Adjusted),1999Q3,"Professional, Admin and Support Services",3034.0
Gross Value Added at Constant Basic Prices (Seasonally Adjusted),1999Q3,"Public Admin, Education and Health",6401.0
Gross Value Added at Constant Basic Prices (Seasonally Adjusted),1999Q3,"Arts, Entertainment and Other Services",749.0
Gross Value Added at Constant Basic Prices (Seasonally Adjusted),1999Q3,Statistical Discrepancy,
Gross Value Added at Constant Basic Prices (Seasonally Adjusted),1999Q3,All Sectors,35988.0
Gross Value Added at Constant Basic Prices (Seasonally Adjusted),1999Q4,"Agriculture, Forestry and Fishing",732.0
Gross Value Added at Constant Basic Prices (Seasonally Adjusted),1999Q4,Industry (excl. Construction),11033.0
Gross Value Added at Constant Basic Prices (Seasonally Adjusted),1999Q4,Industry - of which Manufacturing,10063.0
Gross Value Added at Constant Basic Prices (Seasonally Adjusted),1999Q4,Construction,3360.0
Gross Value Added at Constant Basic Prices (Seasonally Adjusted),1999Q4,"Distribution, Transport, Hotels and Restaurants",8412.0
Gross Value Added at Constant Basic Prices (Seasonally Adjusted),1999Q4,Information and Communication,2087.0
Gross Value Added at Constant Basic Prices (Seasonally Adjusted),1999Q4,Financial and Insurance Activities,3119.0
Gross Value Added at Constant Basic Prices (Seasonally Adjusted),1999Q4,Real Estate Activities,4727.0
Gross Value Added at Constant Basic Prices (Seasonally Adjusted),1999Q4,"Professional, Admin and Support Services",3138.0
Gross Value Added at Constant Basic Prices (Seasonally Adjusted),1999Q4,"Public Admin, Education and Health",6457.0
Gross Value Added at Constant Basic Prices (Seasonally Adjusted),1999Q4,"Arts, Entertainment and Other Services",740.0
Gross Value Added at Constant Basic Prices (Seasonally Adjusted),1999Q4,Statistical Discrepancy,
Gross Value Added at Constant Basic Prices (Seasonally Adjusted),1999Q4,All Sectors,37153.0
Gross Value Added at Constant Basic Prices (Seasonally Adjusted),2000Q1,"Agriculture, Forestry and Fishing",737.0
Gross Value Added at Constant Basic Prices (Seasonally Adjusted),2000Q1,Industry (excl. Construction),10179.0
Gross Value Added at Constant Basic Prices (Seasonally Adjusted),2000Q1,Industry - of which Manufacturing,9189.0
Gross Value Added at Constant Basic Prices (Seasonally Adjusted),2000Q1,Construction,3516.0
Gross Value Added at Constant Basic Prices (Seasonally Adjusted),2000Q1,"Distribution, Transport, Hotels and Restaurants",8574.0
Gross Value Added at Constant Basic Prices (Seasonally Adjusted),2000Q1,Information and Communication,1864.0
Gross Value Added at Constant Basic Prices (Seasonally Adjusted),2000Q1,Financial and Insurance Activities,3368.0
Gross Value Added at Constant Basic Prices (Seasonally Adjusted),2000Q1,Real Estate Activities,4774.0
Gross Value Added at Constant Basic Prices (Seasonally Adjusted),2000Q1,"Professional, Admin and Support Services",3246.0
Gross Value Added at Constant Basic Prices (Seasonally Adjusted),2000Q1,"Public Admin, Education and Health",6430.0
Gross Value Added at Constant Basic Prices (Seasonally Adjusted),2000Q1,"Arts, Entertainment and Other Services",742.0
Gross Value Added at Constant Basic Prices (Seasonally Adjusted),2000Q1,Statistical Discrepancy,
Gross Value Added at Constant Basic Prices (Seasonally Adjusted),2000Q1,All Sectors,37402.0
Gross Value Added at Constant Basic Prices (Seasonally Adjusted),2000Q2,"Agriculture, Forestry and Fishing",734.0
Gross Value Added at Constant Basic Prices (Seasonally Adjusted),2000Q2,Industry (excl. Construction),11617.0
Gross Value Added at Constant Basic Prices (Seasonally Adjusted),2000Q2,Industry - of which Manufacturing,10587.0
Gross Value Added at Constant Basic Prices (Seasonally Adjusted),2000Q2,Construction,3629.0
Gross Value Added at Constant Basic Prices (Seasonally Adjusted),2000Q2,"Distribution, Transport, Hotels and Restaurants",8523.0
Gross Value Added at Constant Basic Prices (Seasonally Adjusted),2000Q2,Information and Communication,1882.0
Gross Value Added at Constant Basic Prices (Seasonally Adjusted),2000Q2,Financial and Insurance Activities,3497.0
Gross Value Added at Constant Basic Prices (Seasonally Adjusted),2000Q2,Real Estate Activities,4846.0
Gross Value Added at Constant Basic Prices (Seasonally Adjusted),2000Q2,"Professional, Admin and Support Services",3250.0
Gross Value Added at Constant Basic Prices (Seasonally Adjusted),2000Q2,"Public Admin, Education and Health",6485.0
Gross Value Added at Constant Basic Prices (Seasonally Adjusted),2000Q2,"Arts, Entertainment and Other Services",734.0
Gross Value Added at Constant Basic Prices (Seasonally Adjusted),2000Q2,Statistical Discrepancy,
Gross Value Added at Constant Basic Prices (Seasonally Adjusted),2000Q2,All Sectors,38910.0
Gross Value Added at Constant Basic Prices (Seasonally Adjusted),2000Q3,"Agriculture, Forestry and Fishing",735.0
Gross Value Added at Constant Basic Prices (Seasonally Adjusted),2000Q3,Industry (excl. Construction),10857.0
Gross Value Added at Constant Basic Prices (Seasonally Adjusted),2000Q3,Industry - of which Manufacturing,9822.0
Gross Value Added at Constant Basic Prices (Seasonally Adjusted),2000Q3,Construction,3578.0
Gross Value Added at Constant Basic Prices (Seasonally Adjusted),2000Q3,"Distribution, Transport, Hotels and Restaurants",8646.0
Gross Value Added at Constant Basic Prices (Seasonally Adjusted),2000Q3,Information and Communication,1949.0
Gross Value Added at Constant Basic Prices (Seasonally Adjusted),2000Q3,Financial and Insurance Activities,3611.0
Gross Value Added at Constant Basic Prices (Seasonally Adjusted),2000Q3,Real Estate Activities,5012.0
Gross Value Added at Constant Basic Prices (Seasonally Adjusted),2000Q3,"Professional, Admin and Support Services",3470.0
Gross Value Added at Constant Basic Prices (Seasonally Adjusted),2000Q3,"Public Admin, Education and Health",6596.0
Gross Value Added at Constant Basic Prices (Seasonally Adjusted),2000Q3,"Arts, Entertainment and Other Services",741.0
Gross Value Added at Constant Basic Prices (Seasonally Adjusted),2000Q3,Statistical Discrepancy,
Gross Value Added at Constant Basic Prices (Seasonally Adjusted),2000Q3,All Sectors,38835.0
Gross Value Added at Constant Basic Prices (Seasonally Adjusted),2000Q4,"Agriculture, Forestry and Fishing",711.0
Gross Value Added at Constant Basic Prices (Seasonally Adjusted),2000Q4,Industry (excl. Construction),13335.0
Gross Value Added at Constant Basic Prices (Seasonally Adjusted),2000Q4,Industry - of which Manufacturing,12242.0
Gross Value Added at Constant Basic Prices (Seasonally Adjusted),2000Q4,Construction,3524.0
Gross Value Added at Constant Basic Prices (Seasonally Adjusted),2000Q4,"Distribution, Transport, Hotels and Restaurants",8141.0
Gross Value Added at Constant Basic Prices (Seasonally Adjusted),2000Q4,Information and Communication,2037.0
Gross Value Added at Constant Basic Prices (Seasonally Adjusted),2000Q4,Financial and Insurance Activities,3753.0
Gross Value Added at Constant Basic Prices (Seasonally Adjusted),2000Q4,Real Estate Activities,4951.0
Gross Value Added at Constant Basic Prices (Seasonally Adjusted),2000Q4,"Professional, Admin and Support Services",3679.0
Gross Value Added at Constant Basic Prices (Seasonally Adjusted),2000Q4,"Public Admin, Education and Health",6872.0
Gross Value Added at Constant Basic Prices (Seasonally Adjusted),2000Q4,"Arts, Entertainment and Other Services",750.0
Gross Value Added at Constant Basic Prices (Seasonally Adjusted),2000Q4,Statistical Discrepancy,
Gross Value Added at Constant Basic Prices (Seasonally Adjusted),2000Q4,All Sectors,40605.0
Gross Value Added at Constant Basic Prices (Seasonally Adjusted),2001Q1,"Agriculture, Forestry and Fishing",663.0
Gross Value Added at Constant Basic Prices (Seasonally Adjusted),2001Q1,Industry (excl. Construction),12539.0
Gross Value Added at Constant Basic Prices (Seasonally Adjusted),2001Q1,Industry - of which Manufacturing,11426.0
Gross Value Added at Constant Basic Prices (Seasonally Adjusted),2001Q1,Construction,3575.0
Gross Value Added at Constant Basic Prices (Seasonally Adjusted),2001Q1,"Distribution, Transport, Hotels and Restaurants",8241.0
Gross Value Added at Constant Basic Prices (Seasonally Adjusted),2001Q1,Information and Communication,2083.0
Gross Value Added at Constant Basic Prices (Seasonally Adjusted),2001Q1,Financial and Insurance Activities,3729.0
Gross Value Added at Constant Basic Prices (Seasonally Adjusted),2001Q1,Real Estate Activities,4958.0
Gross Value Added at Constant Basic Prices (Seasonally Adjusted),2001Q1,"Professional, Admin and Support Services",3634.0
Gross Value Added at Constant Basic Prices (Seasonally Adjusted),2001Q1,"Public Admin, Education and Health",6503.0
Gross Value Added at Constant Basic Prices (Seasonally Adjusted),2001Q1,"Arts, Entertainment and Other Services",782.0
Gross Value Added at Constant Basic Prices (Seasonally Adjusted),2001Q1,Statistical Discrepancy,
Gross Value Added at Constant Basic Prices (Seasonally Adjusted),2001Q1,All Sectors,40904.0
Gross Value Added at Constant Basic Prices (Seasonally Adjusted),2001Q2,"Agriculture, Forestry and Fishing",658.0
Gross Value Added at Constant Basic Prices (Seasonally Adjusted),2001Q2,Industry (excl. Construction),12639.0
Gross Value Added at Constant Basic Prices (Seasonally Adjusted),2001Q2,Industry - of which Manufacturing,11489.0
Gross Value Added at Constant Basic Prices (Seasonally Adjusted),2001Q2,Construction,3687.0
Gross Value Added at Constant Basic Prices (Seasonally Adjusted),2001Q2,"Distribution, Transport, Hotels and Restaurants",8368.0
Gross Value Added at Constant Basic Prices (Seasonally Adjusted),2001Q2,Information and Communication,1920.0
Gross Value Added at Constant Basic Prices (Seasonally Adjusted),2001Q2,Financial and Insurance Activities,3857.0
Gross Value Added at Constant Basic Prices (Seasonally Adjusted),2001Q2,Real Estate Activities,5125.0
Gross Value Added at Constant Basic Prices (Seasonally Adjusted),2001Q2,"Professional, Admin and Support Services",3896.0
Gross Value Added at Constant Basic Prices (Seasonally Adjusted),2001Q2,"Public Admin, Education and Health",6756.0
Gross Value Added at Constant Basic Prices (Seasonally Adjusted),2001Q2,"Arts, Entertainment and Other Services",771.0
Gross Value Added at Constant Basic Prices (Seasonally Adjusted),2001Q2,Statistical Discrepancy,
Gross Value Added at Constant Basic Prices (Seasonally Adjusted),2001Q2,All Sectors,41819.0
Gross Value Added at Constant Basic Prices (Seasonally Adjusted),2001Q3,"Agriculture, Forestry and Fishing",614.0
Gross Value Added at Constant Basic Prices (Seasonally Adjusted),2001Q3,Industry (excl. Construction),10900.0
Gross Value Added at Constant Basic Prices (Seasonally Adjusted),2001Q3,Industry - of which Manufacturing,9838.0
Gross Value Added at Constant Basic Prices (Seasonally Adjusted),2001Q3,Construction,3691.0
Gross Value Added at Constant Basic Prices (Seasonally Adjusted),2001Q3,"Distribution, Transport, Hotels and Restaurants",8271.0
Gross Value Added at Constant Basic Prices (Seasonally Adjusted),2001Q3,Information and Communication,2027.0
Gross Value Added at Constant Basic Prices (Seasonally Adjusted),2001Q3,Financial and Insurance Activities,3878.0
Gross Value Added at Constant Basic Prices (Seasonally Adjusted),2001Q3,Real Estate Activities,5092.0
Gross Value Added at Constant Basic Prices (Seasonally Adjusted),2001Q3,"Professional, Admin and Support Services",3998.0
Gross Value Added at Constant Basic Prices (Seasonally Adjusted),2001Q3,"Public Admin, Education and Health",6870.0
Gross Value Added at Constant Basic Prices (Seasonally Adjusted),2001Q3,"Arts, Entertainment and Other Services",798.0
Gross Value Added at Constant Basic Prices (Seasonally Adjusted),2001Q3,Statistical Discrepancy,
Gross Value Added at Constant Basic Prices (Seasonally Adjusted),2001Q3,All Sectors,40726.0
Gross Value Added at Constant Basic Prices (Seasonally Adjusted),2001Q4,"Agriculture, Forestry and Fishing",621.0
Gross Value Added at Constant Basic Prices (Seasonally Adjusted),2001Q4,Industry (excl. Construction),12385.0
Gross Value Added at Constant Basic Prices (Seasonally Adjusted),2001Q4,Industry - of which Manufacturing,11277.0
Gross Value Added at Constant Basic Prices (Seasonally Adjusted),2001Q4,Construction,3744.0
Gross Value Added at Constant Basic Prices (Seasonally Adjusted),2001Q4,"Distribution, Transport, Hotels and Restaurants",8493.0
Gross Value Added at Constant Basic Prices (Seasonally Adjusted),2001Q4,Information and Communication,2020.0
Gross Value Added at Constant Basic Prices (Seasonally Adjusted),2001Q4,Financial and Insurance Activities,3909.0
Gross Value Added at Constant Basic Prices (Seasonally Adjusted),2001Q4,Real Estate Activities,5221.0
Gross Value Added at Constant Basic Prices (Seasonally Adjusted),2001Q4,"Professional, Admin and Support Services",4000.0
Gross Value Added at Constant Basic Prices (Seasonally Adjusted),2001Q4,"Public Admin, Education and Health",6958.0
Gross Value Added at Constant Basic Prices (Seasonally Adjusted),2001Q4,"Arts, Entertainment and Other Services",783.0
Gross Value Added at Constant Basic Prices (Seasonally Adjusted),2001Q4,Statistical Discrepancy,
Gross Value Added at Constant Basic Prices (Seasonally Adjusted),2001Q4,All Sectors,42059.0
Gross Value Added at Constant Basic Prices (Seasonally Adjusted),2002Q1,"Agriculture, Forestry and Fishing",610.0
Gross Value Added at Constant Basic Prices (Seasonally Adjusted),2002Q1,Industry (excl. Construction),13026.0
Gross Value Added at Constant Basic Prices (Seasonally Adjusted),2002Q1,Industry - of which Manufacturing,11842.0
Gross Value Added at Constant Basic Prices (Seasonally Adjusted),2002Q1,Construction,3713.0
Gross Value Added at Constant Basic Prices (Seasonally Adjusted),2002Q1,"Distribution, Transport, Hotels and Restaurants",8340.0
Gross Value Added at Constant Basic Prices (Seasonally Adjusted),2002Q1,Information and Communication,2145.0
Gross Value Added at Constant Basic Prices (Seasonally Adjusted),2002Q1,Financial and Insurance Activities,3997.0
Gross Value Added at Constant Basic Prices (Seasonally Adjusted),2002Q1,Real Estate Activities,5258.0
Gross Value Added at Constant Basic Prices (Seasonally Adjusted),2002Q1,"Professional, Admin and Support Services",3994.0
Gross Value Added at Constant Basic Prices (Seasonally Adjusted),2002Q1,"Public Admin, Education and Health",6917.0
Gross Value Added at Constant Basic Prices (Seasonally Adjusted),2002Q1,"Arts, Entertainment and Other Services",803.0
Gross Value Added at Constant Basic Prices (Seasonally Adjusted),2002Q1,Statistical Discrepancy,
Gross Value Added at Constant Basic Prices (Seasonally Adjusted),2002Q1,All Sectors,43832.0
Gross Value Added at Constant Basic Prices (Seasonally Adjusted),2002Q2,"Agriculture, Forestry and Fishing",635.0
Gross Value Added at Constant Basic Prices (Seasonally Adjusted),2002Q2,Industry (excl. Construction),14561.0
Gross Value Added at Constant Basic Prices (Seasonally Adjusted),2002Q2,Industry - of which Manufacturing,13425.0
Gross Value Added at Constant Basic Prices (Seasonally Adjusted),2002Q2,Construction,3683.0
Gross Value Added at Constant Basic Prices (Seasonally Adjusted),2002Q2,"Distribution, Transport, Hotels and Restaurants",8350.0
Gross Value Added at Constant Basic Prices (Seasonally Adjusted),2002Q2,Information and Communication,2212.0
Gross Value Added at Constant Basic Prices (Seasonally Adjusted),2002Q2,Financial and Insurance Activities,3991.0
Gross Value Added at Constant Basic Prices (Seasonally Adjusted),2002Q2,Real Estate Activities,5308.0
Gross Value Added at Constant Basic Prices (Seasonally Adjusted),2002Q2,"Professional, Admin and Support Services",4066.0
Gross Value Added at Constant Basic Prices (Seasonally Adjusted),2002Q2,"Public Admin, Education and Health",6989.0
Gross Value Added at Constant Basic Prices (Seasonally Adjusted),2002Q2,"Arts, Entertainment and Other Services",865.0
Gross Value Added at Constant Basic Prices (Seasonally Adjusted),2002Q2,Statistical Discrepancy,
Gross Value Added at Constant Basic Prices (Seasonally Adjusted),2002Q2,All Sectors,43807.0
Gross Value Added at Constant Basic Prices (Seasonally Adjusted),2002Q3,"Agriculture, Forestry and Fishing",651.0
Gross Value Added at Constant Basic Prices (Seasonally Adjusted),2002Q3,Industry (excl. Construction),12487.0
Gross Value Added at Constant Basic Prices (Seasonally Adjusted),2002Q3,Industry - of which Manufacturing,11372.0
Gross Value Added at Constant Basic Prices (Seasonally Adjusted),2002Q3,Construction,3783.0
Gross Value Added at Constant Basic Prices (Seasonally Adjusted),2002Q3,"Distribution, Transport, Hotels and Restaurants",8494.0
Gross Value Added at Constant Basic Prices (Seasonally Adjusted),2002Q3,Information and Communication,2249.0
Gross Value Added at Constant Basic Prices (Seasonally Adjusted),2002Q3,Financial and Insurance Activities,4045.0
Gross Value Added at Constant Basic Prices (Seasonally Adjusted),2002Q3,Real Estate Activities,5539.0
Gross Value Added at Constant Basic Prices (Seasonally Adjusted),2002Q3,"Professional, Admin and Support Services",3965.0
Gross Value Added at Constant Basic Prices (Seasonally Adjusted),2002Q3,"Public Admin, Education and Health",7002.0
Gross Value Added at Constant Basic Prices (Seasonally Adjusted),2002Q3,"Arts, Entertainment and Other Services",810.0
Gross Value Added at Constant Basic Prices (Seasonally Adjusted),2002Q3,Statistical Discrepancy,
Gross Value Added at Constant Basic Prices (Seasonally Adjusted),2002Q3,All Sectors,43664.0
Gross Value Added at Constant Basic Prices (Seasonally Adjusted),2002Q4,"Agriculture, Forestry and Fishing",662.0
Gross Value Added at Constant Basic Prices (Seasonally Adjusted),2002Q4,Industry (excl. Construction),13714.0
Gross Value Added at Constant Basic Prices (Seasonally Adjusted),2002Q4,Industry - of which Manufacturing,12527.0
Gross Value Added at Constant Basic Prices (Seasonally Adjusted),2002Q4,Construction,3795.0
Gross Value Added at Constant Basic Prices (Seasonally Adjusted),2002Q4,"Distribution, Transport, Hotels and Restaurants",8740.0
Gross Value Added at Constant Basic Prices (Seasonally Adjusted),2002Q4,Information and Communication,2341.0
Gross Value Added at Constant Basic Prices (Seasonally Adjusted),2002Q4,Financial and Insurance Activities,4147.0
Gross Value Added at Constant Basic Prices (Seasonally Adjusted),2002Q4,Real Estate Activities,5609.0
Gross Value Added at Constant Basic Prices (Seasonally Adjusted),2002Q4,"Professional, Admin and Support Services",3872.0
Gross Value Added at Constant Basic Prices (Seasonally Adjusted),2002Q4,"Public Admin, Education and Health",7098.0
Gross Value Added at Constant Basic Prices (Seasonally Adjusted),2002Q4,"Arts, Entertainment and Other Services",840.0
Gross Value Added at Constant Basic Prices (Seasonally Adjusted),2002Q4,Statistical Discrepancy,
Gross Value Added at Constant Basic Prices (Seasonally Adjusted),2002Q4,All Sectors,44997.0
Gross Value Added at Constant Basic Prices (Seasonally Adjusted),2003Q1,"Agriculture, Forestry and Fishing",657.0
Gross Value Added at Constant Basic Prices (Seasonally Adjusted),2003Q1,Industry (excl. Construction),13214.0
Gross Value Added at Constant Basic Prices (Seasonally Adjusted),2003Q1,Industry - of which Manufacturing,11968.0
Gross Value Added at Constant Basic Prices (Seasonally Adjusted),2003Q1,Construction,3788.0
Gross Value Added at Constant Basic Prices (Seasonally Adjusted),2003Q1,"Distribution, Transport, Hotels and Restaurants",8594.0
Gross Value Added at Constant Basic Prices (Seasonally Adjusted),2003Q1,Information and Communication,1849.0
Gross Value Added at Constant Basic Prices (Seasonally Adjusted),2003Q1,Financial and Insurance Activities,3956.0
Gross Value Added at Constant Basic Prices (Seasonally Adjusted),2003Q1,Real Estate Activities,5717.0
Gross Value Added at Constant Basic Prices (Seasonally Adjusted),2003Q1,"Professional, Admin and Support Services",3985.0
Gross Value Added at Constant Basic Prices (Seasonally Adjusted),2003Q1,"Public Admin, Education and Health",7121.0
Gross Value Added at Constant Basic Prices (Seasonally Adjusted),2003Q1,"Arts, Entertainment and Other Services",828.0
Gross Value Added at Constant Basic Prices (Seasonally Adjusted),2003Q1,Statistical Discrepancy,
Gross Value Added at Constant Basic Prices (Seasonally Adjusted),2003Q1,All Sectors,44228.0
Gross Value Added at Constant Basic Prices (Seasonally Adjusted),2003Q2,"Agriculture, Forestry and Fishing",632.0
Gross Value Added at Constant Basic Prices (Seasonally Adjusted),2003Q2,Industry (excl. Construction),14264.0
Gross Value Added at Constant Basic Prices (Seasonally Adjusted),2003Q2,Industry - of which Manufacturing,13040.0
Gross Value Added at Constant Basic Prices (Seasonally Adjusted),2003Q2,Construction,3813.0
Gross Value Added at Constant Basic Prices (Seasonally Adjusted),2003Q2,"Distribution, Transport, Hotels and Restaurants",8618.0
Gross Value Added at Constant Basic Prices (Seasonally Adjusted),2003Q2,Information and Communication,2064.0
Gross Value Added at Constant Basic Prices (Seasonally Adjusted),2003Q2,Financial and Insurance Activities,4055.0
Gross Value Added at Constant Basic Prices (Seasonally Adjusted),2003Q2,Real Estate Activities,5827.0
Gross Value Added at Constant Basic Prices (Seasonally Adjusted),2003Q2,"Professional, Admin and Support Services",3938.0
Gross Value Added at Constant Basic Prices (Seasonally Adjusted),2003Q2,"Public Admin, Education and Health",7134.0
Gross Value Added at Constant Basic Prices (Seasonally Adjusted),2003Q2,"Arts, Entertainment and Other Services",821.0
Gross Value Added at Constant Basic Prices (Seasonally Adjusted),2003Q2,Statistical Discrepancy,
Gross Value Added at Constant Basic Prices (Seasonally Adjusted),2003Q2,All Sectors,45374.0
Gross Value Added at Constant Basic Prices (Seasonally Adjusted),2003Q3,"Agriculture, Forestry and Fishing",690.0
Gross Value Added at Constant Basic Prices (Seasonally Adjusted),2003Q3,Industry (excl. Construction),11436.0
Gross Value Added at Constant Basic Prices (Seasonally Adjusted),2003Q3,Industry - of which Manufacturing,10236.0
Gross Value Added at Constant Basic Prices (Seasonally Adjusted),2003Q3,Construction,4083.0
Gross Value Added at Constant Basic Prices (Seasonally Adjusted),2003Q3,"Distribution, Transport, Hotels and Restaurants",8677.0
Gross Value Added at Constant Basic Prices (Seasonally Adjusted),2003Q3,Information and Communication,2034.0
Gross Value Added at Constant Basic Prices (Seasonally Adjusted),2003Q3,Financial and Insurance Activities,4163.0
Gross Value Added at Constant Basic Prices (Seasonally Adjusted),2003Q3,Real Estate Activities,6348.0
Gross Value Added at Constant Basic Prices (Seasonally Adjusted),2003Q3,"Professional, Admin and Support Services",3940.0
Gross Value Added at Constant Basic Prices (Seasonally Adjusted),2003Q3,"Public Admin, Education and Health",7183.0
Gross Value Added at Constant Basic Prices (Seasonally Adjusted),2003Q3,"Arts, Entertainment and Other Services",834.0
Gross Value Added at Constant Basic Prices (Seasonally Adjusted),2003Q3,Statistical Discrepancy,
Gross Value Added at Constant Basic Prices (Seasonally Adjusted),2003Q3,All Sectors,44106.0
Gross Value Added at Constant Basic Prices (Seasonally Adjusted),2003Q4,"Agriculture, Forestry and Fishing",710.0
Gross Value Added at Constant Basic Prices (Seasonally Adjusted),2003Q4,Industry (excl. Construction),14804.0
Gross Value Added at Constant Basic Prices (Seasonally Adjusted),2003Q4,Industry - of which Manufacturing,13526.0
Gross Value Added at Constant Basic Prices (Seasonally Adjusted),2003Q4,Construction,4247.0
Gross Value Added at Constant Basic Prices (Seasonally Adjusted),2003Q4,"Distribution, Transport, Hotels and Restaurants",8697.0
Gross Value Added at Constant Basic Prices (Seasonally Adjusted),2003Q4,Information and Communication,2071.0
Gross Value Added at Constant Basic Prices (Seasonally Adjusted),2003Q4,Financial and Insurance Activities,4081.0
Gross Value Added at Constant Basic Prices (Seasonally Adjusted),2003Q4,Real Estate Activities,6379.0
Gross Value Added at Constant Basic Prices (Seasonally Adjusted),2003Q4,"Professional, Admin and Support Services",3948.0
Gross Value Added at Constant Basic Prices (Seasonally Adjusted),2003Q4,"Public Admin, Education and Health",7189.0
Gross Value Added at Constant Basic Prices (Seasonally Adjusted),2003Q4,"Arts, Entertainment and Other Services",855.0
Gross Value Added at Constant Basic Prices (Seasonally Adjusted),2003Q4,Statistical Discrepancy,
Gross Value Added at Constant Basic Prices (Seasonally Adjusted),2003Q4,All Sectors,47700.0
Gross Value Added at Constant Basic Prices (Seasonally Adjusted),2004Q1,"Agriculture, Forestry and Fishing",779.0
Gross Value Added at Constant Basic Prices (Seasonally Adjusted),2004Q1,Industry (excl. Construction),13557.0
Gross Value Added at Constant Basic Prices (Seasonally Adjusted),2004Q1,Industry - of which Manufacturing,12260.0
Gross Value Added at Constant Basic Prices (Seasonally Adjusted),2004Q1,Construction,4284.0
Gross Value Added at Constant Basic Prices (Seasonally Adjusted),2004Q1,"Distribution, Transport, Hotels and Restaurants",8690.0
Gross Value Added at Constant Basic Prices (Seasonally Adjusted),2004Q1,Information and Communication,2274.0
Gross Value Added at Constant Basic Prices (Seasonally Adjusted),2004Q1,Financial and Insurance Activities,4565.0
Gross Value Added at Constant Basic Prices (Seasonally Adjusted),2004Q1,Real Estate Activities,6081.0
Gross Value Added at Constant Basic Prices (Seasonally Adjusted),2004Q1,"Professional, Admin and Support Services",4033.0
Gross Value Added at Constant Basic Prices (Seasonally Adjusted),2004Q1,"Public Admin, Education and Health",7431.0
Gross Value Added at Constant Basic Prices (Seasonally Adjusted),2004Q1,"Arts, Entertainment and Other Services",854.0
Gross Value Added at Constant Basic Prices (Seasonally Adjusted),2004Q1,Statistical Discrepancy,
Gross Value Added at Constant Basic Prices (Seasonally Adjusted),2004Q1,All Sectors,47313.0
Gross Value Added at Constant Basic Prices (Seasonally Adjusted),2004Q2,"Agriculture, Forestry and Fishing",774.0
Gross Value Added at Constant Basic Prices (Seasonally Adjusted),2004Q2,Industry (excl. Construction),14558.0
Gross Value Added at Constant Basic Prices (Seasonally Adjusted),2004Q2,Industry - of which Manufacturing,13295.0
Gross Value Added at Constant Basic Prices (Seasonally Adjusted),2004Q2,Construction,4404.0
Gross Value Added at Constant Basic Prices (Seasonally Adjusted),2004Q2,"Distribution, Transport, Hotels and Restaurants",8718.0
Gross Value Added at Constant Basic Prices (Seasonally Adjusted),2004Q2,Information and Communication,2365.0
Gross Value Added at Constant Basic Prices (Seasonally Adjusted),2004Q2,Financial and Insurance Activities,4602.0
Gross Value Added at Constant Basic Prices (Seasonally Adjusted),2004Q2,Real Estate Activities,6128.0
Gross Value Added at Constant Basic Prices (Seasonally Adjusted),2004Q2,"Professional, Admin and Support Services",4063.0
Gross Value Added at Constant Basic Prices (Seasonally Adjusted),2004Q2,"Public Admin, Education and Health",7410.0
Gross Value Added at Constant Basic Prices (Seasonally Adjusted),2004Q2,"Arts, Entertainment and Other Services",873.0
Gross Value Added at Constant Basic Prices (Seasonally Adjusted),2004Q2,Statistical Discrepancy,
Gross Value Added at Constant Basic Prices (Seasonally Adjusted),2004Q2,All Sectors,49023.0
Gross Value Added at Constant Basic Prices (Seasonally Adjusted),2004Q3,"Agriculture, Forestry and Fishing",784.0
Gross Value Added at Constant Basic Prices (Seasonally Adjusted),2004Q3,Industry (excl. Construction),11535.0
Gross Value Added at Constant Basic Prices (Seasonally Adjusted),2004Q3,Industry - of which Manufacturing,10343.0
Gross Value Added at Constant Basic Prices (Seasonally Adjusted),2004Q3,Construction,4329.0
Gross Value Added at Constant Basic Prices (Seasonally Adjusted),2004Q3,"Distribution, Transport, Hotels and Restaurants",8851.0
Gross Value Added at Constant Basic Prices (Seasonally Adjusted),2004Q3,Information and Communication,2392.0
Gross Value Added at Constant Basic Prices (Seasonally Adjusted),2004Q3,Financial and Insurance Activities,4640.0
Gross Value Added at Constant Basic Prices (Seasonally Adjusted),2004Q3,Real Estate Activities,6002.0
Gross Value Added at Constant Basic Prices (Seasonally Adjusted),2004Q3,"Professional, Admin and Support Services",4283.0
Gross Value Added at Constant Basic Prices (Seasonally Adjusted),2004Q3,"Public Admin, Education and Health",7469.0
Gross Value Added at Constant Basic Prices (Seasonally Adjusted),2004Q3,"Arts, Entertainment and Other Services",896.0
Gross Value Added at Constant Basic Prices (Seasonally Adjusted),2004Q3,Statistical Discrepancy,
Gross Value Added at Constant Basic Prices (Seasonally Adjusted),2004Q3,All Sectors,47189.0
Gross Value Added at Constant Basic Prices (Seasonally Adjusted),2004Q4,"Agriculture, Forestry and Fishing",711.0
Gross Value Added at Constant Basic Prices (Seasonally Adjusted),2004Q4,Industry (excl. Construction),13849.0
Gross Value Added at Constant Basic Prices (Seasonally Adjusted),2004Q4,Industry - of which Manufacturing,12568.0
Gross Value Added at Constant Basic Prices (Seasonally Adjusted),2004Q4,Construction,4532.0
Gross Value Added at Constant Basic Prices (Seasonally Adjusted),2004Q4,"Distribution, Transport, Hotels and Restaurants",8902.0
Gross Value Added at Constant Basic Prices (Seasonally Adjusted),2004Q4,Information and Communication,2511.0
Gross Value Added at Constant Basic Prices (Seasonally Adjusted),2004Q4,Financial and Insurance Activities,4756.0
Gross Value Added at Constant Basic Prices (Seasonally Adjusted),2004Q4,Real Estate Activities,6216.0
Gross Value Added at Constant Basic Prices (Seasonally Adjusted),2004Q4,"Professional, Admin and Support Services",4621.0
Gross Value Added at Constant Basic Prices (Seasonally Adjusted),2004Q4,"Public Admin, Education and Health",7573.0
Gross Value Added at Constant Basic Prices (Seasonally Adjusted),2004Q4,"Arts, Entertainment and Other Services",911.0
Gross Value Added at Constant Basic Prices (Seasonally Adjusted),2004Q4,Statistical Discrepancy,
Gross Value Added at Constant Basic Prices (Seasonally Adjusted),2004Q4,All Sectors,49374.0
Gross Value Added at Constant Basic Prices (Seasonally Adjusted),2005Q1,"Agriculture, Forestry and Fishing",634.0
Gross Value Added at Constant Basic Prices (Seasonally Adjusted),2005Q1,Industry (excl. Construction),14393.0
Gross Value Added at Constant Basic Prices (Seasonally Adjusted),2005Q1,Industry - of which Manufacturing,12984.0
Gross Value Added at Constant Basic Prices (Seasonally Adjusted),2005Q1,Construction,4592.0
Gross Value Added at Constant Basic Prices (Seasonally Adjusted),2005Q1,"Distribution, Transport, Hotels and Restaurants",9094.0
Gross Value Added at Constant Basic Prices (Seasonally Adjusted),2005Q1,Information and Communication,2546.0
Gross Value Added at Constant Basic Prices (Seasonally Adjusted),2005Q1,Financial and Insurance Activities,4763.0
Gross Value Added at Constant Basic Prices (Seasonally Adjusted),2005Q1,Real Estate Activities,6215.0
Gross Value Added at Constant Basic Prices (Seasonally Adjusted),2005Q1,"Professional, Admin and Support Services",4872.0
Gross Value Added at Constant Basic Prices (Seasonally Adjusted),2005Q1,"Public Admin, Education and Health",7684.0
Gross Value Added at Constant Basic Prices (Seasonally Adjusted),2005Q1,"Arts, Entertainment and Other Services",889.0
Gross Value Added at Constant Basic Prices (Seasonally Adjusted),2005Q1,Statistical Discrepancy,
Gross Value Added at Constant Basic Prices (Seasonally Adjusted),2005Q1,All Sectors,49826.0
Gross Value Added at Constant Basic Prices (Seasonally Adjusted),2005Q2,"Agriculture, Forestry and Fishing",630.0
Gross Value Added at Constant Basic Prices (Seasonally Adjusted),2005Q2,Industry (excl. Construction),14727.0
Gross Value Added at Constant Basic Prices (Seasonally Adjusted),2005Q2,Industry - of which Manufacturing,13487.0
Gross Value Added at Constant Basic Prices (Seasonally Adjusted),2005Q2,Construction,4876.0
Gross Value Added at Constant Basic Prices (Seasonally Adjusted),2005Q2,"Distribution, Transport, Hotels and Restaurants",9184.0
Gross Value Added at Constant Basic Prices (Seasonally Adjusted),2005Q2,Information and Communication,2684.0
Gross Value Added at Constant Basic Prices (Seasonally Adjusted),2005Q2,Financial and Insurance Activities,4746.0
Gross Value Added at Constant Basic Prices (Seasonally Adjusted),2005Q2,Real Estate Activities,6169.0
Gross Value Added at Constant Basic Prices (Seasonally Adjusted),2005Q2,"Professional, Admin and Support Services",5202.0
Gross Value Added at Constant Basic Prices (Seasonally Adjusted),2005Q2,"Public Admin, Education and Health",7734.0
Gross Value Added at Constant Basic Prices (Seasonally Adjusted),2005Q2,"Arts, Entertainment and Other Services",898.0
Gross Value Added at Constant Basic Prices (Seasonally Adjusted),2005Q2,Statistical Discrepancy,
Gross Value Added at Constant Basic Prices (Seasonally Adjusted),2005Q2,All Sectors,50997.0
Gross Value Added at Constant Basic Prices (Seasonally Adjusted),2005Q3,"Agriculture, Forestry and Fishing",548.0
Gross Value Added at Constant Basic Prices (Seasonally Adjusted),2005Q3,Industry (excl. Construction),12480.0
Gross Value Added at Constant Basic Prices (Seasonally Adjusted),2005Q3,Industry - of which Manufacturing,11335.0
Gross Value Added at Constant Basic Prices (Seasonally Adjusted),2005Q3,Construction,4935.0
Gross Value Added at Constant Basic Prices (Seasonally Adjusted),2005Q3,"Distribution, Transport, Hotels and Restaurants",9248.0
Gross Value Added at Constant Basic Prices (Seasonally Adjusted),2005Q3,Information and Communication,2705.0
Gross Value Added at Constant Basic Prices (Seasonally Adjusted),2005Q3,Financial and Insurance Activities,4779.0
Gross Value Added at Constant Basic Prices (Seasonally Adjusted),2005Q3,Real Estate Activities,6361.0
Gross Value Added at Constant Basic Prices (Seasonally Adjusted),2005Q3,"Professional, Admin and Support Services",5208.0
Gross Value Added at Constant Basic Prices (Seasonally Adjusted),2005Q3,"Public Admin, Education and Health",7751.0
Gross Value Added at Constant Basic Prices (Seasonally Adjusted),2005Q3,"Arts, Entertainment and Other Services",934.0
Gross Value Added at Constant Basic Prices (Seasonally Adjusted),2005Q3,Statistical Discrepancy,
Gross Value Added at Constant Basic Prices (Seasonally Adjusted),2005Q3,All Sectors,48973.0
Gross Value Added at Constant Basic Prices (Seasonally Adjusted),2005Q4,"Agriculture, Forestry and Fishing",518.0
Gross Value Added at Constant Basic Prices (Seasonally Adjusted),2005Q4,Industry (excl. Construction),14841.0
Gross Value Added at Constant Basic Prices (Seasonally Adjusted),2005Q4,Industry - of which Manufacturing,13433.0
Gross Value Added at Constant Basic Prices (Seasonally Adjusted),2005Q4,Construction,4998.0
Gross Value Added at Constant Basic Prices (Seasonally Adjusted),2005Q4,"Distribution, Transport, Hotels and Restaurants",9311.0
Gross Value Added at Constant Basic Prices (Seasonally Adjusted),2005Q4,Information and Communication,2730.0
Gross Value Added at Constant Basic Prices (Seasonally Adjusted),2005Q4,Financial and Insurance Activities,4965.0
Gross Value Added at Constant Basic Prices (Seasonally Adjusted),2005Q4,Real Estate Activities,6893.0
Gross Value Added at Constant Basic Prices (Seasonally Adjusted),2005Q4,"Professional, Admin and Support Services",4953.0
Gross Value Added at Constant Basic Prices (Seasonally Adjusted),2005Q4,"Public Admin, Education and Health",7873.0
Gross Value Added at Constant Basic Prices (Seasonally Adjusted),2005Q4,"Arts, Entertainment and Other Services",957.0
Gross Value Added at Constant Basic Prices (Seasonally Adjusted),2005Q4,Statistical Discrepancy,
Gross Value Added at Constant Basic Prices (Seasonally Adjusted),2005Q4,All Sectors,52291.0
Gross Value Added at Constant Basic Prices (Seasonally Adjusted),2006Q1,"Agriculture, Forestry and Fishing",561.0
Gross Value Added at Constant Basic Prices (Seasonally Adjusted),2006Q1,Industry (excl. Construction),14078.0
Gross Value Added at Constant Basic Prices (Seasonally Adjusted),2006Q1,Industry - of which Manufacturing,12678.0
Gross Value Added at Constant Basic Prices (Seasonally Adjusted),2006Q1,Construction,5109.0
Gross Value Added at Constant Basic Prices (Seasonally Adjusted),2006Q1,"Distribution, Transport, Hotels and Restaurants",9583.0
Gross Value Added at Constant Basic Prices (Seasonally Adjusted),2006Q1,Information and Communication,2728.0
Gross Value Added at Constant Basic Prices (Seasonally Adjusted),2006Q1,Financial and Insurance Activities,5270.0
Gross Value Added at Constant Basic Prices (Seasonally Adjusted),2006Q1,Real Estate Activities,7137.0
Gross Value Added at Constant Basic Prices (Seasonally Adjusted),2006Q1,"Professional, Admin and Support Services",4630.0
Gross Value Added at Constant Basic Prices (Seasonally Adjusted),2006Q1,"Public Admin, Education and Health",7953.0
Gross Value Added at Constant Basic Prices (Seasonally Adjusted),2006Q1,"Arts, Entertainment and Other Services",1020.0
Gross Value Added at Constant Basic Prices (Seasonally Adjusted),2006Q1,Statistical Discrepancy,
Gross Value Added at Constant Basic Prices (Seasonally Adjusted),2006Q1,All Sectors,52012.0
Gross Value Added at Constant Basic Prices (Seasonally Adjusted),2006Q2,"Agriculture, Forestry and Fishing",531.0
Gross Value Added at Constant Basic Prices (Seasonally Adjusted),2006Q2,Industry (excl. Construction),16337.0
Gross Value Added at Constant Basic Prices (Seasonally Adjusted),2006Q2,Industry - of which Manufacturing,15025.0
Gross Value Added at Constant Basic Prices (Seasonally Adjusted),2006Q2,Construction,4992.0
Gross Value Added at Constant Basic Prices (Seasonally Adjusted),2006Q2,"Distribution, Transport, Hotels and Restaurants",9701.0
Gross Value Added at Constant Basic Prices (Seasonally Adjusted),2006Q2,Information and Communication,2762.0
Gross Value Added at Constant Basic Prices (Seasonally Adjusted),2006Q2,Financial and Insurance Activities,5350.0
Gross Value Added at Constant Basic Prices (Seasonally Adjusted),2006Q2,Real Estate Activities,6925.0
Gross Value Added at Constant Basic Prices (Seasonally Adjusted),2006Q2,"Professional, Admin and Support Services",4346.0
Gross Value Added at Constant Basic Prices (Seasonally Adjusted),2006Q2,"Public Admin, Education and Health",8078.0
Gross Value Added at Constant Basic Prices (Seasonally Adjusted),2006Q2,"Arts, Entertainment and Other Services",1037.0
Gross Value Added at Constant Basic Prices (Seasonally Adjusted),2006Q2,Statistical Discrepancy,
Gross Value Added at Constant Basic Prices (Seasonally Adjusted),2006Q2,All Sectors,52836.0
Gross Value Added at Constant Basic Prices (Seasonally Adjusted),2006Q3,"Agriculture, Forestry and Fishing",378.0
Gross Value Added at Constant Basic Prices (Seasonally Adjusted),2006Q3,Industry (excl. Construction),13343.0
Gross Value Added at Constant Basic Prices (Seasonally Adjusted),2006Q3,Industry - of which Manufacturing,12113.0
Gross Value Added at Constant Basic Prices (Seasonally Adjusted),2006Q3,Construction,5125.0
Gross Value Added at Constant Basic Prices (Seasonally Adjusted),2006Q3,"Distribution, Transport, Hotels and Restaurants",9720.0
Gross Value Added at Constant Basic Prices (Seasonally Adjusted),2006Q3,Information and Communication,3246.0
Gross Value Added at Constant Basic Prices (Seasonally Adjusted),2006Q3,Financial and Insurance Activities,5267.0
Gross Value Added at Constant Basic Prices (Seasonally Adjusted),2006Q3,Real Estate Activities,7152.0
Gross Value Added at Constant Basic Prices (Seasonally Adjusted),2006Q3,"Professional, Admin and Support Services",4263.0
Gross Value Added at Constant Basic Prices (Seasonally Adjusted),2006Q3,"Public Admin, Education and Health",8251.0
Gross Value Added at Constant Basic Prices (Seasonally Adjusted),2006Q3,"Arts, Entertainment and Other Services",1023.0
Gross Value Added at Constant Basic Prices (Seasonally Adjusted),2006Q3,Statistical Discrepancy,
Gross Value Added at Constant Basic Prices (Seasonally Adjusted),2006Q3,All Sectors,52223.0
Gross Value Added at Constant Basic Prices (Seasonally Adjusted),2006Q4,"Agriculture, Forestry and Fishing",543.0
Gross Value Added at Constant Basic Prices (Seasonally Adjusted),2006Q4,Industry (excl. Construction),13938.0
Gross Value Added at Constant Basic Prices (Seasonally Adjusted),2006Q4,Industry - of which Manufacturing,12510.0
Gross Value Added at Constant Basic Prices (Seasonally Adjusted),2006Q4,Construction,5067.0
Gross Value Added at Constant Basic Prices (Seasonally Adjusted),2006Q4,"Distribution, Transport, Hotels and Restaurants",10124.0
Gross Value Added at Constant Basic Prices (Seasonally Adjusted),2006Q4,Information and Communication,3276.0
Gross Value Added at Constant Basic Prices (Seasonally Adjusted),2006Q4,Financial and Insurance Activities,5497.0
Gross Value Added at Constant Basic Prices (Seasonally Adjusted),2006Q4,Real Estate Activities,7192.0
Gross Value Added at Constant Basic Prices (Seasonally Adjusted),2006Q4,"Professional, Admin and Support Services",4457.0
Gross Value Added at Constant Basic Prices (Seasonally Adjusted),2006Q4,"Public Admin, Education and Health",8332.0
Gross Value Added at Constant Basic Prices (Seasonally Adjusted),2006Q4,"Arts, Entertainment and Other Services",1072.0
Gross Value Added at Constant Basic Prices (Seasonally Adjusted),2006Q4,Statistical Discrepancy,
Gross Value Added at Constant Basic Prices (Seasonally Adjusted),2006Q4,All Sectors,53284.0
Gross Value Added at Constant Basic Prices (Seasonally Adjusted),2007Q1,"Agriculture, Forestry and Fishing",575.0
Gross Value Added at Constant Basic Prices (Seasonally Adjusted),2007Q1,Industry (excl. Construction),15860.0
Gross Value Added at Constant Basic Prices (Seasonally Adjusted),2007Q1,Industry - of which Manufacturing,14434.0
Gross Value Added at Constant Basic Prices (Seasonally Adjusted),2007Q1,Construction,5303.0
Gross Value Added at Constant Basic Prices (Seasonally Adjusted),2007Q1,"Distribution, Transport, Hotels and Restaurants",10631.0
Gross Value Added at Constant Basic Prices (Seasonally Adjusted),2007Q1,Information and Communication,3699.0
Gross Value Added at Constant Basic Prices (Seasonally Adjusted),2007Q1,Financial and Insurance Activities,5388.0
Gross Value Added at Constant Basic Prices (Seasonally Adjusted),2007Q1,Real Estate Activities,7004.0
Gross Value Added at Constant Basic Prices (Seasonally Adjusted),2007Q1,"Professional, Admin and Support Services",5044.0
Gross Value Added at Constant Basic Prices (Seasonally Adjusted),2007Q1,"Public Admin, Education and Health",8557.0
Gross Value Added at Constant Basic Prices (Seasonally Adjusted),2007Q1,"Arts, Entertainment and Other Services",1048.0
Gross Value Added at Constant Basic Prices (Seasonally Adjusted),2007Q1,Statistical Discrepancy,
Gross Value Added at Constant Basic Prices (Seasonally Adjusted),2007Q1,All Sectors,56304.0
Gross Value Added at Constant Basic Prices (Seasonally Adjusted),2007Q2,"Agriculture, Forestry and Fishing",579.0
Gross Value Added at Constant Basic Prices (Seasonally Adjusted),2007Q2,Industry (excl. Construction),15479.0
Gross Value Added at Constant Basic Prices (Seasonally Adjusted),2007Q2,Industry - of which Manufacturing,14166.0
Gross Value Added at Constant Basic Prices (Seasonally Adjusted),2007Q2,Construction,5078.0
Gross Value Added at Constant Basic Prices (Seasonally Adjusted),2007Q2,"Distribution, Transport, Hotels and Restaurants",10790.0
Gross Value Added at Constant Basic Prices (Seasonally Adjusted),2007Q2,Information and Communication,3739.0
Gross Value Added at Constant Basic Prices (Seasonally Adjusted),2007Q2,Financial and Insurance Activities,5543.0
Gross Value Added at Constant Basic Prices (Seasonally Adjusted),2007Q2,Real Estate Activities,7013.0
Gross Value Added at Constant Basic Prices (Seasonally Adjusted),2007Q2,"Professional, Admin and Support Services",5529.0
Gross Value Added at Constant Basic Prices (Seasonally Adjusted),2007Q2,"Public Admin, Education and Health",8568.0
Gross Value Added at Constant Basic Prices (Seasonally Adjusted),2007Q2,"Arts, Entertainment and Other Services",1033.0
Gross Value Added at Constant Basic Prices (Seasonally Adjusted),2007Q2,Statistical Discrepancy,
Gross Value Added at Constant Basic Prices (Seasonally Adjusted),2007Q2,All Sectors,56132.0
Gross Value Added at Constant Basic Prices (Seasonally Adjusted),2007Q3,"Agriculture, Forestry and Fishing",516.0
Gross Value Added at Constant Basic Prices (Seasonally Adjusted),2007Q3,Industry (excl. Construction),14159.0
Gross Value Added at Constant Basic Prices (Seasonally Adjusted),2007Q3,Industry - of which Manufacturing,12836.0
Gross Value Added at Constant Basic Prices (Seasonally Adjusted),2007Q3,Construction,5003.0
Gross Value Added at Constant Basic Prices (Seasonally Adjusted),2007Q3,"Distribution, Transport, Hotels and Restaurants",10856.0
Gross Value Added at Constant Basic Prices (Seasonally Adjusted),2007Q3,Information and Communication,3205.0
Gross Value Added at Constant Basic Prices (Seasonally Adjusted),2007Q3,Financial and Insurance Activities,5820.0
Gross Value Added at Constant Basic Prices (Seasonally Adjusted),2007Q3,Real Estate Activities,6805.0
Gross Value Added at Constant Basic Prices (Seasonally Adjusted),2007Q3,"Professional, Admin and Support Services",5852.0
Gross Value Added at Constant Basic Prices (Seasonally Adjusted),2007Q3,"Public Admin, Education and Health",8672.0
Gross Value Added at Constant Basic Prices (Seasonally Adjusted),2007Q3,"Arts, Entertainment and Other Services",1093.0
Gross Value Added at Constant Basic Prices (Seasonally Adjusted),2007Q3,Statistical Discrepancy,
Gross Value Added at Constant Basic Prices (Seasonally Adjusted),2007Q3,All Sectors,53971.0
Gross Value Added at Constant Basic Prices (Seasonally Adjusted),2007Q4,"Agriculture, Forestry and Fishing",517.0
Gross Value Added at Constant Basic Prices (Seasonally Adjusted),2007Q4,Industry (excl. Construction),15404.0
Gross Value Added at Constant Basic Prices (Seasonally Adjusted),2007Q4,Industry - of which Manufacturing,13971.0
Gross Value Added at Constant Basic Prices (Seasonally Adjusted),2007Q4,Construction,5076.0
Gross Value Added at Constant Basic Prices (Seasonally Adjusted),2007Q4,"Distribution, Transport, Hotels and Restaurants",10901.0
Gross Value Added at Constant Basic Prices (Seasonally Adjusted),2007Q4,Information and Communication,3521.0
Gross Value Added at Constant Basic Prices (Seasonally Adjusted),2007Q4,Financial and Insurance Activities,5408.0
Gross Value Added at Constant Basic Prices (Seasonally Adjusted),2007Q4,Real Estate Activities,7191.0
Gross Value Added at Constant Basic Prices (Seasonally Adjusted),2007Q4,"Professional, Admin and Support Services",5930.0
Gross Value Added at Constant Basic Prices (Seasonally Adjusted),2007Q4,"Public Admin, Education and Health",8683.0
Gross Value Added at Constant Basic Prices (Seasonally Adjusted),2007Q4,"Arts, Entertainment and Other Services",1042.0
Gross Value Added at Constant Basic Prices (Seasonally Adjusted),2007Q4,Statistical Discrepancy,
Gross Value Added at Constant Basic Prices (Seasonally Adjusted),2007Q4,All Sectors,56948.0
Gross Value Added at Constant Basic Prices (Seasonally Adjusted),2008Q1,"Agriculture, Forestry and Fishing",571.0
Gross Value Added at Constant Basic Prices (Seasonally Adjusted),2008Q1,Industry (excl. Construction),14949.0
Gross Value Added at Constant Basic Prices (Seasonally Adjusted),2008Q1,Industry - of which Manufacturing,13496.0
Gross Value Added at Constant Basic Prices (Seasonally Adjusted),2008Q1,Construction,5224.0
Gross Value Added at Constant Basic Prices (Seasonally Adjusted),2008Q1,"Distribution, Transport, Hotels and Restaurants",10862.0
Gross Value Added at Constant Basic Prices (Seasonally Adjusted),2008Q1,Information and Communication,3714.0
Gross Value Added at Constant Basic Prices (Seasonally Adjusted),2008Q1,Financial and Insurance Activities,5757.0
Gross Value Added at Constant Basic Prices (Seasonally Adjusted),2008Q1,Real Estate Activities,6699.0
Gross Value Added at Constant Basic Prices (Seasonally Adjusted),2008Q1,"Professional, Admin and Support Services",5867.0
Gross Value Added at Constant Basic Prices (Seasonally Adjusted),2008Q1,"Public Admin, Education and Health",8706.0
Gross Value Added at Constant Basic Prices (Seasonally Adjusted),2008Q1,"Arts, Entertainment and Other Services",1061.0
Gross Value Added at Constant Basic Prices (Seasonally Adjusted),2008Q1,Statistical Discrepancy,
Gross Value Added at Constant Basic Prices (Seasonally Adjusted),2008Q1,All Sectors,56177.0
Gross Value Added at Constant Basic Prices (Seasonally Adjusted),2008Q2,"Agriculture, Forestry and Fishing",495.0
Gross Value Added at Constant Basic Prices (Seasonally Adjusted),2008Q2,Industry (excl. Construction),15304.0
Gross Value Added at Constant Basic Prices (Seasonally Adjusted),2008Q2,Industry - of which Manufacturing,13926.0
Gross Value Added at Constant Basic Prices (Seasonally Adjusted),2008Q2,Construction,4990.0
Gross Value Added at Constant Basic Prices (Seasonally Adjusted),2008Q2,"Distribution, Transport, Hotels and Restaurants",10601.0
Gross Value Added at Constant Basic Prices (Seasonally Adjusted),2008Q2,Information and Communication,3882.0
Gross Value Added at Constant Basic Prices (Seasonally Adjusted),2008Q2,Financial and Insurance Activities,5521.0
Gross Value Added at Constant Basic Prices (Seasonally Adjusted),2008Q2,Real Estate Activities,6454.0
Gross Value Added at Constant Basic Prices (Seasonally Adjusted),2008Q2,"Professional, Admin and Support Services",5804.0
Gross Value Added at Constant Basic Prices (Seasonally Adjusted),2008Q2,"Public Admin, Education and Health",8849.0
Gross Value Added at Constant Basic Prices (Seasonally Adjusted),2008Q2,"Arts, Entertainment and Other Services",1080.0
Gross Value Added at Constant Basic Prices (Seasonally Adjusted),2008Q2,Statistical Discrepancy,
Gross Value Added at Constant Basic Prices (Seasonally Adjusted),2008Q2,All Sectors,55130.0
Gross Value Added at Constant Basic Prices (Seasonally Adjusted),2008Q3,"Agriculture, Forestry and Fishing",645.0
Gross Value Added at Constant Basic Prices (Seasonally Adjusted),2008Q3,Industry (excl. Construction),13390.0
Gross Value Added at Constant Basic Prices (Seasonally Adjusted),2008Q3,Industry - of which Manufacturing,12104.0
Gross Value Added at Constant Basic Prices (Seasonally Adjusted),2008Q3,Construction,4746.0
Gross Value Added at Constant Basic Prices (Seasonally Adjusted),2008Q3,"Distribution, Transport, Hotels and Restaurants",10395.0
Gross Value Added at Constant Basic Prices (Seasonally Adjusted),2008Q3,Information and Communication,4283.0
Gross Value Added at Constant Basic Prices (Seasonally Adjusted),2008Q3,Financial and Insurance Activities,5621.0
Gross Value Added at Constant Basic Prices (Seasonally Adjusted),2008Q3,Real Estate Activities,6116.0
Gross Value Added at Constant Basic Prices (Seasonally Adjusted),2008Q3,"Professional, Admin and Support Services",5817.0
Gross Value Added at Constant Basic Prices (Seasonally Adjusted),2008Q3,"Public Admin, Education and Health",8809.0
Gross Value Added at Constant Basic Prices (Seasonally Adjusted),2008Q3,"Arts, Entertainment and Other Services",1047.0
Gross Value Added at Constant Basic Prices (Seasonally Adjusted),2008Q3,Statistical Discrepancy,
Gross Value Added at Constant Basic Prices (Seasonally Adjusted),2008Q3,All Sectors,54583.0
Gross Value Added at Constant Basic Prices (Seasonally Adjusted),2008Q4,"Agriculture, Forestry and Fishing",587.0
Gross Value Added at Constant Basic Prices (Seasonally Adjusted),2008Q4,Industry (excl. Construction),12107.0
Gross Value Added at Constant Basic Prices (Seasonally Adjusted),2008Q4,Industry - of which Manufacturing,10574.0
Gross Value Added at Constant Basic Prices (Seasonally Adjusted),2008Q4,Construction,4293.0
Gross Value Added at Constant Basic Prices (Seasonally Adjusted),2008Q4,"Distribution, Transport, Hotels and Restaurants",9942.0
Gross Value Added at Constant Basic Prices (Seasonally Adjusted),2008Q4,Information and Communication,4065.0
Gross Value Added at Constant Basic Prices (Seasonally Adjusted),2008Q4,Financial and Insurance Activities,5489.0
Gross Value Added at Constant Basic Prices (Seasonally Adjusted),2008Q4,Real Estate Activities,5898.0
Gross Value Added at Constant Basic Prices (Seasonally Adjusted),2008Q4,"Professional, Admin and Support Services",5701.0
Gross Value Added at Constant Basic Prices (Seasonally Adjusted),2008Q4,"Public Admin, Education and Health",9037.0
Gross Value Added at Constant Basic Prices (Seasonally Adjusted),2008Q4,"Arts, Entertainment and Other Services",984.0
Gross Value Added at Constant Basic Prices (Seasonally Adjusted),2008Q4,Statistical Discrepancy,
Gross Value Added at Constant Basic Prices (Seasonally Adjusted),2008Q4,All Sectors,52550.0
Gross Value Added at Constant Basic Prices (Seasonally Adjusted),2009Q1,"Agriculture, Forestry and Fishing",461.0
Gross Value Added at Constant Basic Prices (Seasonally Adjusted),2009Q1,Industry (excl. Construction),14551.0
Gross Value Added at Constant Basic Prices (Seasonally Adjusted),2009Q1,Industry - of which Manufacturing,13146.0
Gross Value Added at Constant Basic Prices (Seasonally Adjusted),2009Q1,Construction,3970.0
Gross Value Added at Constant Basic Prices (Seasonally Adjusted),2009Q1,"Distribution, Transport, Hotels and Restaurants",9233.0
Gross Value Added at Constant Basic Prices (Seasonally Adjusted),2009Q1,Information and Communication,4034.0
Gross Value Added at Constant Basic Prices (Seasonally Adjusted),2009Q1,Financial and Insurance Activities,5388.0
Gross Value Added at Constant Basic Prices (Seasonally Adjusted),2009Q1,Real Estate Activities,5913.0
Gross Value Added at Constant Basic Prices (Seasonally Adjusted),2009Q1,"Professional, Admin and Support Services",5493.0
Gross Value Added at Constant Basic Prices (Seasonally Adjusted),2009Q1,"Public Admin, Education and Health",8795.0
Gross Value Added at Constant Basic Prices (Seasonally Adjusted),2009Q1,"Arts, Entertainment and Other Services",1035.0
Gross Value Added at Constant Basic Prices (Seasonally Adjusted),2009Q1,Statistical Discrepancy,
Gross Value Added at Constant Basic Prices (Seasonally Adjusted),2009Q1,All Sectors,53630.0
Gross Value Added at Constant Basic Prices (Seasonally Adjusted),2009Q2,"Agriculture, Forestry and Fishing",496.0
Gross Value Added at Constant Basic Prices (Seasonally Adjusted),2009Q2,Industry (excl. Construction),14666.0
Gross Value Added at Constant Basic Prices (Seasonally Adjusted),2009Q2,Industry - of which Manufacturing,13439.0
Gross Value Added at Constant Basic Prices (Seasonally Adjusted),2009Q2,Construction,3671.0
Gross Value Added at Constant Basic Prices (Seasonally Adjusted),2009Q2,"Distribution, Transport, Hotels and Restaurants",9183.0
Gross Value Added at Constant Basic Prices (Seasonally Adjusted),2009Q2,Information and Communication,4177.0
Gross Value Added at Constant Basic Prices (Seasonally Adjusted),2009Q2,Financial and Insurance Activities,5460.0
Gross Value Added at Constant Basic Prices (Seasonally Adjusted),2009Q2,Real Estate Activities,5759.0
Gross Value Added at Constant Basic Prices (Seasonally Adjusted),2009Q2,"Professional, Admin and Support Services",5426.0
Gross Value Added at Constant Basic Prices (Seasonally Adjusted),2009Q2,"Public Admin, Education and Health",8812.0
Gross Value Added at Constant Basic Prices (Seasonally Adjusted),2009Q2,"Arts, Entertainment and Other Services",1044.0
Gross Value Added at Constant Basic Prices (Seasonally Adjusted),2009Q2,Statistical Discrepancy,
Gross Value Added at Constant Basic Prices (Seasonally Adjusted),2009Q2,All Sectors,53566.0
Gross Value Added at Constant Basic Prices (Seasonally Adjusted),2009Q3,"Agriculture, Forestry and Fishing",432.0
Gross Value Added at Constant Basic Prices (Seasonally Adjusted),2009Q3,Industry (excl. Construction),12086.0
Gross Value Added at Constant Basic Prices (Seasonally Adjusted),2009Q3,Industry - of which Manufacturing,10899.0
Gross Value Added at Constant Basic Prices (Seasonally Adjusted),2009Q3,Construction,3309.0
Gross Value Added at Constant Basic Prices (Seasonally Adjusted),2009Q3,"Distribution, Transport, Hotels and Restaurants",9181.0
Gross Value Added at Constant Basic Prices (Seasonally Adjusted),2009Q3,Information and Communication,4629.0
Gross Value Added at Constant Basic Prices (Seasonally Adjusted),2009Q3,Financial and Insurance Activities,5486.0
Gross Value Added at Constant Basic Prices (Seasonally Adjusted),2009Q3,Real Estate Activities,5738.0
Gross Value Added at Constant Basic Prices (Seasonally Adjusted),2009Q3,"Professional, Admin and Support Services",5420.0
Gross Value Added at Constant Basic Prices (Seasonally Adjusted),2009Q3,"Public Admin, Education and Health",8803.0
Gross Value Added at Constant Basic Prices (Seasonally Adjusted),2009Q3,"Arts, Entertainment and Other Services",1002.0
Gross Value Added at Constant Basic Prices (Seasonally Adjusted),2009Q3,Statistical Discrepancy,
Gross Value Added at Constant Basic Prices (Seasonally Adjusted),2009Q3,All Sectors,52352.0
Gross Value Added at Constant Basic Prices (Seasonally Adjusted),2009Q4,"Agriculture, Forestry and Fishing",504.0
Gross Value Added at Constant Basic Prices (Seasonally Adjusted),2009Q4,Industry (excl. Construction),11405.0
Gross Value Added at Constant Basic Prices (Seasonally Adjusted),2009Q4,Industry - of which Manufacturing,10075.0
Gross Value Added at Constant Basic Prices (Seasonally Adjusted),2009Q4,Construction,3034.0
Gross Value Added at Constant Basic Prices (Seasonally Adjusted),2009Q4,"Distribution, Transport, Hotels and Restaurants",9226.0
Gross Value Added at Constant Basic Prices (Seasonally Adjusted),2009Q4,Information and Communication,4114.0
Gross Value Added at Constant Basic Prices (Seasonally Adjusted),2009Q4,Financial and Insurance Activities,4918.0
Gross Value Added at Constant Basic Prices (Seasonally Adjusted),2009Q4,Real Estate Activities,5696.0
Gross Value Added at Constant Basic Prices (Seasonally Adjusted),2009Q4,"Professional, Admin and Support Services",5486.0
Gross Value Added at Constant Basic Prices (Seasonally Adjusted),2009Q4,"Public Admin, Education and Health",8801.0
Gross Value Added at Constant Basic Prices (Seasonally Adjusted),2009Q4,"Arts, Entertainment and Other Services",995.0
Gross Value Added at Constant Basic Prices (Seasonally Adjusted),2009Q4,Statistical Discrepancy,
Gross Value Added at Constant Basic Prices (Seasonally Adjusted),2009Q4,All Sectors,51351.0
Gross Value Added at Constant Basic Prices (Seasonally Adjusted),2010Q1,"Agriculture, Forestry and Fishing",592.0
Gross Value Added at Constant Basic Prices (Seasonally Adjusted),2010Q1,Industry (excl. Construction),14678.0
Gross Value Added at Constant Basic Prices (Seasonally Adjusted),2010Q1,Industry - of which Manufacturing,13354.0
Gross Value Added at Constant Basic Prices (Seasonally Adjusted),2010Q1,Construction,2732.0
Gross Value Added at Constant Basic Prices (Seasonally Adjusted),2010Q1,"Distribution, Transport, Hotels and Restaurants",9147.0
Gross Value Added at Constant Basic Prices (Seasonally Adjusted),2010Q1,Information and Communication,4232.0
Gross Value Added at Constant Basic Prices (Seasonally Adjusted),2010Q1,Financial and Insurance Activities,5708.0
Gross Value Added at Constant Basic Prices (Seasonally Adjusted),2010Q1,Real Estate Activities,5543.0
Gross Value Added at Constant Basic Prices (Seasonally Adjusted),2010Q1,"Professional, Admin and Support Services",5609.0
Gross Value Added at Constant Basic Prices (Seasonally Adjusted),2010Q1,"Public Admin, Education and Health",8822.0
Gross Value Added at Constant Basic Prices (Seasonally Adjusted),2010Q1,"Arts, Entertainment and Other Services",967.0
Gross Value Added at Constant Basic Prices (Seasonally Adjusted),2010Q1,Statistical Discrepancy,
Gross Value Added at Constant Basic Prices (Seasonally Adjusted),2010Q1,All Sectors,53431.0
Gross Value Added at Constant Basic Prices (Seasonally Adjusted),2010Q2,"Agriculture, Forestry and Fishing",623.0
Gross Value Added at Constant Basic Prices (Seasonally Adjusted),2010Q2,Industry (excl. Construction),13673.0
Gross Value Added at Constant Basic Prices (Seasonally Adjusted),2010Q2,Industry - of which Manufacturing,12412.0
Gross Value Added at Constant Basic Prices (Seasonally Adjusted),2010Q2,Construction,2733.0
Gross Value Added at Constant Basic Prices (Seasonally Adjusted),2010Q2,"Distribution, Transport, Hotels and Restaurants",9194.0
Gross Value Added at Constant Basic Prices (Seasonally Adjusted),2010Q2,Information and Communication,4449.0
Gross Value Added at Constant Basic Prices (Seasonally Adjusted),2010Q2,Financial and Insurance Activities,5937.0
Gross Value Added at Constant Basic Prices (Seasonally Adjusted),2010Q2,Real Estate Activities,5491.0
Gross Value Added at Constant Basic Prices (Seasonally Adjusted),2010Q2,"Professional, Admin and Support Services",5508.0
Gross Value Added at Constant Basic Prices (Seasonally Adjusted),2010Q2,"Public Admin, Education and Health",8791.0
Gross Value Added at Constant Basic Prices (Seasonally Adjusted),2010Q2,"Arts, Entertainment and Other Services",936.0
Gross Value Added at Constant Basic Prices (Seasonally Adjusted),2010Q2,Statistical Discrepancy,
Gross Value Added at Constant Basic Prices (Seasonally Adjusted),2010Q2,All Sectors,53856.0
Gross Value Added at Constant Basic Prices (Seasonally Adjusted),2010Q3,"Agriculture, Forestry and Fishing",631.0
Gross Value Added at Constant Basic Prices (Seasonally Adjusted),2010Q3,Industry (excl. Construction),13345.0
Gross Value Added at Constant Basic Prices (Seasonally Adjusted),2010Q3,Industry - of which Manufacturing,12151.0
Gross Value Added at Constant Basic Prices (Seasonally Adjusted),2010Q3,Construction,2550.0
Gross Value Added at Constant Basic Prices (Seasonally Adjusted),2010Q3,"Distribution, Transport, Hotels and Restaurants",9145.0
Gross Value Added at Constant Basic Prices (Seasonally Adjusted),2010Q3,Information and Communication,4583.0
Gross Value Added at Constant Basic Prices (Seasonally Adjusted),2010Q3,Financial and Insurance Activities,5537.0
Gross Value Added at Constant Basic Prices (Seasonally Adjusted),2010Q3,Real Estate Activities,5496.0
Gross Value Added at Constant Basic Prices (Seasonally Adjusted),2010Q3,"Professional, Admin and Support Services",5548.0
Gross Value Added at Constant Basic Prices (Seasonally Adjusted),2010Q3,"Public Admin, Education and Health",8961.0
Gross Value Added at Constant Basic Prices (Seasonally Adjusted),2010Q3,"Arts, Entertainment and Other Services",938.0
Gross Value Added at Constant Basic Prices (Seasonally Adjusted),2010Q3,Statistical Discrepancy,
Gross Value Added at Constant Basic Prices (Seasonally Adjusted),2010Q3,All Sectors,53777.0
Gross Value Added at Constant Basic Prices (Seasonally Adjusted),2010Q4,"Agriculture, Forestry and Fishing",482.0
Gross Value Added at Constant Basic Prices (Seasonally Adjusted),2010Q4,Industry (excl. Construction),13087.0
Gross Value Added at Constant Basic Prices (Seasonally Adjusted),2010Q4,Industry - of which Manufacturing,11753.0
Gross Value Added at Constant Basic Prices (Seasonally Adjusted),2010Q4,Construction,2306.0
Gross Value Added at Constant Basic Prices (Seasonally Adjusted),2010Q4,"Distribution, Transport, Hotels and Restaurants",8994.0
Gross Value Added at Constant Basic Prices (Seasonally Adjusted),2010Q4,Information and Communication,5042.0
Gross Value Added at Constant Basic Prices (Seasonally Adjusted),2010Q4,Financial and Insurance Activities,5526.0
Gross Value Added at Constant Basic Prices (Seasonally Adjusted),2010Q4,Real Estate Activities,5388.0
Gross Value Added at Constant Basic Prices (Seasonally Adjusted),2010Q4,"Professional, Admin and Support Services",6266.0
Gross Value Added at Constant Basic Prices (Seasonally Adjusted),2010Q4,"Public Admin, Education and Health",8833.0
Gross Value Added at Constant Basic Prices (Seasonally Adjusted),2010Q4,"Arts, Entertainment and Other Services",970.0
Gross Value Added at Constant Basic Prices (Seasonally Adjusted),2010Q4,Statistical Discrepancy,
Gross Value Added at Constant Basic Prices (Seasonally Adjusted),2010Q4,All Sectors,53371.0
Gross Value Added at Constant Basic Prices (Seasonally Adjusted),2011Q1,"Agriculture, Forestry and Fishing",705.0
Gross Value Added at Constant Basic Prices (Seasonally Adjusted),2011Q1,Industry (excl. Construction),14205.0
Gross Value Added at Constant Basic Prices (Seasonally Adjusted),2011Q1,Industry - of which Manufacturing,12946.0
Gross Value Added at Constant Basic Prices (Seasonally Adjusted),2011Q1,Construction,2940.0
Gross Value Added at Constant Basic Prices (Seasonally Adjusted),2011Q1,"Distribution, Transport, Hotels and Restaurants",9128.0
Gross Value Added at Constant Basic Prices (Seasonally Adjusted),2011Q1,Information and Communication,4494.0
Gross Value Added at Constant Basic Prices (Seasonally Adjusted),2011Q1,Financial and Insurance Activities,5475.0
Gross Value Added at Constant Basic Prices (Seasonally Adjusted),2011Q1,Real Estate Activities,5622.0
Gross Value Added at Constant Basic Prices (Seasonally Adjusted),2011Q1,"Professional, Admin and Support Services",6085.0
Gross Value Added at Constant Basic Prices (Seasonally Adjusted),2011Q1,"Public Admin, Education and Health",9097.0
Gross Value Added at Constant Basic Prices (Seasonally Adjusted),2011Q1,"Arts, Entertainment and Other Services",950.0
Gross Value Added at Constant Basic Prices (Seasonally Adjusted),2011Q1,Statistical Discrepancy,
Gross Value Added at Constant Basic Prices (Seasonally Adjusted),2011Q1,All Sectors,54898.0
Gross Value Added at Constant Basic Prices (Seasonally Adjusted),2011Q2,"Agriculture, Forestry and Fishing",692.0
Gross Value Added at Constant Basic Prices (Seasonally Adjusted),2011Q2,Industry (excl. Construction),14784.0
Gross Value Added at Constant Basic Prices (Seasonally Adjusted),2011Q2,Industry - of which Manufacturing,13639.0
Gross Value Added at Constant Basic Prices (Seasonally Adjusted),2011Q2,Construction,2799.0
Gross Value Added at Constant Basic Prices (Seasonally Adjusted),2011Q2,"Distribution, Transport, Hotels and Restaurants",9260.0
Gross Value Added at Constant Basic Prices (Seasonally Adjusted),2011Q2,Information and Communication,4988.0
Gross Value Added at Constant Basic Prices (Seasonally Adjusted),2011Q2,Financial and Insurance Activities,5678.0
Gross Value Added at Constant Basic Prices (Seasonally Adjusted),2011Q2,Real Estate Activities,5563.0
Gross Value Added at Constant Basic Prices (Seasonally Adjusted),2011Q2,"Professional, Admin and Support Services",6285.0
Gross Value Added at Constant Basic Prices (Seasonally Adjusted),2011Q2,"Public Admin, Education and Health",9103.0
Gross Value Added at Constant Basic Prices (Seasonally Adjusted),2011Q2,"Arts, Entertainment and Other Services",913.0
Gross Value Added at Constant Basic Prices (Seasonally Adjusted),2011Q2,Statistical Discrepancy,
Gross Value Added at Constant Basic Prices (Seasonally Adjusted),2011Q2,All Sectors,55737.0
Gross Value Added at Constant Basic Prices (Seasonally Adjusted),2011Q3,"Agriculture, Forestry and Fishing",735.0
Gross Value Added at Constant Basic Prices (Seasonally Adjusted),2011Q3,Industry (excl. Construction),13847.0
Gross Value Added at Constant Basic Prices (Seasonally Adjusted),2011Q3,Industry - of which Manufacturing,12685.0
Gross Value Added at Constant Basic Prices (Seasonally Adjusted),2011Q3,Construction,2700.0
Gross Value Added at Constant Basic Prices (Seasonally Adjusted),2011Q3,"Distribution, Transport, Hotels and Restaurants",9137.0
Gross Value Added at Constant Basic Prices (Seasonally Adjusted),2011Q3,Information and Communication,4604.0
Gross Value Added at Constant Basic Prices (Seasonally Adjusted),2011Q3,Financial and Insurance Activities,5621.0
Gross Value Added at Constant Basic Prices (Seasonally Adjusted),2011Q3,Real Estate Activities,5545.0
Gross Value Added at Constant Basic Prices (Seasonally Adjusted),2011Q3,"Professional, Admin and Support Services",6280.0
Gross Value Added at Constant Basic Prices (Seasonally Adjusted),2011Q3,"Public Admin, Education and Health",8936.0
Gross Value Added at Constant Basic Prices (Seasonally Adjusted),2011Q3,"Arts, Entertainment and Other Services",945.0
Gross Value Added at Constant Basic Prices (Seasonally Adjusted),2011Q3,Statistical Discrepancy,
Gross Value Added at Constant Basic Prices (Seasonally Adjusted),2011Q3,All Sectors,54685.0
Gross Value Added at Constant Basic Prices (Seasonally Adjusted),2011Q4,"Agriculture, Forestry and Fishing",709.0
Gross Value Added at Constant Basic Prices (Seasonally Adjusted),2011Q4,Industry (excl. Construction),13413.0
Gross Value Added at Constant Basic Prices (Seasonally Adjusted),2011Q4,Industry - of which Manufacturing,12250.0
Gross Value Added at Constant Basic Prices (Seasonally Adjusted),2011Q4,Construction,2537.0
Gross Value Added at Constant Basic Prices (Seasonally Adjusted),2011Q4,"Distribution, Transport, Hotels and Restaurants",9126.0
Gross Value Added at Constant Basic Prices (Seasonally Adjusted),2011Q4,Information and Communication,4818.0
Gross Value Added at Constant Basic Prices (Seasonally Adjusted),2011Q4,Financial and Insurance Activities,5925.0
Gross Value Added at Constant Basic Prices (Seasonally Adjusted),2011Q4,Real Estate Activities,5465.0
Gross Value Added at Constant Basic Prices (Seasonally Adjusted),2011Q4,"Professional, Admin and Support Services",6251.0
Gross Value Added at Constant Basic Prices (Seasonally Adjusted),2011Q4,"Public Admin, Education and Health",8968.0
Gross Value Added at Constant Basic Prices (Seasonally Adjusted),2011Q4,"Arts, Entertainment and Other Services",937.0
Gross Value Added at Constant Basic Prices (Seasonally Adjusted),2011Q4,Statistical Discrepancy,
Gross Value Added at Constant Basic Prices (Seasonally Adjusted),2011Q4,All Sectors,53846.0
Gross Value Added at Constant Basic Prices (Seasonally Adjusted),2012Q1,"Agriculture, Forestry and Fishing",719.0
Gross Value Added at Constant Basic Prices (Seasonally Adjusted),2012Q1,Industry (excl. Construction),14781.0
Gross Value Added at Constant Basic Prices (Seasonally Adjusted),2012Q1,Industry - of which Manufacturing,13541.0
Gross Value Added at Constant Basic Prices (Seasonally Adjusted),2012Q1,Construction,2218.0
Gross Value Added at Constant Basic Prices (Seasonally Adjusted),2012Q1,"Distribution, Transport, Hotels and Restaurants",9024.0
Gross Value Added at Constant Basic Prices (Seasonally Adjusted),2012Q1,Information and Communication,4997.0
Gross Value Added at Constant Basic Prices (Seasonally Adjusted),2012Q1,Financial and Insurance Activities,4735.0
Gross Value Added at Constant Basic Prices (Seasonally Adjusted),2012Q1,Real Estate Activities,5592.0
Gross Value Added at Constant Basic Prices (Seasonally Adjusted),2012Q1,"Professional, Admin and Support Services",5997.0
Gross Value Added at Constant Basic Prices (Seasonally Adjusted),2012Q1,"Public Admin, Education and Health",8937.0
Gross Value Added at Constant Basic Prices (Seasonally Adjusted),2012Q1,"Arts, Entertainment and Other Services",952.0
Gross Value Added at Constant Basic Prices (Seasonally Adjusted),2012Q1,Statistical Discrepancy,
Gross Value Added at Constant Basic Prices (Seasonally Adjusted),2012Q1,All Sectors,53983.0
Gross Value Added at Constant Basic Prices (Seasonally Adjusted),2012Q2,"Agriculture, Forestry and Fishing",638.0
Gross Value Added at Constant Basic Prices (Seasonally Adjusted),2012Q2,Industry (excl. Construction),14748.0
Gross Value Added at Constant Basic Prices (Seasonally Adjusted),2012Q2,Industry - of which Manufacturing,13658.0
Gross Value Added at Constant Basic Prices (Seasonally Adjusted),2012Q2,Construction,2154.0
Gross Value Added at Constant Basic Prices (Seasonally Adjusted),2012Q2,"Distribution, Transport, Hotels and Restaurants",9042.0
Gross Value Added at Constant Basic Prices (Seasonally Adjusted),2012Q2,Information and Communication,4665.0
Gross Value Added at Constant Basic Prices (Seasonally Adjusted),2012Q2,Financial and Insurance Activities,4659.0
Gross Value Added at Constant Basic Prices (Seasonally Adjusted),2012Q2,Real Estate Activities,5584.0
Gross Value Added at Constant Basic Prices (Seasonally Adjusted),2012Q2,"Professional, Admin and Support Services",5852.0
Gross Value Added at Constant Basic Prices (Seasonally Adjusted),2012Q2,"Public Admin, Education and Health",8956.0
Gross Value Added at Constant Basic Prices (Seasonally Adjusted),2012Q2,"Arts, Entertainment and Other Services",960.0
Gross Value Added at Constant Basic Prices (Seasonally Adjusted),2012Q2,Statistical Discrepancy,
Gross Value Added at Constant Basic Prices (Seasonally Adjusted),2012Q2,All Sectors,55988.0
Gross Value Added at Constant Basic Prices (Seasonally Adjusted),2012Q3,"Agriculture, Forestry and Fishing",470.0
Gross Value Added at Constant Basic Prices (Seasonally Adjusted),2012Q3,Industry (excl. Construction),13389.0
Gross Value Added at Constant Basic Prices (Seasonally Adjusted),2012Q3,Industry - of which Manufacturing,12327.0
Gross Value Added at Constant Basic Prices (Seasonally Adjusted),2012Q3,Construction,2109.0
Gross Value Added at Constant Basic Prices (Seasonally Adjusted),2012Q3,"Distribution, Transport, Hotels and Restaurants",9014.0
Gross Value Added at Constant Basic Prices (Seasonally Adjusted),2012Q3,Information and Communication,4614.0
Gross Value Added at Constant Basic Prices (Seasonally Adjusted),2012Q3,Financial and Insurance Activities,4853.0
Gross Value Added at Constant Basic Prices (Seasonally Adjusted),2012Q3,Real Estate Activities,5587.0
Gross Value Added at Constant Basic Prices (Seasonally Adjusted),2012Q3,"Professional, Admin and Support Services",6010.0
Gross Value Added at Constant Basic Prices (Seasonally Adjusted),2012Q3,"Public Admin, Education and Health",9003.0
Gross Value Added at Constant Basic Prices (Seasonally Adjusted),2012Q3,"Arts, Entertainment and Other Services",972.0
Gross Value Added at Constant Basic Prices (Seasonally Adjusted),2012Q3,Statistical Discrepancy,
Gross Value Added at Constant Basic Prices (Seasonally Adjusted),2012Q3,All Sectors,53992.0
Gross Value Added at Constant Basic Prices (Seasonally Adjusted),2012Q4,"Agriculture, Forestry and Fishing",405.0
Gross Value Added at Constant Basic Prices (Seasonally Adjusted),2012Q4,Industry (excl. Construction),12109.0
Gross Value Added at Constant Basic Prices (Seasonally Adjusted),2012Q4,Industry - of which Manufacturing,10918.0
Gross Value Added at Constant Basic Prices (Seasonally Adjusted),2012Q4,Construction,2231.0
Gross Value Added at Constant Basic Prices (Seasonally Adjusted),2012Q4,"Distribution, Transport, Hotels and Restaurants",9236.0
Gross Value Added at Constant Basic Prices (Seasonally Adjusted),2012Q4,Information and Communication,4927.0
Gross Value Added at Constant Basic Prices (Seasonally Adjusted),2012Q4,Financial and Insurance Activities,4738.0
Gross Value Added at Constant Basic Prices (Seasonally Adjusted),2012Q4,Real Estate Activities,5626.0
Gross Value Added at Constant Basic Prices (Seasonally Adjusted),2012Q4,"Professional, Admin and Support Services",6339.0
Gross Value Added at Constant Basic Prices (Seasonally Adjusted),2012Q4,"Public Admin, Education and Health",9008.0
Gross Value Added at Constant Basic Prices (Seasonally Adjusted),2012Q4,"Arts, Entertainment and Other Services",948.0
Gross Value Added at Constant Basic Prices (Seasonally Adjusted),2012Q4,Statistical Discrepancy,
Gross Value Added at Constant Basic Prices (Seasonally Adjusted),2012Q4,All Sectors,53817.0
Gross Value Added at Constant Basic Prices (Seasonally Adjusted),2013Q1,"Agriculture, Forestry and Fishing",414.0
Gross Value Added at Constant Basic Prices (Seasonally Adjusted),2013Q1,Industry (excl. Construction),13717.0
Gross Value Added at Constant Basic Prices (Seasonally Adjusted),2013Q1,Industry - of which Manufacturing,12486.0
Gross Value Added at Constant Basic Prices (Seasonally Adjusted),2013Q1,Construction,2407.0
Gross Value Added at Constant Basic Prices (Seasonally Adjusted),2013Q1,"Distribution, Transport, Hotels and Restaurants",8866.0
Gross Value Added at Constant Basic Prices (Seasonally Adjusted),2013Q1,Information and Communication,4899.0
Gross Value Added at Constant Basic Prices (Seasonally Adjusted),2013Q1,Financial and Insurance Activities,4418.0
Gross Value Added at Constant Basic Prices (Seasonally Adjusted),2013Q1,Real Estate Activities,5581.0
Gross Value Added at Constant Basic Prices (Seasonally Adjusted),2013Q1,"Professional, Admin and Support Services",6840.0
Gross Value Added at Constant Basic Prices (Seasonally Adjusted),2013Q1,"Public Admin, Education and Health",9002.0
Gross Value Added at Constant Basic Prices (Seasonally Adjusted),2013Q1,"Arts, Entertainment and Other Services",952.0
Gross Value Added at Constant Basic Prices (Seasonally Adjusted),2013Q1,Statistical Discrepancy,
Gross Value Added at Constant Basic Prices (Seasonally Adjusted),2013Q1,All Sectors,54242.0
Gross Value Added at Constant Basic Prices (Seasonally Adjusted),2013Q2,"Agriculture, Forestry and Fishing",440.0
Gross Value Added at Constant Basic Prices (Seasonally Adjusted),2013Q2,Industry (excl. Construction),13910.0
Gross Value Added at Constant Basic Prices (Seasonally Adjusted),2013Q2,Industry - of which Manufacturing,12726.0
Gross Value Added at Constant Basic Prices (Seasonally Adjusted),2013Q2,Construction,2493.0
Gross Value Added at Constant Basic Prices (Seasonally Adjusted),2013Q2,"Distribution, Transport, Hotels and Restaurants",9143.0
Gross Value Added at Constant Basic Prices (Seasonally Adjusted),2013Q2,Information and Communication,5222.0
Gross Value Added at Constant Basic Prices (Seasonally Adjusted),2013Q2,Financial and Insurance Activities,4468.0
Gross Value Added at Constant Basic Prices (Seasonally Adjusted),2013Q2,Real Estate Activities,5624.0
Gross Value Added at Constant Basic Prices (Seasonally Adjusted),2013Q2,"Professional, Admin and Support Services",7224.0
Gross Value Added at Constant Basic Prices (Seasonally Adjusted),2013Q2,"Public Admin, Education and Health",9043.0
Gross Value Added at Constant Basic Prices (Seasonally Adjusted),2013Q2,"Arts, Entertainment and Other Services",969.0
Gross Value Added at Constant Basic Prices (Seasonally Adjusted),2013Q2,Statistical Discrepancy,
Gross Value Added at Constant Basic Prices (Seasonally Adjusted),2013Q2,All Sectors,55497.0
Gross Value Added at Constant Basic Prices (Seasonally Adjusted),2013Q3,"Agriculture, Forestry and Fishing",760.0
Gross Value Added at Constant Basic Prices (Seasonally Adjusted),2013Q3,Industry (excl. Construction),12918.0
Gross Value Added at Constant Basic Prices (Seasonally Adjusted),2013Q3,Industry - of which Manufacturing,11545.0
Gross Value Added at Constant Basic Prices (Seasonally Adjusted),2013Q3,Construction,2640.0
Gross Value Added at Constant Basic Prices (Seasonally Adjusted),2013Q3,"Distribution, Transport, Hotels and Restaurants",9335.0
Gross Value Added at Constant Basic Prices (Seasonally Adjusted),2013Q3,Information and Communication,5552.0
Gross Value Added at Constant Basic Prices (Seasonally Adjusted),2013Q3,Financial and Insurance Activities,4484.0
Gross Value Added at Constant Basic Prices (Seasonally Adjusted),2013Q3,Real Estate Activities,5653.0
Gross Value Added at Constant Basic Prices (Seasonally Adjusted),2013Q3,"Professional, Admin and Support Services",7414.0
Gross Value Added at Constant Basic Prices (Seasonally Adjusted),2013Q3,"Public Admin, Education and Health",9109.0
Gross Value Added at Constant Basic Prices (Seasonally Adjusted),2013Q3,"Arts, Entertainment and Other Services",952.0
Gross Value Added at Constant Basic Prices (Seasonally Adjusted),2013Q3,Statistical Discrepancy,
Gross Value Added at Constant Basic Prices (Seasonally Adjusted),2013Q3,All Sectors,57104.0
Gross Value Added at Constant Basic Prices (Seasonally Adjusted),2013Q4,"Agriculture, Forestry and Fishing",690.0
Gross Value Added at Constant Basic Prices (Seasonally Adjusted),2013Q4,Industry (excl. Construction),11974.0
Gross Value Added at Constant Basic Prices (Seasonally Adjusted),2013Q4,Industry - of which Manufacturing,10790.0
Gross Value Added at Constant Basic Prices (Seasonally Adjusted),2013Q4,Construction,2729.0
Gross Value Added at Constant Basic Prices (Seasonally Adjusted),2013Q4,"Distribution, Transport, Hotels and Restaurants",9543.0
Gross Value Added at Constant Basic Prices (Seasonally Adjusted),2013Q4,Information and Communication,5651.0
Gross Value Added at Constant Basic Prices (Seasonally Adjusted),2013Q4,Financial and Insurance Activities,4316.0
Gross Value Added at Constant Basic Prices (Seasonally Adjusted),2013Q4,Real Estate Activities,5704.0
Gross Value Added at Constant Basic Prices (Seasonally Adjusted),2013Q4,"Professional, Admin and Support Services",7916.0
Gross Value Added at Constant Basic Prices (Seasonally Adjusted),2013Q4,"Public Admin, Education and Health",9099.0
Gross Value Added at Constant Basic Prices (Seasonally Adjusted),2013Q4,"Arts, Entertainment and Other Services",959.0
Gross Value Added at Constant Basic Prices (Seasonally Adjusted),2013Q4,Statistical Discrepancy,
Gross Value Added at Constant Basic Prices (Seasonally Adjusted),2013Q4,All Sectors,55590.0
Gross Value Added at Constant Basic Prices (Seasonally Adjusted),2014Q1,"Agriculture, Forestry and Fishing",604.0
Gross Value Added at Constant Basic Prices (Seasonally Adjusted),2014Q1,Industry (excl. Construction),14828.0
Gross Value Added at Constant Basic Prices (Seasonally Adjusted),2014Q1,Industry - of which Manufacturing,13483.0
Gross Value Added at Constant Basic Prices (Seasonally Adjusted),2014Q1,Construction,2689.0
Gross Value Added at Constant Basic Prices (Seasonally Adjusted),2014Q1,"Distribution, Transport, Hotels and Restaurants",9547.0
Gross Value Added at Constant Basic Prices (Seasonally Adjusted),2014Q1,Information and Communication,5429.0
Gross Value Added at Constant Basic Prices (Seasonally Adjusted),2014Q1,Financial and Insurance Activities,4534.0
Gross Value Added at Constant Basic Prices (Seasonally Adjusted),2014Q1,Real Estate Activities,5727.0
Gross Value Added at Constant Basic Prices (Seasonally Adjusted),2014Q1,"Professional, Admin and Support Services",8356.0
Gross Value Added at Constant Basic Prices (Seasonally Adjusted),2014Q1,"Public Admin, Education and Health",9103.0
Gross Value Added at Constant Basic Prices (Seasonally Adjusted),2014Q1,"Arts, Entertainment and Other Services",975.0
Gross Value Added at Constant Basic Prices (Seasonally Adjusted),2014Q1,Statistical Discrepancy,
Gross Value Added at Constant Basic Prices (Seasonally Adjusted),2014Q1,All Sectors,59717.0
Gross Value Added at Constant Basic Prices (Seasonally Adjusted),2014Q2,"Agriculture, Forestry and Fishing",735.0
Gross Value Added at Constant Basic Prices (Seasonally Adjusted),2014Q2,Industry (excl. Construction),16199.0
Gross Value Added at Constant Basic Prices (Seasonally Adjusted),2014Q2,Industry - of which Manufacturing,14971.0
Gross Value Added at Constant Basic Prices (Seasonally Adjusted),2014Q2,Construction,2713.0
Gross Value Added at Constant Basic Prices (Seasonally Adjusted),2014Q2,"Distribution, Transport, Hotels and Restaurants",9784.0
Gross Value Added at Constant Basic Prices (Seasonally Adjusted),2014Q2,Information and Communication,6257.0
Gross Value Added at Constant Basic Prices (Seasonally Adjusted),2014Q2,Financial and Insurance Activities,4471.0
Gross Value Added at Constant Basic Prices (Seasonally Adjusted),2014Q2,Real Estate Activities,5768.0
Gross Value Added at Constant Basic Prices (Seasonally Adjusted),2014Q2,"Professional, Admin and Support Services",8626.0
Gross Value Added at Constant Basic Prices (Seasonally Adjusted),2014Q2,"Public Admin, Education and Health",9147.0
Gross Value Added at Constant Basic Prices (Seasonally Adjusted),2014Q2,"Arts, Entertainment and Other Services",1007.0
Gross Value Added at Constant Basic Prices (Seasonally Adjusted),2014Q2,Statistical Discrepancy,
Gross Value Added at Constant Basic Prices (Seasonally Adjusted),2014Q2,All Sectors,60999.0
Gross Value Added at Constant Basic Prices (Seasonally Adjusted),2014Q3,"Agriculture, Forestry and Fishing",797.0
Gross Value Added at Constant Basic Prices (Seasonally Adjusted),2014Q3,Industry (excl. Construction),14415.0
Gross Value Added at Constant Basic Prices (Seasonally Adjusted),2014Q3,Industry - of which Manufacturing,12823.0
Gross Value Added at Constant Basic Prices (Seasonally Adjusted),2014Q3,Construction,2706.0
Gross Value Added at Constant Basic Prices (Seasonally Adjusted),2014Q3,"Distribution, Transport, Hotels and Restaurants",9826.0
Gross Value Added at Constant Basic Prices (Seasonally Adjusted),2014Q3,Information and Communication,5811.0
Gross Value Added at Constant Basic Prices (Seasonally Adjusted),2014Q3,Financial and Insurance Activities,4634.0
Gross Value Added at Constant Basic Prices (Seasonally Adjusted),2014Q3,Real Estate Activities,5822.0
Gross Value Added at Constant Basic Prices (Seasonally Adjusted),2014Q3,"Professional, Admin and Support Services",8881.0
Gross Value Added at Constant Basic Prices (Seasonally Adjusted),2014Q3,"Public Admin, Education and Health",9175.0
Gross Value Added at Constant Basic Prices (Seasonally Adjusted),2014Q3,"Arts, Entertainment and Other Services",1010.0
Gross Value Added at Constant Basic Prices (Seasonally Adjusted),2014Q3,Statistical Discrepancy,
Gross Value Added at Constant Basic Prices (Seasonally Adjusted),2014Q3,All Sectors,61782.0
Gross Value Added at Constant Basic Prices (Seasonally Adjusted),2014Q4,"Agriculture, Forestry and Fishing",831.0
Gross Value Added at Constant Basic Prices (Seasonally Adjusted),2014Q4,Industry (excl. Construction),13615.0
Gross Value Added at Constant Basic Prices (Seasonally Adjusted),2014Q4,Industry - of which Manufacturing,12354.0
Gross Value Added at Constant Basic Prices (Seasonally Adjusted),2014Q4,Construction,2595.0
Gross Value Added at Constant Basic Prices (Seasonally Adjusted),2014Q4,"Distribution, Transport, Hotels and Restaurants",10057.0
Gross Value Added at Constant Basic Prices (Seasonally Adjusted),2014Q4,Information and Communication,6607.0
Gross Value Added at Constant Basic Prices (Seasonally Adjusted),2014Q4,Financial and Insurance Activities,4634.0
Gross Value Added at Constant Basic Prices (Seasonally Adjusted),2014Q4,Real Estate Activities,5877.0
Gross Value Added at Constant Basic Prices (Seasonally Adjusted),2014Q4,"Professional, Admin and Support Services",9103.0
Gross Value Added at Constant Basic Prices (Seasonally Adjusted),2014Q4,"Public Admin, Education and Health",9199.0
Gross Value Added at Constant Basic Prices (Seasonally Adjusted),2014Q4,"Arts, Entertainment and Other Services",1005.0
Gross Value Added at Constant Basic Prices (Seasonally Adjusted),2014Q4,Statistical Discrepancy,
Gross Value Added at Constant Basic Prices (Seasonally Adjusted),2014Q4,All Sectors,60722.0
Gross Value Added at Constant Basic Prices (Seasonally Adjusted),2015Q1,"Agriculture, Forestry and Fishing",714.0
Gross Value Added at Constant Basic Prices (Seasonally Adjusted),2015Q1,Industry (excl. Construction),28609.0
Gross Value Added at Constant Basic Prices (Seasonally Adjusted),2015Q1,Industry - of which Manufacturing,27480.0
Gross Value Added at Constant Basic Prices (Seasonally Adjusted),2015Q1,Construction,2747.0
Gross Value Added at Constant Basic Prices (Seasonally Adjusted),2015Q1,"Distribution, Transport, Hotels and Restaurants",10237.0
Gross Value Added at Constant Basic Prices (Seasonally Adjusted),2015Q1,Information and Communication,6872.0
Gross Value Added at Constant Basic Prices (Seasonally Adjusted),2015Q1,Financial and Insurance Activities,4640.0
Gross Value Added at Constant Basic Prices (Seasonally Adjusted),2015Q1,Real Estate Activities,5897.0
Gross Value Added at Constant Basic Prices (Seasonally Adjusted),2015Q1,"Professional, Admin and Support Services",9215.0
Gross Value Added at Constant Basic Prices (Seasonally Adjusted),2015Q1,"Public Admin, Education and Health",9292.0
Gross Value Added at Constant Basic Prices (Seasonally Adjusted),2015Q1,"Arts, Entertainment and Other Services",1078.0
Gross Value Added at Constant Basic Prices (Seasonally Adjusted),2015Q1,Statistical Discrepancy,
Gross Value Added at Constant Basic Prices (Seasonally Adjusted),2015Q1,All Sectors,77525.0
Gross Value Added at Constant Basic Prices (Seasonally Adjusted),2015Q2,"Agriculture, Forestry and Fishing",710.0
Gross Value Added at Constant Basic Prices (Seasonally Adjusted),2015Q2,Industry (excl. Construction),24335.0
Gross Value Added at Constant Basic Prices (Seasonally Adjusted),2015Q2,Industry - of which Manufacturing,23251.0
Gross Value Added at Constant Basic Prices (Seasonally Adjusted),2015Q2,Construction,2801.0
Gross Value Added at Constant Basic Prices (Seasonally Adjusted),2015Q2,"Distribution, Transport, Hotels and Restaurants",10309.0
Gross Value Added at Constant Basic Prices (Seasonally Adjusted),2015Q2,Information and Communication,6933.0
Gross Value Added at Constant Basic Prices (Seasonally Adjusted),2015Q2,Financial and Insurance Activities,4651.0
Gross Value Added at Constant Basic Prices (Seasonally Adjusted),2015Q2,Real Estate Activities,5798.0
Gross Value Added at Constant Basic Prices (Seasonally Adjusted),2015Q2,"Professional, Admin and Support Services",9381.0
Gross Value Added at Constant Basic Prices (Seasonally Adjusted),2015Q2,"Public Admin, Education and Health",9392.0
Gross Value Added at Constant Basic Prices (Seasonally Adjusted),2015Q2,"Arts, Entertainment and Other Services",1072.0
Gross Value Added at Constant Basic Prices (Seasonally Adjusted),2015Q2,Statistical Discrepancy,
Gross Value Added at Constant Basic Prices (Seasonally Adjusted),2015Q2,All Sectors,75114.0
Gross Value Added at Constant Basic Prices (Seasonally Adjusted),2015Q3,"Agriculture, Forestry and Fishing",834.0
Gross Value Added at Constant Basic Prices (Seasonally Adjusted),2015Q3,Industry (excl. Construction),24162.0
Gross Value Added at Constant Basic Prices (Seasonally Adjusted),2015Q3,Industry - of which Manufacturing,23062.0
Gross Value Added at Constant Basic Prices (Seasonally Adjusted),2015Q3,Construction,2746.0
Gross Value Added at Constant Basic Prices (Seasonally Adjusted),2015Q3,"Distribution, Transport, Hotels and Restaurants",10586.0
Gross Value Added at Constant Basic Prices (Seasonally Adjusted),2015Q3,Information and Communication,7025.0
Gross Value Added at Constant Basic Prices (Seasonally Adjusted),2015Q3,Financial and Insurance Activities,4643.0
Gross Value Added at Constant Basic Prices (Seasonally Adjusted),2015Q3,Real Estate Activities,5852.0
Gross Value Added at Constant Basic Prices (Seasonally Adjusted),2015Q3,"Professional, Admin and Support Services",9739.0
Gross Value Added at Constant Basic Prices (Seasonally Adjusted),2015Q3,"Public Admin, Education and Health",9512.0
Gross Value Added at Constant Basic Prices (Seasonally Adjusted),2015Q3,"Arts, Entertainment and Other Services",1118.0
Gross Value Added at Constant Basic Prices (Seasonally Adjusted),2015Q3,Statistical Discrepancy,
Gross Value Added at Constant Basic Prices (Seasonally Adjusted),2015Q3,All Sectors,77154.0
Gross Value Added at Constant Basic Prices (Seasonally Adjusted),2015Q4,"Agriculture, Forestry and Fishing",913.0
Gross Value Added at Constant Basic Prices (Seasonally Adjusted),2015Q4,Industry (excl. Construction),25570.0
Gross Value Added at Constant Basic Prices (Seasonally Adjusted),2015Q4,Industry - of which Manufacturing,24575.0
Gross Value Added at Constant Basic Prices (Seasonally Adjusted),2015Q4,Construction,2842.0
Gross Value Added at Constant Basic Prices (Seasonally Adjusted),2015Q4,"Distribution, Transport, Hotels and Restaurants",10754.0
Gross Value Added at Constant Basic Prices (Seasonally Adjusted),2015Q4,Information and Communication,7243.0
Gross Value Added at Constant Basic Prices (Seasonally Adjusted),2015Q4,Financial and Insurance Activities,4563.0
Gross Value Added at Constant Basic Prices (Seasonally Adjusted),2015Q4,Real Estate Activities,5837.0
Gross Value Added at Constant Basic Prices (Seasonally Adjusted),2015Q4,"Professional, Admin and Support Services",9597.0
Gross Value Added at Constant Basic Prices (Seasonally Adjusted),2015Q4,"Public Admin, Education and Health",9620.0
Gross Value Added at Constant Basic Prices (Seasonally Adjusted),2015Q4,"Arts, Entertainment and Other Services",1167.0
Gross Value Added at Constant Basic Prices (Seasonally Adjusted),2015Q4,Statistical Discrepancy,
Gross Value Added at Constant Basic Prices (Seasonally Adjusted),2015Q4,All Sectors,77275.0
Gross Value Added at Constant Basic Prices (Seasonally Adjusted),2016Q1,"Agriculture, Forestry and Fishing",879.0
Gross Value Added at Constant Basic Prices (Seasonally Adjusted),2016Q1,Industry (excl. Construction),25511.0
Gross Value Added at Constant Basic Prices (Seasonally Adjusted),2016Q1,Industry - of which Manufacturing,24377.0
Gross Value Added at Constant Basic Prices (Seasonally Adjusted),2016Q1,Construction,2672.0
Gross Value Added at Constant Basic Prices (Seasonally Adjusted),2016Q1,"Distribution, Transport, Hotels and Restaurants",11103.0
Gross Value Added at Constant Basic Prices (Seasonally Adjusted),2016Q1,Information and Communication,7470.0
Gross Value Added at Constant Basic Prices (Seasonally Adjusted),2016Q1,Financial and Insurance Activities,3948.0
Gross Value Added at Constant Basic Prices (Seasonally Adjusted),2016Q1,Real Estate Activities,5717.0
Gross Value Added at Constant Basic Prices (Seasonally Adjusted),2016Q1,"Professional, Admin and Support Services",9559.0
Gross Value Added at Constant Basic Prices (Seasonally Adjusted),2016Q1,"Public Admin, Education and Health",9514.0
Gross Value Added at Constant Basic Prices (Seasonally Adjusted),2016Q1,"Arts, Entertainment and Other Services",1180.0
Gross Value Added at Constant Basic Prices (Seasonally Adjusted),2016Q1,Statistical Discrepancy,
Gross Value Added at Constant Basic Prices (Seasonally Adjusted),2016Q1,All Sectors,75599.0
Gross Value Added at Constant Basic Prices (Seasonally Adjusted),2016Q2,"Agriculture, Forestry and Fishing",895.0
Gross Value Added at Constant Basic Prices (Seasonally Adjusted),2016Q2,Industry (excl. Construction),24223.0
Gross Value Added at Constant Basic Prices (Seasonally Adjusted),2016Q2,Industry - of which Manufacturing,23070.0
Gross Value Added at Constant Basic Prices (Seasonally Adjusted),2016Q2,Construction,2979.0
Gross Value Added at Constant Basic Prices (Seasonally Adjusted),2016Q2,"Distribution, Transport, Hotels and Restaurants",11088.0
Gross Value Added at Constant Basic Prices (Seasonally Adjusted),2016Q2,Information and Communication,7254.0
Gross Value Added at Constant Basic Prices (Seasonally Adjusted),2016Q2,Financial and Insurance Activities,4031.0
Gross Value Added at Constant Basic Prices (Seasonally Adjusted),2016Q2,Real Estate Activities,5783.0
Gross Value Added at Constant Basic Prices (Seasonally Adjusted),2016Q2,"Professional, Admin and Support Services",9695.0
Gross Value Added at Constant Basic Prices (Seasonally Adjusted),2016Q2,"Public Admin, Education and Health",9655.0
Gross Value Added at Constant Basic Prices (Seasonally Adjusted),2016Q2,"Arts, Entertainment and Other Services",1203.0
Gross Value Added at Constant Basic Prices (Seasonally Adjusted),2016Q2,Statistical Discrepancy,
Gross Value Added at Constant Basic Prices (Seasonally Adjusted),2016Q2,All Sectors,74750.0
Gross Value Added at Constant Basic Prices (Seasonally Adjusted),2016Q3,"Agriculture, Forestry and Fishing",871.0
Gross Value Added at Constant Basic Prices (Seasonally Adjusted),2016Q3,Industry (excl. Construction),21421.0
Gross Value Added at Constant Basic Prices (Seasonally Adjusted),2016Q3,Industry - of which Manufacturing,20227.0
Gross Value Added at Constant Basic Prices (Seasonally Adjusted),2016Q3,Construction,3106.0
Gross Value Added at Constant Basic Prices (Seasonally Adjusted),2016Q3,"Distribution, Transport, Hotels and Restaurants",11235.0
Gross Value Added at Constant Basic Prices (Seasonally Adjusted),2016Q3,Information and Communication,7951.0
Gross Value Added at Constant Basic Prices (Seasonally Adjusted),2016Q3,Financial and Insurance Activities,3760.0
Gross Value Added at Constant Basic Prices (Seasonally Adjusted),2016Q3,Real Estate Activities,5788.0
Gross Value Added at Constant Basic Prices (Seasonally Adjusted),2016Q3,"Professional, Admin and Support Services",9925.0
Gross Value Added at Constant Basic Prices (Seasonally Adjusted),2016Q3,"Public Admin, Education and Health",9573.0
Gross Value Added at Constant Basic Prices (Seasonally Adjusted),2016Q3,"Arts, Entertainment and Other Services",1237.0
Gross Value Added at Constant Basic Prices (Seasonally Adjusted),2016Q3,Statistical Discrepancy,
Gross Value Added at Constant Basic Prices (Seasonally Adjusted),2016Q3,All Sectors,75241.0
Gross Value Added at Constant Basic Prices (Seasonally Adjusted),2016Q4,"Agriculture, Forestry and Fishing",883.0
Gross Value Added at Constant Basic Prices (Seasonally Adjusted),2016Q4,Industry (excl. Construction),30334.0
Gross Value Added at Constant Basic Prices (Seasonally Adjusted),2016Q4,Industry - of which Manufacturing,29447.0
Gross Value Added at Constant Basic Prices (Seasonally Adjusted),2016Q4,Construction,3072.0
Gross Value Added at Constant Basic Prices (Seasonally Adjusted),2016Q4,"Distribution, Transport, Hotels and Restaurants",11176.0
Gross Value Added at Constant Basic Prices (Seasonally Adjusted),2016Q4,Information and Communication,8000.0
Gross Value Added at Constant Basic Prices (Seasonally Adjusted),2016Q4,Financial and Insurance Activities,3833.0
Gross Value Added at Constant Basic Prices (Seasonally Adjusted),2016Q4,Real Estate Activities,5782.0
Gross Value Added at Constant Basic Prices (Seasonally Adjusted),2016Q4,"Professional, Admin and Support Services",10069.0
Gross Value Added at Constant Basic Prices (Seasonally Adjusted),2016Q4,"Public Admin, Education and Health",9682.0
Gross Value Added at Constant Basic Prices (Seasonally Adjusted),2016Q4,"Arts, Entertainment and Other Services",1304.0
Gross Value Added at Constant Basic Prices (Seasonally Adjusted),2016Q4,Statistical Discrepancy,
Gross Value Added at Constant Basic Prices (Seasonally Adjusted),2016Q4,All Sectors,83913.0
Gross Value Added at Constant Basic Prices (Seasonally Adjusted),2017Q1,"Agriculture, Forestry and Fishing",951.0
Gross Value Added at Constant Basic Prices (Seasonally Adjusted),2017Q1,Industry (excl. Construction),25246.0
Gross Value Added at Constant Basic Prices (Seasonally Adjusted),2017Q1,Industry - of which Manufacturing,24012.0
Gross Value Added at Constant Basic Prices (Seasonally Adjusted),2017Q1,Construction,3112.0
Gross Value Added at Constant Basic Prices (Seasonally Adjusted),2017Q1,"Distribution, Transport, Hotels and Restaurants",11510.0
Gross Value Added at Constant Basic Prices (Seasonally Adjusted),2017Q1,Information and Communication,8681.0
Gross Value Added at Constant Basic Prices (Seasonally Adjusted),2017Q1,Financial and Insurance Activities,3861.0
Gross Value Added at Constant Basic Prices (Seasonally Adjusted),2017Q1,Real Estate Activities,5908.0
Gross Value Added at Constant Basic Prices (Seasonally Adjusted),2017Q1,"Professional, Admin and Support Services",10988.0
Gross Value Added at Constant Basic Prices (Seasonally Adjusted),2017Q1,"Public Admin, Education and Health",9885.0
Gross Value Added at Constant Basic Prices (Seasonally Adjusted),2017Q1,"Arts, Entertainment and Other Services",1296.0
Gross Value Added at Constant Basic Prices (Seasonally Adjusted),2017Q1,Statistical Discrepancy,
Gross Value Added at Constant Basic Prices (Seasonally Adjusted),2017Q1,All Sectors,81606.0
Gross Value Added at Constant Basic Prices (Seasonally Adjusted),2017Q2,"Agriculture, Forestry and Fishing",997.0
Gross Value Added at Constant Basic Prices (Seasonally Adjusted),2017Q2,Industry (excl. Construction),24126.0
Gross Value Added at Constant Basic Prices (Seasonally Adjusted),2017Q2,Industry - of which Manufacturing,22858.0
Gross Value Added at Constant Basic Prices (Seasonally Adjusted),2017Q2,Construction,3108.0
Gross Value Added at Constant Basic Prices (Seasonally Adjusted),2017Q2,"Distribution, Transport, Hotels and Restaurants",11489.0
Gross Value Added at Constant Basic Prices (Seasonally Adjusted),2017Q2,Information and Communication,9395.0
Gross Value Added at Constant Basic Prices (Seasonally Adjusted),2017Q2,Financial and Insurance Activities,4036.0
Gross Value Added at Constant Basic Prices (Seasonally Adjusted),2017Q2,Real Estate Activities,5932.0
Gross Value Added at Constant Basic Prices (Seasonally Adjusted),2017Q2,"Professional, Admin and Support Services",11247.0
Gross Value Added at Constant Basic Prices (Seasonally Adjusted),2017Q2,"Public Admin, Education and Health",9877.0
Gross Value Added at Constant Basic Prices (Seasonally Adjusted),2017Q2,"Arts, Entertainment and Other Services",1371.0
Gross Value Added at Constant Basic Prices (Seasonally Adjusted),2017Q2,Statistical Discrepancy,
Gross Value Added at Constant Basic Prices (Seasonally Adjusted),2017Q2,All Sectors,82685.0
Gross Value Added at Constant Basic Prices (Seasonally Adjusted),2017Q3,"Agriculture, Forestry and Fishing",985.0
Gross Value Added at Constant Basic Prices (Seasonally Adjusted),2017Q3,Industry (excl. Construction),26384.0
Gross Value Added at Constant Basic Prices (Seasonally Adjusted),2017Q3,Industry - of which Manufacturing,25154.0
Gross Value Added at Constant Basic Prices (Seasonally Adjusted),2017Q3,Construction,3228.0
Gross Value Added at Constant Basic Prices (Seasonally Adjusted),2017Q3,"Distribution, Transport, Hotels and Restaurants",11660.0
Gross Value Added at Constant Basic Prices (Seasonally Adjusted),2017Q3,Information and Communication,10812.0
Gross Value Added at Constant Basic Prices (Seasonally Adjusted),2017Q3,Financial and Insurance Activities,4050.0
Gross Value Added at Constant Basic Prices (Seasonally Adjusted),2017Q3,Real Estate Activities,5962.0
Gross Value Added at Constant Basic Prices (Seasonally Adjusted),2017Q3,"Professional, Admin and Support Services",11511.0
Gross Value Added at Constant Basic Prices (Seasonally Adjusted),2017Q3,"Public Admin, Education and Health",10032.0
Gross Value Added at Constant Basic Prices (Seasonally Adjusted),2017Q3,"Arts, Entertainment and Other Services",1316.0
Gross Value Added at Constant Basic Prices (Seasonally Adjusted),2017Q3,Statistical Discrepancy,
Gross Value Added at Constant Basic Prices (Seasonally Adjusted),2017Q3,All Sectors,87667.0
Gross Value Added at Constant Basic Prices (Seasonally Adjusted),2017Q4,"Agriculture, Forestry and Fishing",915.0
Gross Value Added at Constant Basic Prices (Seasonally Adjusted),2017Q4,Industry (excl. Construction),29447.0
Gross Value Added at Constant Basic Prices (Seasonally Adjusted),2017Q4,Industry - of which Manufacturing,28542.0
Gross Value Added at Constant Basic Prices (Seasonally Adjusted),2017Q4,Construction,3466.0
Gross Value Added at Constant Basic Prices (Seasonally Adjusted),2017Q4,"Distribution, Transport, Hotels and Restaurants",11865.0
Gross Value Added at Constant Basic Prices (Seasonally Adjusted),2017Q4,Information and Communication,10446.0
Gross Value Added at Constant Basic Prices (Seasonally Adjusted),2017Q4,Financial and Insurance Activities,4087.0
Gross Value Added at Constant Basic Prices (Seasonally Adjusted),2017Q4,Real Estate Activities,5975.0
Gross Value Added at Constant Basic Prices (Seasonally Adjusted),2017Q4,"Professional, Admin and Support Services",11355.0
Gross Value Added at Constant Basic Prices (Seasonally Adjusted),2017Q4,"Public Admin, Education and Health",10098.0
Gross Value Added at Constant Basic Prices (Seasonally Adjusted),2017Q4,"Arts, Entertainment and Other Services",1377.0
Gross Value Added at Constant Basic Prices (Seasonally Adjusted),2017Q4,Statistical Discrepancy,
Gross Value Added at Constant Basic Prices (Seasonally Adjusted),2017Q4,All Sectors,90454.0
Gross Value Added at Constant Basic Prices (Seasonally Adjusted),2018Q1,"Agriculture, Forestry and Fishing",933.0
Gross Value Added at Constant Basic Prices (Seasonally Adjusted),2018Q1,Industry (excl. Construction),27689.0
Gross Value Added at Constant Basic Prices (Seasonally Adjusted),2018Q1,Industry - of which Manufacturing,26547.0
Gross Value Added at Constant Basic Prices (Seasonally Adjusted),2018Q1,Construction,3489.0
Gross Value Added at Constant Basic Prices (Seasonally Adjusted),2018Q1,"Distribution, Transport, Hotels and Restaurants",11902.0
Gross Value Added at Constant Basic Prices (Seasonally Adjusted),2018Q1,Information and Communication,11313.0
Gross Value Added at Constant Basic Prices (Seasonally Adjusted),2018Q1,Financial and Insurance Activities,4248.0
Gross Value Added at Constant Basic Prices (Seasonally Adjusted),2018Q1,Real Estate Activities,5964.0
Gross Value Added at Constant Basic Prices (Seasonally Adjusted),2018Q1,"Professional, Admin and Support Services",11756.0
Gross Value Added at Constant Basic Prices (Seasonally Adjusted),2018Q1,"Public Admin, Education and Health",10169.0
Gross Value Added at Constant Basic Prices (Seasonally Adjusted),2018Q1,"Arts, Entertainment and Other Services",1371.0
Gross Value Added at Constant Basic Prices (Seasonally Adjusted),2018Q1,Statistical Discrepancy,
Gross Value Added at Constant Basic Prices (Seasonally Adjusted),2018Q1,All Sectors,91675.0
Gross Value Added at Constant Basic Prices (Seasonally Adjusted),2018Q2,"Agriculture, Forestry and Fishing",890.0
Gross Value Added at Constant Basic Prices (Seasonally Adjusted),2018Q2,Industry (excl. Construction),29315.0
Gross Value Added at Constant Basic Prices (Seasonally Adjusted),2018Q2,Industry - of which Manufacturing,28020.0
Gross Value Added at Constant Basic Prices (Seasonally Adjusted),2018Q2,Construction,3532.0
Gross Value Added at Constant Basic Prices (Seasonally Adjusted),2018Q2,"Distribution, Transport, Hotels and Restaurants",12275.0
Gross Value Added at Constant Basic Prices (Seasonally Adjusted),2018Q2,Information and Communication,11803.0
Gross Value Added at Constant Basic Prices (Seasonally Adjusted),2018Q2,Financial and Insurance Activities,4268.0
Gross Value Added at Constant Basic Prices (Seasonally Adjusted),2018Q2,Real Estate Activities,6002.0
Gross Value Added at Constant Basic Prices (Seasonally Adjusted),2018Q2,"Professional, Admin and Support Services",12218.0
Gross Value Added at Constant Basic Prices (Seasonally Adjusted),2018Q2,"Public Admin, Education and Health",10291.0
Gross Value Added at Constant Basic Prices (Seasonally Adjusted),2018Q2,"Arts, Entertainment and Other Services",1335.0
Gross Value Added at Constant Basic Prices (Seasonally Adjusted),2018Q2,Statistical Discrepancy,
Gross Value Added at Constant Basic Prices (Seasonally Adjusted),2018Q2,All Sectors,91824.0
Gross Value Added at Constant Basic Prices (Seasonally Adjusted),2018Q3,"Agriculture, Forestry and Fishing",868.0
Gross Value Added at Constant Basic Prices (Seasonally Adjusted),2018Q3,Industry (excl. Construction),29933.0
Gross Value Added at Constant Basic Prices (Seasonally Adjusted),2018Q3,Industry - of which Manufacturing,28742.0
Gross Value Added at Constant Basic Prices (Seasonally Adjusted),2018Q3,Construction,3543.0
Gross Value Added at Constant Basic Prices (Seasonally Adjusted),2018Q3,"Distribution, Transport, Hotels and Restaurants",12413.0
Gross Value Added at Constant Basic Prices (Seasonally Adjusted),2018Q3,Information and Communication,12351.0
Gross Value Added at Constant Basic Prices (Seasonally Adjusted),2018Q3,Financial and Insurance Activities,4196.0
Gross Value Added at Constant Basic Prices (Seasonally Adjusted),2018Q3,Real Estate Activities,6045.0
Gross Value Added at Constant Basic Prices (Seasonally Adjusted),2018Q3,"Professional, Admin and Support Services",12431.0
Gross Value Added at Constant Basic Prices (Seasonally Adjusted),2018Q3,"Public Admin, Education and Health",10343.0
Gross Value Added at Constant Basic Prices (Seasonally Adjusted),2018Q3,"Arts, Entertainment and Other Services",1403.0
Gross Value Added at Constant Basic Prices (Seasonally Adjusted),2018Q3,Statistical Discrepancy,
Gross Value Added at Constant Basic Prices (Seasonally Adjusted),2018Q3,All Sectors,93013.0
Gross Value Added at Constant Basic Prices (Seasonally Adjusted),2018Q4,"Agriculture, Forestry and Fishing",968.0
Gross Value Added at Constant Basic Prices (Seasonally Adjusted),2018Q4,Industry (excl. Construction),29478.0
Gross Value Added at Constant Basic Prices (Seasonally Adjusted),2018Q4,Industry - of which Manufacturing,28361.0
Gross Value Added at Constant Basic Prices (Seasonally Adjusted),2018Q4,Construction,3502.0
Gross Value Added at Constant Basic Prices (Seasonally Adjusted),2018Q4,"Distribution, Transport, Hotels and Restaurants",12182.0
Gross Value Added at Constant Basic Prices (Seasonally Adjusted),2018Q4,Information and Communication,13325.0
Gross Value Added at Constant Basic Prices (Seasonally Adjusted),2018Q4,Financial and Insurance Activities,4104.0
Gross Value Added at Constant Basic Prices (Seasonally Adjusted),2018Q4,Real Estate Activities,6107.0
Gross Value Added at Constant Basic Prices (Seasonally Adjusted),2018Q4,"Professional, Admin and Support Services",12859.0
Gross Value Added at Constant Basic Prices (Seasonally Adjusted),2018Q4,"Public Admin, Education and Health",10445.0
Gross Value Added at Constant Basic Prices (Seasonally Adjusted),2018Q4,"Arts, Entertainment and Other Services",1383.0
Gross Value Added at Constant Basic Prices (Seasonally Adjusted),2018Q4,Statistical Discrepancy,
Gross Value Added at Constant Basic Prices (Seasonally Adjusted),2018Q4,All Sectors,93598.0
Gross Value Added at Constant Basic Prices (Seasonally Adjusted),2019Q1,"Agriculture, Forestry and Fishing",1088.0
Gross Value Added at Constant Basic Prices (Seasonally Adjusted),2019Q1,Industry (excl. Construction),27216.0
Gross Value Added at Constant Basic Prices (Seasonally Adjusted),2019Q1,Industry - of which Manufacturing,26121.0
Gross Value Added at Constant Basic Prices (Seasonally Adjusted),2019Q1,Construction,3572.0
Gross Value Added at Constant Basic Prices (Seasonally Adjusted),2019Q1,"Distribution, Transport, Hotels and Restaurants",12697.0
Gross Value Added at Constant Basic Prices (Seasonally Adjusted),2019Q1,Information and Communication,13370.0
Gross Value Added at Constant Basic Prices (Seasonally Adjusted),2019Q1,Financial and Insurance Activities,4003.0
Gross Value Added at Constant Basic Prices (Seasonally Adjusted),2019Q1,Real Estate Activities,6091.0
Gross Value Added at Constant Basic Prices (Seasonally Adjusted),2019Q1,"Professional, Admin and Support Services",12991.0
Gross Value Added at Constant Basic Prices (Seasonally Adjusted),2019Q1,"Public Admin, Education and Health",10581.0
Gross Value Added at Constant Basic Prices (Seasonally Adjusted),2019Q1,"Arts, Entertainment and Other Services",1415.0
Gross Value Added at Constant Basic Prices (Seasonally Adjusted),2019Q1,Statistical Discrepancy,
Gross Value Added at Constant Basic Prices (Seasonally Adjusted),2019Q1,All Sectors,94408.0
Gross Value Added at Constant Basic Prices (Seasonally Adjusted),2019Q2,"Agriculture, Forestry and Fishing",1174.0
Gross Value Added at Constant Basic Prices (Seasonally Adjusted),2019Q2,Industry (excl. Construction),29144.0
Gross Value Added at Constant Basic Prices (Seasonally Adjusted),2019Q2,Industry - of which Manufacturing,27784.0
Gross Value Added at Constant Basic Prices (Seasonally Adjusted),2019Q2,Construction,3499.0
Gross Value Added at Constant Basic Prices (Seasonally Adjusted),2019Q2,"Distribution, Transport, Hotels and Restaurants",12470.0
Gross Value Added at Constant Basic Prices (Seasonally Adjusted),2019Q2,Information and Communication,15021.0
Gross Value Added at Constant Basic Prices (Seasonally Adjusted),2019Q2,Financial and Insurance Activities,4008.0
Gross Value Added at Constant Basic Prices (Seasonally Adjusted),2019Q2,Real Estate Activities,6127.0
Gross Value Added at Constant Basic Prices (Seasonally Adjusted),2019Q2,"Professional, Admin and Support Services",13154.0
Gross Value Added at Constant Basic Prices (Seasonally Adjusted),2019Q2,"Public Admin, Education and Health",10675.0
Gross Value Added at Constant Basic Prices (Seasonally Adjusted),2019Q2,"Arts, Entertainment and Other Services",1418.0
Gross Value Added at Constant Basic Prices (Seasonally Adjusted),2019Q2,Statistical Discrepancy,
Gross Value Added at Constant Basic Prices (Seasonally Adjusted),2019Q2,All Sectors,95529.0
Gross Value Added at Constant Basic Prices (Seasonally Adjusted),2019Q3,"Agriculture, Forestry and Fishing",1012.0
Gross Value Added at Constant Basic Prices (Seasonally Adjusted),2019Q3,Industry (excl. Construction),31638.0
Gross Value Added at Constant Basic Prices (Seasonally Adjusted),2019Q3,Industry - of which Manufacturing,30325.0
Gross Value Added at Constant Basic Prices (Seasonally Adjusted),2019Q3,Construction,3891.0
Gross Value Added at Constant Basic Prices (Seasonally Adjusted),2019Q3,"Distribution, Transport, Hotels and Restaurants",12386.0
Gross Value Added at Constant Basic Prices (Seasonally Adjusted),2019Q3,Information and Communication,14542.0
Gross Value Added at Constant Basic Prices (Seasonally Adjusted),2019Q3,Financial and Insurance Activities,4229.0
Gross Value Added at Constant Basic Prices (Seasonally Adjusted),2019Q3,Real Estate Activities,6256.0
Gross Value Added at Constant Basic Prices (Seasonally Adjusted),2019Q3,"Professional, Admin and Support Services",13117.0
Gross Value Added at Constant Basic Prices (Seasonally Adjusted),2019Q3,"Public Admin, Education and Health",10768.0
Gross Value Added at Constant Basic Prices (Seasonally Adjusted),2019Q3,"Arts, Entertainment and Other Services",1397.0
Gross Value Added at Constant Basic Prices (Seasonally Adjusted),2019Q3,Statistical Discrepancy,
Gross Value Added at Constant Basic Prices (Seasonally Adjusted),2019Q3,All Sectors,98465.0
Gross Value Added at Constant Basic Prices (Seasonally Adjusted),2019Q4,"Agriculture, Forestry and Fishing",1254.0
Gross Value Added at Constant Basic Prices (Seasonally Adjusted),2019Q4,Industry (excl. Construction),30718.0
Gross Value Added at Constant Basic Prices (Seasonally Adjusted),2019Q4,Industry - of which Manufacturing,29489.0
Gross Value Added at Constant Basic Prices (Seasonally Adjusted),2019Q4,Construction,3775.0
Gross Value Added at Constant Basic Prices (Seasonally Adjusted),2019Q4,"Distribution, Transport, Hotels and Restaurants",12507.0
Gross Value Added at Constant Basic Prices (Seasonally Adjusted),2019Q4,Information and Communication,15603.0
Gross Value Added at Constant Basic Prices (Seasonally Adjusted),2019Q4,Financial and Insurance Activities,4263.0
Gross Value Added at Constant Basic Prices (Seasonally Adjusted),2019Q4,Real Estate Activities,6203.0
Gross Value Added at Constant Basic Prices (Seasonally Adjusted),2019Q4,"Professional, Admin and Support Services",13473.0
Gross Value Added at Constant Basic Prices (Seasonally Adjusted),2019Q4,"Public Admin, Education and Health",10974.0
Gross Value Added at Constant Basic Prices (Seasonally Adjusted),2019Q4,"Arts, Entertainment and Other Services",1341.0
Gross Value Added at Constant Basic Prices (Seasonally Adjusted),2019Q4,Statistical Discrepancy,
Gross Value Added at Constant Basic Prices (Seasonally Adjusted),2019Q4,All Sectors,99361.0
Gross Value Added at Constant Basic Prices (Seasonally Adjusted),2020Q1,"Agriculture, Forestry and Fishing",1088.0
Gross Value Added at Constant Basic Prices (Seasonally Adjusted),2020Q1,Industry (excl. Construction),34345.0
Gross Value Added at Constant Basic Prices (Seasonally Adjusted),2020Q1,Industry - of which Manufacturing,32813.0
Gross Value Added at Constant Basic Prices (Seasonally Adjusted),2020Q1,Construction,3733.0
Gross Value Added at Constant Basic Prices (Seasonally Adjusted),2020Q1,"Distribution, Transport, Hotels and Restaurants",12795.0
Gross Value Added at Constant Basic Prices (Seasonally Adjusted),2020Q1,Information and Communication,16644.0
Gross Value Added at Constant Basic Prices (Seasonally Adjusted),2020Q1,Financial and Insurance Activities,4155.0
Gross Value Added at Constant Basic Prices (Seasonally Adjusted),2020Q1,Real Estate Activities,6246.0
Gross Value Added at Constant Basic Prices (Seasonally Adjusted),2020Q1,"Professional, Admin and Support Services",13821.0
Gross Value Added at Constant Basic Prices (Seasonally Adjusted),2020Q1,"Public Admin, Education and Health",10836.0
Gross Value Added at Constant Basic Prices (Seasonally Adjusted),2020Q1,"Arts, Entertainment and Other Services",1429.0
Gross Value Added at Constant Basic Prices (Seasonally Adjusted),2020Q1,Statistical Discrepancy,
Gross Value Added at Constant Basic Prices (Seasonally Adjusted),2020Q1,All Sectors,105524.0
Gross Value Added at Constant Basic Prices (Seasonally Adjusted),2020Q2,"Agriculture, Forestry and Fishing",1138.0
Gross Value Added at Constant Basic Prices (Seasonally Adjusted),2020Q2,Industry (excl. Construction),35209.0
Gross Value Added at Constant Basic Prices (Seasonally Adjusted),2020Q2,Industry - of which Manufacturing,33643.0
Gross Value Added at Constant Basic Prices (Seasonally Adjusted),2020Q2,Construction,2449.0
Gross Value Added at Constant Basic Prices (Seasonally Adjusted),2020Q2,"Distribution, Transport, Hotels and Restaurants",7334.0
Gross Value Added at Constant Basic Prices (Seasonally Adjusted),2020Q2,Information and Communication,15475.0
Gross Value Added at Constant Basic Prices (Seasonally Adjusted),2020Q2,Financial and Insurance Activities,4031.0
Gross Value Added at Constant Basic Prices (Seasonally Adjusted),2020Q2,Real Estate Activities,5858.0
Gross Value Added at Constant Basic Prices (Seasonally Adjusted),2020Q2,"Professional, Admin and Support Services",12611.0
Gross Value Added at Constant Basic Prices (Seasonally Adjusted),2020Q2,"Public Admin, Education and Health",9918.0
Gross Value Added at Constant Basic Prices (Seasonally Adjusted),2020Q2,"Arts, Entertainment and Other Services",958.0
Gross Value Added at Constant Basic Prices (Seasonally Adjusted),2020Q2,Statistical Discrepancy,
Gross Value Added at Constant Basic Prices (Seasonally Adjusted),2020Q2,All Sectors,98688.0
Gross Value Added at Constant Basic Prices (Seasonally Adjusted),2020Q3,"Agriculture, Forestry and Fishing",1147.0
Gross Value Added at Constant Basic Prices (Seasonally Adjusted),2020Q3,Industry (excl. Construction),37915.0
Gross Value Added at Constant Basic Prices (Seasonally Adjusted),2020Q3,Industry - of which Manufacturing,36458.0
Gross Value Added at Constant Basic Prices (Seasonally Adjusted),2020Q3,Construction,3193.0
Gross Value Added at Constant Basic Prices (Seasonally Adjusted),2020Q3,"Distribution, Transport, Hotels and Restaurants",10523.0
Gross Value Added at Constant Basic Prices (Seasonally Adjusted),2020Q3,Information and Communication,19805.0
Gross Value Added at Constant Basic Prices (Seasonally Adjusted),2020Q3,Financial and Insurance Activities,3909.0
Gross Value Added at Constant Basic Prices (Seasonally Adjusted),2020Q3,Real Estate Activities,6052.0
Gross Value Added at Constant Basic Prices (Seasonally Adjusted),2020Q3,"Professional, Admin and Support Services",13179.0
Gross Value Added at Constant Basic Prices (Seasonally Adjusted),2020Q3,"Public Admin, Education and Health",10579.0
Gross Value Added at Constant Basic Prices (Seasonally Adjusted),2020Q3,"Arts, Entertainment and Other Services",997.0
Gross Value Added at Constant Basic Prices (Seasonally Adjusted),2020Q3,Statistical Discrepancy,
Gross Value Added at Constant Basic Prices (Seasonally Adjusted),2020Q3,All Sectors,111359.0
Gross Value Added at Constant Basic Prices (Seasonally Adjusted),2020Q4,"Agriculture, Forestry and Fishing",1177.0
Gross Value Added at Constant Basic Prices (Seasonally Adjusted),2020Q4,Industry (excl. Construction),37271.0
Gross Value Added at Constant Basic Prices (Seasonally Adjusted),2020Q4,Industry - of which Manufacturing,35981.0
Gross Value Added at Constant Basic Prices (Seasonally Adjusted),2020Q4,Construction,3564.0
Gross Value Added at Constant Basic Prices (Seasonally Adjusted),2020Q4,"Distribution, Transport, Hotels and Restaurants",10516.0
Gross Value Added at Constant Basic Prices (Seasonally Adjusted),2020Q4,Information and Communication,17403.0
Gross Value Added at Constant Basic Prices (Seasonally Adjusted),2020Q4,Financial and Insurance Activities,3912.0
Gross Value Added at Constant Basic Prices (Seasonally Adjusted),2020Q4,Real Estate Activities,6349.0
Gross Value Added at Constant Basic Prices (Seasonally Adjusted),2020Q4,"Professional, Admin and Support Services",13154.0
Gross Value Added at Constant Basic Prices (Seasonally Adjusted),2020Q4,"Public Admin, Education and Health",10651.0
Gross Value Added at Constant Basic Prices (Seasonally Adjusted),2020Q4,"Arts, Entertainment and Other Services",1027.0
Gross Value Added at Constant Basic Prices (Seasonally Adjusted),2020Q4,Statistical Discrepancy,
Gross Value Added at Constant Basic Prices (Seasonally Adjusted),2020Q4,All Sectors,105920.0
Gross Value Added at Constant Basic Prices (Seasonally Adjusted),2021Q1,"Agriculture, Forestry and Fishing",1124.0
Gross Value Added at Constant Basic Prices (Seasonally Adjusted),2021Q1,Industry (excl. Construction),43460.0
Gross Value Added at Constant Basic Prices (Seasonally Adjusted),2021Q1,Industry - of which Manufacturing,41909.0
Gross Value Added at Constant Basic Prices (Seasonally Adjusted),2021Q1,Construction,2913.0
Gross Value Added at Constant Basic Prices (Seasonally Adjusted),2021Q1,"Distribution, Transport, Hotels and Restaurants",10385.0
Gross Value Added at Constant Basic Prices (Seasonally Adjusted),2021Q1,Information and Communication,20127.0
Gross Value Added at Constant Basic Prices (Seasonally Adjusted),2021Q1,Financial and Insurance Activities,5127.0
Gross Value Added at Constant Basic Prices (Seasonally Adjusted),2021Q1,Real Estate Activities,6763.0
Gross Value Added at Constant Basic Prices (Seasonally Adjusted),2021Q1,"Professional, Admin and Support Services",12955.0
Gross Value Added at Constant Basic Prices (Seasonally Adjusted),2021Q1,"Public Admin, Education and Health",10896.0
Gross Value Added at Constant Basic Prices (Seasonally Adjusted),2021Q1,"Arts, Entertainment and Other Services",1013.0
Gross Value Added at Constant Basic Prices (Seasonally Adjusted),2021Q1,Statistical Discrepancy,
Gross Value Added at Constant Basic Prices (Seasonally Adjusted),2021Q1,All Sectors,118559.0
Gross Value Added at Constant Basic Prices (Seasonally Adjusted),2021Q2,"Agriculture, Forestry and Fishing",1091.0
Gross Value Added at Constant Basic Prices (Seasonally Adjusted),2021Q2,Industry (excl. Construction),42746.0
Gross Value Added at Constant Basic Prices (Seasonally Adjusted),2021Q2,Industry - of which Manufacturing,41356.0
Gross Value Added at Constant Basic Prices (Seasonally Adjusted),2021Q2,Construction,3390.0
Gross Value Added at Constant Basic Prices (Seasonally Adjusted),2021Q2,"Distribution, Transport, Hotels and Restaurants",11147.0
Gross Value Added at Constant Basic Prices (Seasonally Adjusted),2021Q2,Information and Communication,21154.0
Gross Value Added at Constant Basic Prices (Seasonally Adjusted),2021Q2,Financial and Insurance Activities,5218.0
Gross Value Added at Constant Basic Prices (Seasonally Adjusted),2021Q2,Real Estate Activities,6805.0
Gross Value Added at Constant Basic Prices (Seasonally Adjusted),2021Q2,"Professional, Admin and Support Services",13081.0
Gross Value Added at Constant Basic Prices (Seasonally Adjusted),2021Q2,"Public Admin, Education and Health",11030.0
Gross Value Added at Constant Basic Prices (Seasonally Adjusted),2021Q2,"Arts, Entertainment and Other Services",1115.0
Gross Value Added at Constant Basic Prices (Seasonally Adjusted),2021Q2,Statistical Discrepancy,
Gross Value Added at Constant Basic Prices (Seasonally Adjusted),2021Q2,All Sectors,120820.0
Gross Value Added at Constant Basic Prices (Seasonally Adjusted),2021Q3,"Agriculture, Forestry and Fishing",1275.0
Gross Value Added at Constant Basic Prices (Seasonally Adjusted),2021Q3,Industry (excl. Construction),49726.0
Gross Value Added at Constant Basic Prices (Seasonally Adjusted),2021Q3,Industry - of which Manufacturing,48509.0
Gross Value Added at Constant Basic Prices (Seasonally Adjusted),2021Q3,Construction,3499.0
Gross Value Added at Constant Basic Prices (Seasonally Adjusted),2021Q3,"Distribution, Transport, Hotels and Restaurants",11809.0
Gross Value Added at Constant Basic Prices (Seasonally Adjusted),2021Q3,Information and Communication,21141.0
Gross Value Added at Constant Basic Prices (Seasonally Adjusted),2021Q3,Financial and Insurance Activities,5295.0
Gross Value Added at Constant Basic Prices (Seasonally Adjusted),2021Q3,Real Estate Activities,6874.0
Gross Value Added at Constant Basic Prices (Seasonally Adjusted),2021Q3,"Professional, Admin and Support Services",13437.0
Gross Value Added at Constant Basic Prices (Seasonally Adjusted),2021Q3,"Public Admin, Education and Health",11240.0
Gross Value Added at Constant Basic Prices (Seasonally Adjusted),2021Q3,"Arts, Entertainment and Other Services",1231.0
Gross Value Added at Constant Basic Prices (Seasonally Adjusted),2021Q3,Statistical Discrepancy,
Gross Value Added at Constant Basic Prices (Seasonally Adjusted),2021Q3,All Sectors,126973.0
Gross Value Added at Constant Basic Prices (Seasonally Adjusted),2021Q4,"Agriculture, Forestry and Fishing",1265.0
Gross Value Added at Constant Basic Prices (Seasonally Adjusted),2021Q4,Industry (excl. Construction),42499.0
Gross Value Added at Constant Basic Prices (Seasonally Adjusted),2021Q4,Industry - of which Manufacturing,41404.0
Gross Value Added at Constant Basic Prices (Seasonally Adjusted),2021Q4,Construction,3990.0
Gross Value Added at Constant Basic Prices (Seasonally Adjusted),2021Q4,"Distribution, Transport, Hotels and Restaurants",13262.0
Gross Value Added at Constant Basic Prices (Seasonally Adjusted),2021Q4,Information and Communication,23609.0
Gross Value Added at Constant Basic Prices (Seasonally Adjusted),2021Q4,Financial and Insurance Activities,5251.0
Gross Value Added at Constant Basic Prices (Seasonally Adjusted),2021Q4,Real Estate Activities,7079.0
Gross Value Added at Constant Basic Prices (Seasonally Adjusted),2021Q4,"Professional, Admin and Support Services",13664.0
Gross Value Added at Constant Basic Prices (Seasonally Adjusted),2021Q4,"Public Admin, Education and Health",11409.0
Gross Value Added at Constant Basic Prices (Seasonally Adjusted),2021Q4,"Arts, Entertainment and Other Services",1421.0
Gross Value Added at Constant Basic Prices (Seasonally Adjusted),2021Q4,Statistical Discrepancy,
Gross Value Added at Constant Basic Prices (Seasonally Adjusted),2021Q4,All Sectors,122376.0
Gross Value Added at Constant Basic Prices (Seasonally Adjusted),2022Q1,"Agriculture, Forestry and Fishing",1258.0
Gross Value Added at Constant Basic Prices (Seasonally Adjusted),2022Q1,Industry (excl. Construction),47687.0
Gross Value Added at Constant Basic Prices (Seasonally Adjusted),2022Q1,Industry - of which Manufacturing,46687.0
Gross Value Added at Constant Basic Prices (Seasonally Adjusted),2022Q1,Construction,3530.0
Gross Value Added at Constant Basic Prices (Seasonally Adjusted),2022Q1,"Distribution, Transport, Hotels and Restaurants",12335.0
Gross Value Added at Constant Basic Prices (Seasonally Adjusted),2022Q1,Information and Communication,22042.0
Gross Value Added at Constant Basic Prices (Seasonally Adjusted),2022Q1,Financial and Insurance Activities,4662.0
Gross Value Added at Constant Basic Prices (Seasonally Adjusted),2022Q1,Real Estate Activities,7041.0
Gross Value Added at Constant Basic Prices (Seasonally Adjusted),2022Q1,"Professional, Admin and Support Services",13891.0
Gross Value Added at Constant Basic Prices (Seasonally Adjusted),2022Q1,"Public Admin, Education and Health",11559.0
Gross Value Added at Constant Basic Prices (Seasonally Adjusted),2022Q1,"Arts, Entertainment and Other Services",1368.0
Gross Value Added at Constant Basic Prices (Seasonally Adjusted),2022Q1,Statistical Discrepancy,
Gross Value Added at Constant Basic Prices (Seasonally Adjusted),2022Q1,All Sectors,127008.0
Gross Value Added at Constant Basic Prices (Seasonally Adjusted),2022Q2,"Agriculture, Forestry and Fishing",1254.0
Gross Value Added at Constant Basic Prices (Seasonally Adjusted),2022Q2,Industry (excl. Construction),47107.0
Gross Value Added at Constant Basic Prices (Seasonally Adjusted),2022Q2,Industry - of which Manufacturing,46025.0
Gross Value Added at Constant Basic Prices (Seasonally Adjusted),2022Q2,Construction,3692.0
Gross Value Added at Constant Basic Prices (Seasonally Adjusted),2022Q2,"Distribution, Transport, Hotels and Restaurants",12742.0
Gross Value Added at Constant Basic Prices (Seasonally Adjusted),2022Q2,Information and Communication,23348.0
Gross Value Added at Constant Basic Prices (Seasonally Adjusted),2022Q2,Financial and Insurance Activities,4589.0
Gross Value Added at Constant Basic Prices (Seasonally Adjusted),2022Q2,Real Estate Activities,7199.0
Gross Value Added at Constant Basic Prices (Seasonally Adjusted),2022Q2,"Professional, Admin and Support Services",14263.0
Gross Value Added at Constant Basic Prices (Seasonally Adjusted),2022Q2,"Public Admin, Education and Health",11809.0
Gross Value Added at Constant Basic Prices (Seasonally Adjusted),2022Q2,"Arts, Entertainment and Other Services",1500.0
Gross Value Added at Constant Basic Prices (Seasonally Adjusted),2022Q2,Statistical Discrepancy,
Gross Value Added at Constant Basic Prices (Seasonally Adjusted),2022Q2,All Sectors,131678.0
Gross Value Added at Constant Basic Prices (Seasonally Adjusted),2022Q3,"Agriculture, Forestry and Fishing",1373.0
Gross Value Added at Constant Basic Prices (Seasonally Adjusted),2022Q3,Industry (excl. Construction),56445.0
Gross Value Added at Constant Basic Prices (Seasonally Adjusted),2022Q3,Industry - of which Manufacturing,55742.0
Gross Value Added at Constant Basic Prices (Seasonally Adjusted),2022Q3,Construction,3705.0
Gross Value Added at Constant Basic Prices (Seasonally Adjusted),2022Q3,"Distribution, Transport, Hotels and Restaurants",12242.0
Gross Value Added at Constant Basic Prices (Seasonally Adjusted),2022Q3,Information and Communication,24150.0
Gross Value Added at Constant Basic Prices (Seasonally Adjusted),2022Q3,Financial and Insurance Activities,4491.0
Gross Value Added at Constant Basic Prices (Seasonally Adjusted),2022Q3,Real Estate Activities,7235.0
Gross Value Added at Constant Basic Prices (Seasonally Adjusted),2022Q3,"Professional, Admin and Support Services",14407.0
Gross Value Added at Constant Basic Prices (Seasonally Adjusted),2022Q3,"Public Admin, Education and Health",11904.0
Gross Value Added at Constant Basic Prices (Seasonally Adjusted),2022Q3,"Arts, Entertainment and Other Services",1536.0
Gross Value Added at Constant Basic Prices (Seasonally Adjusted),2022Q3,Statistical Discrepancy,
Gross Value Added at Constant Basic Prices (Seasonally Adjusted),2022Q3,All Sectors,137613.0
Gross Value Added at Constant Basic Prices (Seasonally Adjusted),2022Q4,"Agriculture, Forestry and Fishing",1360.0
Gross Value Added at Constant Basic Prices (Seasonally Adjusted),2022Q4,Industry (excl. Construction),55059.0
Gross Value Added at Constant Basic Prices (Seasonally Adjusted),2022Q4,Industry - of which Manufacturing,54129.0
Gross Value Added at Constant Basic Prices (Seasonally Adjusted),2022Q4,Construction,3648.0
Gross Value Added at Constant Basic Prices (Seasonally Adjusted),2022Q4,"Distribution, Transport, Hotels and Restaurants",13449.0
Gross Value Added at Constant Basic Prices (Seasonally Adjusted),2022Q4,Information and Communication,23158.0
Gross Value Added at Constant Basic Prices (Seasonally Adjusted),2022Q4,Financial and Insurance Activities,4614.0
Gross Value Added at Constant Basic Prices (Seasonally Adjusted),2022Q4,Real Estate Activities,7263.0
Gross Value Added at Constant Basic Prices (Seasonally Adjusted),2022Q4,"Professional, Admin and Support Services",14852.0
Gross Value Added at Constant Basic Prices (Seasonally Adjusted),2022Q4,"Public Admin, Education and Health",12019.0
Gross Value Added at Constant Basic Prices (Seasonally Adjusted),2022Q4,"Arts, Entertainment and Other Services",1501.0
Gross Value Added at Constant Basic Prices (Seasonally Adjusted),2022Q4,Statistical Discrepancy,
Gross Value Added at Constant Basic Prices (Seasonally Adjusted),2022Q4,All Sectors,135786.0
Gross Value Added at Constant Basic Prices (Seasonally Adjusted),2023Q1,"Agriculture, Forestry and Fishing",1415.0
Gross Value Added at Constant Basic Prices (Seasonally Adjusted),2023Q1,Industry (excl. Construction),42753.0
Gross Value Added at Constant Basic Prices (Seasonally Adjusted),2023Q1,Industry - of which Manufacturing,41079.0
Gross Value Added at Constant Basic Prices (Seasonally Adjusted),2023Q1,Construction,3835.0
Gross Value Added at Constant Basic Prices (Seasonally Adjusted),2023Q1,"Distribution, Transport, Hotels and Restaurants",13332.0
Gross Value Added at Constant Basic Prices (Seasonally Adjusted),2023Q1,Information and Communication,24683.0
Gross Value Added at Constant Basic Prices (Seasonally Adjusted),2023Q1,Financial and Insurance Activities,5126.0
Gross Value Added at Constant Basic Prices (Seasonally Adjusted),2023Q1,Real Estate Activities,7223.0
Gross Value Added at Constant Basic Prices (Seasonally Adjusted),2023Q1,"Professional, Admin and Support Services",14937.0
Gross Value Added at Constant Basic Prices (Seasonally Adjusted),2023Q1,"Public Admin, Education and Health",12246.0
Gross Value Added at Constant Basic Prices (Seasonally Adjusted),2023Q1,"Arts, Entertainment and Other Services",1542.0
Gross Value Added at Constant Basic Prices (Seasonally Adjusted),2023Q1,Statistical Discrepancy,
Gross Value Added at Constant Basic Prices (Seasonally Adjusted),2023Q1,All Sectors,128493.0
Gross Value Added at Constant Basic Prices (Seasonally Adjusted),2023Q2,"Agriculture, Forestry and Fishing",1537.0
Gross Value Added at Constant Basic Prices (Seasonally Adjusted),2023Q2,Industry (excl. Construction),42760.0
Gross Value Added at Constant Basic Prices (Seasonally Adjusted),2023Q2,Industry - of which Manufacturing,40874.0
Gross Value Added at Constant Basic Prices (Seasonally Adjusted),2023Q2,Construction,3655.0
Gross Value Added at Constant Basic Prices (Seasonally Adjusted),2023Q2,"Distribution, Transport, Hotels and Restaurants",13468.0
Gross Value Added at Constant Basic Prices (Seasonally Adjusted),2023Q2,Information and Communication,26544.0
Gross Value Added at Constant Basic Prices (Seasonally Adjusted),2023Q2,Financial and Insurance Activities,5270.0
Gross Value Added at Constant Basic Prices (Seasonally Adjusted),2023Q2,Real Estate Activities,7266.0
Gross Value Added at Constant Basic Prices (Seasonally Adjusted),2023Q2,"Professional, Admin and Support Services",15475.0
Gross Value Added at Constant Basic Prices (Seasonally Adjusted),2023Q2,"Public Admin, Education and Health",12323.0
Gross Value Added at Constant Basic Prices (Seasonally Adjusted),2023Q2,"Arts, Entertainment and Other Services",1571.0
Gross Value Added at Constant Basic Prices (Seasonally Adjusted),2023Q2,Statistical Discrepancy,
Gross Value Added at Constant Basic Prices (Seasonally Adjusted),2023Q2,All Sectors,129432.0
Gross Value Added at Constant Basic Prices (Seasonally Adjusted),2023Q3,"Agriculture, Forestry and Fishing",1396.0
Gross Value Added at Constant Basic Prices (Seasonally Adjusted),2023Q3,Industry (excl. Construction),45467.0
Gross Value Added at Constant Basic Prices (Seasonally Adjusted),2023Q3,Industry - of which Manufacturing,43721.0
Gross Value Added at Constant Basic Prices (Seasonally Adjusted),2023Q3,Construction,3634.0
Gross Value Added at Constant Basic Prices (Seasonally Adjusted),2023Q3,"Distribution, Transport, Hotels and Restaurants",13100.0
Gross Value Added at Constant Basic Prices (Seasonally Adjusted),2023Q3,Information and Communication,26317.0
Gross Value Added at Constant Basic Prices (Seasonally Adjusted),2023Q3,Financial and Insurance Activities,4813.0
Gross Value Added at Constant Basic Prices (Seasonally Adjusted),2023Q3,Real Estate Activities,7331.0
Gross Value Added at Constant Basic Prices (Seasonally Adjusted),2023Q3,"Professional, Admin and Support Services",16051.0
Gross Value Added at Constant Basic Prices (Seasonally Adjusted),2023Q3,"Public Admin, Education and Health",12426.0
Gross Value Added at Constant Basic Prices (Seasonally Adjusted),2023Q3,"Arts, Entertainment and Other Services",1516.0
Gross Value Added at Constant Basic Prices (Seasonally Adjusted),2023Q3,Statistical Discrepancy,
Gross Value Added at Constant Basic Prices (Seasonally Adjusted),2023Q3,All Sectors,131045.0
Gross Value Added at Constant Basic Prices (Seasonally Adjusted),2023Q4,"Agriculture, Forestry and Fishing",1381.0
Gross Value Added at Constant Basic Prices (Seasonally Adjusted),2023Q4,Industry (excl. Construction),38650.0
Gross Value Added at Constant Basic Prices (Seasonally Adjusted),2023Q4,Industry - of which Manufacturing,36791.0
Gross Value Added at Constant Basic Prices (Seasonally Adjusted),2023Q4,Construction,3650.0
Gross Value Added at Constant Basic Prices (Seasonally Adjusted),2023Q4,"Distribution, Transport, Hotels and Restaurants",13236.0
Gross Value Added at Constant Basic Prices (Seasonally Adjusted),2023Q4,Information and Communication,26487.0
Gross Value Added at Constant Basic Prices (Seasonally Adjusted),2023Q4,Financial and Insurance Activities,5094.0
Gross Value Added at Constant Basic Prices (Seasonally Adjusted),2023Q4,Real Estate Activities,7176.0
Gross Value Added at Constant Basic Prices (Seasonally Adjusted),2023Q4,"Professional, Admin and Support Services",15845.0
Gross Value Added at Constant Basic Prices (Seasonally Adjusted),2023Q4,"Public Admin, Education and Health",12565.0
Gross Value Added at Constant Basic Prices (Seasonally Adjusted),2023Q4,"Arts, Entertainment and Other Services",1543.0
Gross Value Added at Constant Basic Prices (Seasonally Adjusted),2023Q4,Statistical Discrepancy,
Gross Value Added at Constant Basic Prices (Seasonally Adjusted),2023Q4,All Sectors,124086.0
Gross Value Added at Constant Basic Prices (Seasonally Adjusted),2024Q1,"Agriculture, Forestry and Fishing",1446.0
Gross Value Added at Constant Basic Prices (Seasonally Adjusted),2024Q1,Industry (excl. Construction),36799.0
Gross Value Added at Constant Basic Prices (Seasonally Adjusted),2024Q1,Industry - of which Manufacturing,34708.0
Gross Value Added at Constant Basic Prices (Seasonally Adjusted),2024Q1,Construction,3652.0
Gross Value Added at Constant Basic Prices (Seasonally Adjusted),2024Q1,"Distribution, Transport, Hotels and Restaurants",13498.0
Gross Value Added at Constant Basic Prices (Seasonally Adjusted),2024Q1,Information and Communication,27334.0
Gross Value Added at Constant Basic Prices (Seasonally Adjusted),2024Q1,Financial and Insurance Activities,5952.0
Gross Value Added at Constant Basic Prices (Seasonally Adjusted),2024Q1,Real Estate Activities,7605.0
Gross Value Added at Constant Basic Prices (Seasonally Adjusted),2024Q1,"Professional, Admin and Support Services",16192.0
Gross Value Added at Constant Basic Prices (Seasonally Adjusted),2024Q1,"Public Admin, Education and Health",12981.0
Gross Value Added at Constant Basic Prices (Seasonally Adjusted),2024Q1,"Arts, Entertainment and Other Services",1613.0
Gross Value Added at Constant Basic Prices (Seasonally Adjusted),2024Q1,Statistical Discrepancy,
Gross Value Added at Constant Basic Prices (Seasonally Adjusted),2024Q1,All Sectors,127142.0
Gross Value Added at Constant Basic Prices (Seasonally Adjusted),2024Q2,"Agriculture, Forestry and Fishing",1416.0
Gross Value Added at Constant Basic Prices (Seasonally Adjusted),2024Q2,Industry (excl. Construction),39270.0
Gross Value Added at Constant Basic Prices (Seasonally Adjusted),2024Q2,Industry - of which Manufacturing,37449.0
Gross Value Added at Constant Basic Prices (Seasonally Adjusted),2024Q2,Construction,3626.0
Gross Value Added at Constant Basic Prices (Seasonally Adjusted),2024Q2,"Distribution, Transport, Hotels and Restaurants",13321.0
Gross Value Added at Constant Basic Prices (Seasonally Adjusted),2024Q2,Information and Communication,26486.0
Gross Value Added at Constant Basic Prices (Seasonally Adjusted),2024Q2,Financial and Insurance Activities,5678.0
Gross Value Added at Constant Basic Prices (Seasonally Adjusted),2024Q2,Real Estate Activities,7595.0
Gross Value Added at Constant Basic Prices (Seasonally Adjusted),2024Q2,"Professional, Admin and Support Services",16265.0
Gross Value Added at Constant Basic Prices (Seasonally Adjusted),2024Q2,"Public Admin, Education and Health",12992.0
Gross Value Added at Constant Basic Prices (Seasonally Adjusted),2024Q2,"Arts, Entertainment and Other Services",1517.0
Gross Value Added at Constant Basic Prices (Seasonally Adjusted),2024Q2,Statistical Discrepancy,
Gross Value Added at Constant Basic Prices (Seasonally Adjusted),2024Q2,All Sectors,127246.0
Gross Value Added at Constant Basic Prices (Seasonally Adjusted),2024Q3,"Agriculture, Forestry and Fishing",1481.0
Gross Value Added at Constant Basic Prices (Seasonally Adjusted),2024Q3,Industry (excl. Construction),49283.0
Gross Value Added at Constant Basic Prices (Seasonally Adjusted),2024Q3,Industry - of which Manufacturing,47763.0
Gross Value Added at Constant Basic Prices (Seasonally Adjusted),2024Q3,Construction,3967.0
Gross Value Added at Constant Basic Prices (Seasonally Adjusted),2024Q3,"Distribution, Transport, Hotels and Restaurants",12970.0
Gross Value Added at Constant Basic Prices (Seasonally Adjusted),2024Q3,Information and Communication,28338.0
Gross Value Added at Constant Basic Prices (Seasonally Adjusted),2024Q3,Financial and Insurance Activities,5993.0
Gross Value Added at Constant Basic Prices (Seasonally Adjusted),2024Q3,Real Estate Activities,7758.0
Gross Value Added at Constant Basic Prices (Seasonally Adjusted),2024Q3,"Professional, Admin and Support Services",16086.0
Gross Value Added at Constant Basic Prices (Seasonally Adjusted),2024Q3,"Public Admin, Education and Health",12981.0
Gross Value Added at Constant Basic Prices (Seasonally Adjusted),2024Q3,"Arts, Entertainment and Other Services",1499.0
Gross Value Added at Constant Basic Prices (Seasonally Adjusted),2024Q3,Statistical Discrepancy,
Gross Value Added at Constant Basic Prices (Seasonally Adjusted),2024Q3,All Sectors,137459.0
Gross Value Added at Constant Basic Prices (Seasonally Adjusted),2024Q4,"Agriculture, Forestry and Fishing",1460.0
Gross Value Added at Constant Basic Prices (Seasonally Adjusted),2024Q4,Industry (excl. Construction),45102.0
Gross Value Added at Constant Basic Prices (Seasonally Adjusted),2024Q4,Industry - of which Manufacturing,43591.0
Gross Value Added at Constant Basic Prices (Seasonally Adjusted),2024Q4,Construction,3637.0
Gross Value Added at Constant Basic Prices (Seasonally Adjusted),2024Q4,"Distribution, Transport, Hotels and Restaurants",13182.0
Gross Value Added at Constant Basic Prices (Seasonally Adjusted),2024Q4,Information and Communication,30470.0
Gross Value Added at Constant Basic Prices (Seasonally Adjusted),2024Q4,Financial and Insurance Activities,5724.0
Gross Value Added at Constant Basic Prices (Seasonally Adjusted),2024Q4,Real Estate Activities,7776.0
Gross Value Added at Constant Basic Prices (Seasonally Adjusted),2024Q4,"Professional, Admin and Support Services",16579.0
Gross Value Added at Constant Basic Prices (Seasonally Adjusted),2024Q4,"Public Admin, Education and Health",13086.0
Gross Value Added at Constant Basic Prices (Seasonally Adjusted),2024Q4,"Arts, Entertainment and Other Services",1521.0
Gross Value Added at Constant Basic Prices (Seasonally Adjusted),2024Q4,Statistical Discrepancy,
Gross Value Added at Constant Basic Prices (Seasonally Adjusted),2024Q4,All Sectors,140066.0
Gross Value Added at Constant Basic Prices (Seasonally Adjusted),2025Q1,"Agriculture, Forestry and Fishing",1507.0
Gross Value Added at Constant Basic Prices (Seasonally Adjusted),2025Q1,Industry (excl. Construction),57053.0
Gross Value Added at Constant Basic Prices (Seasonally Adjusted),2025Q1,Industry - of which Manufacturing,55231.0
Gross Value Added at Constant Basic Prices (Seasonally Adjusted),2025Q1,Construction,3886.0
Gross Value Added at Constant Basic Prices (Seasonally Adjusted),2025Q1,"Distribution, Transport, Hotels and Restaurants",13323.0
Gross Value Added at Constant Basic Prices (Seasonally Adjusted),2025Q1,Information and Communication,31481.0
Gross Value Added at Constant Basic Prices (Seasonally Adjusted),2025Q1,Financial and Insurance Activities,5754.0
Gross Value Added at Constant Basic Prices (Seasonally Adjusted),2025Q1,Real Estate Activities,7895.0
Gross Value Added at Constant Basic Prices (Seasonally Adjusted),2025Q1,"Professional, Admin and Support Services",16929.0
Gross Value Added at Constant Basic Prices (Seasonally Adjusted),2025Q1,"Public Admin, Education and Health",13048.0
Gross Value Added at Constant Basic Prices (Seasonally Adjusted),2025Q1,"Arts, Entertainment and Other Services",1531.0
Gross Value Added at Constant Basic Prices (Seasonally Adjusted),2025Q1,Statistical Discrepancy,
Gross Value Added at Constant Basic Prices (Seasonally Adjusted),2025Q1,All Sectors,149285.0
Gross Value Added at Constant Basic Prices (Seasonally Adjusted),2025Q2,"Agriculture, Forestry and Fishing",1435.0
Gross Value Added at Constant Basic Prices (Seasonally Adjusted),2025Q2,Industry (excl. Construction),42769.0
Gross Value Added at Constant Basic Prices (Seasonally Adjusted),2025Q2,Industry - of which Manufacturing,40828.0
Gross Value Added at Constant Basic Prices (Seasonally Adjusted),2025Q2,Construction,4012.0
Gross Value Added at Constant Basic Prices (Seasonally Adjusted),2025Q2,"Distribution, Transport, Hotels and Restaurants",13424.0
Gross Value Added at Constant Basic Prices (Seasonally Adjusted),2025Q2,Information and Communication,32040.0
Gross Value Added at Constant Basic Prices (Seasonally Adjusted),2025Q2,Financial and Insurance Activities,5597.0
Gross Value Added at Constant Basic Prices (Seasonally Adjusted),2025Q2,Real Estate Activities,8053.0
Gross Value Added at Constant Basic Prices (Seasonally Adjusted),2025Q2,"Professional, Admin and Support Services",16366.0
Gross Value Added at Constant Basic Prices (Seasonally Adjusted),2025Q2,"Public Admin, Education and Health",13151.0
Gross Value Added at Constant Basic Prices (Seasonally Adjusted),2025Q2,"Arts, Entertainment and Other Services",1526.0
Gross Value Added at Constant Basic Prices (Seasonally Adjusted),2025Q2,Statistical Discrepancy,
Gross Value Added at Constant Basic Prices (Seasonally Adjusted),2025Q2,All Sectors,142610.0
Gross Value Added at Constant Basic Prices (Seasonally Adjusted),2025Q3,"Agriculture, Forestry and Fishing",1498.0
Gross Value Added at Constant Basic Prices (Seasonally Adjusted),2025Q3,Industry (excl. Construction),49885.0
Gross Value Added at Constant Basic Prices (Seasonally Adjusted),2025Q3,Industry - of which Manufacturing,48079.0
Gross Value Added at Constant Basic Prices (Seasonally Adjusted),2025Q3,Construction,3929.0
Gross Value Added at Constant Basic Prices (Seasonally Adjusted),2025Q3,"Distribution, Transport, Hotels and Restaurants",13777.0
Gross Value Added at Constant Basic Prices (Seasonally Adjusted),2025Q3,Information and Communication,32607.0
Gross Value Added at Constant Basic Prices (Seasonally Adjusted),2025Q3,Financial and Insurance Activities,5988.0
Gross Value Added at Constant Basic Prices (Seasonally Adjusted),2025Q3,Real Estate Activities,8072.0
Gross Value Added at Constant Basic Prices (Seasonally Adjusted),2025Q3,"Professional, Admin and Support Services",16884.0
Gross Value Added at Constant Basic Prices (Seasonally Adjusted),2025Q3,"Public Admin, Education and Health",13403.0
Gross Value Added at Constant Basic Prices (Seasonally Adjusted),2025Q3,"Arts, Entertainment and Other Services",1564.0
Gross Value Added at Constant Basic Prices (Seasonally Adjusted),2025Q3,Statistical Discrepancy,
Gross Value Added at Constant Basic Prices (Seasonally Adjusted),2025Q3,All Sectors,144761.0
Gross Value Added at Constant Basic Prices (Seasonally Adjusted),2025Q4,"Agriculture, Forestry and Fishing",1550.0
Gross Value Added at Constant Basic Prices (Seasonally Adjusted),2025Q4,Industry (excl. Construction),41541.0
Gross Value Added at Constant Basic Prices (Seasonally Adjusted),2025Q4,Industry - of which Manufacturing,39847.0
Gross Value Added at Constant Basic Prices (Seasonally Adjusted),2025Q4,Construction,3954.0
Gross Value Added at Constant Basic Prices (Seasonally Adjusted),2025Q4,"Distribution, Transport, Hotels and Restaurants",13570.0
Gross Value Added at Constant Basic Prices (Seasonally Adjusted),2025Q4,Information and Communication,33355.0
Gross Value Added at Constant Basic Prices (Seasonally Adjusted),2025Q4,Financial and Insurance Activities,6132.0
Gross Value Added at Constant Basic Prices (Seasonally Adjusted),2025Q4,Real Estate Activities,8220.0
Gross Value Added at Constant Basic Prices (Seasonally Adjusted),2025Q4,"Professional, Admin and Support Services",16300.0
Gross Value Added at Constant Basic Prices (Seasonally Adjusted),2025Q4,"Public Admin, Education and Health",13412.0
Gross Value Added at Constant Basic Prices (Seasonally Adjusted),2025Q4,"Arts, Entertainment and Other Services",1545.0
Gross Value Added at Constant Basic Prices (Seasonally Adjusted),2025Q4,Statistical Discrepancy,
Gross Value Added at Constant Basic Prices (Seasonally Adjusted),2025Q4,All Sectors,139632.0
Gross Value Added at Constant Basic Prices (Seasonally Adjusted),2026Q1,"Agriculture, Forestry and Fishing",1527.0
Gross Value Added at Constant Basic Prices (Seasonally Adjusted),2026Q1,Industry (excl. Construction),36601.0
Gross Value Added at Constant Basic Prices (Seasonally Adjusted),2026Q1,Industry - of which Manufacturing,34862.0
Gross Value Added at Constant Basic Prices (Seasonally Adjusted),2026Q1,Construction,3808.0
Gross Value Added at Constant Basic Prices (Seasonally Adjusted),2026Q1,"Distribution, Transport, Hotels and Restaurants",13473.0
Gross Value Added at Constant Basic Prices (Seasonally Adjusted),2026Q1,Information and Communication,32567.0
Gross Value Added at Constant Basic Prices (Seasonally Adjusted),2026Q1,Financial and Insurance Activities,5961.0
Gross Value Added at Constant Basic Prices (Seasonally Adjusted),2026Q1,Real Estate Activities,8196.0
Gross Value Added at Constant Basic Prices (Seasonally Adjusted),2026Q1,"Professional, Admin and Support Services",16480.0
Gross Value Added at Constant Basic Prices (Seasonally Adjusted),2026Q1,"Public Admin, Education and Health",13307.0
Gross Value Added at Constant Basic Prices (Seasonally Adjusted),2026Q1,"Arts, Entertainment and Other Services",1453.0
Gross Value Added at Constant Basic Prices (Seasonally Adjusted),2026Q1,Statistical Discrepancy,
Gross Value Added at Constant Basic Prices (Seasonally Adjusted),2026Q1,All Sectors,127940.0
Gross Value Added at Constant Basic Prices (Seasonally Adjusted),2026Q2,"Agriculture, Forestry and Fishing",1648.0
Gross Value Added at Constant Basic Prices (Seasonally Adjusted),2026Q2,Industry (excl. Construction),44693.0
Gross Value Added at Constant Basic Prices (Seasonally Adjusted),2026Q2,Industry - of which Manufacturing,43040.0
Gross Value Added at Constant Basic Prices (Seasonally Adjusted),2026Q2,Construction,3877.0
Gross Value Added at Constant Basic Prices (Seasonally Adjusted),2026Q2,"Distribution, Transport, Hotels and Restaurants",13440.0
Gross Value Added at Constant Basic Prices (Seasonally Adjusted),2026Q2,Information and Communication,33311.0
Gross Value Added at Constant Basic Prices (Seasonally Adjusted),2026Q2,Financial and Insurance Activities,6071.0
Gross Value Added at Constant Basic Prices (Seasonally Adjusted),2026Q2,Real Estate Activities,8145.0
Gross Value Added at Constant Basic Prices (Seasonally Adjusted),2026Q2,"Professional, Admin and Support Services",16854.0
Gross Value Added at Constant Basic Prices (Seasonally Adjusted),2026Q2,"Public Admin, Education and Health",13528.0
Gross Value Added at Constant Basic Prices (Seasonally Adjusted),2026Q2,"Arts, Entertainment and Other Services",1484.0
Gross Value Added at Constant Basic Prices (Seasonally Adjusted),2026Q2,Statistical Discrepancy,
Gross Value Added at Constant Basic Prices (Seasonally Adjusted),2026Q2,All Sectors,141970.0
Gross Value Added at Current Basic Prices (Seasonally Adjusted),1995Q1,"Agriculture, Forestry and Fishing",772.0
Gross Value Added at Current Basic Prices (Seasonally Adjusted),1995Q1,Industry (excl. Construction),3150.0
Gross Value Added at Current Basic Prices (Seasonally Adjusted),1995Q1,Industry - of which Manufacturing,2756.0
Gross Value Added at Current Basic Prices (Seasonally Adjusted),1995Q1,Construction,673.0
Gross Value Added at Current Basic Prices (Seasonally Adjusted),1995Q1,"Distribution, Transport, Hotels and Restaurants",1912.0
Gross Value Added at Current Basic Prices (Seasonally Adjusted),1995Q1,Information and Communication,764.0
Gross Value Added at Current Basic Prices (Seasonally Adjusted),1995Q1,Financial and Insurance Activities,1033.0
Gross Value Added at Current Basic Prices (Seasonally Adjusted),1995Q1,Real Estate Activities,645.0
Gross Value Added at Current Basic Prices (Seasonally Adjusted),1995Q1,"Professional, Admin and Support Services",607.0
Gross Value Added at Current Basic Prices (Seasonally Adjusted),1995Q1,"Public Admin, Education and Health",2070.0
Gross Value Added at Current Basic Prices (Seasonally Adjusted),1995Q1,"Arts, Entertainment and Other Services",306.0
Gross Value Added at Current Basic Prices (Seasonally Adjusted),1995Q1,Statistical Discrepancy,
Gross Value Added at Current Basic Prices (Seasonally Adjusted),1995Q1,All Sectors,11904.0
Gross Value Added at Current Basic Prices (Seasonally Adjusted),1995Q2,"Agriculture, Forestry and Fishing",792.0
Gross Value Added at Current Basic Prices (Seasonally Adjusted),1995Q2,Industry (excl. Construction),3192.0
Gross Value Added at Current Basic Prices (Seasonally Adjusted),1995Q2,Industry - of which Manufacturing,2785.0
Gross Value Added at Current Basic Prices (Seasonally Adjusted),1995Q2,Construction,717.0
Gross Value Added at Current Basic Prices (Seasonally Adjusted),1995Q2,"Distribution, Transport, Hotels and Restaurants",1989.0
Gross Value Added at Current Basic Prices (Seasonally Adjusted),1995Q2,Information and Communication,813.0
Gross Value Added at Current Basic Prices (Seasonally Adjusted),1995Q2,Financial and Insurance Activities,1012.0
Gross Value Added at Current Basic Prices (Seasonally Adjusted),1995Q2,Real Estate Activities,687.0
Gross Value Added at Current Basic Prices (Seasonally Adjusted),1995Q2,"Professional, Admin and Support Services",630.0
Gross Value Added at Current Basic Prices (Seasonally Adjusted),1995Q2,"Public Admin, Education and Health",2114.0
Gross Value Added at Current Basic Prices (Seasonally Adjusted),1995Q2,"Arts, Entertainment and Other Services",321.0
Gross Value Added at Current Basic Prices (Seasonally Adjusted),1995Q2,Statistical Discrepancy,
Gross Value Added at Current Basic Prices (Seasonally Adjusted),1995Q2,All Sectors,12231.0
Gross Value Added at Current Basic Prices (Seasonally Adjusted),1995Q3,"Agriculture, Forestry and Fishing",735.0
Gross Value Added at Current Basic Prices (Seasonally Adjusted),1995Q3,Industry (excl. Construction),3252.0
Gross Value Added at Current Basic Prices (Seasonally Adjusted),1995Q3,Industry - of which Manufacturing,2857.0
Gross Value Added at Current Basic Prices (Seasonally Adjusted),1995Q3,Construction,759.0
Gross Value Added at Current Basic Prices (Seasonally Adjusted),1995Q3,"Distribution, Transport, Hotels and Restaurants",2069.0
Gross Value Added at Current Basic Prices (Seasonally Adjusted),1995Q3,Information and Communication,858.0
Gross Value Added at Current Basic Prices (Seasonally Adjusted),1995Q3,Financial and Insurance Activities,1056.0
Gross Value Added at Current Basic Prices (Seasonally Adjusted),1995Q3,Real Estate Activities,718.0
Gross Value Added at Current Basic Prices (Seasonally Adjusted),1995Q3,"Professional, Admin and Support Services",647.0
Gross Value Added at Current Basic Prices (Seasonally Adjusted),1995Q3,"Public Admin, Education and Health",2161.0
Gross Value Added at Current Basic Prices (Seasonally Adjusted),1995Q3,"Arts, Entertainment and Other Services",315.0
Gross Value Added at Current Basic Prices (Seasonally Adjusted),1995Q3,Statistical Discrepancy,
Gross Value Added at Current Basic Prices (Seasonally Adjusted),1995Q3,All Sectors,12402.0
Gross Value Added at Current Basic Prices (Seasonally Adjusted),1995Q4,"Agriculture, Forestry and Fishing",763.0
Gross Value Added at Current Basic Prices (Seasonally Adjusted),1995Q4,Industry (excl. Construction),3435.0
Gross Value Added at Current Basic Prices (Seasonally Adjusted),1995Q4,Industry - of which Manufacturing,3028.0
Gross Value Added at Current Basic Prices (Seasonally Adjusted),1995Q4,Construction,762.0
Gross Value Added at Current Basic Prices (Seasonally Adjusted),1995Q4,"Distribution, Transport, Hotels and Restaurants",2088.0
Gross Value Added at Current Basic Prices (Seasonally Adjusted),1995Q4,Information and Communication,817.0
Gross Value Added at Current Basic Prices (Seasonally Adjusted),1995Q4,Financial and Insurance Activities,1077.0
Gross Value Added at Current Basic Prices (Seasonally Adjusted),1995Q4,Real Estate Activities,730.0
Gross Value Added at Current Basic Prices (Seasonally Adjusted),1995Q4,"Professional, Admin and Support Services",662.0
Gross Value Added at Current Basic Prices (Seasonally Adjusted),1995Q4,"Public Admin, Education and Health",2158.0
Gross Value Added at Current Basic Prices (Seasonally Adjusted),1995Q4,"Arts, Entertainment and Other Services",310.0
Gross Value Added at Current Basic Prices (Seasonally Adjusted),1995Q4,Statistical Discrepancy,
Gross Value Added at Current Basic Prices (Seasonally Adjusted),1995Q4,All Sectors,12696.0
Gross Value Added at Current Basic Prices (Seasonally Adjusted),1996Q1,"Agriculture, Forestry and Fishing",687.0
Gross Value Added at Current Basic Prices (Seasonally Adjusted),1996Q1,Industry (excl. Construction),3315.0
Gross Value Added at Current Basic Prices (Seasonally Adjusted),1996Q1,Industry - of which Manufacturing,2940.0
Gross Value Added at Current Basic Prices (Seasonally Adjusted),1996Q1,Construction,745.0
Gross Value Added at Current Basic Prices (Seasonally Adjusted),1996Q1,"Distribution, Transport, Hotels and Restaurants",2297.0
Gross Value Added at Current Basic Prices (Seasonally Adjusted),1996Q1,Information and Communication,817.0
Gross Value Added at Current Basic Prices (Seasonally Adjusted),1996Q1,Financial and Insurance Activities,993.0
Gross Value Added at Current Basic Prices (Seasonally Adjusted),1996Q1,Real Estate Activities,747.0
Gross Value Added at Current Basic Prices (Seasonally Adjusted),1996Q1,"Professional, Admin and Support Services",679.0
Gross Value Added at Current Basic Prices (Seasonally Adjusted),1996Q1,"Public Admin, Education and Health",2274.0
Gross Value Added at Current Basic Prices (Seasonally Adjusted),1996Q1,"Arts, Entertainment and Other Services",321.0
Gross Value Added at Current Basic Prices (Seasonally Adjusted),1996Q1,Statistical Discrepancy,
Gross Value Added at Current Basic Prices (Seasonally Adjusted),1996Q1,All Sectors,13189.0
Gross Value Added at Current Basic Prices (Seasonally Adjusted),1996Q2,"Agriculture, Forestry and Fishing",699.0
Gross Value Added at Current Basic Prices (Seasonally Adjusted),1996Q2,Industry (excl. Construction),3469.0
Gross Value Added at Current Basic Prices (Seasonally Adjusted),1996Q2,Industry - of which Manufacturing,3091.0
Gross Value Added at Current Basic Prices (Seasonally Adjusted),1996Q2,Construction,781.0
Gross Value Added at Current Basic Prices (Seasonally Adjusted),1996Q2,"Distribution, Transport, Hotels and Restaurants",2327.0
Gross Value Added at Current Basic Prices (Seasonally Adjusted),1996Q2,Information and Communication,881.0
Gross Value Added at Current Basic Prices (Seasonally Adjusted),1996Q2,Financial and Insurance Activities,992.0
Gross Value Added at Current Basic Prices (Seasonally Adjusted),1996Q2,Real Estate Activities,775.0
Gross Value Added at Current Basic Prices (Seasonally Adjusted),1996Q2,"Professional, Admin and Support Services",697.0
Gross Value Added at Current Basic Prices (Seasonally Adjusted),1996Q2,"Public Admin, Education and Health",2313.0
Gross Value Added at Current Basic Prices (Seasonally Adjusted),1996Q2,"Arts, Entertainment and Other Services",326.0
Gross Value Added at Current Basic Prices (Seasonally Adjusted),1996Q2,Statistical Discrepancy,
Gross Value Added at Current Basic Prices (Seasonally Adjusted),1996Q2,All Sectors,13425.0
Gross Value Added at Current Basic Prices (Seasonally Adjusted),1996Q3,"Agriculture, Forestry and Fishing",735.0
Gross Value Added at Current Basic Prices (Seasonally Adjusted),1996Q3,Industry (excl. Construction),3394.0
Gross Value Added at Current Basic Prices (Seasonally Adjusted),1996Q3,Industry - of which Manufacturing,2994.0
Gross Value Added at Current Basic Prices (Seasonally Adjusted),1996Q3,Construction,802.0
Gross Value Added at Current Basic Prices (Seasonally Adjusted),1996Q3,"Distribution, Transport, Hotels and Restaurants",2396.0
Gross Value Added at Current Basic Prices (Seasonally Adjusted),1996Q3,Information and Communication,909.0
Gross Value Added at Current Basic Prices (Seasonally Adjusted),1996Q3,Financial and Insurance Activities,973.0
Gross Value Added at Current Basic Prices (Seasonally Adjusted),1996Q3,Real Estate Activities,825.0
Gross Value Added at Current Basic Prices (Seasonally Adjusted),1996Q3,"Professional, Admin and Support Services",732.0
Gross Value Added at Current Basic Prices (Seasonally Adjusted),1996Q3,"Public Admin, Education and Health",2322.0
Gross Value Added at Current Basic Prices (Seasonally Adjusted),1996Q3,"Arts, Entertainment and Other Services",338.0
Gross Value Added at Current Basic Prices (Seasonally Adjusted),1996Q3,Statistical Discrepancy,
Gross Value Added at Current Basic Prices (Seasonally Adjusted),1996Q3,All Sectors,13508.0
Gross Value Added at Current Basic Prices (Seasonally Adjusted),1996Q4,"Agriculture, Forestry and Fishing",707.0
Gross Value Added at Current Basic Prices (Seasonally Adjusted),1996Q4,Industry (excl. Construction),3619.0
Gross Value Added at Current Basic Prices (Seasonally Adjusted),1996Q4,Industry - of which Manufacturing,3231.0
Gross Value Added at Current Basic Prices (Seasonally Adjusted),1996Q4,Construction,873.0
Gross Value Added at Current Basic Prices (Seasonally Adjusted),1996Q4,"Distribution, Transport, Hotels and Restaurants",2438.0
Gross Value Added at Current Basic Prices (Seasonally Adjusted),1996Q4,Information and Communication,981.0
Gross Value Added at Current Basic Prices (Seasonally Adjusted),1996Q4,Financial and Insurance Activities,1015.0
Gross Value Added at Current Basic Prices (Seasonally Adjusted),1996Q4,Real Estate Activities,847.0
Gross Value Added at Current Basic Prices (Seasonally Adjusted),1996Q4,"Professional, Admin and Support Services",782.0
Gross Value Added at Current Basic Prices (Seasonally Adjusted),1996Q4,"Public Admin, Education and Health",2303.0
Gross Value Added at Current Basic Prices (Seasonally Adjusted),1996Q4,"Arts, Entertainment and Other Services",349.0
Gross Value Added at Current Basic Prices (Seasonally Adjusted),1996Q4,Statistical Discrepancy,
Gross Value Added at Current Basic Prices (Seasonally Adjusted),1996Q4,All Sectors,13798.0
Gross Value Added at Current Basic Prices (Seasonally Adjusted),1997Q1,"Agriculture, Forestry and Fishing",706.0
Gross Value Added at Current Basic Prices (Seasonally Adjusted),1997Q1,Industry (excl. Construction),3777.0
Gross Value Added at Current Basic Prices (Seasonally Adjusted),1997Q1,Industry - of which Manufacturing,3355.0
Gross Value Added at Current Basic Prices (Seasonally Adjusted),1997Q1,Construction,905.0
Gross Value Added at Current Basic Prices (Seasonally Adjusted),1997Q1,"Distribution, Transport, Hotels and Restaurants",2577.0
Gross Value Added at Current Basic Prices (Seasonally Adjusted),1997Q1,Information and Communication,1098.0
Gross Value Added at Current Basic Prices (Seasonally Adjusted),1997Q1,Financial and Insurance Activities,997.0
Gross Value Added at Current Basic Prices (Seasonally Adjusted),1997Q1,Real Estate Activities,908.0
Gross Value Added at Current Basic Prices (Seasonally Adjusted),1997Q1,"Professional, Admin and Support Services",785.0
Gross Value Added at Current Basic Prices (Seasonally Adjusted),1997Q1,"Public Admin, Education and Health",2446.0
Gross Value Added at Current Basic Prices (Seasonally Adjusted),1997Q1,"Arts, Entertainment and Other Services",361.0
Gross Value Added at Current Basic Prices (Seasonally Adjusted),1997Q1,Statistical Discrepancy,
Gross Value Added at Current Basic Prices (Seasonally Adjusted),1997Q1,All Sectors,14545.0
Gross Value Added at Current Basic Prices (Seasonally Adjusted),1997Q2,"Agriculture, Forestry and Fishing",687.0
Gross Value Added at Current Basic Prices (Seasonally Adjusted),1997Q2,Industry (excl. Construction),4149.0
Gross Value Added at Current Basic Prices (Seasonally Adjusted),1997Q2,Industry - of which Manufacturing,3726.0
Gross Value Added at Current Basic Prices (Seasonally Adjusted),1997Q2,Construction,907.0
Gross Value Added at Current Basic Prices (Seasonally Adjusted),1997Q2,"Distribution, Transport, Hotels and Restaurants",2684.0
Gross Value Added at Current Basic Prices (Seasonally Adjusted),1997Q2,Information and Communication,1093.0
Gross Value Added at Current Basic Prices (Seasonally Adjusted),1997Q2,Financial and Insurance Activities,1013.0
Gross Value Added at Current Basic Prices (Seasonally Adjusted),1997Q2,Real Estate Activities,978.0
Gross Value Added at Current Basic Prices (Seasonally Adjusted),1997Q2,"Professional, Admin and Support Services",842.0
Gross Value Added at Current Basic Prices (Seasonally Adjusted),1997Q2,"Public Admin, Education and Health",2473.0
Gross Value Added at Current Basic Prices (Seasonally Adjusted),1997Q2,"Arts, Entertainment and Other Services",386.0
Gross Value Added at Current Basic Prices (Seasonally Adjusted),1997Q2,Statistical Discrepancy,
Gross Value Added at Current Basic Prices (Seasonally Adjusted),1997Q2,All Sectors,15280.0
Gross Value Added at Current Basic Prices (Seasonally Adjusted),1997Q3,"Agriculture, Forestry and Fishing",662.0
Gross Value Added at Current Basic Prices (Seasonally Adjusted),1997Q3,Industry (excl. Construction),4521.0
Gross Value Added at Current Basic Prices (Seasonally Adjusted),1997Q3,Industry - of which Manufacturing,4084.0
Gross Value Added at Current Basic Prices (Seasonally Adjusted),1997Q3,Construction,965.0
Gross Value Added at Current Basic Prices (Seasonally Adjusted),1997Q3,"Distribution, Transport, Hotels and Restaurants",2811.0
Gross Value Added at Current Basic Prices (Seasonally Adjusted),1997Q3,Information and Communication,1172.0
Gross Value Added at Current Basic Prices (Seasonally Adjusted),1997Q3,Financial and Insurance Activities,1019.0
Gross Value Added at Current Basic Prices (Seasonally Adjusted),1997Q3,Real Estate Activities,1024.0
Gross Value Added at Current Basic Prices (Seasonally Adjusted),1997Q3,"Professional, Admin and Support Services",896.0
Gross Value Added at Current Basic Prices (Seasonally Adjusted),1997Q3,"Public Admin, Education and Health",2468.0
Gross Value Added at Current Basic Prices (Seasonally Adjusted),1997Q3,"Arts, Entertainment and Other Services",376.0
Gross Value Added at Current Basic Prices (Seasonally Adjusted),1997Q3,Statistical Discrepancy,
Gross Value Added at Current Basic Prices (Seasonally Adjusted),1997Q3,All Sectors,15651.0
Gross Value Added at Current Basic Prices (Seasonally Adjusted),1997Q4,"Agriculture, Forestry and Fishing",667.0
Gross Value Added at Current Basic Prices (Seasonally Adjusted),1997Q4,Industry (excl. Construction),4604.0
Gross Value Added at Current Basic Prices (Seasonally Adjusted),1997Q4,Industry - of which Manufacturing,4155.0
Gross Value Added at Current Basic Prices (Seasonally Adjusted),1997Q4,Construction,994.0
Gross Value Added at Current Basic Prices (Seasonally Adjusted),1997Q4,"Distribution, Transport, Hotels and Restaurants",2984.0
Gross Value Added at Current Basic Prices (Seasonally Adjusted),1997Q4,Information and Communication,1254.0
Gross Value Added at Current Basic Prices (Seasonally Adjusted),1997Q4,Financial and Insurance Activities,1048.0
Gross Value Added at Current Basic Prices (Seasonally Adjusted),1997Q4,Real Estate Activities,1058.0
Gross Value Added at Current Basic Prices (Seasonally Adjusted),1997Q4,"Professional, Admin and Support Services",943.0
Gross Value Added at Current Basic Prices (Seasonally Adjusted),1997Q4,"Public Admin, Education and Health",2455.0
Gross Value Added at Current Basic Prices (Seasonally Adjusted),1997Q4,"Arts, Entertainment and Other Services",381.0
Gross Value Added at Current Basic Prices (Seasonally Adjusted),1997Q4,Statistical Discrepancy,
Gross Value Added at Current Basic Prices (Seasonally Adjusted),1997Q4,All Sectors,16657.0
Gross Value Added at Current Basic Prices (Seasonally Adjusted),1998Q1,"Agriculture, Forestry and Fishing",771.0
Gross Value Added at Current Basic Prices (Seasonally Adjusted),1998Q1,Industry (excl. Construction),5057.0
Gross Value Added at Current Basic Prices (Seasonally Adjusted),1998Q1,Industry - of which Manufacturing,4589.0
Gross Value Added at Current Basic Prices (Seasonally Adjusted),1998Q1,Construction,1076.0
Gross Value Added at Current Basic Prices (Seasonally Adjusted),1998Q1,"Distribution, Transport, Hotels and Restaurants",3058.0
Gross Value Added at Current Basic Prices (Seasonally Adjusted),1998Q1,Information and Communication,1345.0
Gross Value Added at Current Basic Prices (Seasonally Adjusted),1998Q1,Financial and Insurance Activities,1259.0
Gross Value Added at Current Basic Prices (Seasonally Adjusted),1998Q1,Real Estate Activities,1134.0
Gross Value Added at Current Basic Prices (Seasonally Adjusted),1998Q1,"Professional, Admin and Support Services",1059.0
Gross Value Added at Current Basic Prices (Seasonally Adjusted),1998Q1,"Public Admin, Education and Health",2472.0
Gross Value Added at Current Basic Prices (Seasonally Adjusted),1998Q1,"Arts, Entertainment and Other Services",381.0
Gross Value Added at Current Basic Prices (Seasonally Adjusted),1998Q1,Statistical Discrepancy,
Gross Value Added at Current Basic Prices (Seasonally Adjusted),1998Q1,All Sectors,17229.0
Gross Value Added at Current Basic Prices (Seasonally Adjusted),1998Q2,"Agriculture, Forestry and Fishing",674.0
Gross Value Added at Current Basic Prices (Seasonally Adjusted),1998Q2,Industry (excl. Construction),4994.0
Gross Value Added at Current Basic Prices (Seasonally Adjusted),1998Q2,Industry - of which Manufacturing,4539.0
Gross Value Added at Current Basic Prices (Seasonally Adjusted),1998Q2,Construction,1124.0
Gross Value Added at Current Basic Prices (Seasonally Adjusted),1998Q2,"Distribution, Transport, Hotels and Restaurants",3159.0
Gross Value Added at Current Basic Prices (Seasonally Adjusted),1998Q2,Information and Communication,1473.0
Gross Value Added at Current Basic Prices (Seasonally Adjusted),1998Q2,Financial and Insurance Activities,1170.0
Gross Value Added at Current Basic Prices (Seasonally Adjusted),1998Q2,Real Estate Activities,1237.0
Gross Value Added at Current Basic Prices (Seasonally Adjusted),1998Q2,"Professional, Admin and Support Services",1083.0
Gross Value Added at Current Basic Prices (Seasonally Adjusted),1998Q2,"Public Admin, Education and Health",2533.0
Gross Value Added at Current Basic Prices (Seasonally Adjusted),1998Q2,"Arts, Entertainment and Other Services",393.0
Gross Value Added at Current Basic Prices (Seasonally Adjusted),1998Q2,Statistical Discrepancy,
Gross Value Added at Current Basic Prices (Seasonally Adjusted),1998Q2,All Sectors,17766.0
Gross Value Added at Current Basic Prices (Seasonally Adjusted),1998Q3,"Agriculture, Forestry and Fishing",654.0
Gross Value Added at Current Basic Prices (Seasonally Adjusted),1998Q3,Industry (excl. Construction),5637.0
Gross Value Added at Current Basic Prices (Seasonally Adjusted),1998Q3,Industry - of which Manufacturing,5165.0
Gross Value Added at Current Basic Prices (Seasonally Adjusted),1998Q3,Construction,1149.0
Gross Value Added at Current Basic Prices (Seasonally Adjusted),1998Q3,"Distribution, Transport, Hotels and Restaurants",3251.0
Gross Value Added at Current Basic Prices (Seasonally Adjusted),1998Q3,Information and Communication,1425.0
Gross Value Added at Current Basic Prices (Seasonally Adjusted),1998Q3,Financial and Insurance Activities,1251.0
Gross Value Added at Current Basic Prices (Seasonally Adjusted),1998Q3,Real Estate Activities,1274.0
Gross Value Added at Current Basic Prices (Seasonally Adjusted),1998Q3,"Professional, Admin and Support Services",1139.0
Gross Value Added at Current Basic Prices (Seasonally Adjusted),1998Q3,"Public Admin, Education and Health",2616.0
Gross Value Added at Current Basic Prices (Seasonally Adjusted),1998Q3,"Arts, Entertainment and Other Services",410.0
Gross Value Added at Current Basic Prices (Seasonally Adjusted),1998Q3,Statistical Discrepancy,
Gross Value Added at Current Basic Prices (Seasonally Adjusted),1998Q3,All Sectors,18614.0
Gross Value Added at Current Basic Prices (Seasonally Adjusted),1998Q4,"Agriculture, Forestry and Fishing",706.0
Gross Value Added at Current Basic Prices (Seasonally Adjusted),1998Q4,Industry (excl. Construction),5226.0
Gross Value Added at Current Basic Prices (Seasonally Adjusted),1998Q4,Industry - of which Manufacturing,4753.0
Gross Value Added at Current Basic Prices (Seasonally Adjusted),1998Q4,Construction,1181.0
Gross Value Added at Current Basic Prices (Seasonally Adjusted),1998Q4,"Distribution, Transport, Hotels and Restaurants",3333.0
Gross Value Added at Current Basic Prices (Seasonally Adjusted),1998Q4,Information and Communication,1464.0
Gross Value Added at Current Basic Prices (Seasonally Adjusted),1998Q4,Financial and Insurance Activities,1251.0
Gross Value Added at Current Basic Prices (Seasonally Adjusted),1998Q4,Real Estate Activities,1335.0
Gross Value Added at Current Basic Prices (Seasonally Adjusted),1998Q4,"Professional, Admin and Support Services",1186.0
Gross Value Added at Current Basic Prices (Seasonally Adjusted),1998Q4,"Public Admin, Education and Health",2662.0
Gross Value Added at Current Basic Prices (Seasonally Adjusted),1998Q4,"Arts, Entertainment and Other Services",432.0
Gross Value Added at Current Basic Prices (Seasonally Adjusted),1998Q4,Statistical Discrepancy,
Gross Value Added at Current Basic Prices (Seasonally Adjusted),1998Q4,All Sectors,18638.0
Gross Value Added at Current Basic Prices (Seasonally Adjusted),1999Q1,"Agriculture, Forestry and Fishing",608.0
Gross Value Added at Current Basic Prices (Seasonally Adjusted),1999Q1,Industry (excl. Construction),5721.0
Gross Value Added at Current Basic Prices (Seasonally Adjusted),1999Q1,Industry - of which Manufacturing,5324.0
Gross Value Added at Current Basic Prices (Seasonally Adjusted),1999Q1,Construction,1320.0
Gross Value Added at Current Basic Prices (Seasonally Adjusted),1999Q1,"Distribution, Transport, Hotels and Restaurants",3407.0
Gross Value Added at Current Basic Prices (Seasonally Adjusted),1999Q1,Information and Communication,1582.0
Gross Value Added at Current Basic Prices (Seasonally Adjusted),1999Q1,Financial and Insurance Activities,1377.0
Gross Value Added at Current Basic Prices (Seasonally Adjusted),1999Q1,Real Estate Activities,1340.0
Gross Value Added at Current Basic Prices (Seasonally Adjusted),1999Q1,"Professional, Admin and Support Services",1264.0
Gross Value Added at Current Basic Prices (Seasonally Adjusted),1999Q1,"Public Admin, Education and Health",2641.0
Gross Value Added at Current Basic Prices (Seasonally Adjusted),1999Q1,"Arts, Entertainment and Other Services",448.0
Gross Value Added at Current Basic Prices (Seasonally Adjusted),1999Q1,Statistical Discrepancy,
Gross Value Added at Current Basic Prices (Seasonally Adjusted),1999Q1,All Sectors,19586.0
Gross Value Added at Current Basic Prices (Seasonally Adjusted),1999Q2,"Agriculture, Forestry and Fishing",550.0
Gross Value Added at Current Basic Prices (Seasonally Adjusted),1999Q2,Industry (excl. Construction),5607.0
Gross Value Added at Current Basic Prices (Seasonally Adjusted),1999Q2,Industry - of which Manufacturing,5187.0
Gross Value Added at Current Basic Prices (Seasonally Adjusted),1999Q2,Construction,1361.0
Gross Value Added at Current Basic Prices (Seasonally Adjusted),1999Q2,"Distribution, Transport, Hotels and Restaurants",3512.0
Gross Value Added at Current Basic Prices (Seasonally Adjusted),1999Q2,Information and Communication,1666.0
Gross Value Added at Current Basic Prices (Seasonally Adjusted),1999Q2,Financial and Insurance Activities,1447.0
Gross Value Added at Current Basic Prices (Seasonally Adjusted),1999Q2,Real Estate Activities,1392.0
Gross Value Added at Current Basic Prices (Seasonally Adjusted),1999Q2,"Professional, Admin and Support Services",1332.0
Gross Value Added at Current Basic Prices (Seasonally Adjusted),1999Q2,"Public Admin, Education and Health",2744.0
Gross Value Added at Current Basic Prices (Seasonally Adjusted),1999Q2,"Arts, Entertainment and Other Services",464.0
Gross Value Added at Current Basic Prices (Seasonally Adjusted),1999Q2,Statistical Discrepancy,
Gross Value Added at Current Basic Prices (Seasonally Adjusted),1999Q2,All Sectors,19750.0
Gross Value Added at Current Basic Prices (Seasonally Adjusted),1999Q3,"Agriculture, Forestry and Fishing",598.0
Gross Value Added at Current Basic Prices (Seasonally Adjusted),1999Q3,Industry (excl. Construction),5969.0
Gross Value Added at Current Basic Prices (Seasonally Adjusted),1999Q3,Industry - of which Manufacturing,5544.0
Gross Value Added at Current Basic Prices (Seasonally Adjusted),1999Q3,Construction,1406.0
Gross Value Added at Current Basic Prices (Seasonally Adjusted),1999Q3,"Distribution, Transport, Hotels and Restaurants",3657.0
Gross Value Added at Current Basic Prices (Seasonally Adjusted),1999Q3,Information and Communication,1770.0
Gross Value Added at Current Basic Prices (Seasonally Adjusted),1999Q3,Financial and Insurance Activities,1535.0
Gross Value Added at Current Basic Prices (Seasonally Adjusted),1999Q3,Real Estate Activities,1434.0
Gross Value Added at Current Basic Prices (Seasonally Adjusted),1999Q3,"Professional, Admin and Support Services",1337.0
Gross Value Added at Current Basic Prices (Seasonally Adjusted),1999Q3,"Public Admin, Education and Health",2847.0
Gross Value Added at Current Basic Prices (Seasonally Adjusted),1999Q3,"Arts, Entertainment and Other Services",476.0
Gross Value Added at Current Basic Prices (Seasonally Adjusted),1999Q3,Statistical Discrepancy,
Gross Value Added at Current Basic Prices (Seasonally Adjusted),1999Q3,All Sectors,21374.0
Gross Value Added at Current Basic Prices (Seasonally Adjusted),1999Q4,"Agriculture, Forestry and Fishing",639.0
Gross Value Added at Current Basic Prices (Seasonally Adjusted),1999Q4,Industry (excl. Construction),6332.0
Gross Value Added at Current Basic Prices (Seasonally Adjusted),1999Q4,Industry - of which Manufacturing,5888.0
Gross Value Added at Current Basic Prices (Seasonally Adjusted),1999Q4,Construction,1455.0
Gross Value Added at Current Basic Prices (Seasonally Adjusted),1999Q4,"Distribution, Transport, Hotels and Restaurants",3706.0
Gross Value Added at Current Basic Prices (Seasonally Adjusted),1999Q4,Information and Communication,1887.0
Gross Value Added at Current Basic Prices (Seasonally Adjusted),1999Q4,Financial and Insurance Activities,1582.0
Gross Value Added at Current Basic Prices (Seasonally Adjusted),1999Q4,Real Estate Activities,1514.0
Gross Value Added at Current Basic Prices (Seasonally Adjusted),1999Q4,"Professional, Admin and Support Services",1398.0
Gross Value Added at Current Basic Prices (Seasonally Adjusted),1999Q4,"Public Admin, Education and Health",2929.0
Gross Value Added at Current Basic Prices (Seasonally Adjusted),1999Q4,"Arts, Entertainment and Other Services",470.0
Gross Value Added at Current Basic Prices (Seasonally Adjusted),1999Q4,Statistical Discrepancy,
Gross Value Added at Current Basic Prices (Seasonally Adjusted),1999Q4,All Sectors,22187.0
Gross Value Added at Current Basic Prices (Seasonally Adjusted),2000Q1,"Agriculture, Forestry and Fishing",685.0
Gross Value Added at Current Basic Prices (Seasonally Adjusted),2000Q1,Industry (excl. Construction),5976.0
Gross Value Added at Current Basic Prices (Seasonally Adjusted),2000Q1,Industry - of which Manufacturing,5480.0
Gross Value Added at Current Basic Prices (Seasonally Adjusted),2000Q1,Construction,1555.0
Gross Value Added at Current Basic Prices (Seasonally Adjusted),2000Q1,"Distribution, Transport, Hotels and Restaurants",4196.0
Gross Value Added at Current Basic Prices (Seasonally Adjusted),2000Q1,Information and Communication,1870.0
Gross Value Added at Current Basic Prices (Seasonally Adjusted),2000Q1,Financial and Insurance Activities,1718.0
Gross Value Added at Current Basic Prices (Seasonally Adjusted),2000Q1,Real Estate Activities,1587.0
Gross Value Added at Current Basic Prices (Seasonally Adjusted),2000Q1,"Professional, Admin and Support Services",1472.0
Gross Value Added at Current Basic Prices (Seasonally Adjusted),2000Q1,"Public Admin, Education and Health",3036.0
Gross Value Added at Current Basic Prices (Seasonally Adjusted),2000Q1,"Arts, Entertainment and Other Services",508.0
Gross Value Added at Current Basic Prices (Seasonally Adjusted),2000Q1,Statistical Discrepancy,
Gross Value Added at Current Basic Prices (Seasonally Adjusted),2000Q1,All Sectors,22838.0
Gross Value Added at Current Basic Prices (Seasonally Adjusted),2000Q2,"Agriculture, Forestry and Fishing",696.0
Gross Value Added at Current Basic Prices (Seasonally Adjusted),2000Q2,Industry (excl. Construction),6687.0
Gross Value Added at Current Basic Prices (Seasonally Adjusted),2000Q2,Industry - of which Manufacturing,6165.0
Gross Value Added at Current Basic Prices (Seasonally Adjusted),2000Q2,Construction,1690.0
Gross Value Added at Current Basic Prices (Seasonally Adjusted),2000Q2,"Distribution, Transport, Hotels and Restaurants",4219.0
Gross Value Added at Current Basic Prices (Seasonally Adjusted),2000Q2,Information and Communication,1894.0
Gross Value Added at Current Basic Prices (Seasonally Adjusted),2000Q2,Financial and Insurance Activities,1760.0
Gross Value Added at Current Basic Prices (Seasonally Adjusted),2000Q2,Real Estate Activities,1692.0
Gross Value Added at Current Basic Prices (Seasonally Adjusted),2000Q2,"Professional, Admin and Support Services",1485.0
Gross Value Added at Current Basic Prices (Seasonally Adjusted),2000Q2,"Public Admin, Education and Health",3122.0
Gross Value Added at Current Basic Prices (Seasonally Adjusted),2000Q2,"Arts, Entertainment and Other Services",502.0
Gross Value Added at Current Basic Prices (Seasonally Adjusted),2000Q2,Statistical Discrepancy,
Gross Value Added at Current Basic Prices (Seasonally Adjusted),2000Q2,All Sectors,23802.0
Gross Value Added at Current Basic Prices (Seasonally Adjusted),2000Q3,"Agriculture, Forestry and Fishing",681.0
Gross Value Added at Current Basic Prices (Seasonally Adjusted),2000Q3,Industry (excl. Construction),6937.0
Gross Value Added at Current Basic Prices (Seasonally Adjusted),2000Q3,Industry - of which Manufacturing,6361.0
Gross Value Added at Current Basic Prices (Seasonally Adjusted),2000Q3,Construction,1803.0
Gross Value Added at Current Basic Prices (Seasonally Adjusted),2000Q3,"Distribution, Transport, Hotels and Restaurants",4289.0
Gross Value Added at Current Basic Prices (Seasonally Adjusted),2000Q3,Information and Communication,1957.0
Gross Value Added at Current Basic Prices (Seasonally Adjusted),2000Q3,Financial and Insurance Activities,1817.0
Gross Value Added at Current Basic Prices (Seasonally Adjusted),2000Q3,Real Estate Activities,1771.0
Gross Value Added at Current Basic Prices (Seasonally Adjusted),2000Q3,"Professional, Admin and Support Services",1587.0
Gross Value Added at Current Basic Prices (Seasonally Adjusted),2000Q3,"Public Admin, Education and Health",3246.0
Gross Value Added at Current Basic Prices (Seasonally Adjusted),2000Q3,"Arts, Entertainment and Other Services",529.0
Gross Value Added at Current Basic Prices (Seasonally Adjusted),2000Q3,Statistical Discrepancy,
Gross Value Added at Current Basic Prices (Seasonally Adjusted),2000Q3,All Sectors,24322.0
Gross Value Added at Current Basic Prices (Seasonally Adjusted),2000Q4,"Agriculture, Forestry and Fishing",664.0
Gross Value Added at Current Basic Prices (Seasonally Adjusted),2000Q4,Industry (excl. Construction),7778.0
Gross Value Added at Current Basic Prices (Seasonally Adjusted),2000Q4,Industry - of which Manufacturing,7195.0
Gross Value Added at Current Basic Prices (Seasonally Adjusted),2000Q4,Construction,1819.0
Gross Value Added at Current Basic Prices (Seasonally Adjusted),2000Q4,"Distribution, Transport, Hotels and Restaurants",4126.0
Gross Value Added at Current Basic Prices (Seasonally Adjusted),2000Q4,Information and Communication,2030.0
Gross Value Added at Current Basic Prices (Seasonally Adjusted),2000Q4,Financial and Insurance Activities,1914.0
Gross Value Added at Current Basic Prices (Seasonally Adjusted),2000Q4,Real Estate Activities,1818.0
Gross Value Added at Current Basic Prices (Seasonally Adjusted),2000Q4,"Professional, Admin and Support Services",1699.0
Gross Value Added at Current Basic Prices (Seasonally Adjusted),2000Q4,"Public Admin, Education and Health",3450.0
Gross Value Added at Current Basic Prices (Seasonally Adjusted),2000Q4,"Arts, Entertainment and Other Services",529.0
Gross Value Added at Current Basic Prices (Seasonally Adjusted),2000Q4,Statistical Discrepancy,
Gross Value Added at Current Basic Prices (Seasonally Adjusted),2000Q4,All Sectors,25859.0
Gross Value Added at Current Basic Prices (Seasonally Adjusted),2001Q1,"Agriculture, Forestry and Fishing",637.0
Gross Value Added at Current Basic Prices (Seasonally Adjusted),2001Q1,Industry (excl. Construction),8495.0
Gross Value Added at Current Basic Prices (Seasonally Adjusted),2001Q1,Industry - of which Manufacturing,7861.0
Gross Value Added at Current Basic Prices (Seasonally Adjusted),2001Q1,Construction,1924.0
Gross Value Added at Current Basic Prices (Seasonally Adjusted),2001Q1,"Distribution, Transport, Hotels and Restaurants",4054.0
Gross Value Added at Current Basic Prices (Seasonally Adjusted),2001Q1,Information and Communication,2049.0
Gross Value Added at Current Basic Prices (Seasonally Adjusted),2001Q1,Financial and Insurance Activities,1915.0
Gross Value Added at Current Basic Prices (Seasonally Adjusted),2001Q1,Real Estate Activities,1855.0
Gross Value Added at Current Basic Prices (Seasonally Adjusted),2001Q1,"Professional, Admin and Support Services",1611.0
Gross Value Added at Current Basic Prices (Seasonally Adjusted),2001Q1,"Public Admin, Education and Health",3456.0
Gross Value Added at Current Basic Prices (Seasonally Adjusted),2001Q1,"Arts, Entertainment and Other Services",579.0
Gross Value Added at Current Basic Prices (Seasonally Adjusted),2001Q1,Statistical Discrepancy,
Gross Value Added at Current Basic Prices (Seasonally Adjusted),2001Q1,All Sectors,26936.0
Gross Value Added at Current Basic Prices (Seasonally Adjusted),2001Q2,"Agriculture, Forestry and Fishing",659.0
Gross Value Added at Current Basic Prices (Seasonally Adjusted),2001Q2,Industry (excl. Construction),8306.0
Gross Value Added at Current Basic Prices (Seasonally Adjusted),2001Q2,Industry - of which Manufacturing,7611.0
Gross Value Added at Current Basic Prices (Seasonally Adjusted),2001Q2,Construction,2034.0
Gross Value Added at Current Basic Prices (Seasonally Adjusted),2001Q2,"Distribution, Transport, Hotels and Restaurants",4151.0
Gross Value Added at Current Basic Prices (Seasonally Adjusted),2001Q2,Information and Communication,1850.0
Gross Value Added at Current Basic Prices (Seasonally Adjusted),2001Q2,Financial and Insurance Activities,2005.0
Gross Value Added at Current Basic Prices (Seasonally Adjusted),2001Q2,Real Estate Activities,2011.0
Gross Value Added at Current Basic Prices (Seasonally Adjusted),2001Q2,"Professional, Admin and Support Services",1718.0
Gross Value Added at Current Basic Prices (Seasonally Adjusted),2001Q2,"Public Admin, Education and Health",3663.0
Gross Value Added at Current Basic Prices (Seasonally Adjusted),2001Q2,"Arts, Entertainment and Other Services",568.0
Gross Value Added at Current Basic Prices (Seasonally Adjusted),2001Q2,Statistical Discrepancy,
Gross Value Added at Current Basic Prices (Seasonally Adjusted),2001Q2,All Sectors,27334.0
Gross Value Added at Current Basic Prices (Seasonally Adjusted),2001Q3,"Agriculture, Forestry and Fishing",585.0
Gross Value Added at Current Basic Prices (Seasonally Adjusted),2001Q3,Industry (excl. Construction),8292.0
Gross Value Added at Current Basic Prices (Seasonally Adjusted),2001Q3,Industry - of which Manufacturing,7603.0
Gross Value Added at Current Basic Prices (Seasonally Adjusted),2001Q3,Construction,2002.0
Gross Value Added at Current Basic Prices (Seasonally Adjusted),2001Q3,"Distribution, Transport, Hotels and Restaurants",4111.0
Gross Value Added at Current Basic Prices (Seasonally Adjusted),2001Q3,Information and Communication,1988.0
Gross Value Added at Current Basic Prices (Seasonally Adjusted),2001Q3,Financial and Insurance Activities,2044.0
Gross Value Added at Current Basic Prices (Seasonally Adjusted),2001Q3,Real Estate Activities,2016.0
Gross Value Added at Current Basic Prices (Seasonally Adjusted),2001Q3,"Professional, Admin and Support Services",1785.0
Gross Value Added at Current Basic Prices (Seasonally Adjusted),2001Q3,"Public Admin, Education and Health",3805.0
Gross Value Added at Current Basic Prices (Seasonally Adjusted),2001Q3,"Arts, Entertainment and Other Services",618.0
Gross Value Added at Current Basic Prices (Seasonally Adjusted),2001Q3,Statistical Discrepancy,
Gross Value Added at Current Basic Prices (Seasonally Adjusted),2001Q3,All Sectors,27565.0
Gross Value Added at Current Basic Prices (Seasonally Adjusted),2001Q4,"Agriculture, Forestry and Fishing",563.0
Gross Value Added at Current Basic Prices (Seasonally Adjusted),2001Q4,Industry (excl. Construction),8571.0
Gross Value Added at Current Basic Prices (Seasonally Adjusted),2001Q4,Industry - of which Manufacturing,7901.0
Gross Value Added at Current Basic Prices (Seasonally Adjusted),2001Q4,Construction,2081.0
Gross Value Added at Current Basic Prices (Seasonally Adjusted),2001Q4,"Distribution, Transport, Hotels and Restaurants",4271.0
Gross Value Added at Current Basic Prices (Seasonally Adjusted),2001Q4,Information and Communication,1946.0
Gross Value Added at Current Basic Prices (Seasonally Adjusted),2001Q4,Financial and Insurance Activities,2099.0
Gross Value Added at Current Basic Prices (Seasonally Adjusted),2001Q4,Real Estate Activities,2164.0
Gross Value Added at Current Basic Prices (Seasonally Adjusted),2001Q4,"Professional, Admin and Support Services",1812.0
Gross Value Added at Current Basic Prices (Seasonally Adjusted),2001Q4,"Public Admin, Education and Health",3939.0
Gross Value Added at Current Basic Prices (Seasonally Adjusted),2001Q4,"Arts, Entertainment and Other Services",600.0
Gross Value Added at Current Basic Prices (Seasonally Adjusted),2001Q4,Statistical Discrepancy,
Gross Value Added at Current Basic Prices (Seasonally Adjusted),2001Q4,All Sectors,28133.0
Gross Value Added at Current Basic Prices (Seasonally Adjusted),2002Q1,"Agriculture, Forestry and Fishing",573.0
Gross Value Added at Current Basic Prices (Seasonally Adjusted),2002Q1,Industry (excl. Construction),9353.0
Gross Value Added at Current Basic Prices (Seasonally Adjusted),2002Q1,Industry - of which Manufacturing,8708.0
Gross Value Added at Current Basic Prices (Seasonally Adjusted),2002Q1,Construction,2053.0
Gross Value Added at Current Basic Prices (Seasonally Adjusted),2002Q1,"Distribution, Transport, Hotels and Restaurants",4351.0
Gross Value Added at Current Basic Prices (Seasonally Adjusted),2002Q1,Information and Communication,1880.0
Gross Value Added at Current Basic Prices (Seasonally Adjusted),2002Q1,Financial and Insurance Activities,2100.0
Gross Value Added at Current Basic Prices (Seasonally Adjusted),2002Q1,Real Estate Activities,2130.0
Gross Value Added at Current Basic Prices (Seasonally Adjusted),2002Q1,"Professional, Admin and Support Services",1742.0
Gross Value Added at Current Basic Prices (Seasonally Adjusted),2002Q1,"Public Admin, Education and Health",4031.0
Gross Value Added at Current Basic Prices (Seasonally Adjusted),2002Q1,"Arts, Entertainment and Other Services",626.0
Gross Value Added at Current Basic Prices (Seasonally Adjusted),2002Q1,Statistical Discrepancy,
Gross Value Added at Current Basic Prices (Seasonally Adjusted),2002Q1,All Sectors,30109.0
Gross Value Added at Current Basic Prices (Seasonally Adjusted),2002Q2,"Agriculture, Forestry and Fishing",623.0
Gross Value Added at Current Basic Prices (Seasonally Adjusted),2002Q2,Industry (excl. Construction),9791.0
Gross Value Added at Current Basic Prices (Seasonally Adjusted),2002Q2,Industry - of which Manufacturing,9117.0
Gross Value Added at Current Basic Prices (Seasonally Adjusted),2002Q2,Construction,2057.0
Gross Value Added at Current Basic Prices (Seasonally Adjusted),2002Q2,"Distribution, Transport, Hotels and Restaurants",4428.0
Gross Value Added at Current Basic Prices (Seasonally Adjusted),2002Q2,Information and Communication,1912.0
Gross Value Added at Current Basic Prices (Seasonally Adjusted),2002Q2,Financial and Insurance Activities,2129.0
Gross Value Added at Current Basic Prices (Seasonally Adjusted),2002Q2,Real Estate Activities,2251.0
Gross Value Added at Current Basic Prices (Seasonally Adjusted),2002Q2,"Professional, Admin and Support Services",1781.0
Gross Value Added at Current Basic Prices (Seasonally Adjusted),2002Q2,"Public Admin, Education and Health",4166.0
Gross Value Added at Current Basic Prices (Seasonally Adjusted),2002Q2,"Arts, Entertainment and Other Services",665.0
Gross Value Added at Current Basic Prices (Seasonally Adjusted),2002Q2,Statistical Discrepancy,
Gross Value Added at Current Basic Prices (Seasonally Adjusted),2002Q2,All Sectors,30017.0
Gross Value Added at Current Basic Prices (Seasonally Adjusted),2002Q3,"Agriculture, Forestry and Fishing",607.0
Gross Value Added at Current Basic Prices (Seasonally Adjusted),2002Q3,Industry (excl. Construction),10301.0
Gross Value Added at Current Basic Prices (Seasonally Adjusted),2002Q3,Industry - of which Manufacturing,9613.0
Gross Value Added at Current Basic Prices (Seasonally Adjusted),2002Q3,Construction,2216.0
Gross Value Added at Current Basic Prices (Seasonally Adjusted),2002Q3,"Distribution, Transport, Hotels and Restaurants",4543.0
Gross Value Added at Current Basic Prices (Seasonally Adjusted),2002Q3,Information and Communication,1996.0
Gross Value Added at Current Basic Prices (Seasonally Adjusted),2002Q3,Financial and Insurance Activities,2228.0
Gross Value Added at Current Basic Prices (Seasonally Adjusted),2002Q3,Real Estate Activities,2363.0
Gross Value Added at Current Basic Prices (Seasonally Adjusted),2002Q3,"Professional, Admin and Support Services",1770.0
Gross Value Added at Current Basic Prices (Seasonally Adjusted),2002Q3,"Public Admin, Education and Health",4258.0
Gross Value Added at Current Basic Prices (Seasonally Adjusted),2002Q3,"Arts, Entertainment and Other Services",661.0
Gross Value Added at Current Basic Prices (Seasonally Adjusted),2002Q3,Statistical Discrepancy,
Gross Value Added at Current Basic Prices (Seasonally Adjusted),2002Q3,All Sectors,31350.0
Gross Value Added at Current Basic Prices (Seasonally Adjusted),2002Q4,"Agriculture, Forestry and Fishing",569.0
Gross Value Added at Current Basic Prices (Seasonally Adjusted),2002Q4,Industry (excl. Construction),9743.0
Gross Value Added at Current Basic Prices (Seasonally Adjusted),2002Q4,Industry - of which Manufacturing,9025.0
Gross Value Added at Current Basic Prices (Seasonally Adjusted),2002Q4,Construction,2367.0
Gross Value Added at Current Basic Prices (Seasonally Adjusted),2002Q4,"Distribution, Transport, Hotels and Restaurants",4735.0
Gross Value Added at Current Basic Prices (Seasonally Adjusted),2002Q4,Information and Communication,1993.0
Gross Value Added at Current Basic Prices (Seasonally Adjusted),2002Q4,Financial and Insurance Activities,2382.0
Gross Value Added at Current Basic Prices (Seasonally Adjusted),2002Q4,Real Estate Activities,2519.0
Gross Value Added at Current Basic Prices (Seasonally Adjusted),2002Q4,"Professional, Admin and Support Services",1760.0
Gross Value Added at Current Basic Prices (Seasonally Adjusted),2002Q4,"Public Admin, Education and Health",4406.0
Gross Value Added at Current Basic Prices (Seasonally Adjusted),2002Q4,"Arts, Entertainment and Other Services",675.0
Gross Value Added at Current Basic Prices (Seasonally Adjusted),2002Q4,Statistical Discrepancy,
Gross Value Added at Current Basic Prices (Seasonally Adjusted),2002Q4,All Sectors,31380.0
Gross Value Added at Current Basic Prices (Seasonally Adjusted),2003Q1,"Agriculture, Forestry and Fishing",533.0
Gross Value Added at Current Basic Prices (Seasonally Adjusted),2003Q1,Industry (excl. Construction),8757.0
Gross Value Added at Current Basic Prices (Seasonally Adjusted),2003Q1,Industry - of which Manufacturing,8050.0
Gross Value Added at Current Basic Prices (Seasonally Adjusted),2003Q1,Construction,2293.0
Gross Value Added at Current Basic Prices (Seasonally Adjusted),2003Q1,"Distribution, Transport, Hotels and Restaurants",4926.0
Gross Value Added at Current Basic Prices (Seasonally Adjusted),2003Q1,Information and Communication,1955.0
Gross Value Added at Current Basic Prices (Seasonally Adjusted),2003Q1,Financial and Insurance Activities,2687.0
Gross Value Added at Current Basic Prices (Seasonally Adjusted),2003Q1,Real Estate Activities,2163.0
Gross Value Added at Current Basic Prices (Seasonally Adjusted),2003Q1,"Professional, Admin and Support Services",2030.0
Gross Value Added at Current Basic Prices (Seasonally Adjusted),2003Q1,"Public Admin, Education and Health",4592.0
Gross Value Added at Current Basic Prices (Seasonally Adjusted),2003Q1,"Arts, Entertainment and Other Services",702.0
Gross Value Added at Current Basic Prices (Seasonally Adjusted),2003Q1,Statistical Discrepancy,
Gross Value Added at Current Basic Prices (Seasonally Adjusted),2003Q1,All Sectors,31658.0
Gross Value Added at Current Basic Prices (Seasonally Adjusted),2003Q2,"Agriculture, Forestry and Fishing",517.0
Gross Value Added at Current Basic Prices (Seasonally Adjusted),2003Q2,Industry (excl. Construction),9202.0
Gross Value Added at Current Basic Prices (Seasonally Adjusted),2003Q2,Industry - of which Manufacturing,8460.0
Gross Value Added at Current Basic Prices (Seasonally Adjusted),2003Q2,Construction,2323.0
Gross Value Added at Current Basic Prices (Seasonally Adjusted),2003Q2,"Distribution, Transport, Hotels and Restaurants",5029.0
Gross Value Added at Current Basic Prices (Seasonally Adjusted),2003Q2,Information and Communication,2173.0
Gross Value Added at Current Basic Prices (Seasonally Adjusted),2003Q2,Financial and Insurance Activities,2838.0
Gross Value Added at Current Basic Prices (Seasonally Adjusted),2003Q2,Real Estate Activities,2296.0
Gross Value Added at Current Basic Prices (Seasonally Adjusted),2003Q2,"Professional, Admin and Support Services",2010.0
Gross Value Added at Current Basic Prices (Seasonally Adjusted),2003Q2,"Public Admin, Education and Health",4705.0
Gross Value Added at Current Basic Prices (Seasonally Adjusted),2003Q2,"Arts, Entertainment and Other Services",687.0
Gross Value Added at Current Basic Prices (Seasonally Adjusted),2003Q2,Statistical Discrepancy,
Gross Value Added at Current Basic Prices (Seasonally Adjusted),2003Q2,All Sectors,32462.0
Gross Value Added at Current Basic Prices (Seasonally Adjusted),2003Q3,"Agriculture, Forestry and Fishing",565.0
Gross Value Added at Current Basic Prices (Seasonally Adjusted),2003Q3,Industry (excl. Construction),8812.0
Gross Value Added at Current Basic Prices (Seasonally Adjusted),2003Q3,Industry - of which Manufacturing,8009.0
Gross Value Added at Current Basic Prices (Seasonally Adjusted),2003Q3,Construction,2625.0
Gross Value Added at Current Basic Prices (Seasonally Adjusted),2003Q3,"Distribution, Transport, Hotels and Restaurants",5126.0
Gross Value Added at Current Basic Prices (Seasonally Adjusted),2003Q3,Information and Communication,2126.0
Gross Value Added at Current Basic Prices (Seasonally Adjusted),2003Q3,Financial and Insurance Activities,2967.0
Gross Value Added at Current Basic Prices (Seasonally Adjusted),2003Q3,Real Estate Activities,2517.0
Gross Value Added at Current Basic Prices (Seasonally Adjusted),2003Q3,"Professional, Admin and Support Services",2042.0
Gross Value Added at Current Basic Prices (Seasonally Adjusted),2003Q3,"Public Admin, Education and Health",4823.0
Gross Value Added at Current Basic Prices (Seasonally Adjusted),2003Q3,"Arts, Entertainment and Other Services",740.0
Gross Value Added at Current Basic Prices (Seasonally Adjusted),2003Q3,Statistical Discrepancy,
Gross Value Added at Current Basic Prices (Seasonally Adjusted),2003Q3,All Sectors,32307.0
Gross Value Added at Current Basic Prices (Seasonally Adjusted),2003Q4,"Agriculture, Forestry and Fishing",552.0
Gross Value Added at Current Basic Prices (Seasonally Adjusted),2003Q4,Industry (excl. Construction),10642.0
Gross Value Added at Current Basic Prices (Seasonally Adjusted),2003Q4,Industry - of which Manufacturing,9863.0
Gross Value Added at Current Basic Prices (Seasonally Adjusted),2003Q4,Construction,2699.0
Gross Value Added at Current Basic Prices (Seasonally Adjusted),2003Q4,"Distribution, Transport, Hotels and Restaurants",5198.0
Gross Value Added at Current Basic Prices (Seasonally Adjusted),2003Q4,Information and Communication,2191.0
Gross Value Added at Current Basic Prices (Seasonally Adjusted),2003Q4,Financial and Insurance Activities,3011.0
Gross Value Added at Current Basic Prices (Seasonally Adjusted),2003Q4,Real Estate Activities,2666.0
Gross Value Added at Current Basic Prices (Seasonally Adjusted),2003Q4,"Professional, Admin and Support Services",2090.0
Gross Value Added at Current Basic Prices (Seasonally Adjusted),2003Q4,"Public Admin, Education and Health",4908.0
Gross Value Added at Current Basic Prices (Seasonally Adjusted),2003Q4,"Arts, Entertainment and Other Services",749.0
Gross Value Added at Current Basic Prices (Seasonally Adjusted),2003Q4,Statistical Discrepancy,
Gross Value Added at Current Basic Prices (Seasonally Adjusted),2003Q4,All Sectors,34684.0
Gross Value Added at Current Basic Prices (Seasonally Adjusted),2004Q1,"Agriculture, Forestry and Fishing",593.0
Gross Value Added at Current Basic Prices (Seasonally Adjusted),2004Q1,Industry (excl. Construction),8865.0
Gross Value Added at Current Basic Prices (Seasonally Adjusted),2004Q1,Industry - of which Manufacturing,8146.0
Gross Value Added at Current Basic Prices (Seasonally Adjusted),2004Q1,Construction,2921.0
Gross Value Added at Current Basic Prices (Seasonally Adjusted),2004Q1,"Distribution, Transport, Hotels and Restaurants",5184.0
Gross Value Added at Current Basic Prices (Seasonally Adjusted),2004Q1,Information and Communication,2317.0
Gross Value Added at Current Basic Prices (Seasonally Adjusted),2004Q1,Financial and Insurance Activities,3063.0
Gross Value Added at Current Basic Prices (Seasonally Adjusted),2004Q1,Real Estate Activities,2318.0
Gross Value Added at Current Basic Prices (Seasonally Adjusted),2004Q1,"Professional, Admin and Support Services",2225.0
Gross Value Added at Current Basic Prices (Seasonally Adjusted),2004Q1,"Public Admin, Education and Health",5073.0
Gross Value Added at Current Basic Prices (Seasonally Adjusted),2004Q1,"Arts, Entertainment and Other Services",713.0
Gross Value Added at Current Basic Prices (Seasonally Adjusted),2004Q1,Statistical Discrepancy,
Gross Value Added at Current Basic Prices (Seasonally Adjusted),2004Q1,All Sectors,33984.0
Gross Value Added at Current Basic Prices (Seasonally Adjusted),2004Q2,"Agriculture, Forestry and Fishing",597.0
Gross Value Added at Current Basic Prices (Seasonally Adjusted),2004Q2,Industry (excl. Construction),9198.0
Gross Value Added at Current Basic Prices (Seasonally Adjusted),2004Q2,Industry - of which Manufacturing,8425.0
Gross Value Added at Current Basic Prices (Seasonally Adjusted),2004Q2,Construction,3103.0
Gross Value Added at Current Basic Prices (Seasonally Adjusted),2004Q2,"Distribution, Transport, Hotels and Restaurants",5265.0
Gross Value Added at Current Basic Prices (Seasonally Adjusted),2004Q2,Information and Communication,2366.0
Gross Value Added at Current Basic Prices (Seasonally Adjusted),2004Q2,Financial and Insurance Activities,3134.0
Gross Value Added at Current Basic Prices (Seasonally Adjusted),2004Q2,Real Estate Activities,2421.0
Gross Value Added at Current Basic Prices (Seasonally Adjusted),2004Q2,"Professional, Admin and Support Services",2245.0
Gross Value Added at Current Basic Prices (Seasonally Adjusted),2004Q2,"Public Admin, Education and Health",5166.0
Gross Value Added at Current Basic Prices (Seasonally Adjusted),2004Q2,"Arts, Entertainment and Other Services",725.0
Gross Value Added at Current Basic Prices (Seasonally Adjusted),2004Q2,Statistical Discrepancy,
Gross Value Added at Current Basic Prices (Seasonally Adjusted),2004Q2,All Sectors,35105.0
Gross Value Added at Current Basic Prices (Seasonally Adjusted),2004Q3,"Agriculture, Forestry and Fishing",607.0
Gross Value Added at Current Basic Prices (Seasonally Adjusted),2004Q3,Industry (excl. Construction),8715.0
Gross Value Added at Current Basic Prices (Seasonally Adjusted),2004Q3,Industry - of which Manufacturing,7925.0
Gross Value Added at Current Basic Prices (Seasonally Adjusted),2004Q3,Construction,2940.0
Gross Value Added at Current Basic Prices (Seasonally Adjusted),2004Q3,"Distribution, Transport, Hotels and Restaurants",5420.0
Gross Value Added at Current Basic Prices (Seasonally Adjusted),2004Q3,Information and Communication,2391.0
Gross Value Added at Current Basic Prices (Seasonally Adjusted),2004Q3,Financial and Insurance Activities,3216.0
Gross Value Added at Current Basic Prices (Seasonally Adjusted),2004Q3,Real Estate Activities,2391.0
Gross Value Added at Current Basic Prices (Seasonally Adjusted),2004Q3,"Professional, Admin and Support Services",2404.0
Gross Value Added at Current Basic Prices (Seasonally Adjusted),2004Q3,"Public Admin, Education and Health",5287.0
Gross Value Added at Current Basic Prices (Seasonally Adjusted),2004Q3,"Arts, Entertainment and Other Services",788.0
Gross Value Added at Current Basic Prices (Seasonally Adjusted),2004Q3,Statistical Discrepancy,
Gross Value Added at Current Basic Prices (Seasonally Adjusted),2004Q3,All Sectors,34665.0
Gross Value Added at Current Basic Prices (Seasonally Adjusted),2004Q4,"Agriculture, Forestry and Fishing",536.0
Gross Value Added at Current Basic Prices (Seasonally Adjusted),2004Q4,Industry (excl. Construction),9194.0
Gross Value Added at Current Basic Prices (Seasonally Adjusted),2004Q4,Industry - of which Manufacturing,8408.0
Gross Value Added at Current Basic Prices (Seasonally Adjusted),2004Q4,Construction,2878.0
Gross Value Added at Current Basic Prices (Seasonally Adjusted),2004Q4,"Distribution, Transport, Hotels and Restaurants",5447.0
Gross Value Added at Current Basic Prices (Seasonally Adjusted),2004Q4,Information and Communication,2417.0
Gross Value Added at Current Basic Prices (Seasonally Adjusted),2004Q4,Financial and Insurance Activities,3347.0
Gross Value Added at Current Basic Prices (Seasonally Adjusted),2004Q4,Real Estate Activities,2605.0
Gross Value Added at Current Basic Prices (Seasonally Adjusted),2004Q4,"Professional, Admin and Support Services",2616.0
Gross Value Added at Current Basic Prices (Seasonally Adjusted),2004Q4,"Public Admin, Education and Health",5424.0
Gross Value Added at Current Basic Prices (Seasonally Adjusted),2004Q4,"Arts, Entertainment and Other Services",791.0
Gross Value Added at Current Basic Prices (Seasonally Adjusted),2004Q4,Statistical Discrepancy,
Gross Value Added at Current Basic Prices (Seasonally Adjusted),2004Q4,All Sectors,36061.0
Gross Value Added at Current Basic Prices (Seasonally Adjusted),2005Q1,"Agriculture, Forestry and Fishing",440.0
Gross Value Added at Current Basic Prices (Seasonally Adjusted),2005Q1,Industry (excl. Construction),9389.0
Gross Value Added at Current Basic Prices (Seasonally Adjusted),2005Q1,Industry - of which Manufacturing,8639.0
Gross Value Added at Current Basic Prices (Seasonally Adjusted),2005Q1,Construction,3343.0
Gross Value Added at Current Basic Prices (Seasonally Adjusted),2005Q1,"Distribution, Transport, Hotels and Restaurants",5789.0
Gross Value Added at Current Basic Prices (Seasonally Adjusted),2005Q1,Information and Communication,2500.0
Gross Value Added at Current Basic Prices (Seasonally Adjusted),2005Q1,Financial and Insurance Activities,3555.0
Gross Value Added at Current Basic Prices (Seasonally Adjusted),2005Q1,Real Estate Activities,2329.0
Gross Value Added at Current Basic Prices (Seasonally Adjusted),2005Q1,"Professional, Admin and Support Services",2881.0
Gross Value Added at Current Basic Prices (Seasonally Adjusted),2005Q1,"Public Admin, Education and Health",5495.0
Gross Value Added at Current Basic Prices (Seasonally Adjusted),2005Q1,"Arts, Entertainment and Other Services",760.0
Gross Value Added at Current Basic Prices (Seasonally Adjusted),2005Q1,Statistical Discrepancy,
Gross Value Added at Current Basic Prices (Seasonally Adjusted),2005Q1,All Sectors,36654.0
Gross Value Added at Current Basic Prices (Seasonally Adjusted),2005Q2,"Agriculture, Forestry and Fishing",408.0
Gross Value Added at Current Basic Prices (Seasonally Adjusted),2005Q2,Industry (excl. Construction),8936.0
Gross Value Added at Current Basic Prices (Seasonally Adjusted),2005Q2,Industry - of which Manufacturing,8165.0
Gross Value Added at Current Basic Prices (Seasonally Adjusted),2005Q2,Construction,3614.0
Gross Value Added at Current Basic Prices (Seasonally Adjusted),2005Q2,"Distribution, Transport, Hotels and Restaurants",5927.0
Gross Value Added at Current Basic Prices (Seasonally Adjusted),2005Q2,Information and Communication,2601.0
Gross Value Added at Current Basic Prices (Seasonally Adjusted),2005Q2,Financial and Insurance Activities,3614.0
Gross Value Added at Current Basic Prices (Seasonally Adjusted),2005Q2,Real Estate Activities,2386.0
Gross Value Added at Current Basic Prices (Seasonally Adjusted),2005Q2,"Professional, Admin and Support Services",3081.0
Gross Value Added at Current Basic Prices (Seasonally Adjusted),2005Q2,"Public Admin, Education and Health",5616.0
Gross Value Added at Current Basic Prices (Seasonally Adjusted),2005Q2,"Arts, Entertainment and Other Services",764.0
Gross Value Added at Current Basic Prices (Seasonally Adjusted),2005Q2,Statistical Discrepancy,
Gross Value Added at Current Basic Prices (Seasonally Adjusted),2005Q2,All Sectors,37620.0
Gross Value Added at Current Basic Prices (Seasonally Adjusted),2005Q3,"Agriculture, Forestry and Fishing",385.0
Gross Value Added at Current Basic Prices (Seasonally Adjusted),2005Q3,Industry (excl. Construction),8800.0
Gross Value Added at Current Basic Prices (Seasonally Adjusted),2005Q3,Industry - of which Manufacturing,8038.0
Gross Value Added at Current Basic Prices (Seasonally Adjusted),2005Q3,Construction,3795.0
Gross Value Added at Current Basic Prices (Seasonally Adjusted),2005Q3,"Distribution, Transport, Hotels and Restaurants",5977.0
Gross Value Added at Current Basic Prices (Seasonally Adjusted),2005Q3,Information and Communication,2592.0
Gross Value Added at Current Basic Prices (Seasonally Adjusted),2005Q3,Financial and Insurance Activities,3690.0
Gross Value Added at Current Basic Prices (Seasonally Adjusted),2005Q3,Real Estate Activities,2483.0
Gross Value Added at Current Basic Prices (Seasonally Adjusted),2005Q3,"Professional, Admin and Support Services",3148.0
Gross Value Added at Current Basic Prices (Seasonally Adjusted),2005Q3,"Public Admin, Education and Health",5701.0
Gross Value Added at Current Basic Prices (Seasonally Adjusted),2005Q3,"Arts, Entertainment and Other Services",836.0
Gross Value Added at Current Basic Prices (Seasonally Adjusted),2005Q3,Statistical Discrepancy,
Gross Value Added at Current Basic Prices (Seasonally Adjusted),2005Q3,All Sectors,37455.0
Gross Value Added at Current Basic Prices (Seasonally Adjusted),2005Q4,"Agriculture, Forestry and Fishing",405.0
Gross Value Added at Current Basic Prices (Seasonally Adjusted),2005Q4,Industry (excl. Construction),9226.0
Gross Value Added at Current Basic Prices (Seasonally Adjusted),2005Q4,Industry - of which Manufacturing,8376.0
Gross Value Added at Current Basic Prices (Seasonally Adjusted),2005Q4,Construction,3872.0
Gross Value Added at Current Basic Prices (Seasonally Adjusted),2005Q4,"Distribution, Transport, Hotels and Restaurants",5975.0
Gross Value Added at Current Basic Prices (Seasonally Adjusted),2005Q4,Information and Communication,2546.0
Gross Value Added at Current Basic Prices (Seasonally Adjusted),2005Q4,Financial and Insurance Activities,3818.0
Gross Value Added at Current Basic Prices (Seasonally Adjusted),2005Q4,Real Estate Activities,2816.0
Gross Value Added at Current Basic Prices (Seasonally Adjusted),2005Q4,"Professional, Admin and Support Services",3015.0
Gross Value Added at Current Basic Prices (Seasonally Adjusted),2005Q4,"Public Admin, Education and Health",5851.0
Gross Value Added at Current Basic Prices (Seasonally Adjusted),2005Q4,"Arts, Entertainment and Other Services",843.0
Gross Value Added at Current Basic Prices (Seasonally Adjusted),2005Q4,Statistical Discrepancy,
Gross Value Added at Current Basic Prices (Seasonally Adjusted),2005Q4,All Sectors,39078.0
Gross Value Added at Current Basic Prices (Seasonally Adjusted),2006Q1,"Agriculture, Forestry and Fishing",434.0
Gross Value Added at Current Basic Prices (Seasonally Adjusted),2006Q1,Industry (excl. Construction),9295.0
Gross Value Added at Current Basic Prices (Seasonally Adjusted),2006Q1,Industry - of which Manufacturing,8371.0
Gross Value Added at Current Basic Prices (Seasonally Adjusted),2006Q1,Construction,4227.0
Gross Value Added at Current Basic Prices (Seasonally Adjusted),2006Q1,"Distribution, Transport, Hotels and Restaurants",6329.0
Gross Value Added at Current Basic Prices (Seasonally Adjusted),2006Q1,Information and Communication,2370.0
Gross Value Added at Current Basic Prices (Seasonally Adjusted),2006Q1,Financial and Insurance Activities,3893.0
Gross Value Added at Current Basic Prices (Seasonally Adjusted),2006Q1,Real Estate Activities,2685.0
Gross Value Added at Current Basic Prices (Seasonally Adjusted),2006Q1,"Professional, Admin and Support Services",3596.0
Gross Value Added at Current Basic Prices (Seasonally Adjusted),2006Q1,"Public Admin, Education and Health",5949.0
Gross Value Added at Current Basic Prices (Seasonally Adjusted),2006Q1,"Arts, Entertainment and Other Services",886.0
Gross Value Added at Current Basic Prices (Seasonally Adjusted),2006Q1,Statistical Discrepancy,
Gross Value Added at Current Basic Prices (Seasonally Adjusted),2006Q1,All Sectors,39793.0
Gross Value Added at Current Basic Prices (Seasonally Adjusted),2006Q2,"Agriculture, Forestry and Fishing",453.0
Gross Value Added at Current Basic Prices (Seasonally Adjusted),2006Q2,Industry (excl. Construction),10111.0
Gross Value Added at Current Basic Prices (Seasonally Adjusted),2006Q2,Industry - of which Manufacturing,9151.0
Gross Value Added at Current Basic Prices (Seasonally Adjusted),2006Q2,Construction,4208.0
Gross Value Added at Current Basic Prices (Seasonally Adjusted),2006Q2,"Distribution, Transport, Hotels and Restaurants",6440.0
Gross Value Added at Current Basic Prices (Seasonally Adjusted),2006Q2,Information and Communication,2336.0
Gross Value Added at Current Basic Prices (Seasonally Adjusted),2006Q2,Financial and Insurance Activities,3964.0
Gross Value Added at Current Basic Prices (Seasonally Adjusted),2006Q2,Real Estate Activities,2680.0
Gross Value Added at Current Basic Prices (Seasonally Adjusted),2006Q2,"Professional, Admin and Support Services",3163.0
Gross Value Added at Current Basic Prices (Seasonally Adjusted),2006Q2,"Public Admin, Education and Health",6116.0
Gross Value Added at Current Basic Prices (Seasonally Adjusted),2006Q2,"Arts, Entertainment and Other Services",899.0
Gross Value Added at Current Basic Prices (Seasonally Adjusted),2006Q2,Statistical Discrepancy,
Gross Value Added at Current Basic Prices (Seasonally Adjusted),2006Q2,All Sectors,40450.0
Gross Value Added at Current Basic Prices (Seasonally Adjusted),2006Q3,"Agriculture, Forestry and Fishing",302.0
Gross Value Added at Current Basic Prices (Seasonally Adjusted),2006Q3,Industry (excl. Construction),9748.0
Gross Value Added at Current Basic Prices (Seasonally Adjusted),2006Q3,Industry - of which Manufacturing,8764.0
Gross Value Added at Current Basic Prices (Seasonally Adjusted),2006Q3,Construction,4278.0
Gross Value Added at Current Basic Prices (Seasonally Adjusted),2006Q3,"Distribution, Transport, Hotels and Restaurants",6517.0
Gross Value Added at Current Basic Prices (Seasonally Adjusted),2006Q3,Information and Communication,2832.0
Gross Value Added at Current Basic Prices (Seasonally Adjusted),2006Q3,Financial and Insurance Activities,3995.0
Gross Value Added at Current Basic Prices (Seasonally Adjusted),2006Q3,Real Estate Activities,2796.0
Gross Value Added at Current Basic Prices (Seasonally Adjusted),2006Q3,"Professional, Admin and Support Services",3111.0
Gross Value Added at Current Basic Prices (Seasonally Adjusted),2006Q3,"Public Admin, Education and Health",6311.0
Gross Value Added at Current Basic Prices (Seasonally Adjusted),2006Q3,"Arts, Entertainment and Other Services",926.0
Gross Value Added at Current Basic Prices (Seasonally Adjusted),2006Q3,Statistical Discrepancy,
Gross Value Added at Current Basic Prices (Seasonally Adjusted),2006Q3,All Sectors,40873.0
Gross Value Added at Current Basic Prices (Seasonally Adjusted),2006Q4,"Agriculture, Forestry and Fishing",419.0
Gross Value Added at Current Basic Prices (Seasonally Adjusted),2006Q4,Industry (excl. Construction),9416.0
Gross Value Added at Current Basic Prices (Seasonally Adjusted),2006Q4,Industry - of which Manufacturing,8374.0
Gross Value Added at Current Basic Prices (Seasonally Adjusted),2006Q4,Construction,4465.0
Gross Value Added at Current Basic Prices (Seasonally Adjusted),2006Q4,"Distribution, Transport, Hotels and Restaurants",6769.0
Gross Value Added at Current Basic Prices (Seasonally Adjusted),2006Q4,Information and Communication,2741.0
Gross Value Added at Current Basic Prices (Seasonally Adjusted),2006Q4,Financial and Insurance Activities,4057.0
Gross Value Added at Current Basic Prices (Seasonally Adjusted),2006Q4,Real Estate Activities,2922.0
Gross Value Added at Current Basic Prices (Seasonally Adjusted),2006Q4,"Professional, Admin and Support Services",3408.0
Gross Value Added at Current Basic Prices (Seasonally Adjusted),2006Q4,"Public Admin, Education and Health",6443.0
Gross Value Added at Current Basic Prices (Seasonally Adjusted),2006Q4,"Arts, Entertainment and Other Services",948.0
Gross Value Added at Current Basic Prices (Seasonally Adjusted),2006Q4,Statistical Discrepancy,
Gross Value Added at Current Basic Prices (Seasonally Adjusted),2006Q4,All Sectors,41558.0
Gross Value Added at Current Basic Prices (Seasonally Adjusted),2007Q1,"Agriculture, Forestry and Fishing",512.0
Gross Value Added at Current Basic Prices (Seasonally Adjusted),2007Q1,Industry (excl. Construction),9959.0
Gross Value Added at Current Basic Prices (Seasonally Adjusted),2007Q1,Industry - of which Manufacturing,8828.0
Gross Value Added at Current Basic Prices (Seasonally Adjusted),2007Q1,Construction,4174.0
Gross Value Added at Current Basic Prices (Seasonally Adjusted),2007Q1,"Distribution, Transport, Hotels and Restaurants",7038.0
Gross Value Added at Current Basic Prices (Seasonally Adjusted),2007Q1,Information and Communication,3028.0
Gross Value Added at Current Basic Prices (Seasonally Adjusted),2007Q1,Financial and Insurance Activities,4198.0
Gross Value Added at Current Basic Prices (Seasonally Adjusted),2007Q1,Real Estate Activities,3120.0
Gross Value Added at Current Basic Prices (Seasonally Adjusted),2007Q1,"Professional, Admin and Support Services",3429.0
Gross Value Added at Current Basic Prices (Seasonally Adjusted),2007Q1,"Public Admin, Education and Health",6640.0
Gross Value Added at Current Basic Prices (Seasonally Adjusted),2007Q1,"Arts, Entertainment and Other Services",1002.0
Gross Value Added at Current Basic Prices (Seasonally Adjusted),2007Q1,Statistical Discrepancy,
Gross Value Added at Current Basic Prices (Seasonally Adjusted),2007Q1,All Sectors,43554.0
Gross Value Added at Current Basic Prices (Seasonally Adjusted),2007Q2,"Agriculture, Forestry and Fishing",617.0
Gross Value Added at Current Basic Prices (Seasonally Adjusted),2007Q2,Industry (excl. Construction),9595.0
Gross Value Added at Current Basic Prices (Seasonally Adjusted),2007Q2,Industry - of which Manufacturing,8445.0
Gross Value Added at Current Basic Prices (Seasonally Adjusted),2007Q2,Construction,4245.0
Gross Value Added at Current Basic Prices (Seasonally Adjusted),2007Q2,"Distribution, Transport, Hotels and Restaurants",7189.0
Gross Value Added at Current Basic Prices (Seasonally Adjusted),2007Q2,Information and Communication,3001.0
Gross Value Added at Current Basic Prices (Seasonally Adjusted),2007Q2,Financial and Insurance Activities,4299.0
Gross Value Added at Current Basic Prices (Seasonally Adjusted),2007Q2,Real Estate Activities,3201.0
Gross Value Added at Current Basic Prices (Seasonally Adjusted),2007Q2,"Professional, Admin and Support Services",3667.0
Gross Value Added at Current Basic Prices (Seasonally Adjusted),2007Q2,"Public Admin, Education and Health",6731.0
Gross Value Added at Current Basic Prices (Seasonally Adjusted),2007Q2,"Arts, Entertainment and Other Services",986.0
Gross Value Added at Current Basic Prices (Seasonally Adjusted),2007Q2,Statistical Discrepancy,
Gross Value Added at Current Basic Prices (Seasonally Adjusted),2007Q2,All Sectors,43660.0
Gross Value Added at Current Basic Prices (Seasonally Adjusted),2007Q3,"Agriculture, Forestry and Fishing",438.0
Gross Value Added at Current Basic Prices (Seasonally Adjusted),2007Q3,Industry (excl. Construction),10264.0
Gross Value Added at Current Basic Prices (Seasonally Adjusted),2007Q3,Industry - of which Manufacturing,9022.0
Gross Value Added at Current Basic Prices (Seasonally Adjusted),2007Q3,Construction,3887.0
Gross Value Added at Current Basic Prices (Seasonally Adjusted),2007Q3,"Distribution, Transport, Hotels and Restaurants",7292.0
Gross Value Added at Current Basic Prices (Seasonally Adjusted),2007Q3,Information and Communication,2544.0
Gross Value Added at Current Basic Prices (Seasonally Adjusted),2007Q3,Financial and Insurance Activities,4534.0
Gross Value Added at Current Basic Prices (Seasonally Adjusted),2007Q3,Real Estate Activities,3142.0
Gross Value Added at Current Basic Prices (Seasonally Adjusted),2007Q3,"Professional, Admin and Support Services",3851.0
Gross Value Added at Current Basic Prices (Seasonally Adjusted),2007Q3,"Public Admin, Education and Health",6875.0
Gross Value Added at Current Basic Prices (Seasonally Adjusted),2007Q3,"Arts, Entertainment and Other Services",1079.0
Gross Value Added at Current Basic Prices (Seasonally Adjusted),2007Q3,Statistical Discrepancy,
Gross Value Added at Current Basic Prices (Seasonally Adjusted),2007Q3,All Sectors,42786.0
Gross Value Added at Current Basic Prices (Seasonally Adjusted),2007Q4,"Agriculture, Forestry and Fishing",379.0
Gross Value Added at Current Basic Prices (Seasonally Adjusted),2007Q4,Industry (excl. Construction),10689.0
Gross Value Added at Current Basic Prices (Seasonally Adjusted),2007Q4,Industry - of which Manufacturing,9495.0
Gross Value Added at Current Basic Prices (Seasonally Adjusted),2007Q4,Construction,3678.0
Gross Value Added at Current Basic Prices (Seasonally Adjusted),2007Q4,"Distribution, Transport, Hotels and Restaurants",7298.0
Gross Value Added at Current Basic Prices (Seasonally Adjusted),2007Q4,Information and Communication,2780.0
Gross Value Added at Current Basic Prices (Seasonally Adjusted),2007Q4,Financial and Insurance Activities,4139.0
Gross Value Added at Current Basic Prices (Seasonally Adjusted),2007Q4,Real Estate Activities,3422.0
Gross Value Added at Current Basic Prices (Seasonally Adjusted),2007Q4,"Professional, Admin and Support Services",3862.0
Gross Value Added at Current Basic Prices (Seasonally Adjusted),2007Q4,"Public Admin, Education and Health",6960.0
Gross Value Added at Current Basic Prices (Seasonally Adjusted),2007Q4,"Arts, Entertainment and Other Services",1006.0
Gross Value Added at Current Basic Prices (Seasonally Adjusted),2007Q4,Statistical Discrepancy,
Gross Value Added at Current Basic Prices (Seasonally Adjusted),2007Q4,All Sectors,44249.0
Gross Value Added at Current Basic Prices (Seasonally Adjusted),2008Q1,"Agriculture, Forestry and Fishing",364.0
Gross Value Added at Current Basic Prices (Seasonally Adjusted),2008Q1,Industry (excl. Construction),9424.0
Gross Value Added at Current Basic Prices (Seasonally Adjusted),2008Q1,Industry - of which Manufacturing,8304.0
Gross Value Added at Current Basic Prices (Seasonally Adjusted),2008Q1,Construction,3270.0
Gross Value Added at Current Basic Prices (Seasonally Adjusted),2008Q1,"Distribution, Transport, Hotels and Restaurants",7067.0
Gross Value Added at Current Basic Prices (Seasonally Adjusted),2008Q1,Information and Communication,3022.0
Gross Value Added at Current Basic Prices (Seasonally Adjusted),2008Q1,Financial and Insurance Activities,4123.0
Gross Value Added at Current Basic Prices (Seasonally Adjusted),2008Q1,Real Estate Activities,3314.0
Gross Value Added at Current Basic Prices (Seasonally Adjusted),2008Q1,"Professional, Admin and Support Services",3674.0
Gross Value Added at Current Basic Prices (Seasonally Adjusted),2008Q1,"Public Admin, Education and Health",7134.0
Gross Value Added at Current Basic Prices (Seasonally Adjusted),2008Q1,"Arts, Entertainment and Other Services",997.0
Gross Value Added at Current Basic Prices (Seasonally Adjusted),2008Q1,Statistical Discrepancy,
Gross Value Added at Current Basic Prices (Seasonally Adjusted),2008Q1,All Sectors,43016.0
Gross Value Added at Current Basic Prices (Seasonally Adjusted),2008Q2,"Agriculture, Forestry and Fishing",375.0
Gross Value Added at Current Basic Prices (Seasonally Adjusted),2008Q2,Industry (excl. Construction),9761.0
Gross Value Added at Current Basic Prices (Seasonally Adjusted),2008Q2,Industry - of which Manufacturing,8595.0
Gross Value Added at Current Basic Prices (Seasonally Adjusted),2008Q2,Construction,2929.0
Gross Value Added at Current Basic Prices (Seasonally Adjusted),2008Q2,"Distribution, Transport, Hotels and Restaurants",6876.0
Gross Value Added at Current Basic Prices (Seasonally Adjusted),2008Q2,Information and Communication,3143.0
Gross Value Added at Current Basic Prices (Seasonally Adjusted),2008Q2,Financial and Insurance Activities,4130.0
Gross Value Added at Current Basic Prices (Seasonally Adjusted),2008Q2,Real Estate Activities,3262.0
Gross Value Added at Current Basic Prices (Seasonally Adjusted),2008Q2,"Professional, Admin and Support Services",3595.0
Gross Value Added at Current Basic Prices (Seasonally Adjusted),2008Q2,"Public Admin, Education and Health",7350.0
Gross Value Added at Current Basic Prices (Seasonally Adjusted),2008Q2,"Arts, Entertainment and Other Services",1014.0
Gross Value Added at Current Basic Prices (Seasonally Adjusted),2008Q2,Statistical Discrepancy,
Gross Value Added at Current Basic Prices (Seasonally Adjusted),2008Q2,All Sectors,42214.0
Gross Value Added at Current Basic Prices (Seasonally Adjusted),2008Q3,"Agriculture, Forestry and Fishing",411.0
Gross Value Added at Current Basic Prices (Seasonally Adjusted),2008Q3,Industry (excl. Construction),9715.0
Gross Value Added at Current Basic Prices (Seasonally Adjusted),2008Q3,Industry - of which Manufacturing,8580.0
Gross Value Added at Current Basic Prices (Seasonally Adjusted),2008Q3,Construction,2649.0
Gross Value Added at Current Basic Prices (Seasonally Adjusted),2008Q3,"Distribution, Transport, Hotels and Restaurants",6747.0
Gross Value Added at Current Basic Prices (Seasonally Adjusted),2008Q3,Information and Communication,3441.0
Gross Value Added at Current Basic Prices (Seasonally Adjusted),2008Q3,Financial and Insurance Activities,4154.0
Gross Value Added at Current Basic Prices (Seasonally Adjusted),2008Q3,Real Estate Activities,3127.0
Gross Value Added at Current Basic Prices (Seasonally Adjusted),2008Q3,"Professional, Admin and Support Services",3613.0
Gross Value Added at Current Basic Prices (Seasonally Adjusted),2008Q3,"Public Admin, Education and Health",7366.0
Gross Value Added at Current Basic Prices (Seasonally Adjusted),2008Q3,"Arts, Entertainment and Other Services",1007.0
Gross Value Added at Current Basic Prices (Seasonally Adjusted),2008Q3,Statistical Discrepancy,
Gross Value Added at Current Basic Prices (Seasonally Adjusted),2008Q3,All Sectors,42018.0
Gross Value Added at Current Basic Prices (Seasonally Adjusted),2008Q4,"Agriculture, Forestry and Fishing",320.0
Gross Value Added at Current Basic Prices (Seasonally Adjusted),2008Q4,Industry (excl. Construction),8861.0
Gross Value Added at Current Basic Prices (Seasonally Adjusted),2008Q4,Industry - of which Manufacturing,7629.0
Gross Value Added at Current Basic Prices (Seasonally Adjusted),2008Q4,Construction,2211.0
Gross Value Added at Current Basic Prices (Seasonally Adjusted),2008Q4,"Distribution, Transport, Hotels and Restaurants",6534.0
Gross Value Added at Current Basic Prices (Seasonally Adjusted),2008Q4,Information and Communication,3123.0
Gross Value Added at Current Basic Prices (Seasonally Adjusted),2008Q4,Financial and Insurance Activities,4098.0
Gross Value Added at Current Basic Prices (Seasonally Adjusted),2008Q4,Real Estate Activities,3086.0
Gross Value Added at Current Basic Prices (Seasonally Adjusted),2008Q4,"Professional, Admin and Support Services",3518.0
Gross Value Added at Current Basic Prices (Seasonally Adjusted),2008Q4,"Public Admin, Education and Health",7641.0
Gross Value Added at Current Basic Prices (Seasonally Adjusted),2008Q4,"Arts, Entertainment and Other Services",925.0
Gross Value Added at Current Basic Prices (Seasonally Adjusted),2008Q4,Statistical Discrepancy,
Gross Value Added at Current Basic Prices (Seasonally Adjusted),2008Q4,All Sectors,40752.0
Gross Value Added at Current Basic Prices (Seasonally Adjusted),2009Q1,"Agriculture, Forestry and Fishing",169.0
Gross Value Added at Current Basic Prices (Seasonally Adjusted),2009Q1,Industry (excl. Construction),10294.0
Gross Value Added at Current Basic Prices (Seasonally Adjusted),2009Q1,Industry - of which Manufacturing,9070.0
Gross Value Added at Current Basic Prices (Seasonally Adjusted),2009Q1,Construction,1273.0
Gross Value Added at Current Basic Prices (Seasonally Adjusted),2009Q1,"Distribution, Transport, Hotels and Restaurants",6110.0
Gross Value Added at Current Basic Prices (Seasonally Adjusted),2009Q1,Information and Communication,3031.0
Gross Value Added at Current Basic Prices (Seasonally Adjusted),2009Q1,Financial and Insurance Activities,4095.0
Gross Value Added at Current Basic Prices (Seasonally Adjusted),2009Q1,Real Estate Activities,2070.0
Gross Value Added at Current Basic Prices (Seasonally Adjusted),2009Q1,"Professional, Admin and Support Services",3289.0
Gross Value Added at Current Basic Prices (Seasonally Adjusted),2009Q1,"Public Admin, Education and Health",7268.0
Gross Value Added at Current Basic Prices (Seasonally Adjusted),2009Q1,"Arts, Entertainment and Other Services",914.0
Gross Value Added at Current Basic Prices (Seasonally Adjusted),2009Q1,Statistical Discrepancy,
Gross Value Added at Current Basic Prices (Seasonally Adjusted),2009Q1,All Sectors,39418.0
Gross Value Added at Current Basic Prices (Seasonally Adjusted),2009Q2,"Agriculture, Forestry and Fishing",128.0
Gross Value Added at Current Basic Prices (Seasonally Adjusted),2009Q2,Industry (excl. Construction),10348.0
Gross Value Added at Current Basic Prices (Seasonally Adjusted),2009Q2,Industry - of which Manufacturing,9182.0
Gross Value Added at Current Basic Prices (Seasonally Adjusted),2009Q2,Construction,1096.0
Gross Value Added at Current Basic Prices (Seasonally Adjusted),2009Q2,"Distribution, Transport, Hotels and Restaurants",6184.0
Gross Value Added at Current Basic Prices (Seasonally Adjusted),2009Q2,Information and Communication,3093.0
Gross Value Added at Current Basic Prices (Seasonally Adjusted),2009Q2,Financial and Insurance Activities,4117.0
Gross Value Added at Current Basic Prices (Seasonally Adjusted),2009Q2,Real Estate Activities,2053.0
Gross Value Added at Current Basic Prices (Seasonally Adjusted),2009Q2,"Professional, Admin and Support Services",3252.0
Gross Value Added at Current Basic Prices (Seasonally Adjusted),2009Q2,"Public Admin, Education and Health",7358.0
Gross Value Added at Current Basic Prices (Seasonally Adjusted),2009Q2,"Arts, Entertainment and Other Services",920.0
Gross Value Added at Current Basic Prices (Seasonally Adjusted),2009Q2,Statistical Discrepancy,
Gross Value Added at Current Basic Prices (Seasonally Adjusted),2009Q2,All Sectors,39178.0
Gross Value Added at Current Basic Prices (Seasonally Adjusted),2009Q3,"Agriculture, Forestry and Fishing",193.0
Gross Value Added at Current Basic Prices (Seasonally Adjusted),2009Q3,Industry (excl. Construction),9543.0
Gross Value Added at Current Basic Prices (Seasonally Adjusted),2009Q3,Industry - of which Manufacturing,8392.0
Gross Value Added at Current Basic Prices (Seasonally Adjusted),2009Q3,Construction,971.0
Gross Value Added at Current Basic Prices (Seasonally Adjusted),2009Q3,"Distribution, Transport, Hotels and Restaurants",6205.0
Gross Value Added at Current Basic Prices (Seasonally Adjusted),2009Q3,Information and Communication,3472.0
Gross Value Added at Current Basic Prices (Seasonally Adjusted),2009Q3,Financial and Insurance Activities,4191.0
Gross Value Added at Current Basic Prices (Seasonally Adjusted),2009Q3,Real Estate Activities,2065.0
Gross Value Added at Current Basic Prices (Seasonally Adjusted),2009Q3,"Professional, Admin and Support Services",3277.0
Gross Value Added at Current Basic Prices (Seasonally Adjusted),2009Q3,"Public Admin, Education and Health",7385.0
Gross Value Added at Current Basic Prices (Seasonally Adjusted),2009Q3,"Arts, Entertainment and Other Services",899.0
Gross Value Added at Current Basic Prices (Seasonally Adjusted),2009Q3,Statistical Discrepancy,
Gross Value Added at Current Basic Prices (Seasonally Adjusted),2009Q3,All Sectors,38414.0
Gross Value Added at Current Basic Prices (Seasonally Adjusted),2009Q4,"Agriculture, Forestry and Fishing",335.0
Gross Value Added at Current Basic Prices (Seasonally Adjusted),2009Q4,Industry (excl. Construction),9566.0
Gross Value Added at Current Basic Prices (Seasonally Adjusted),2009Q4,Industry - of which Manufacturing,8408.0
Gross Value Added at Current Basic Prices (Seasonally Adjusted),2009Q4,Construction,818.0
Gross Value Added at Current Basic Prices (Seasonally Adjusted),2009Q4,"Distribution, Transport, Hotels and Restaurants",6123.0
Gross Value Added at Current Basic Prices (Seasonally Adjusted),2009Q4,Information and Communication,3126.0
Gross Value Added at Current Basic Prices (Seasonally Adjusted),2009Q4,Financial and Insurance Activities,3649.0
Gross Value Added at Current Basic Prices (Seasonally Adjusted),2009Q4,Real Estate Activities,2087.0
Gross Value Added at Current Basic Prices (Seasonally Adjusted),2009Q4,"Professional, Admin and Support Services",3293.0
Gross Value Added at Current Basic Prices (Seasonally Adjusted),2009Q4,"Public Admin, Education and Health",7436.0
Gross Value Added at Current Basic Prices (Seasonally Adjusted),2009Q4,"Arts, Entertainment and Other Services",873.0
Gross Value Added at Current Basic Prices (Seasonally Adjusted),2009Q4,Statistical Discrepancy,
Gross Value Added at Current Basic Prices (Seasonally Adjusted),2009Q4,All Sectors,37595.0
Gross Value Added at Current Basic Prices (Seasonally Adjusted),2010Q1,"Agriculture, Forestry and Fishing",354.0
Gross Value Added at Current Basic Prices (Seasonally Adjusted),2010Q1,Industry (excl. Construction),9342.0
Gross Value Added at Current Basic Prices (Seasonally Adjusted),2010Q1,Industry - of which Manufacturing,8337.0
Gross Value Added at Current Basic Prices (Seasonally Adjusted),2010Q1,Construction,642.0
Gross Value Added at Current Basic Prices (Seasonally Adjusted),2010Q1,"Distribution, Transport, Hotels and Restaurants",6171.0
Gross Value Added at Current Basic Prices (Seasonally Adjusted),2010Q1,Information and Communication,3241.0
Gross Value Added at Current Basic Prices (Seasonally Adjusted),2010Q1,Financial and Insurance Activities,4483.0
Gross Value Added at Current Basic Prices (Seasonally Adjusted),2010Q1,Real Estate Activities,2440.0
Gross Value Added at Current Basic Prices (Seasonally Adjusted),2010Q1,"Professional, Admin and Support Services",3385.0
Gross Value Added at Current Basic Prices (Seasonally Adjusted),2010Q1,"Public Admin, Education and Health",6890.0
Gross Value Added at Current Basic Prices (Seasonally Adjusted),2010Q1,"Arts, Entertainment and Other Services",906.0
Gross Value Added at Current Basic Prices (Seasonally Adjusted),2010Q1,Statistical Discrepancy,
Gross Value Added at Current Basic Prices (Seasonally Adjusted),2010Q1,All Sectors,37724.0
Gross Value Added at Current Basic Prices (Seasonally Adjusted),2010Q2,"Agriculture, Forestry and Fishing",366.0
Gross Value Added at Current Basic Prices (Seasonally Adjusted),2010Q2,Industry (excl. Construction),8777.0
Gross Value Added at Current Basic Prices (Seasonally Adjusted),2010Q2,Industry - of which Manufacturing,7760.0
Gross Value Added at Current Basic Prices (Seasonally Adjusted),2010Q2,Construction,617.0
Gross Value Added at Current Basic Prices (Seasonally Adjusted),2010Q2,"Distribution, Transport, Hotels and Restaurants",6224.0
Gross Value Added at Current Basic Prices (Seasonally Adjusted),2010Q2,Information and Communication,3361.0
Gross Value Added at Current Basic Prices (Seasonally Adjusted),2010Q2,Financial and Insurance Activities,4564.0
Gross Value Added at Current Basic Prices (Seasonally Adjusted),2010Q2,Real Estate Activities,2456.0
Gross Value Added at Current Basic Prices (Seasonally Adjusted),2010Q2,"Professional, Admin and Support Services",3336.0
Gross Value Added at Current Basic Prices (Seasonally Adjusted),2010Q2,"Public Admin, Education and Health",6914.0
Gross Value Added at Current Basic Prices (Seasonally Adjusted),2010Q2,"Arts, Entertainment and Other Services",878.0
Gross Value Added at Current Basic Prices (Seasonally Adjusted),2010Q2,Statistical Discrepancy,
Gross Value Added at Current Basic Prices (Seasonally Adjusted),2010Q2,All Sectors,37749.0
Gross Value Added at Current Basic Prices (Seasonally Adjusted),2010Q3,"Agriculture, Forestry and Fishing",398.0
Gross Value Added at Current Basic Prices (Seasonally Adjusted),2010Q3,Industry (excl. Construction),9410.0
Gross Value Added at Current Basic Prices (Seasonally Adjusted),2010Q3,Industry - of which Manufacturing,8412.0
Gross Value Added at Current Basic Prices (Seasonally Adjusted),2010Q3,Construction,559.0
Gross Value Added at Current Basic Prices (Seasonally Adjusted),2010Q3,"Distribution, Transport, Hotels and Restaurants",6259.0
Gross Value Added at Current Basic Prices (Seasonally Adjusted),2010Q3,Information and Communication,3465.0
Gross Value Added at Current Basic Prices (Seasonally Adjusted),2010Q3,Financial and Insurance Activities,4290.0
Gross Value Added at Current Basic Prices (Seasonally Adjusted),2010Q3,Real Estate Activities,2484.0
Gross Value Added at Current Basic Prices (Seasonally Adjusted),2010Q3,"Professional, Admin and Support Services",3387.0
Gross Value Added at Current Basic Prices (Seasonally Adjusted),2010Q3,"Public Admin, Education and Health",7080.0
Gross Value Added at Current Basic Prices (Seasonally Adjusted),2010Q3,"Arts, Entertainment and Other Services",889.0
Gross Value Added at Current Basic Prices (Seasonally Adjusted),2010Q3,Statistical Discrepancy,
Gross Value Added at Current Basic Prices (Seasonally Adjusted),2010Q3,All Sectors,38355.0
Gross Value Added at Current Basic Prices (Seasonally Adjusted),2010Q4,"Agriculture, Forestry and Fishing",380.0
Gross Value Added at Current Basic Prices (Seasonally Adjusted),2010Q4,Industry (excl. Construction),9391.0
Gross Value Added at Current Basic Prices (Seasonally Adjusted),2010Q4,Industry - of which Manufacturing,8339.0
Gross Value Added at Current Basic Prices (Seasonally Adjusted),2010Q4,Construction,524.0
Gross Value Added at Current Basic Prices (Seasonally Adjusted),2010Q4,"Distribution, Transport, Hotels and Restaurants",6220.0
Gross Value Added at Current Basic Prices (Seasonally Adjusted),2010Q4,Information and Communication,3869.0
Gross Value Added at Current Basic Prices (Seasonally Adjusted),2010Q4,Financial and Insurance Activities,4131.0
Gross Value Added at Current Basic Prices (Seasonally Adjusted),2010Q4,Real Estate Activities,2475.0
Gross Value Added at Current Basic Prices (Seasonally Adjusted),2010Q4,"Professional, Admin and Support Services",3774.0
Gross Value Added at Current Basic Prices (Seasonally Adjusted),2010Q4,"Public Admin, Education and Health",6997.0
Gross Value Added at Current Basic Prices (Seasonally Adjusted),2010Q4,"Arts, Entertainment and Other Services",903.0
Gross Value Added at Current Basic Prices (Seasonally Adjusted),2010Q4,Statistical Discrepancy,
Gross Value Added at Current Basic Prices (Seasonally Adjusted),2010Q4,All Sectors,38272.0
Gross Value Added at Current Basic Prices (Seasonally Adjusted),2011Q1,"Agriculture, Forestry and Fishing",493.0
Gross Value Added at Current Basic Prices (Seasonally Adjusted),2011Q1,Industry (excl. Construction),9841.0
Gross Value Added at Current Basic Prices (Seasonally Adjusted),2011Q1,Industry - of which Manufacturing,8772.0
Gross Value Added at Current Basic Prices (Seasonally Adjusted),2011Q1,Construction,510.0
Gross Value Added at Current Basic Prices (Seasonally Adjusted),2011Q1,"Distribution, Transport, Hotels and Restaurants",6572.0
Gross Value Added at Current Basic Prices (Seasonally Adjusted),2011Q1,Information and Communication,3416.0
Gross Value Added at Current Basic Prices (Seasonally Adjusted),2011Q1,Financial and Insurance Activities,3912.0
Gross Value Added at Current Basic Prices (Seasonally Adjusted),2011Q1,Real Estate Activities,2557.0
Gross Value Added at Current Basic Prices (Seasonally Adjusted),2011Q1,"Professional, Admin and Support Services",3790.0
Gross Value Added at Current Basic Prices (Seasonally Adjusted),2011Q1,"Public Admin, Education and Health",7010.0
Gross Value Added at Current Basic Prices (Seasonally Adjusted),2011Q1,"Arts, Entertainment and Other Services",859.0
Gross Value Added at Current Basic Prices (Seasonally Adjusted),2011Q1,Statistical Discrepancy,
Gross Value Added at Current Basic Prices (Seasonally Adjusted),2011Q1,All Sectors,39001.0
Gross Value Added at Current Basic Prices (Seasonally Adjusted),2011Q2,"Agriculture, Forestry and Fishing",525.0
Gross Value Added at Current Basic Prices (Seasonally Adjusted),2011Q2,Industry (excl. Construction),10040.0
Gross Value Added at Current Basic Prices (Seasonally Adjusted),2011Q2,Industry - of which Manufacturing,8974.0
Gross Value Added at Current Basic Prices (Seasonally Adjusted),2011Q2,Construction,499.0
Gross Value Added at Current Basic Prices (Seasonally Adjusted),2011Q2,"Distribution, Transport, Hotels and Restaurants",6717.0
Gross Value Added at Current Basic Prices (Seasonally Adjusted),2011Q2,Information and Communication,3732.0
Gross Value Added at Current Basic Prices (Seasonally Adjusted),2011Q2,Financial and Insurance Activities,3921.0
Gross Value Added at Current Basic Prices (Seasonally Adjusted),2011Q2,Real Estate Activities,2561.0
Gross Value Added at Current Basic Prices (Seasonally Adjusted),2011Q2,"Professional, Admin and Support Services",3937.0
Gross Value Added at Current Basic Prices (Seasonally Adjusted),2011Q2,"Public Admin, Education and Health",7065.0
Gross Value Added at Current Basic Prices (Seasonally Adjusted),2011Q2,"Arts, Entertainment and Other Services",824.0
Gross Value Added at Current Basic Prices (Seasonally Adjusted),2011Q2,Statistical Discrepancy,
Gross Value Added at Current Basic Prices (Seasonally Adjusted),2011Q2,All Sectors,39913.0
Gross Value Added at Current Basic Prices (Seasonally Adjusted),2011Q3,"Agriculture, Forestry and Fishing",516.0
Gross Value Added at Current Basic Prices (Seasonally Adjusted),2011Q3,Industry (excl. Construction),10018.0
Gross Value Added at Current Basic Prices (Seasonally Adjusted),2011Q3,Industry - of which Manufacturing,8938.0
Gross Value Added at Current Basic Prices (Seasonally Adjusted),2011Q3,Construction,518.0
Gross Value Added at Current Basic Prices (Seasonally Adjusted),2011Q3,"Distribution, Transport, Hotels and Restaurants",6666.0
Gross Value Added at Current Basic Prices (Seasonally Adjusted),2011Q3,Information and Communication,3476.0
Gross Value Added at Current Basic Prices (Seasonally Adjusted),2011Q3,Financial and Insurance Activities,3906.0
Gross Value Added at Current Basic Prices (Seasonally Adjusted),2011Q3,Real Estate Activities,2581.0
Gross Value Added at Current Basic Prices (Seasonally Adjusted),2011Q3,"Professional, Admin and Support Services",3972.0
Gross Value Added at Current Basic Prices (Seasonally Adjusted),2011Q3,"Public Admin, Education and Health",6970.0
Gross Value Added at Current Basic Prices (Seasonally Adjusted),2011Q3,"Arts, Entertainment and Other Services",858.0
Gross Value Added at Current Basic Prices (Seasonally Adjusted),2011Q3,Statistical Discrepancy,
Gross Value Added at Current Basic Prices (Seasonally Adjusted),2011Q3,All Sectors,39935.0
Gross Value Added at Current Basic Prices (Seasonally Adjusted),2011Q4,"Agriculture, Forestry and Fishing",504.0
Gross Value Added at Current Basic Prices (Seasonally Adjusted),2011Q4,Industry (excl. Construction),9833.0
Gross Value Added at Current Basic Prices (Seasonally Adjusted),2011Q4,Industry - of which Manufacturing,8751.0
Gross Value Added at Current Basic Prices (Seasonally Adjusted),2011Q4,Construction,548.0
Gross Value Added at Current Basic Prices (Seasonally Adjusted),2011Q4,"Distribution, Transport, Hotels and Restaurants",6720.0
Gross Value Added at Current Basic Prices (Seasonally Adjusted),2011Q4,Information and Communication,3631.0
Gross Value Added at Current Basic Prices (Seasonally Adjusted),2011Q4,Financial and Insurance Activities,3966.0
Gross Value Added at Current Basic Prices (Seasonally Adjusted),2011Q4,Real Estate Activities,2581.0
Gross Value Added at Current Basic Prices (Seasonally Adjusted),2011Q4,"Professional, Admin and Support Services",4010.0
Gross Value Added at Current Basic Prices (Seasonally Adjusted),2011Q4,"Public Admin, Education and Health",6979.0
Gross Value Added at Current Basic Prices (Seasonally Adjusted),2011Q4,"Arts, Entertainment and Other Services",843.0
Gross Value Added at Current Basic Prices (Seasonally Adjusted),2011Q4,Statistical Discrepancy,
Gross Value Added at Current Basic Prices (Seasonally Adjusted),2011Q4,All Sectors,39032.0
Gross Value Added at Current Basic Prices (Seasonally Adjusted),2012Q1,"Agriculture, Forestry and Fishing",523.0
Gross Value Added at Current Basic Prices (Seasonally Adjusted),2012Q1,Industry (excl. Construction),9990.0
Gross Value Added at Current Basic Prices (Seasonally Adjusted),2012Q1,Industry - of which Manufacturing,8781.0
Gross Value Added at Current Basic Prices (Seasonally Adjusted),2012Q1,Construction,732.0
Gross Value Added at Current Basic Prices (Seasonally Adjusted),2012Q1,"Distribution, Transport, Hotels and Restaurants",6759.0
Gross Value Added at Current Basic Prices (Seasonally Adjusted),2012Q1,Information and Communication,4086.0
Gross Value Added at Current Basic Prices (Seasonally Adjusted),2012Q1,Financial and Insurance Activities,3817.0
Gross Value Added at Current Basic Prices (Seasonally Adjusted),2012Q1,Real Estate Activities,2780.0
Gross Value Added at Current Basic Prices (Seasonally Adjusted),2012Q1,"Professional, Admin and Support Services",3947.0
Gross Value Added at Current Basic Prices (Seasonally Adjusted),2012Q1,"Public Admin, Education and Health",6995.0
Gross Value Added at Current Basic Prices (Seasonally Adjusted),2012Q1,"Arts, Entertainment and Other Services",818.0
Gross Value Added at Current Basic Prices (Seasonally Adjusted),2012Q1,Statistical Discrepancy,
Gross Value Added at Current Basic Prices (Seasonally Adjusted),2012Q1,All Sectors,40197.0
Gross Value Added at Current Basic Prices (Seasonally Adjusted),2012Q2,"Agriculture, Forestry and Fishing",498.0
Gross Value Added at Current Basic Prices (Seasonally Adjusted),2012Q2,Industry (excl. Construction),10182.0
Gross Value Added at Current Basic Prices (Seasonally Adjusted),2012Q2,Industry - of which Manufacturing,8986.0
Gross Value Added at Current Basic Prices (Seasonally Adjusted),2012Q2,Construction,719.0
Gross Value Added at Current Basic Prices (Seasonally Adjusted),2012Q2,"Distribution, Transport, Hotels and Restaurants",6836.0
Gross Value Added at Current Basic Prices (Seasonally Adjusted),2012Q2,Information and Communication,3803.0
Gross Value Added at Current Basic Prices (Seasonally Adjusted),2012Q2,Financial and Insurance Activities,3667.0
Gross Value Added at Current Basic Prices (Seasonally Adjusted),2012Q2,Real Estate Activities,2805.0
Gross Value Added at Current Basic Prices (Seasonally Adjusted),2012Q2,"Professional, Admin and Support Services",3915.0
Gross Value Added at Current Basic Prices (Seasonally Adjusted),2012Q2,"Public Admin, Education and Health",7026.0
Gross Value Added at Current Basic Prices (Seasonally Adjusted),2012Q2,"Arts, Entertainment and Other Services",822.0
Gross Value Added at Current Basic Prices (Seasonally Adjusted),2012Q2,Statistical Discrepancy,
Gross Value Added at Current Basic Prices (Seasonally Adjusted),2012Q2,All Sectors,40848.0
Gross Value Added at Current Basic Prices (Seasonally Adjusted),2012Q3,"Agriculture, Forestry and Fishing",333.0
Gross Value Added at Current Basic Prices (Seasonally Adjusted),2012Q3,Industry (excl. Construction),9944.0
Gross Value Added at Current Basic Prices (Seasonally Adjusted),2012Q3,Industry - of which Manufacturing,8809.0
Gross Value Added at Current Basic Prices (Seasonally Adjusted),2012Q3,Construction,745.0
Gross Value Added at Current Basic Prices (Seasonally Adjusted),2012Q3,"Distribution, Transport, Hotels and Restaurants",6874.0
Gross Value Added at Current Basic Prices (Seasonally Adjusted),2012Q3,Information and Communication,3759.0
Gross Value Added at Current Basic Prices (Seasonally Adjusted),2012Q3,Financial and Insurance Activities,3720.0
Gross Value Added at Current Basic Prices (Seasonally Adjusted),2012Q3,Real Estate Activities,2838.0
Gross Value Added at Current Basic Prices (Seasonally Adjusted),2012Q3,"Professional, Admin and Support Services",4035.0
Gross Value Added at Current Basic Prices (Seasonally Adjusted),2012Q3,"Public Admin, Education and Health",7069.0
Gross Value Added at Current Basic Prices (Seasonally Adjusted),2012Q3,"Arts, Entertainment and Other Services",837.0
Gross Value Added at Current Basic Prices (Seasonally Adjusted),2012Q3,Statistical Discrepancy,
Gross Value Added at Current Basic Prices (Seasonally Adjusted),2012Q3,All Sectors,40417.0
Gross Value Added at Current Basic Prices (Seasonally Adjusted),2012Q4,"Agriculture, Forestry and Fishing",282.0
Gross Value Added at Current Basic Prices (Seasonally Adjusted),2012Q4,Industry (excl. Construction),9420.0
Gross Value Added at Current Basic Prices (Seasonally Adjusted),2012Q4,Industry - of which Manufacturing,8176.0
Gross Value Added at Current Basic Prices (Seasonally Adjusted),2012Q4,Construction,813.0
Gross Value Added at Current Basic Prices (Seasonally Adjusted),2012Q4,"Distribution, Transport, Hotels and Restaurants",7049.0
Gross Value Added at Current Basic Prices (Seasonally Adjusted),2012Q4,Information and Communication,4062.0
Gross Value Added at Current Basic Prices (Seasonally Adjusted),2012Q4,Financial and Insurance Activities,3594.0
Gross Value Added at Current Basic Prices (Seasonally Adjusted),2012Q4,Real Estate Activities,2899.0
Gross Value Added at Current Basic Prices (Seasonally Adjusted),2012Q4,"Professional, Admin and Support Services",4129.0
Gross Value Added at Current Basic Prices (Seasonally Adjusted),2012Q4,"Public Admin, Education and Health",7079.0
Gross Value Added at Current Basic Prices (Seasonally Adjusted),2012Q4,"Arts, Entertainment and Other Services",813.0
Gross Value Added at Current Basic Prices (Seasonally Adjusted),2012Q4,Statistical Discrepancy,
Gross Value Added at Current Basic Prices (Seasonally Adjusted),2012Q4,All Sectors,39842.0
Gross Value Added at Current Basic Prices (Seasonally Adjusted),2013Q1,"Agriculture, Forestry and Fishing",343.0
Gross Value Added at Current Basic Prices (Seasonally Adjusted),2013Q1,Industry (excl. Construction),9966.0
Gross Value Added at Current Basic Prices (Seasonally Adjusted),2013Q1,Industry - of which Manufacturing,8751.0
Gross Value Added at Current Basic Prices (Seasonally Adjusted),2013Q1,Construction,858.0
Gross Value Added at Current Basic Prices (Seasonally Adjusted),2013Q1,"Distribution, Transport, Hotels and Restaurants",7124.0
Gross Value Added at Current Basic Prices (Seasonally Adjusted),2013Q1,Information and Communication,3952.0
Gross Value Added at Current Basic Prices (Seasonally Adjusted),2013Q1,Financial and Insurance Activities,3406.0
Gross Value Added at Current Basic Prices (Seasonally Adjusted),2013Q1,Real Estate Activities,2938.0
Gross Value Added at Current Basic Prices (Seasonally Adjusted),2013Q1,"Professional, Admin and Support Services",4672.0
Gross Value Added at Current Basic Prices (Seasonally Adjusted),2013Q1,"Public Admin, Education and Health",6901.0
Gross Value Added at Current Basic Prices (Seasonally Adjusted),2013Q1,"Arts, Entertainment and Other Services",867.0
Gross Value Added at Current Basic Prices (Seasonally Adjusted),2013Q1,Statistical Discrepancy,
Gross Value Added at Current Basic Prices (Seasonally Adjusted),2013Q1,All Sectors,40674.0
Gross Value Added at Current Basic Prices (Seasonally Adjusted),2013Q2,"Agriculture, Forestry and Fishing",397.0
Gross Value Added at Current Basic Prices (Seasonally Adjusted),2013Q2,Industry (excl. Construction),9954.0
Gross Value Added at Current Basic Prices (Seasonally Adjusted),2013Q2,Industry - of which Manufacturing,8742.0
Gross Value Added at Current Basic Prices (Seasonally Adjusted),2013Q2,Construction,912.0
Gross Value Added at Current Basic Prices (Seasonally Adjusted),2013Q2,"Distribution, Transport, Hotels and Restaurants",7368.0
Gross Value Added at Current Basic Prices (Seasonally Adjusted),2013Q2,Information and Communication,4160.0
Gross Value Added at Current Basic Prices (Seasonally Adjusted),2013Q2,Financial and Insurance Activities,3386.0
Gross Value Added at Current Basic Prices (Seasonally Adjusted),2013Q2,Real Estate Activities,2988.0
Gross Value Added at Current Basic Prices (Seasonally Adjusted),2013Q2,"Professional, Admin and Support Services",4865.0
Gross Value Added at Current Basic Prices (Seasonally Adjusted),2013Q2,"Public Admin, Education and Health",6942.0
Gross Value Added at Current Basic Prices (Seasonally Adjusted),2013Q2,"Arts, Entertainment and Other Services",879.0
Gross Value Added at Current Basic Prices (Seasonally Adjusted),2013Q2,Statistical Discrepancy,
Gross Value Added at Current Basic Prices (Seasonally Adjusted),2013Q2,All Sectors,41335.0
Gross Value Added at Current Basic Prices (Seasonally Adjusted),2013Q3,"Agriculture, Forestry and Fishing",594.0
Gross Value Added at Current Basic Prices (Seasonally Adjusted),2013Q3,Industry (excl. Construction),10283.0
Gross Value Added at Current Basic Prices (Seasonally Adjusted),2013Q3,Industry - of which Manufacturing,9062.0
Gross Value Added at Current Basic Prices (Seasonally Adjusted),2013Q3,Construction,990.0
Gross Value Added at Current Basic Prices (Seasonally Adjusted),2013Q3,"Distribution, Transport, Hotels and Restaurants",7548.0
Gross Value Added at Current Basic Prices (Seasonally Adjusted),2013Q3,Information and Communication,4499.0
Gross Value Added at Current Basic Prices (Seasonally Adjusted),2013Q3,Financial and Insurance Activities,3353.0
Gross Value Added at Current Basic Prices (Seasonally Adjusted),2013Q3,Real Estate Activities,3035.0
Gross Value Added at Current Basic Prices (Seasonally Adjusted),2013Q3,"Professional, Admin and Support Services",4963.0
Gross Value Added at Current Basic Prices (Seasonally Adjusted),2013Q3,"Public Admin, Education and Health",6990.0
Gross Value Added at Current Basic Prices (Seasonally Adjusted),2013Q3,"Arts, Entertainment and Other Services",865.0
Gross Value Added at Current Basic Prices (Seasonally Adjusted),2013Q3,Statistical Discrepancy,
Gross Value Added at Current Basic Prices (Seasonally Adjusted),2013Q3,All Sectors,43010.0
Gross Value Added at Current Basic Prices (Seasonally Adjusted),2013Q4,"Agriculture, Forestry and Fishing",532.0
Gross Value Added at Current Basic Prices (Seasonally Adjusted),2013Q4,Industry (excl. Construction),9462.0
Gross Value Added at Current Basic Prices (Seasonally Adjusted),2013Q4,Industry - of which Manufacturing,8245.0
Gross Value Added at Current Basic Prices (Seasonally Adjusted),2013Q4,Construction,1053.0
Gross Value Added at Current Basic Prices (Seasonally Adjusted),2013Q4,"Distribution, Transport, Hotels and Restaurants",7703.0
Gross Value Added at Current Basic Prices (Seasonally Adjusted),2013Q4,Information and Communication,4550.0
Gross Value Added at Current Basic Prices (Seasonally Adjusted),2013Q4,Financial and Insurance Activities,3221.0
Gross Value Added at Current Basic Prices (Seasonally Adjusted),2013Q4,Real Estate Activities,3106.0
Gross Value Added at Current Basic Prices (Seasonally Adjusted),2013Q4,"Professional, Admin and Support Services",5240.0
Gross Value Added at Current Basic Prices (Seasonally Adjusted),2013Q4,"Public Admin, Education and Health",6994.0
Gross Value Added at Current Basic Prices (Seasonally Adjusted),2013Q4,"Arts, Entertainment and Other Services",874.0
Gross Value Added at Current Basic Prices (Seasonally Adjusted),2013Q4,Statistical Discrepancy,
Gross Value Added at Current Basic Prices (Seasonally Adjusted),2013Q4,All Sectors,41394.0
Gross Value Added at Current Basic Prices (Seasonally Adjusted),2014Q1,"Agriculture, Forestry and Fishing",489.0
Gross Value Added at Current Basic Prices (Seasonally Adjusted),2014Q1,Industry (excl. Construction),10566.0
Gross Value Added at Current Basic Prices (Seasonally Adjusted),2014Q1,Industry - of which Manufacturing,9417.0
Gross Value Added at Current Basic Prices (Seasonally Adjusted),2014Q1,Construction,1111.0
Gross Value Added at Current Basic Prices (Seasonally Adjusted),2014Q1,"Distribution, Transport, Hotels and Restaurants",7360.0
Gross Value Added at Current Basic Prices (Seasonally Adjusted),2014Q1,Information and Communication,4365.0
Gross Value Added at Current Basic Prices (Seasonally Adjusted),2014Q1,Financial and Insurance Activities,3942.0
Gross Value Added at Current Basic Prices (Seasonally Adjusted),2014Q1,Real Estate Activities,3223.0
Gross Value Added at Current Basic Prices (Seasonally Adjusted),2014Q1,"Professional, Admin and Support Services",5651.0
Gross Value Added at Current Basic Prices (Seasonally Adjusted),2014Q1,"Public Admin, Education and Health",7040.0
Gross Value Added at Current Basic Prices (Seasonally Adjusted),2014Q1,"Arts, Entertainment and Other Services",873.0
Gross Value Added at Current Basic Prices (Seasonally Adjusted),2014Q1,Statistical Discrepancy,
Gross Value Added at Current Basic Prices (Seasonally Adjusted),2014Q1,All Sectors,44318.0
Gross Value Added at Current Basic Prices (Seasonally Adjusted),2014Q2,"Agriculture, Forestry and Fishing",616.0
Gross Value Added at Current Basic Prices (Seasonally Adjusted),2014Q2,Industry (excl. Construction),11928.0
Gross Value Added at Current Basic Prices (Seasonally Adjusted),2014Q2,Industry - of which Manufacturing,10740.0
Gross Value Added at Current Basic Prices (Seasonally Adjusted),2014Q2,Construction,1200.0
Gross Value Added at Current Basic Prices (Seasonally Adjusted),2014Q2,"Distribution, Transport, Hotels and Restaurants",7598.0
Gross Value Added at Current Basic Prices (Seasonally Adjusted),2014Q2,Information and Communication,4993.0
Gross Value Added at Current Basic Prices (Seasonally Adjusted),2014Q2,Financial and Insurance Activities,3891.0
Gross Value Added at Current Basic Prices (Seasonally Adjusted),2014Q2,Real Estate Activities,3275.0
Gross Value Added at Current Basic Prices (Seasonally Adjusted),2014Q2,"Professional, Admin and Support Services",5824.0
Gross Value Added at Current Basic Prices (Seasonally Adjusted),2014Q2,"Public Admin, Education and Health",7080.0
Gross Value Added at Current Basic Prices (Seasonally Adjusted),2014Q2,"Arts, Entertainment and Other Services",898.0
Gross Value Added at Current Basic Prices (Seasonally Adjusted),2014Q2,Statistical Discrepancy,
Gross Value Added at Current Basic Prices (Seasonally Adjusted),2014Q2,All Sectors,45790.0
Gross Value Added at Current Basic Prices (Seasonally Adjusted),2014Q3,"Agriculture, Forestry and Fishing",626.0
Gross Value Added at Current Basic Prices (Seasonally Adjusted),2014Q3,Industry (excl. Construction),11192.0
Gross Value Added at Current Basic Prices (Seasonally Adjusted),2014Q3,Industry - of which Manufacturing,9837.0
Gross Value Added at Current Basic Prices (Seasonally Adjusted),2014Q3,Construction,1244.0
Gross Value Added at Current Basic Prices (Seasonally Adjusted),2014Q3,"Distribution, Transport, Hotels and Restaurants",7654.0
Gross Value Added at Current Basic Prices (Seasonally Adjusted),2014Q3,Information and Communication,4719.0
Gross Value Added at Current Basic Prices (Seasonally Adjusted),2014Q3,Financial and Insurance Activities,3944.0
Gross Value Added at Current Basic Prices (Seasonally Adjusted),2014Q3,Real Estate Activities,3340.0
Gross Value Added at Current Basic Prices (Seasonally Adjusted),2014Q3,"Professional, Admin and Support Services",6071.0
Gross Value Added at Current Basic Prices (Seasonally Adjusted),2014Q3,"Public Admin, Education and Health",7109.0
Gross Value Added at Current Basic Prices (Seasonally Adjusted),2014Q3,"Arts, Entertainment and Other Services",898.0
Gross Value Added at Current Basic Prices (Seasonally Adjusted),2014Q3,Statistical Discrepancy,
Gross Value Added at Current Basic Prices (Seasonally Adjusted),2014Q3,All Sectors,46387.0
Gross Value Added at Current Basic Prices (Seasonally Adjusted),2014Q4,"Agriculture, Forestry and Fishing",639.0
Gross Value Added at Current Basic Prices (Seasonally Adjusted),2014Q4,Industry (excl. Construction),10596.0
Gross Value Added at Current Basic Prices (Seasonally Adjusted),2014Q4,Industry - of which Manufacturing,9422.0
Gross Value Added at Current Basic Prices (Seasonally Adjusted),2014Q4,Construction,1232.0
Gross Value Added at Current Basic Prices (Seasonally Adjusted),2014Q4,"Distribution, Transport, Hotels and Restaurants",7798.0
Gross Value Added at Current Basic Prices (Seasonally Adjusted),2014Q4,Information and Communication,5344.0
Gross Value Added at Current Basic Prices (Seasonally Adjusted),2014Q4,Financial and Insurance Activities,4004.0
Gross Value Added at Current Basic Prices (Seasonally Adjusted),2014Q4,Real Estate Activities,3421.0
Gross Value Added at Current Basic Prices (Seasonally Adjusted),2014Q4,"Professional, Admin and Support Services",6360.0
Gross Value Added at Current Basic Prices (Seasonally Adjusted),2014Q4,"Public Admin, Education and Health",7142.0
Gross Value Added at Current Basic Prices (Seasonally Adjusted),2014Q4,"Arts, Entertainment and Other Services",901.0
Gross Value Added at Current Basic Prices (Seasonally Adjusted),2014Q4,Statistical Discrepancy,
Gross Value Added at Current Basic Prices (Seasonally Adjusted),2014Q4,All Sectors,45924.0
Gross Value Added at Current Basic Prices (Seasonally Adjusted),2015Q1,"Agriculture, Forestry and Fishing",527.0
Gross Value Added at Current Basic Prices (Seasonally Adjusted),2015Q1,Industry (excl. Construction),23790.0
Gross Value Added at Current Basic Prices (Seasonally Adjusted),2015Q1,Industry - of which Manufacturing,22667.0
Gross Value Added at Current Basic Prices (Seasonally Adjusted),2015Q1,Construction,1292.0
Gross Value Added at Current Basic Prices (Seasonally Adjusted),2015Q1,"Distribution, Transport, Hotels and Restaurants",7690.0
Gross Value Added at Current Basic Prices (Seasonally Adjusted),2015Q1,Information and Communication,5722.0
Gross Value Added at Current Basic Prices (Seasonally Adjusted),2015Q1,Financial and Insurance Activities,4195.0
Gross Value Added at Current Basic Prices (Seasonally Adjusted),2015Q1,Real Estate Activities,3626.0
Gross Value Added at Current Basic Prices (Seasonally Adjusted),2015Q1,"Professional, Admin and Support Services",6735.0
Gross Value Added at Current Basic Prices (Seasonally Adjusted),2015Q1,"Public Admin, Education and Health",7174.0
Gross Value Added at Current Basic Prices (Seasonally Adjusted),2015Q1,"Arts, Entertainment and Other Services",874.0
Gross Value Added at Current Basic Prices (Seasonally Adjusted),2015Q1,Statistical Discrepancy,
Gross Value Added at Current Basic Prices (Seasonally Adjusted),2015Q1,All Sectors,61656.0
Gross Value Added at Current Basic Prices (Seasonally Adjusted),2015Q2,"Agriculture, Forestry and Fishing",522.0
Gross Value Added at Current Basic Prices (Seasonally Adjusted),2015Q2,Industry (excl. Construction),24462.0
Gross Value Added at Current Basic Prices (Seasonally Adjusted),2015Q2,Industry - of which Manufacturing,23367.0
Gross Value Added at Current Basic Prices (Seasonally Adjusted),2015Q2,Construction,1345.0
Gross Value Added at Current Basic Prices (Seasonally Adjusted),2015Q2,"Distribution, Transport, Hotels and Restaurants",7756.0
Gross Value Added at Current Basic Prices (Seasonally Adjusted),2015Q2,Information and Communication,5734.0
Gross Value Added at Current Basic Prices (Seasonally Adjusted),2015Q2,Financial and Insurance Activities,4193.0
Gross Value Added at Current Basic Prices (Seasonally Adjusted),2015Q2,Real Estate Activities,3602.0
Gross Value Added at Current Basic Prices (Seasonally Adjusted),2015Q2,"Professional, Admin and Support Services",7035.0
Gross Value Added at Current Basic Prices (Seasonally Adjusted),2015Q2,"Public Admin, Education and Health",7227.0
Gross Value Added at Current Basic Prices (Seasonally Adjusted),2015Q2,"Arts, Entertainment and Other Services",863.0
Gross Value Added at Current Basic Prices (Seasonally Adjusted),2015Q2,Statistical Discrepancy,
Gross Value Added at Current Basic Prices (Seasonally Adjusted),2015Q2,All Sectors,62033.0
Gross Value Added at Current Basic Prices (Seasonally Adjusted),2015Q3,"Agriculture, Forestry and Fishing",604.0
Gross Value Added at Current Basic Prices (Seasonally Adjusted),2015Q3,Industry (excl. Construction),25158.0
Gross Value Added at Current Basic Prices (Seasonally Adjusted),2015Q3,Industry - of which Manufacturing,24205.0
Gross Value Added at Current Basic Prices (Seasonally Adjusted),2015Q3,Construction,1285.0
Gross Value Added at Current Basic Prices (Seasonally Adjusted),2015Q3,"Distribution, Transport, Hotels and Restaurants",7976.0
Gross Value Added at Current Basic Prices (Seasonally Adjusted),2015Q3,Information and Communication,5926.0
Gross Value Added at Current Basic Prices (Seasonally Adjusted),2015Q3,Financial and Insurance Activities,4182.0
Gross Value Added at Current Basic Prices (Seasonally Adjusted),2015Q3,Real Estate Activities,3671.0
Gross Value Added at Current Basic Prices (Seasonally Adjusted),2015Q3,"Professional, Admin and Support Services",7398.0
Gross Value Added at Current Basic Prices (Seasonally Adjusted),2015Q3,"Public Admin, Education and Health",7351.0
Gross Value Added at Current Basic Prices (Seasonally Adjusted),2015Q3,"Arts, Entertainment and Other Services",897.0
Gross Value Added at Current Basic Prices (Seasonally Adjusted),2015Q3,Statistical Discrepancy,
Gross Value Added at Current Basic Prices (Seasonally Adjusted),2015Q3,All Sectors,64431.0
Gross Value Added at Current Basic Prices (Seasonally Adjusted),2015Q4,"Agriculture, Forestry and Fishing",666.0
Gross Value Added at Current Basic Prices (Seasonally Adjusted),2015Q4,Industry (excl. Construction),26903.0
Gross Value Added at Current Basic Prices (Seasonally Adjusted),2015Q4,Industry - of which Manufacturing,25946.0
Gross Value Added at Current Basic Prices (Seasonally Adjusted),2015Q4,Construction,1300.0
Gross Value Added at Current Basic Prices (Seasonally Adjusted),2015Q4,"Distribution, Transport, Hotels and Restaurants",8092.0
Gross Value Added at Current Basic Prices (Seasonally Adjusted),2015Q4,Information and Communication,6059.0
Gross Value Added at Current Basic Prices (Seasonally Adjusted),2015Q4,Financial and Insurance Activities,4197.0
Gross Value Added at Current Basic Prices (Seasonally Adjusted),2015Q4,Real Estate Activities,3718.0
Gross Value Added at Current Basic Prices (Seasonally Adjusted),2015Q4,"Professional, Admin and Support Services",7314.0
Gross Value Added at Current Basic Prices (Seasonally Adjusted),2015Q4,"Public Admin, Education and Health",7449.0
Gross Value Added at Current Basic Prices (Seasonally Adjusted),2015Q4,"Arts, Entertainment and Other Services",956.0
Gross Value Added at Current Basic Prices (Seasonally Adjusted),2015Q4,Statistical Discrepancy,
Gross Value Added at Current Basic Prices (Seasonally Adjusted),2015Q4,All Sectors,65894.0
Gross Value Added at Current Basic Prices (Seasonally Adjusted),2016Q1,"Agriculture, Forestry and Fishing",633.0
Gross Value Added at Current Basic Prices (Seasonally Adjusted),2016Q1,Industry (excl. Construction),22315.0
Gross Value Added at Current Basic Prices (Seasonally Adjusted),2016Q1,Industry - of which Manufacturing,21253.0
Gross Value Added at Current Basic Prices (Seasonally Adjusted),2016Q1,Construction,1396.0
Gross Value Added at Current Basic Prices (Seasonally Adjusted),2016Q1,"Distribution, Transport, Hotels and Restaurants",8344.0
Gross Value Added at Current Basic Prices (Seasonally Adjusted),2016Q1,Information and Communication,6165.0
Gross Value Added at Current Basic Prices (Seasonally Adjusted),2016Q1,Financial and Insurance Activities,3947.0
Gross Value Added at Current Basic Prices (Seasonally Adjusted),2016Q1,Real Estate Activities,3804.0
Gross Value Added at Current Basic Prices (Seasonally Adjusted),2016Q1,"Professional, Admin and Support Services",7290.0
Gross Value Added at Current Basic Prices (Seasonally Adjusted),2016Q1,"Public Admin, Education and Health",7461.0
Gross Value Added at Current Basic Prices (Seasonally Adjusted),2016Q1,"Arts, Entertainment and Other Services",887.0
Gross Value Added at Current Basic Prices (Seasonally Adjusted),2016Q1,Statistical Discrepancy,
Gross Value Added at Current Basic Prices (Seasonally Adjusted),2016Q1,All Sectors,61871.0
Gross Value Added at Current Basic Prices (Seasonally Adjusted),2016Q2,"Agriculture, Forestry and Fishing",624.0
Gross Value Added at Current Basic Prices (Seasonally Adjusted),2016Q2,Industry (excl. Construction),22568.0
Gross Value Added at Current Basic Prices (Seasonally Adjusted),2016Q2,Industry - of which Manufacturing,21413.0
Gross Value Added at Current Basic Prices (Seasonally Adjusted),2016Q2,Construction,1544.0
Gross Value Added at Current Basic Prices (Seasonally Adjusted),2016Q2,"Distribution, Transport, Hotels and Restaurants",8328.0
Gross Value Added at Current Basic Prices (Seasonally Adjusted),2016Q2,Information and Communication,5968.0
Gross Value Added at Current Basic Prices (Seasonally Adjusted),2016Q2,Financial and Insurance Activities,4018.0
Gross Value Added at Current Basic Prices (Seasonally Adjusted),2016Q2,Real Estate Activities,3880.0
Gross Value Added at Current Basic Prices (Seasonally Adjusted),2016Q2,"Professional, Admin and Support Services",7429.0
Gross Value Added at Current Basic Prices (Seasonally Adjusted),2016Q2,"Public Admin, Education and Health",7515.0
Gross Value Added at Current Basic Prices (Seasonally Adjusted),2016Q2,"Arts, Entertainment and Other Services",890.0
Gross Value Added at Current Basic Prices (Seasonally Adjusted),2016Q2,Statistical Discrepancy,
Gross Value Added at Current Basic Prices (Seasonally Adjusted),2016Q2,All Sectors,61245.0
Gross Value Added at Current Basic Prices (Seasonally Adjusted),2016Q3,"Agriculture, Forestry and Fishing",623.0
Gross Value Added at Current Basic Prices (Seasonally Adjusted),2016Q3,Industry (excl. Construction),22551.0
Gross Value Added at Current Basic Prices (Seasonally Adjusted),2016Q3,Industry - of which Manufacturing,21484.0
Gross Value Added at Current Basic Prices (Seasonally Adjusted),2016Q3,Construction,1611.0
Gross Value Added at Current Basic Prices (Seasonally Adjusted),2016Q3,"Distribution, Transport, Hotels and Restaurants",8437.0
Gross Value Added at Current Basic Prices (Seasonally Adjusted),2016Q3,Information and Communication,6638.0
Gross Value Added at Current Basic Prices (Seasonally Adjusted),2016Q3,Financial and Insurance Activities,3716.0
Gross Value Added at Current Basic Prices (Seasonally Adjusted),2016Q3,Real Estate Activities,3922.0
Gross Value Added at Current Basic Prices (Seasonally Adjusted),2016Q3,"Professional, Admin and Support Services",7606.0
Gross Value Added at Current Basic Prices (Seasonally Adjusted),2016Q3,"Public Admin, Education and Health",7534.0
Gross Value Added at Current Basic Prices (Seasonally Adjusted),2016Q3,"Arts, Entertainment and Other Services",917.0
Gross Value Added at Current Basic Prices (Seasonally Adjusted),2016Q3,Statistical Discrepancy,
Gross Value Added at Current Basic Prices (Seasonally Adjusted),2016Q3,All Sectors,63920.0
Gross Value Added at Current Basic Prices (Seasonally Adjusted),2016Q4,"Agriculture, Forestry and Fishing",655.0
Gross Value Added at Current Basic Prices (Seasonally Adjusted),2016Q4,Industry (excl. Construction),25400.0
Gross Value Added at Current Basic Prices (Seasonally Adjusted),2016Q4,Industry - of which Manufacturing,24105.0
Gross Value Added at Current Basic Prices (Seasonally Adjusted),2016Q4,Construction,1633.0
Gross Value Added at Current Basic Prices (Seasonally Adjusted),2016Q4,"Distribution, Transport, Hotels and Restaurants",8414.0
Gross Value Added at Current Basic Prices (Seasonally Adjusted),2016Q4,Information and Communication,6643.0
Gross Value Added at Current Basic Prices (Seasonally Adjusted),2016Q4,Financial and Insurance Activities,3820.0
Gross Value Added at Current Basic Prices (Seasonally Adjusted),2016Q4,Real Estate Activities,3975.0
Gross Value Added at Current Basic Prices (Seasonally Adjusted),2016Q4,"Professional, Admin and Support Services",7673.0
Gross Value Added at Current Basic Prices (Seasonally Adjusted),2016Q4,"Public Admin, Education and Health",7626.0
Gross Value Added at Current Basic Prices (Seasonally Adjusted),2016Q4,"Arts, Entertainment and Other Services",983.0
Gross Value Added at Current Basic Prices (Seasonally Adjusted),2016Q4,Statistical Discrepancy,
Gross Value Added at Current Basic Prices (Seasonally Adjusted),2016Q4,All Sectors,67863.0
Gross Value Added at Current Basic Prices (Seasonally Adjusted),2017Q1,"Agriculture, Forestry and Fishing",825.0
Gross Value Added at Current Basic Prices (Seasonally Adjusted),2017Q1,Industry (excl. Construction),25313.0
Gross Value Added at Current Basic Prices (Seasonally Adjusted),2017Q1,Industry - of which Manufacturing,24189.0
Gross Value Added at Current Basic Prices (Seasonally Adjusted),2017Q1,Construction,1950.0
Gross Value Added at Current Basic Prices (Seasonally Adjusted),2017Q1,"Distribution, Transport, Hotels and Restaurants",8786.0
Gross Value Added at Current Basic Prices (Seasonally Adjusted),2017Q1,Information and Communication,7032.0
Gross Value Added at Current Basic Prices (Seasonally Adjusted),2017Q1,Financial and Insurance Activities,3984.0
Gross Value Added at Current Basic Prices (Seasonally Adjusted),2017Q1,Real Estate Activities,4089.0
Gross Value Added at Current Basic Prices (Seasonally Adjusted),2017Q1,"Professional, Admin and Support Services",8306.0
Gross Value Added at Current Basic Prices (Seasonally Adjusted),2017Q1,"Public Admin, Education and Health",7834.0
Gross Value Added at Current Basic Prices (Seasonally Adjusted),2017Q1,"Arts, Entertainment and Other Services",1038.0
Gross Value Added at Current Basic Prices (Seasonally Adjusted),2017Q1,Statistical Discrepancy,
Gross Value Added at Current Basic Prices (Seasonally Adjusted),2017Q1,All Sectors,68567.0
Gross Value Added at Current Basic Prices (Seasonally Adjusted),2017Q2,"Agriculture, Forestry and Fishing",885.0
Gross Value Added at Current Basic Prices (Seasonally Adjusted),2017Q2,Industry (excl. Construction),23930.0
Gross Value Added at Current Basic Prices (Seasonally Adjusted),2017Q2,Industry - of which Manufacturing,22802.0
Gross Value Added at Current Basic Prices (Seasonally Adjusted),2017Q2,Construction,1971.0
Gross Value Added at Current Basic Prices (Seasonally Adjusted),2017Q2,"Distribution, Transport, Hotels and Restaurants",8761.0
Gross Value Added at Current Basic Prices (Seasonally Adjusted),2017Q2,Information and Communication,7635.0
Gross Value Added at Current Basic Prices (Seasonally Adjusted),2017Q2,Financial and Insurance Activities,4105.0
Gross Value Added at Current Basic Prices (Seasonally Adjusted),2017Q2,Real Estate Activities,4146.0
Gross Value Added at Current Basic Prices (Seasonally Adjusted),2017Q2,"Professional, Admin and Support Services",8502.0
Gross Value Added at Current Basic Prices (Seasonally Adjusted),2017Q2,"Public Admin, Education and Health",7959.0
Gross Value Added at Current Basic Prices (Seasonally Adjusted),2017Q2,"Arts, Entertainment and Other Services",1084.0
Gross Value Added at Current Basic Prices (Seasonally Adjusted),2017Q2,Statistical Discrepancy,
Gross Value Added at Current Basic Prices (Seasonally Adjusted),2017Q2,All Sectors,70022.0
Gross Value Added at Current Basic Prices (Seasonally Adjusted),2017Q3,"Agriculture, Forestry and Fishing",889.0
Gross Value Added at Current Basic Prices (Seasonally Adjusted),2017Q3,Industry (excl. Construction),25226.0
Gross Value Added at Current Basic Prices (Seasonally Adjusted),2017Q3,Industry - of which Manufacturing,24144.0
Gross Value Added at Current Basic Prices (Seasonally Adjusted),2017Q3,Construction,1993.0
Gross Value Added at Current Basic Prices (Seasonally Adjusted),2017Q3,"Distribution, Transport, Hotels and Restaurants",8905.0
Gross Value Added at Current Basic Prices (Seasonally Adjusted),2017Q3,Information and Communication,8954.0
Gross Value Added at Current Basic Prices (Seasonally Adjusted),2017Q3,Financial and Insurance Activities,4151.0
Gross Value Added at Current Basic Prices (Seasonally Adjusted),2017Q3,Real Estate Activities,4200.0
Gross Value Added at Current Basic Prices (Seasonally Adjusted),2017Q3,"Professional, Admin and Support Services",8743.0
Gross Value Added at Current Basic Prices (Seasonally Adjusted),2017Q3,"Public Admin, Education and Health",8057.0
Gross Value Added at Current Basic Prices (Seasonally Adjusted),2017Q3,"Arts, Entertainment and Other Services",1046.0
Gross Value Added at Current Basic Prices (Seasonally Adjusted),2017Q3,Statistical Discrepancy,
Gross Value Added at Current Basic Prices (Seasonally Adjusted),2017Q3,All Sectors,73298.0
Gross Value Added at Current Basic Prices (Seasonally Adjusted),2017Q4,"Agriculture, Forestry and Fishing",817.0
Gross Value Added at Current Basic Prices (Seasonally Adjusted),2017Q4,Industry (excl. Construction),29403.0
Gross Value Added at Current Basic Prices (Seasonally Adjusted),2017Q4,Industry - of which Manufacturing,28180.0
Gross Value Added at Current Basic Prices (Seasonally Adjusted),2017Q4,Construction,2008.0
Gross Value Added at Current Basic Prices (Seasonally Adjusted),2017Q4,"Distribution, Transport, Hotels and Restaurants",9081.0
Gross Value Added at Current Basic Prices (Seasonally Adjusted),2017Q4,Information and Communication,8515.0
Gross Value Added at Current Basic Prices (Seasonally Adjusted),2017Q4,Financial and Insurance Activities,4176.0
Gross Value Added at Current Basic Prices (Seasonally Adjusted),2017Q4,Real Estate Activities,4271.0
Gross Value Added at Current Basic Prices (Seasonally Adjusted),2017Q4,"Professional, Admin and Support Services",8881.0
Gross Value Added at Current Basic Prices (Seasonally Adjusted),2017Q4,"Public Admin, Education and Health",8148.0
Gross Value Added at Current Basic Prices (Seasonally Adjusted),2017Q4,"Arts, Entertainment and Other Services",1119.0
Gross Value Added at Current Basic Prices (Seasonally Adjusted),2017Q4,Statistical Discrepancy,
Gross Value Added at Current Basic Prices (Seasonally Adjusted),2017Q4,All Sectors,75780.0
Gross Value Added at Current Basic Prices (Seasonally Adjusted),2018Q1,"Agriculture, Forestry and Fishing",765.0
Gross Value Added at Current Basic Prices (Seasonally Adjusted),2018Q1,Industry (excl. Construction),27886.0
Gross Value Added at Current Basic Prices (Seasonally Adjusted),2018Q1,Industry - of which Manufacturing,26715.0
Gross Value Added at Current Basic Prices (Seasonally Adjusted),2018Q1,Construction,2037.0
Gross Value Added at Current Basic Prices (Seasonally Adjusted),2018Q1,"Distribution, Transport, Hotels and Restaurants",8906.0
Gross Value Added at Current Basic Prices (Seasonally Adjusted),2018Q1,Information and Communication,9239.0
Gross Value Added at Current Basic Prices (Seasonally Adjusted),2018Q1,Financial and Insurance Activities,4248.0
Gross Value Added at Current Basic Prices (Seasonally Adjusted),2018Q1,Real Estate Activities,4598.0
Gross Value Added at Current Basic Prices (Seasonally Adjusted),2018Q1,"Professional, Admin and Support Services",8723.0
Gross Value Added at Current Basic Prices (Seasonally Adjusted),2018Q1,"Public Admin, Education and Health",8195.0
Gross Value Added at Current Basic Prices (Seasonally Adjusted),2018Q1,"Arts, Entertainment and Other Services",1129.0
Gross Value Added at Current Basic Prices (Seasonally Adjusted),2018Q1,Statistical Discrepancy,
Gross Value Added at Current Basic Prices (Seasonally Adjusted),2018Q1,All Sectors,77746.0
Gross Value Added at Current Basic Prices (Seasonally Adjusted),2018Q2,"Agriculture, Forestry and Fishing",733.0
Gross Value Added at Current Basic Prices (Seasonally Adjusted),2018Q2,Industry (excl. Construction),27961.0
Gross Value Added at Current Basic Prices (Seasonally Adjusted),2018Q2,Industry - of which Manufacturing,26742.0
Gross Value Added at Current Basic Prices (Seasonally Adjusted),2018Q2,Construction,2205.0
Gross Value Added at Current Basic Prices (Seasonally Adjusted),2018Q2,"Distribution, Transport, Hotels and Restaurants",9133.0
Gross Value Added at Current Basic Prices (Seasonally Adjusted),2018Q2,Information and Communication,9673.0
Gross Value Added at Current Basic Prices (Seasonally Adjusted),2018Q2,Financial and Insurance Activities,4311.0
Gross Value Added at Current Basic Prices (Seasonally Adjusted),2018Q2,Real Estate Activities,4674.0
Gross Value Added at Current Basic Prices (Seasonally Adjusted),2018Q2,"Professional, Admin and Support Services",9337.0
Gross Value Added at Current Basic Prices (Seasonally Adjusted),2018Q2,"Public Admin, Education and Health",8385.0
Gross Value Added at Current Basic Prices (Seasonally Adjusted),2018Q2,"Arts, Entertainment and Other Services",1085.0
Gross Value Added at Current Basic Prices (Seasonally Adjusted),2018Q2,Statistical Discrepancy,
Gross Value Added at Current Basic Prices (Seasonally Adjusted),2018Q2,All Sectors,77412.0
Gross Value Added at Current Basic Prices (Seasonally Adjusted),2018Q3,"Agriculture, Forestry and Fishing",757.0
Gross Value Added at Current Basic Prices (Seasonally Adjusted),2018Q3,Industry (excl. Construction),29592.0
Gross Value Added at Current Basic Prices (Seasonally Adjusted),2018Q3,Industry - of which Manufacturing,28419.0
Gross Value Added at Current Basic Prices (Seasonally Adjusted),2018Q3,Construction,2179.0
Gross Value Added at Current Basic Prices (Seasonally Adjusted),2018Q3,"Distribution, Transport, Hotels and Restaurants",9207.0
Gross Value Added at Current Basic Prices (Seasonally Adjusted),2018Q3,Information and Communication,10210.0
Gross Value Added at Current Basic Prices (Seasonally Adjusted),2018Q3,Financial and Insurance Activities,4192.0
Gross Value Added at Current Basic Prices (Seasonally Adjusted),2018Q3,Real Estate Activities,4736.0
Gross Value Added at Current Basic Prices (Seasonally Adjusted),2018Q3,"Professional, Admin and Support Services",9579.0
Gross Value Added at Current Basic Prices (Seasonally Adjusted),2018Q3,"Public Admin, Education and Health",8442.0
Gross Value Added at Current Basic Prices (Seasonally Adjusted),2018Q3,"Arts, Entertainment and Other Services",1168.0
Gross Value Added at Current Basic Prices (Seasonally Adjusted),2018Q3,Statistical Discrepancy,
Gross Value Added at Current Basic Prices (Seasonally Adjusted),2018Q3,All Sectors,79051.0
Gross Value Added at Current Basic Prices (Seasonally Adjusted),2018Q4,"Agriculture, Forestry and Fishing",814.0
Gross Value Added at Current Basic Prices (Seasonally Adjusted),2018Q4,Industry (excl. Construction),29768.0
Gross Value Added at Current Basic Prices (Seasonally Adjusted),2018Q4,Industry - of which Manufacturing,28550.0
Gross Value Added at Current Basic Prices (Seasonally Adjusted),2018Q4,Construction,2152.0
Gross Value Added at Current Basic Prices (Seasonally Adjusted),2018Q4,"Distribution, Transport, Hotels and Restaurants",9253.0
Gross Value Added at Current Basic Prices (Seasonally Adjusted),2018Q4,Information and Communication,10979.0
Gross Value Added at Current Basic Prices (Seasonally Adjusted),2018Q4,Financial and Insurance Activities,4103.0
Gross Value Added at Current Basic Prices (Seasonally Adjusted),2018Q4,Real Estate Activities,4861.0
Gross Value Added at Current Basic Prices (Seasonally Adjusted),2018Q4,"Professional, Admin and Support Services",10023.0
Gross Value Added at Current Basic Prices (Seasonally Adjusted),2018Q4,"Public Admin, Education and Health",8636.0
Gross Value Added at Current Basic Prices (Seasonally Adjusted),2018Q4,"Arts, Entertainment and Other Services",1163.0
Gross Value Added at Current Basic Prices (Seasonally Adjusted),2018Q4,Statistical Discrepancy,
Gross Value Added at Current Basic Prices (Seasonally Adjusted),2018Q4,All Sectors,79857.0
Gross Value Added at Current Basic Prices (Seasonally Adjusted),2019Q1,"Agriculture, Forestry and Fishing",801.0
Gross Value Added at Current Basic Prices (Seasonally Adjusted),2019Q1,Industry (excl. Construction),28408.0
Gross Value Added at Current Basic Prices (Seasonally Adjusted),2019Q1,Industry - of which Manufacturing,27149.0
Gross Value Added at Current Basic Prices (Seasonally Adjusted),2019Q1,Construction,2232.0
Gross Value Added at Current Basic Prices (Seasonally Adjusted),2019Q1,"Distribution, Transport, Hotels and Restaurants",9348.0
Gross Value Added at Current Basic Prices (Seasonally Adjusted),2019Q1,Information and Communication,11572.0
Gross Value Added at Current Basic Prices (Seasonally Adjusted),2019Q1,Financial and Insurance Activities,4117.0
Gross Value Added at Current Basic Prices (Seasonally Adjusted),2019Q1,Real Estate Activities,4943.0
Gross Value Added at Current Basic Prices (Seasonally Adjusted),2019Q1,"Professional, Admin and Support Services",10299.0
Gross Value Added at Current Basic Prices (Seasonally Adjusted),2019Q1,"Public Admin, Education and Health",8801.0
Gross Value Added at Current Basic Prices (Seasonally Adjusted),2019Q1,"Arts, Entertainment and Other Services",1194.0
Gross Value Added at Current Basic Prices (Seasonally Adjusted),2019Q1,Statistical Discrepancy,
Gross Value Added at Current Basic Prices (Seasonally Adjusted),2019Q1,All Sectors,82197.0
Gross Value Added at Current Basic Prices (Seasonally Adjusted),2019Q2,"Agriculture, Forestry and Fishing",824.0
Gross Value Added at Current Basic Prices (Seasonally Adjusted),2019Q2,Industry (excl. Construction),29973.0
Gross Value Added at Current Basic Prices (Seasonally Adjusted),2019Q2,Industry - of which Manufacturing,28753.0
Gross Value Added at Current Basic Prices (Seasonally Adjusted),2019Q2,Construction,2219.0
Gross Value Added at Current Basic Prices (Seasonally Adjusted),2019Q2,"Distribution, Transport, Hotels and Restaurants",9389.0
Gross Value Added at Current Basic Prices (Seasonally Adjusted),2019Q2,Information and Communication,13080.0
Gross Value Added at Current Basic Prices (Seasonally Adjusted),2019Q2,Financial and Insurance Activities,4131.0
Gross Value Added at Current Basic Prices (Seasonally Adjusted),2019Q2,Real Estate Activities,5031.0
Gross Value Added at Current Basic Prices (Seasonally Adjusted),2019Q2,"Professional, Admin and Support Services",10391.0
Gross Value Added at Current Basic Prices (Seasonally Adjusted),2019Q2,"Public Admin, Education and Health",8853.0
Gross Value Added at Current Basic Prices (Seasonally Adjusted),2019Q2,"Arts, Entertainment and Other Services",1179.0
Gross Value Added at Current Basic Prices (Seasonally Adjusted),2019Q2,Statistical Discrepancy,
Gross Value Added at Current Basic Prices (Seasonally Adjusted),2019Q2,All Sectors,84017.0
Gross Value Added at Current Basic Prices (Seasonally Adjusted),2019Q3,"Agriculture, Forestry and Fishing",817.0
Gross Value Added at Current Basic Prices (Seasonally Adjusted),2019Q3,Industry (excl. Construction),30874.0
Gross Value Added at Current Basic Prices (Seasonally Adjusted),2019Q3,Industry - of which Manufacturing,29761.0
Gross Value Added at Current Basic Prices (Seasonally Adjusted),2019Q3,Construction,2410.0
Gross Value Added at Current Basic Prices (Seasonally Adjusted),2019Q3,"Distribution, Transport, Hotels and Restaurants",9339.0
Gross Value Added at Current Basic Prices (Seasonally Adjusted),2019Q3,Information and Communication,12774.0
Gross Value Added at Current Basic Prices (Seasonally Adjusted),2019Q3,Financial and Insurance Activities,4344.0
Gross Value Added at Current Basic Prices (Seasonally Adjusted),2019Q3,Real Estate Activities,5141.0
Gross Value Added at Current Basic Prices (Seasonally Adjusted),2019Q3,"Professional, Admin and Support Services",10408.0
Gross Value Added at Current Basic Prices (Seasonally Adjusted),2019Q3,"Public Admin, Education and Health",9035.0
Gross Value Added at Current Basic Prices (Seasonally Adjusted),2019Q3,"Arts, Entertainment and Other Services",1198.0
Gross Value Added at Current Basic Prices (Seasonally Adjusted),2019Q3,Statistical Discrepancy,
Gross Value Added at Current Basic Prices (Seasonally Adjusted),2019Q3,All Sectors,86452.0
Gross Value Added at Current Basic Prices (Seasonally Adjusted),2019Q4,"Agriculture, Forestry and Fishing",997.0
Gross Value Added at Current Basic Prices (Seasonally Adjusted),2019Q4,Industry (excl. Construction),31871.0
Gross Value Added at Current Basic Prices (Seasonally Adjusted),2019Q4,Industry - of which Manufacturing,30633.0
Gross Value Added at Current Basic Prices (Seasonally Adjusted),2019Q4,Construction,2541.0
Gross Value Added at Current Basic Prices (Seasonally Adjusted),2019Q4,"Distribution, Transport, Hotels and Restaurants",9490.0
Gross Value Added at Current Basic Prices (Seasonally Adjusted),2019Q4,Information and Communication,13723.0
Gross Value Added at Current Basic Prices (Seasonally Adjusted),2019Q4,Financial and Insurance Activities,4333.0
Gross Value Added at Current Basic Prices (Seasonally Adjusted),2019Q4,Real Estate Activities,5201.0
Gross Value Added at Current Basic Prices (Seasonally Adjusted),2019Q4,"Professional, Admin and Support Services",11127.0
Gross Value Added at Current Basic Prices (Seasonally Adjusted),2019Q4,"Public Admin, Education and Health",9210.0
Gross Value Added at Current Basic Prices (Seasonally Adjusted),2019Q4,"Arts, Entertainment and Other Services",1159.0
Gross Value Added at Current Basic Prices (Seasonally Adjusted),2019Q4,Statistical Discrepancy,
Gross Value Added at Current Basic Prices (Seasonally Adjusted),2019Q4,All Sectors,87624.0
Gross Value Added at Current Basic Prices (Seasonally Adjusted),2020Q1,"Agriculture, Forestry and Fishing",970.0
Gross Value Added at Current Basic Prices (Seasonally Adjusted),2020Q1,Industry (excl. Construction),33524.0
Gross Value Added at Current Basic Prices (Seasonally Adjusted),2020Q1,Industry - of which Manufacturing,32352.0
Gross Value Added at Current Basic Prices (Seasonally Adjusted),2020Q1,Construction,2531.0
Gross Value Added at Current Basic Prices (Seasonally Adjusted),2020Q1,"Distribution, Transport, Hotels and Restaurants",9649.0
Gross Value Added at Current Basic Prices (Seasonally Adjusted),2020Q1,Information and Communication,14483.0
Gross Value Added at Current Basic Prices (Seasonally Adjusted),2020Q1,Financial and Insurance Activities,3968.0
Gross Value Added at Current Basic Prices (Seasonally Adjusted),2020Q1,Real Estate Activities,5144.0
Gross Value Added at Current Basic Prices (Seasonally Adjusted),2020Q1,"Professional, Admin and Support Services",10076.0
Gross Value Added at Current Basic Prices (Seasonally Adjusted),2020Q1,"Public Admin, Education and Health",9210.0
Gross Value Added at Current Basic Prices (Seasonally Adjusted),2020Q1,"Arts, Entertainment and Other Services",1299.0
Gross Value Added at Current Basic Prices (Seasonally Adjusted),2020Q1,Statistical Discrepancy,
Gross Value Added at Current Basic Prices (Seasonally Adjusted),2020Q1,All Sectors,91823.0
Gross Value Added at Current Basic Prices (Seasonally Adjusted),2020Q2,"Agriculture, Forestry and Fishing",933.0
Gross Value Added at Current Basic Prices (Seasonally Adjusted),2020Q2,Industry (excl. Construction),33641.0
Gross Value Added at Current Basic Prices (Seasonally Adjusted),2020Q2,Industry - of which Manufacturing,32639.0
Gross Value Added at Current Basic Prices (Seasonally Adjusted),2020Q2,Construction,1394.0
Gross Value Added at Current Basic Prices (Seasonally Adjusted),2020Q2,"Distribution, Transport, Hotels and Restaurants",5884.0
Gross Value Added at Current Basic Prices (Seasonally Adjusted),2020Q2,Information and Communication,13625.0
Gross Value Added at Current Basic Prices (Seasonally Adjusted),2020Q2,Financial and Insurance Activities,3796.0
Gross Value Added at Current Basic Prices (Seasonally Adjusted),2020Q2,Real Estate Activities,4899.0
Gross Value Added at Current Basic Prices (Seasonally Adjusted),2020Q2,"Professional, Admin and Support Services",10708.0
Gross Value Added at Current Basic Prices (Seasonally Adjusted),2020Q2,"Public Admin, Education and Health",8425.0
Gross Value Added at Current Basic Prices (Seasonally Adjusted),2020Q2,"Arts, Entertainment and Other Services",788.0
Gross Value Added at Current Basic Prices (Seasonally Adjusted),2020Q2,Statistical Discrepancy,
Gross Value Added at Current Basic Prices (Seasonally Adjusted),2020Q2,All Sectors,84800.0
Gross Value Added at Current Basic Prices (Seasonally Adjusted),2020Q3,"Agriculture, Forestry and Fishing",973.0
Gross Value Added at Current Basic Prices (Seasonally Adjusted),2020Q3,Industry (excl. Construction),33552.0
Gross Value Added at Current Basic Prices (Seasonally Adjusted),2020Q3,Industry - of which Manufacturing,32348.0
Gross Value Added at Current Basic Prices (Seasonally Adjusted),2020Q3,Construction,2124.0
Gross Value Added at Current Basic Prices (Seasonally Adjusted),2020Q3,"Distribution, Transport, Hotels and Restaurants",8364.0
Gross Value Added at Current Basic Prices (Seasonally Adjusted),2020Q3,Information and Communication,17463.0
Gross Value Added at Current Basic Prices (Seasonally Adjusted),2020Q3,Financial and Insurance Activities,3662.0
Gross Value Added at Current Basic Prices (Seasonally Adjusted),2020Q3,Real Estate Activities,5051.0
Gross Value Added at Current Basic Prices (Seasonally Adjusted),2020Q3,"Professional, Admin and Support Services",11094.0
Gross Value Added at Current Basic Prices (Seasonally Adjusted),2020Q3,"Public Admin, Education and Health",9096.0
Gross Value Added at Current Basic Prices (Seasonally Adjusted),2020Q3,"Arts, Entertainment and Other Services",840.0
Gross Value Added at Current Basic Prices (Seasonally Adjusted),2020Q3,Statistical Discrepancy,
Gross Value Added at Current Basic Prices (Seasonally Adjusted),2020Q3,All Sectors,94233.0
Gross Value Added at Current Basic Prices (Seasonally Adjusted),2020Q4,"Agriculture, Forestry and Fishing",1044.0
Gross Value Added at Current Basic Prices (Seasonally Adjusted),2020Q4,Industry (excl. Construction),33404.0
Gross Value Added at Current Basic Prices (Seasonally Adjusted),2020Q4,Industry - of which Manufacturing,32419.0
Gross Value Added at Current Basic Prices (Seasonally Adjusted),2020Q4,Construction,2224.0
Gross Value Added at Current Basic Prices (Seasonally Adjusted),2020Q4,"Distribution, Transport, Hotels and Restaurants",8769.0
Gross Value Added at Current Basic Prices (Seasonally Adjusted),2020Q4,Information and Communication,15479.0
Gross Value Added at Current Basic Prices (Seasonally Adjusted),2020Q4,Financial and Insurance Activities,3646.0
Gross Value Added at Current Basic Prices (Seasonally Adjusted),2020Q4,Real Estate Activities,5408.0
Gross Value Added at Current Basic Prices (Seasonally Adjusted),2020Q4,"Professional, Admin and Support Services",11116.0
Gross Value Added at Current Basic Prices (Seasonally Adjusted),2020Q4,"Public Admin, Education and Health",9184.0
Gross Value Added at Current Basic Prices (Seasonally Adjusted),2020Q4,"Arts, Entertainment and Other Services",869.0
Gross Value Added at Current Basic Prices (Seasonally Adjusted),2020Q4,Statistical Discrepancy,
Gross Value Added at Current Basic Prices (Seasonally Adjusted),2020Q4,All Sectors,91843.0
Gross Value Added at Current Basic Prices (Seasonally Adjusted),2021Q1,"Agriculture, Forestry and Fishing",1114.0
Gross Value Added at Current Basic Prices (Seasonally Adjusted),2021Q1,Industry (excl. Construction),40398.0
Gross Value Added at Current Basic Prices (Seasonally Adjusted),2021Q1,Industry - of which Manufacturing,38920.0
Gross Value Added at Current Basic Prices (Seasonally Adjusted),2021Q1,Construction,2104.0
Gross Value Added at Current Basic Prices (Seasonally Adjusted),2021Q1,"Distribution, Transport, Hotels and Restaurants",8059.0
Gross Value Added at Current Basic Prices (Seasonally Adjusted),2021Q1,Information and Communication,18316.0
Gross Value Added at Current Basic Prices (Seasonally Adjusted),2021Q1,Financial and Insurance Activities,5231.0
Gross Value Added at Current Basic Prices (Seasonally Adjusted),2021Q1,Real Estate Activities,5350.0
Gross Value Added at Current Basic Prices (Seasonally Adjusted),2021Q1,"Professional, Admin and Support Services",10957.0
Gross Value Added at Current Basic Prices (Seasonally Adjusted),2021Q1,"Public Admin, Education and Health",9617.0
Gross Value Added at Current Basic Prices (Seasonally Adjusted),2021Q1,"Arts, Entertainment and Other Services",956.0
Gross Value Added at Current Basic Prices (Seasonally Adjusted),2021Q1,Statistical Discrepancy,
Gross Value Added at Current Basic Prices (Seasonally Adjusted),2021Q1,All Sectors,101720.0
Gross Value Added at Current Basic Prices (Seasonally Adjusted),2021Q2,"Agriculture, Forestry and Fishing",988.0
Gross Value Added at Current Basic Prices (Seasonally Adjusted),2021Q2,Industry (excl. Construction),39156.0
Gross Value Added at Current Basic Prices (Seasonally Adjusted),2021Q2,Industry - of which Manufacturing,37717.0
Gross Value Added at Current Basic Prices (Seasonally Adjusted),2021Q2,Construction,2341.0
Gross Value Added at Current Basic Prices (Seasonally Adjusted),2021Q2,"Distribution, Transport, Hotels and Restaurants",9058.0
Gross Value Added at Current Basic Prices (Seasonally Adjusted),2021Q2,Information and Communication,19476.0
Gross Value Added at Current Basic Prices (Seasonally Adjusted),2021Q2,Financial and Insurance Activities,5193.0
Gross Value Added at Current Basic Prices (Seasonally Adjusted),2021Q2,Real Estate Activities,5472.0
Gross Value Added at Current Basic Prices (Seasonally Adjusted),2021Q2,"Professional, Admin and Support Services",10925.0
Gross Value Added at Current Basic Prices (Seasonally Adjusted),2021Q2,"Public Admin, Education and Health",9797.0
Gross Value Added at Current Basic Prices (Seasonally Adjusted),2021Q2,"Arts, Entertainment and Other Services",1019.0
Gross Value Added at Current Basic Prices (Seasonally Adjusted),2021Q2,Statistical Discrepancy,
Gross Value Added at Current Basic Prices (Seasonally Adjusted),2021Q2,All Sectors,103930.0
Gross Value Added at Current Basic Prices (Seasonally Adjusted),2021Q3,"Agriculture, Forestry and Fishing",1287.0
Gross Value Added at Current Basic Prices (Seasonally Adjusted),2021Q3,Industry (excl. Construction),41897.0
Gross Value Added at Current Basic Prices (Seasonally Adjusted),2021Q3,Industry - of which Manufacturing,40468.0
Gross Value Added at Current Basic Prices (Seasonally Adjusted),2021Q3,Construction,2567.0
Gross Value Added at Current Basic Prices (Seasonally Adjusted),2021Q3,"Distribution, Transport, Hotels and Restaurants",9926.0
Gross Value Added at Current Basic Prices (Seasonally Adjusted),2021Q3,Information and Communication,19521.0
Gross Value Added at Current Basic Prices (Seasonally Adjusted),2021Q3,Financial and Insurance Activities,5103.0
Gross Value Added at Current Basic Prices (Seasonally Adjusted),2021Q3,Real Estate Activities,5515.0
Gross Value Added at Current Basic Prices (Seasonally Adjusted),2021Q3,"Professional, Admin and Support Services",11159.0
Gross Value Added at Current Basic Prices (Seasonally Adjusted),2021Q3,"Public Admin, Education and Health",10031.0
Gross Value Added at Current Basic Prices (Seasonally Adjusted),2021Q3,"Arts, Entertainment and Other Services",1133.0
Gross Value Added at Current Basic Prices (Seasonally Adjusted),2021Q3,Statistical Discrepancy,
Gross Value Added at Current Basic Prices (Seasonally Adjusted),2021Q3,All Sectors,109618.0
Gross Value Added at Current Basic Prices (Seasonally Adjusted),2021Q4,"Agriculture, Forestry and Fishing",1218.0
Gross Value Added at Current Basic Prices (Seasonally Adjusted),2021Q4,Industry (excl. Construction),38642.0
Gross Value Added at Current Basic Prices (Seasonally Adjusted),2021Q4,Industry - of which Manufacturing,37004.0
Gross Value Added at Current Basic Prices (Seasonally Adjusted),2021Q4,Construction,2894.0
Gross Value Added at Current Basic Prices (Seasonally Adjusted),2021Q4,"Distribution, Transport, Hotels and Restaurants",10419.0
Gross Value Added at Current Basic Prices (Seasonally Adjusted),2021Q4,Information and Communication,21956.0
Gross Value Added at Current Basic Prices (Seasonally Adjusted),2021Q4,Financial and Insurance Activities,4973.0
Gross Value Added at Current Basic Prices (Seasonally Adjusted),2021Q4,Real Estate Activities,5811.0
Gross Value Added at Current Basic Prices (Seasonally Adjusted),2021Q4,"Professional, Admin and Support Services",11781.0
Gross Value Added at Current Basic Prices (Seasonally Adjusted),2021Q4,"Public Admin, Education and Health",10181.0
Gross Value Added at Current Basic Prices (Seasonally Adjusted),2021Q4,"Arts, Entertainment and Other Services",1360.0
Gross Value Added at Current Basic Prices (Seasonally Adjusted),2021Q4,Statistical Discrepancy,
Gross Value Added at Current Basic Prices (Seasonally Adjusted),2021Q4,All Sectors,108853.0
Gross Value Added at Current Basic Prices (Seasonally Adjusted),2022Q1,"Agriculture, Forestry and Fishing",1279.0
Gross Value Added at Current Basic Prices (Seasonally Adjusted),2022Q1,Industry (excl. Construction),47913.0
Gross Value Added at Current Basic Prices (Seasonally Adjusted),2022Q1,Industry - of which Manufacturing,46409.0
Gross Value Added at Current Basic Prices (Seasonally Adjusted),2022Q1,Construction,2917.0
Gross Value Added at Current Basic Prices (Seasonally Adjusted),2022Q1,"Distribution, Transport, Hotels and Restaurants",10867.0
Gross Value Added at Current Basic Prices (Seasonally Adjusted),2022Q1,Information and Communication,20609.0
Gross Value Added at Current Basic Prices (Seasonally Adjusted),2022Q1,Financial and Insurance Activities,4703.0
Gross Value Added at Current Basic Prices (Seasonally Adjusted),2022Q1,Real Estate Activities,6161.0
Gross Value Added at Current Basic Prices (Seasonally Adjusted),2022Q1,"Professional, Admin and Support Services",12682.0
Gross Value Added at Current Basic Prices (Seasonally Adjusted),2022Q1,"Public Admin, Education and Health",10492.0
Gross Value Added at Current Basic Prices (Seasonally Adjusted),2022Q1,"Arts, Entertainment and Other Services",1242.0
Gross Value Added at Current Basic Prices (Seasonally Adjusted),2022Q1,Statistical Discrepancy,
Gross Value Added at Current Basic Prices (Seasonally Adjusted),2022Q1,All Sectors,116851.0
Gross Value Added at Current Basic Prices (Seasonally Adjusted),2022Q2,"Agriculture, Forestry and Fishing",1443.0
Gross Value Added at Current Basic Prices (Seasonally Adjusted),2022Q2,Industry (excl. Construction),48124.0
Gross Value Added at Current Basic Prices (Seasonally Adjusted),2022Q2,Industry - of which Manufacturing,46657.0
Gross Value Added at Current Basic Prices (Seasonally Adjusted),2022Q2,Construction,3085.0
Gross Value Added at Current Basic Prices (Seasonally Adjusted),2022Q2,"Distribution, Transport, Hotels and Restaurants",11724.0
Gross Value Added at Current Basic Prices (Seasonally Adjusted),2022Q2,Information and Communication,22054.0
Gross Value Added at Current Basic Prices (Seasonally Adjusted),2022Q2,Financial and Insurance Activities,4534.0
Gross Value Added at Current Basic Prices (Seasonally Adjusted),2022Q2,Real Estate Activities,6368.0
Gross Value Added at Current Basic Prices (Seasonally Adjusted),2022Q2,"Professional, Admin and Support Services",13261.0
Gross Value Added at Current Basic Prices (Seasonally Adjusted),2022Q2,"Public Admin, Education and Health",10749.0
Gross Value Added at Current Basic Prices (Seasonally Adjusted),2022Q2,"Arts, Entertainment and Other Services",1402.0
Gross Value Added at Current Basic Prices (Seasonally Adjusted),2022Q2,Statistical Discrepancy,
Gross Value Added at Current Basic Prices (Seasonally Adjusted),2022Q2,All Sectors,123852.0
Gross Value Added at Current Basic Prices (Seasonally Adjusted),2022Q3,"Agriculture, Forestry and Fishing",1836.0
Gross Value Added at Current Basic Prices (Seasonally Adjusted),2022Q3,Industry (excl. Construction),52012.0
Gross Value Added at Current Basic Prices (Seasonally Adjusted),2022Q3,Industry - of which Manufacturing,50375.0
Gross Value Added at Current Basic Prices (Seasonally Adjusted),2022Q3,Construction,3114.0
Gross Value Added at Current Basic Prices (Seasonally Adjusted),2022Q3,"Distribution, Transport, Hotels and Restaurants",11972.0
Gross Value Added at Current Basic Prices (Seasonally Adjusted),2022Q3,Information and Communication,22681.0
Gross Value Added at Current Basic Prices (Seasonally Adjusted),2022Q3,Financial and Insurance Activities,4406.0
Gross Value Added at Current Basic Prices (Seasonally Adjusted),2022Q3,Real Estate Activities,6416.0
Gross Value Added at Current Basic Prices (Seasonally Adjusted),2022Q3,"Professional, Admin and Support Services",13400.0
Gross Value Added at Current Basic Prices (Seasonally Adjusted),2022Q3,"Public Admin, Education and Health",10956.0
Gross Value Added at Current Basic Prices (Seasonally Adjusted),2022Q3,"Arts, Entertainment and Other Services",1454.0
Gross Value Added at Current Basic Prices (Seasonally Adjusted),2022Q3,Statistical Discrepancy,
Gross Value Added at Current Basic Prices (Seasonally Adjusted),2022Q3,All Sectors,128229.0
Gross Value Added at Current Basic Prices (Seasonally Adjusted),2022Q4,"Agriculture, Forestry and Fishing",1534.0
Gross Value Added at Current Basic Prices (Seasonally Adjusted),2022Q4,Industry (excl. Construction),50885.0
Gross Value Added at Current Basic Prices (Seasonally Adjusted),2022Q4,Industry - of which Manufacturing,48931.0
Gross Value Added at Current Basic Prices (Seasonally Adjusted),2022Q4,Construction,3444.0
Gross Value Added at Current Basic Prices (Seasonally Adjusted),2022Q4,"Distribution, Transport, Hotels and Restaurants",12708.0
Gross Value Added at Current Basic Prices (Seasonally Adjusted),2022Q4,Information and Communication,22111.0
Gross Value Added at Current Basic Prices (Seasonally Adjusted),2022Q4,Financial and Insurance Activities,4427.0
Gross Value Added at Current Basic Prices (Seasonally Adjusted),2022Q4,Real Estate Activities,6593.0
Gross Value Added at Current Basic Prices (Seasonally Adjusted),2022Q4,"Professional, Admin and Support Services",14133.0
Gross Value Added at Current Basic Prices (Seasonally Adjusted),2022Q4,"Public Admin, Education and Health",11258.0
Gross Value Added at Current Basic Prices (Seasonally Adjusted),2022Q4,"Arts, Entertainment and Other Services",1654.0
Gross Value Added at Current Basic Prices (Seasonally Adjusted),2022Q4,Statistical Discrepancy,
Gross Value Added at Current Basic Prices (Seasonally Adjusted),2022Q4,All Sectors,127340.0
Gross Value Added at Current Basic Prices (Seasonally Adjusted),2023Q1,"Agriculture, Forestry and Fishing",1118.0
Gross Value Added at Current Basic Prices (Seasonally Adjusted),2023Q1,Industry (excl. Construction),43943.0
Gross Value Added at Current Basic Prices (Seasonally Adjusted),2023Q1,Industry - of which Manufacturing,42100.0
Gross Value Added at Current Basic Prices (Seasonally Adjusted),2023Q1,Construction,3508.0
Gross Value Added at Current Basic Prices (Seasonally Adjusted),2023Q1,"Distribution, Transport, Hotels and Restaurants",12600.0
Gross Value Added at Current Basic Prices (Seasonally Adjusted),2023Q1,Information and Communication,23851.0
Gross Value Added at Current Basic Prices (Seasonally Adjusted),2023Q1,Financial and Insurance Activities,5947.0
Gross Value Added at Current Basic Prices (Seasonally Adjusted),2023Q1,Real Estate Activities,6596.0
Gross Value Added at Current Basic Prices (Seasonally Adjusted),2023Q1,"Professional, Admin and Support Services",14687.0
Gross Value Added at Current Basic Prices (Seasonally Adjusted),2023Q1,"Public Admin, Education and Health",11226.0
Gross Value Added at Current Basic Prices (Seasonally Adjusted),2023Q1,"Arts, Entertainment and Other Services",1447.0
Gross Value Added at Current Basic Prices (Seasonally Adjusted),2023Q1,Statistical Discrepancy,
Gross Value Added at Current Basic Prices (Seasonally Adjusted),2023Q1,All Sectors,123964.0
Gross Value Added at Current Basic Prices (Seasonally Adjusted),2023Q2,"Agriculture, Forestry and Fishing",1053.0
Gross Value Added at Current Basic Prices (Seasonally Adjusted),2023Q2,Industry (excl. Construction),43127.0
Gross Value Added at Current Basic Prices (Seasonally Adjusted),2023Q2,Industry - of which Manufacturing,41002.0
Gross Value Added at Current Basic Prices (Seasonally Adjusted),2023Q2,Construction,3386.0
Gross Value Added at Current Basic Prices (Seasonally Adjusted),2023Q2,"Distribution, Transport, Hotels and Restaurants",13146.0
Gross Value Added at Current Basic Prices (Seasonally Adjusted),2023Q2,Information and Communication,25079.0
Gross Value Added at Current Basic Prices (Seasonally Adjusted),2023Q2,Financial and Insurance Activities,6058.0
Gross Value Added at Current Basic Prices (Seasonally Adjusted),2023Q2,Real Estate Activities,6790.0
Gross Value Added at Current Basic Prices (Seasonally Adjusted),2023Q2,"Professional, Admin and Support Services",14996.0
Gross Value Added at Current Basic Prices (Seasonally Adjusted),2023Q2,"Public Admin, Education and Health",11497.0
Gross Value Added at Current Basic Prices (Seasonally Adjusted),2023Q2,"Arts, Entertainment and Other Services",1479.0
Gross Value Added at Current Basic Prices (Seasonally Adjusted),2023Q2,Statistical Discrepancy,
Gross Value Added at Current Basic Prices (Seasonally Adjusted),2023Q2,All Sectors,125102.0
Gross Value Added at Current Basic Prices (Seasonally Adjusted),2023Q3,"Agriculture, Forestry and Fishing",994.0
Gross Value Added at Current Basic Prices (Seasonally Adjusted),2023Q3,Industry (excl. Construction),39773.0
Gross Value Added at Current Basic Prices (Seasonally Adjusted),2023Q3,Industry - of which Manufacturing,37655.0
Gross Value Added at Current Basic Prices (Seasonally Adjusted),2023Q3,Construction,3524.0
Gross Value Added at Current Basic Prices (Seasonally Adjusted),2023Q3,"Distribution, Transport, Hotels and Restaurants",13298.0
Gross Value Added at Current Basic Prices (Seasonally Adjusted),2023Q3,Information and Communication,25497.0
Gross Value Added at Current Basic Prices (Seasonally Adjusted),2023Q3,Financial and Insurance Activities,5405.0
Gross Value Added at Current Basic Prices (Seasonally Adjusted),2023Q3,Real Estate Activities,6888.0
Gross Value Added at Current Basic Prices (Seasonally Adjusted),2023Q3,"Professional, Admin and Support Services",15136.0
Gross Value Added at Current Basic Prices (Seasonally Adjusted),2023Q3,"Public Admin, Education and Health",11940.0
Gross Value Added at Current Basic Prices (Seasonally Adjusted),2023Q3,"Arts, Entertainment and Other Services",1480.0
Gross Value Added at Current Basic Prices (Seasonally Adjusted),2023Q3,Statistical Discrepancy,
Gross Value Added at Current Basic Prices (Seasonally Adjusted),2023Q3,All Sectors,124082.0
Gross Value Added at Current Basic Prices (Seasonally Adjusted),2023Q4,"Agriculture, Forestry and Fishing",1191.0
Gross Value Added at Current Basic Prices (Seasonally Adjusted),2023Q4,Industry (excl. Construction),37806.0
Gross Value Added at Current Basic Prices (Seasonally Adjusted),2023Q4,Industry - of which Manufacturing,35664.0
Gross Value Added at Current Basic Prices (Seasonally Adjusted),2023Q4,Construction,3488.0
Gross Value Added at Current Basic Prices (Seasonally Adjusted),2023Q4,"Distribution, Transport, Hotels and Restaurants",13055.0
Gross Value Added at Current Basic Prices (Seasonally Adjusted),2023Q4,Information and Communication,24634.0
Gross Value Added at Current Basic Prices (Seasonally Adjusted),2023Q4,Financial and Insurance Activities,5549.0
Gross Value Added at Current Basic Prices (Seasonally Adjusted),2023Q4,Real Estate Activities,7041.0
Gross Value Added at Current Basic Prices (Seasonally Adjusted),2023Q4,"Professional, Admin and Support Services",15053.0
Gross Value Added at Current Basic Prices (Seasonally Adjusted),2023Q4,"Public Admin, Education and Health",12134.0
Gross Value Added at Current Basic Prices (Seasonally Adjusted),2023Q4,"Arts, Entertainment and Other Services",1572.0
Gross Value Added at Current Basic Prices (Seasonally Adjusted),2023Q4,Statistical Discrepancy,
Gross Value Added at Current Basic Prices (Seasonally Adjusted),2023Q4,All Sectors,120556.0
Gross Value Added at Current Basic Prices (Seasonally Adjusted),2024Q1,"Agriculture, Forestry and Fishing",1249.0
Gross Value Added at Current Basic Prices (Seasonally Adjusted),2024Q1,Industry (excl. Construction),40540.0
Gross Value Added at Current Basic Prices (Seasonally Adjusted),2024Q1,Industry - of which Manufacturing,38568.0
Gross Value Added at Current Basic Prices (Seasonally Adjusted),2024Q1,Construction,3954.0
Gross Value Added at Current Basic Prices (Seasonally Adjusted),2024Q1,"Distribution, Transport, Hotels and Restaurants",13373.0
Gross Value Added at Current Basic Prices (Seasonally Adjusted),2024Q1,Information and Communication,26707.0
Gross Value Added at Current Basic Prices (Seasonally Adjusted),2024Q1,Financial and Insurance Activities,6037.0
Gross Value Added at Current Basic Prices (Seasonally Adjusted),2024Q1,Real Estate Activities,7243.0
Gross Value Added at Current Basic Prices (Seasonally Adjusted),2024Q1,"Professional, Admin and Support Services",14992.0
Gross Value Added at Current Basic Prices (Seasonally Adjusted),2024Q1,"Public Admin, Education and Health",12723.0
Gross Value Added at Current Basic Prices (Seasonally Adjusted),2024Q1,"Arts, Entertainment and Other Services",1634.0
Gross Value Added at Current Basic Prices (Seasonally Adjusted),2024Q1,Statistical Discrepancy,
Gross Value Added at Current Basic Prices (Seasonally Adjusted),2024Q1,All Sectors,126453.0
Gross Value Added at Current Basic Prices (Seasonally Adjusted),2024Q2,"Agriculture, Forestry and Fishing",1290.0
Gross Value Added at Current Basic Prices (Seasonally Adjusted),2024Q2,Industry (excl. Construction),42658.0
Gross Value Added at Current Basic Prices (Seasonally Adjusted),2024Q2,Industry - of which Manufacturing,40885.0
Gross Value Added at Current Basic Prices (Seasonally Adjusted),2024Q2,Construction,3759.0
Gross Value Added at Current Basic Prices (Seasonally Adjusted),2024Q2,"Distribution, Transport, Hotels and Restaurants",13200.0
Gross Value Added at Current Basic Prices (Seasonally Adjusted),2024Q2,Information and Communication,26606.0
Gross Value Added at Current Basic Prices (Seasonally Adjusted),2024Q2,Financial and Insurance Activities,5829.0
Gross Value Added at Current Basic Prices (Seasonally Adjusted),2024Q2,Real Estate Activities,7595.0
Gross Value Added at Current Basic Prices (Seasonally Adjusted),2024Q2,"Professional, Admin and Support Services",16413.0
Gross Value Added at Current Basic Prices (Seasonally Adjusted),2024Q2,"Public Admin, Education and Health",12949.0
Gross Value Added at Current Basic Prices (Seasonally Adjusted),2024Q2,"Arts, Entertainment and Other Services",1457.0
Gross Value Added at Current Basic Prices (Seasonally Adjusted),2024Q2,Statistical Discrepancy,
Gross Value Added at Current Basic Prices (Seasonally Adjusted),2024Q2,All Sectors,129413.0
Gross Value Added at Current Basic Prices (Seasonally Adjusted),2024Q3,"Agriculture, Forestry and Fishing",1620.0
Gross Value Added at Current Basic Prices (Seasonally Adjusted),2024Q3,Industry (excl. Construction),43014.0
Gross Value Added at Current Basic Prices (Seasonally Adjusted),2024Q3,Industry - of which Manufacturing,41435.0
Gross Value Added at Current Basic Prices (Seasonally Adjusted),2024Q3,Construction,3729.0
Gross Value Added at Current Basic Prices (Seasonally Adjusted),2024Q3,"Distribution, Transport, Hotels and Restaurants",13227.0
Gross Value Added at Current Basic Prices (Seasonally Adjusted),2024Q3,Information and Communication,28413.0
Gross Value Added at Current Basic Prices (Seasonally Adjusted),2024Q3,Financial and Insurance Activities,5879.0
Gross Value Added at Current Basic Prices (Seasonally Adjusted),2024Q3,Real Estate Activities,7818.0
Gross Value Added at Current Basic Prices (Seasonally Adjusted),2024Q3,"Professional, Admin and Support Services",17024.0
Gross Value Added at Current Basic Prices (Seasonally Adjusted),2024Q3,"Public Admin, Education and Health",13084.0
Gross Value Added at Current Basic Prices (Seasonally Adjusted),2024Q3,"Arts, Entertainment and Other Services",1478.0
Gross Value Added at Current Basic Prices (Seasonally Adjusted),2024Q3,Statistical Discrepancy,
Gross Value Added at Current Basic Prices (Seasonally Adjusted),2024Q3,All Sectors,135363.0
Gross Value Added at Current Basic Prices (Seasonally Adjusted),2024Q4,"Agriculture, Forestry and Fishing",1643.0
Gross Value Added at Current Basic Prices (Seasonally Adjusted),2024Q4,Industry (excl. Construction),44242.0
Gross Value Added at Current Basic Prices (Seasonally Adjusted),2024Q4,Industry - of which Manufacturing,42623.0
Gross Value Added at Current Basic Prices (Seasonally Adjusted),2024Q4,Construction,3440.0
Gross Value Added at Current Basic Prices (Seasonally Adjusted),2024Q4,"Distribution, Transport, Hotels and Restaurants",13173.0
Gross Value Added at Current Basic Prices (Seasonally Adjusted),2024Q4,Information and Communication,30903.0
Gross Value Added at Current Basic Prices (Seasonally Adjusted),2024Q4,Financial and Insurance Activities,5602.0
Gross Value Added at Current Basic Prices (Seasonally Adjusted),2024Q4,Real Estate Activities,8079.0
Gross Value Added at Current Basic Prices (Seasonally Adjusted),2024Q4,"Professional, Admin and Support Services",16694.0
Gross Value Added at Current Basic Prices (Seasonally Adjusted),2024Q4,"Public Admin, Education and Health",13284.0
Gross Value Added at Current Basic Prices (Seasonally Adjusted),2024Q4,"Arts, Entertainment and Other Services",1582.0
Gross Value Added at Current Basic Prices (Seasonally Adjusted),2024Q4,Statistical Discrepancy,
Gross Value Added at Current Basic Prices (Seasonally Adjusted),2024Q4,All Sectors,140686.0
Gross Value Added at Current Basic Prices (Seasonally Adjusted),2025Q1,"Agriculture, Forestry and Fishing",1792.0
Gross Value Added at Current Basic Prices (Seasonally Adjusted),2025Q1,Industry (excl. Construction),60602.0
Gross Value Added at Current Basic Prices (Seasonally Adjusted),2025Q1,Industry - of which Manufacturing,58555.0
Gross Value Added at Current Basic Prices (Seasonally Adjusted),2025Q1,Construction,3873.0
Gross Value Added at Current Basic Prices (Seasonally Adjusted),2025Q1,"Distribution, Transport, Hotels and Restaurants",13372.0
Gross Value Added at Current Basic Prices (Seasonally Adjusted),2025Q1,Information and Communication,31136.0
Gross Value Added at Current Basic Prices (Seasonally Adjusted),2025Q1,Financial and Insurance Activities,5428.0
Gross Value Added at Current Basic Prices (Seasonally Adjusted),2025Q1,Real Estate Activities,7658.0
Gross Value Added at Current Basic Prices (Seasonally Adjusted),2025Q1,"Professional, Admin and Support Services",17158.0
Gross Value Added at Current Basic Prices (Seasonally Adjusted),2025Q1,"Public Admin, Education and Health",13621.0
Gross Value Added at Current Basic Prices (Seasonally Adjusted),2025Q1,"Arts, Entertainment and Other Services",1593.0
Gross Value Added at Current Basic Prices (Seasonally Adjusted),2025Q1,Statistical Discrepancy,
Gross Value Added at Current Basic Prices (Seasonally Adjusted),2025Q1,All Sectors,150556.0
Gross Value Added at Current Basic Prices (Seasonally Adjusted),2025Q2,"Agriculture, Forestry and Fishing",1935.0
Gross Value Added at Current Basic Prices (Seasonally Adjusted),2025Q2,Industry (excl. Construction),44499.0
Gross Value Added at Current Basic Prices (Seasonally Adjusted),2025Q2,Industry - of which Manufacturing,42553.0
Gross Value Added at Current Basic Prices (Seasonally Adjusted),2025Q2,Construction,4007.0
Gross Value Added at Current Basic Prices (Seasonally Adjusted),2025Q2,"Distribution, Transport, Hotels and Restaurants",13463.0
Gross Value Added at Current Basic Prices (Seasonally Adjusted),2025Q2,Information and Communication,31383.0
Gross Value Added at Current Basic Prices (Seasonally Adjusted),2025Q2,Financial and Insurance Activities,5318.0
Gross Value Added at Current Basic Prices (Seasonally Adjusted),2025Q2,Real Estate Activities,8106.0
Gross Value Added at Current Basic Prices (Seasonally Adjusted),2025Q2,"Professional, Admin and Support Services",16799.0
Gross Value Added at Current Basic Prices (Seasonally Adjusted),2025Q2,"Public Admin, Education and Health",13640.0
Gross Value Added at Current Basic Prices (Seasonally Adjusted),2025Q2,"Arts, Entertainment and Other Services",1522.0
Gross Value Added at Current Basic Prices (Seasonally Adjusted),2025Q2,Statistical Discrepancy,
Gross Value Added at Current Basic Prices (Seasonally Adjusted),2025Q2,All Sectors,143707.0
Gross Value Added at Current Basic Prices (Seasonally Adjusted),2025Q3,"Agriculture, Forestry and Fishing",1854.0
Gross Value Added at Current Basic Prices (Seasonally Adjusted),2025Q3,Industry (excl. Construction),40945.0
Gross Value Added at Current Basic Prices (Seasonally Adjusted),2025Q3,Industry - of which Manufacturing,39061.0
Gross Value Added at Current Basic Prices (Seasonally Adjusted),2025Q3,Construction,3913.0
Gross Value Added at Current Basic Prices (Seasonally Adjusted),2025Q3,"Distribution, Transport, Hotels and Restaurants",13479.0
Gross Value Added at Current Basic Prices (Seasonally Adjusted),2025Q3,Information and Communication,32055.0
Gross Value Added at Current Basic Prices (Seasonally Adjusted),2025Q3,Financial and Insurance Activities,5537.0
Gross Value Added at Current Basic Prices (Seasonally Adjusted),2025Q3,Real Estate Activities,8200.0
Gross Value Added at Current Basic Prices (Seasonally Adjusted),2025Q3,"Professional, Admin and Support Services",17063.0
Gross Value Added at Current Basic Prices (Seasonally Adjusted),2025Q3,"Public Admin, Education and Health",13699.0
Gross Value Added at Current Basic Prices (Seasonally Adjusted),2025Q3,"Arts, Entertainment and Other Services",1592.0
Gross Value Added at Current Basic Prices (Seasonally Adjusted),2025Q3,Statistical Discrepancy,
Gross Value Added at Current Basic Prices (Seasonally Adjusted),2025Q3,All Sectors,139051.0
Gross Value Added at Current Basic Prices (Seasonally Adjusted),2025Q4,"Agriculture, Forestry and Fishing",1684.0
Gross Value Added at Current Basic Prices (Seasonally Adjusted),2025Q4,Industry (excl. Construction),40191.0
Gross Value Added at Current Basic Prices (Seasonally Adjusted),2025Q4,Industry - of which Manufacturing,38454.0
Gross Value Added at Current Basic Prices (Seasonally Adjusted),2025Q4,Construction,3957.0
Gross Value Added at Current Basic Prices (Seasonally Adjusted),2025Q4,"Distribution, Transport, Hotels and Restaurants",13907.0
Gross Value Added at Current Basic Prices (Seasonally Adjusted),2025Q4,Information and Communication,33021.0
Gross Value Added at Current Basic Prices (Seasonally Adjusted),2025Q4,Financial and Insurance Activities,5717.0
Gross Value Added at Current Basic Prices (Seasonally Adjusted),2025Q4,Real Estate Activities,8403.0
Gross Value Added at Current Basic Prices (Seasonally Adjusted),2025Q4,"Professional, Admin and Support Services",17497.0
Gross Value Added at Current Basic Prices (Seasonally Adjusted),2025Q4,"Public Admin, Education and Health",13862.0
Gross Value Added at Current Basic Prices (Seasonally Adjusted),2025Q4,"Arts, Entertainment and Other Services",1642.0
Gross Value Added at Current Basic Prices (Seasonally Adjusted),2025Q4,Statistical Discrepancy,
Gross Value Added at Current Basic Prices (Seasonally Adjusted),2025Q4,All Sectors,137838.0
Gross Value Added at Current Basic Prices (Seasonally Adjusted),2026Q1,"Agriculture, Forestry and Fishing",1700.0
Gross Value Added at Current Basic Prices (Seasonally Adjusted),2026Q1,Industry (excl. Construction),38638.0
Gross Value Added at Current Basic Prices (Seasonally Adjusted),2026Q1,Industry - of which Manufacturing,36648.0
Gross Value Added at Current Basic Prices (Seasonally Adjusted),2026Q1,Construction,3836.0
Gross Value Added at Current Basic Prices (Seasonally Adjusted),2026Q1,"Distribution, Transport, Hotels and Restaurants",13750.0
Gross Value Added at Current Basic Prices (Seasonally Adjusted),2026Q1,Information and Communication,31802.0
Gross Value Added at Current Basic Prices (Seasonally Adjusted),2026Q1,Financial and Insurance Activities,5860.0
Gross Value Added at Current Basic Prices (Seasonally Adjusted),2026Q1,Real Estate Activities,8163.0
Gross Value Added at Current Basic Prices (Seasonally Adjusted),2026Q1,"Professional, Admin and Support Services",17180.0
Gross Value Added at Current Basic Prices (Seasonally Adjusted),2026Q1,"Public Admin, Education and Health",13860.0
Gross Value Added at Current Basic Prices (Seasonally Adjusted),2026Q1,"Arts, Entertainment and Other Services",1524.0
Gross Value Added at Current Basic Prices (Seasonally Adjusted),2026Q1,Statistical Discrepancy,
Gross Value Added at Current Basic Prices (Seasonally Adjusted),2026Q1,All Sectors,129462.0
Gross Value Added at Current Basic Prices (Seasonally Adjusted),2026Q2,"Agriculture, Forestry and Fishing",1153.0
Gross Value Added at Current Basic Prices (Seasonally Adjusted),2026Q2,Industry (excl. Construction),47342.0
Gross Value Added at Current Basic Prices (Seasonally Adjusted),2026Q2,Industry - of which Manufacturing,45541.0
Gross Value Added at Current Basic Prices (Seasonally Adjusted),2026Q2,Construction,3919.0
Gross Value Added at Current Basic Prices (Seasonally Adjusted),2026Q2,"Distribution, Transport, Hotels and Restaurants",13855.0
Gross Value Added at Current Basic Prices (Seasonally Adjusted),2026Q2,Information and Communication,33532.0
Gross Value Added at Current Basic Prices (Seasonally Adjusted),2026Q2,Financial and Insurance Activities,5947.0
Gross Value Added at Current Basic Prices (Seasonally Adjusted),2026Q2,Real Estate Activities,8710.0
Gross Value Added at Current Basic Prices (Seasonally Adjusted),2026Q2,"Professional, Admin and Support Services",17702.0
Gross Value Added at Current Basic Prices (Seasonally Adjusted),2026Q2,"Public Admin, Education and Health",14095.0
Gross Value Added at Current Basic Prices (Seasonally Adjusted),2026Q2,"Arts, Entertainment and Other Services",1495.0
Gross Value Added at Current Basic Prices (Seasonally Adjusted),2026Q2,Statistical Discrepancy,
Gross Value Added at Current Basic Prices (Seasonally Adjusted),2026Q2,All Sectors,145467.0
