Statistic,Quarter,NACE.Rev..2.Sector,value
Compensation of Employees at Constant Prices,2010Q1,"Agriculture, Forestry and Fishing",238.4456163
Compensation of Employees at Constant Prices,2010Q1,Industry (excl. Construction),3753.3965052
Compensation of Employees at Constant Prices,2010Q1,Industry - of which Manufacturing,3448.5583519
Compensation of Employees at Constant Prices,2010Q1,Construction,1068.5622771
Compensation of Employees at Constant Prices,2010Q1,"Distribution, Transport, Hotels and Restaurants",5434.8229919
Compensation of Employees at Constant Prices,2010Q1,Information and Communication,2019.6994911
Compensation of Employees at Constant Prices,2010Q1,Financial and Insurance Activities,2083.0457545
Compensation of Employees at Constant Prices,2010Q1,Real Estate Activities,240.2015182
Compensation of Employees at Constant Prices,2010Q1,"Professional, Admin and Support Services",3194.8479417
Compensation of Employees at Constant Prices,2010Q1,"Public Admin, Education and Health",7018.3999757
Compensation of Employees at Constant Prices,2010Q1,"Arts, Entertainment and Other Services",689.2806098
Compensation of Employees at Constant Prices,2010Q1,All Sectors,25790.0146871
Compensation of Employees at Constant Prices,2010Q2,"Agriculture, Forestry and Fishing",329.1810422
Compensation of Employees at Constant Prices,2010Q2,Industry (excl. Construction),3720.1346716
Compensation of Employees at Constant Prices,2010Q2,Industry - of which Manufacturing,3416.807676
Compensation of Employees at Constant Prices,2010Q2,Construction,987.1470441
Compensation of Employees at Constant Prices,2010Q2,"Distribution, Transport, Hotels and Restaurants",5384.8026211
Compensation of Employees at Constant Prices,2010Q2,Information and Communication,1970.0759506
Compensation of Employees at Constant Prices,2010Q2,Financial and Insurance Activities,2039.5187572
Compensation of Employees at Constant Prices,2010Q2,Real Estate Activities,234.6831037
Compensation of Employees at Constant Prices,2010Q2,"Professional, Admin and Support Services",3148.9917061
Compensation of Employees at Constant Prices,2010Q2,"Public Admin, Education and Health",6991.2165329
Compensation of Employees at Constant Prices,2010Q2,"Arts, Entertainment and Other Services",705.0009588
Compensation of Employees at Constant Prices,2010Q2,All Sectors,25529.0598216
Compensation of Employees at Constant Prices,2010Q3,"Agriculture, Forestry and Fishing",350.2814747
Compensation of Employees at Constant Prices,2010Q3,Industry (excl. Construction),3685.7173102
Compensation of Employees at Constant Prices,2010Q3,Industry - of which Manufacturing,3390.8102587
Compensation of Employees at Constant Prices,2010Q3,Construction,935.195101
Compensation of Employees at Constant Prices,2010Q3,"Distribution, Transport, Hotels and Restaurants",5316.8484451
Compensation of Employees at Constant Prices,2010Q3,Information and Communication,1838.1623042
Compensation of Employees at Constant Prices,2010Q3,Financial and Insurance Activities,1911.639665
Compensation of Employees at Constant Prices,2010Q3,Real Estate Activities,259.1516276
Compensation of Employees at Constant Prices,2010Q3,"Professional, Admin and Support Services",2845.9965124
Compensation of Employees at Constant Prices,2010Q3,"Public Admin, Education and Health",6255.0310657
Compensation of Employees at Constant Prices,2010Q3,"Arts, Entertainment and Other Services",707.6108145
Compensation of Employees at Constant Prices,2010Q3,All Sectors,24015.6274204
Compensation of Employees at Constant Prices,2010Q4,"Agriculture, Forestry and Fishing",307.1281245
Compensation of Employees at Constant Prices,2010Q4,Industry (excl. Construction),3495.9701858
Compensation of Employees at Constant Prices,2010Q4,Industry - of which Manufacturing,3237.2486917
Compensation of Employees at Constant Prices,2010Q4,Construction,781.4592309
Compensation of Employees at Constant Prices,2010Q4,"Distribution, Transport, Hotels and Restaurants",5101.339259
Compensation of Employees at Constant Prices,2010Q4,Information and Communication,1714.4139493
Compensation of Employees at Constant Prices,2010Q4,Financial and Insurance Activities,1824.990253
Compensation of Employees at Constant Prices,2010Q4,Real Estate Activities,225.7328579
Compensation of Employees at Constant Prices,2010Q4,"Professional, Admin and Support Services",2796.0952936
Compensation of Employees at Constant Prices,2010Q4,"Public Admin, Education and Health",6705.7248921
Compensation of Employees at Constant Prices,2010Q4,"Arts, Entertainment and Other Services",671.3118563
Compensation of Employees at Constant Prices,2010Q4,All Sectors,23694.5713866
Compensation of Employees at Constant Prices,2011Q1,"Agriculture, Forestry and Fishing",325.6753057
Compensation of Employees at Constant Prices,2011Q1,Industry (excl. Construction),3645.3642133
Compensation of Employees at Constant Prices,2011Q1,Industry - of which Manufacturing,3445.7931584
Compensation of Employees at Constant Prices,2011Q1,Construction,889.0492457
Compensation of Employees at Constant Prices,2011Q1,"Distribution, Transport, Hotels and Restaurants",5044.5846618
Compensation of Employees at Constant Prices,2011Q1,Information and Communication,1863.5341769
Compensation of Employees at Constant Prices,2011Q1,Financial and Insurance Activities,2006.3625426
Compensation of Employees at Constant Prices,2011Q1,Real Estate Activities,184.6295849
Compensation of Employees at Constant Prices,2011Q1,"Professional, Admin and Support Services",3154.2261549
Compensation of Employees at Constant Prices,2011Q1,"Public Admin, Education and Health",7101.1508889
Compensation of Employees at Constant Prices,2011Q1,"Arts, Entertainment and Other Services",750.2202165
Compensation of Employees at Constant Prices,2011Q1,All Sectors,25039.1928727
Compensation of Employees at Constant Prices,2011Q2,"Agriculture, Forestry and Fishing",338.8529013
Compensation of Employees at Constant Prices,2011Q2,Industry (excl. Construction),3572.2113338
Compensation of Employees at Constant Prices,2011Q2,Industry - of which Manufacturing,3376.1264887
Compensation of Employees at Constant Prices,2011Q2,Construction,883.7942019
Compensation of Employees at Constant Prices,2011Q2,"Distribution, Transport, Hotels and Restaurants",5239.9578585
Compensation of Employees at Constant Prices,2011Q2,Information and Communication,1921.3873996
Compensation of Employees at Constant Prices,2011Q2,Financial and Insurance Activities,1980.3546267
Compensation of Employees at Constant Prices,2011Q2,Real Estate Activities,201.9914844
Compensation of Employees at Constant Prices,2011Q2,"Professional, Admin and Support Services",3172.0640783
Compensation of Employees at Constant Prices,2011Q2,"Public Admin, Education and Health",6711.0793113
Compensation of Employees at Constant Prices,2011Q2,"Arts, Entertainment and Other Services",688.6766369
Compensation of Employees at Constant Prices,2011Q2,All Sectors,24647.3881779
Compensation of Employees at Constant Prices,2011Q3,"Agriculture, Forestry and Fishing",314.3512841
Compensation of Employees at Constant Prices,2011Q3,Industry (excl. Construction),3510.988739
Compensation of Employees at Constant Prices,2011Q3,Industry - of which Manufacturing,3279.2979088
Compensation of Employees at Constant Prices,2011Q3,Construction,902.230213
Compensation of Employees at Constant Prices,2011Q3,"Distribution, Transport, Hotels and Restaurants",5279.8520466
Compensation of Employees at Constant Prices,2011Q3,Information and Communication,1814.8376861
Compensation of Employees at Constant Prices,2011Q3,Financial and Insurance Activities,1836.92422
Compensation of Employees at Constant Prices,2011Q3,Real Estate Activities,205.2751483
Compensation of Employees at Constant Prices,2011Q3,"Professional, Admin and Support Services",2905.0873451
Compensation of Employees at Constant Prices,2011Q3,"Public Admin, Education and Health",5878.001671
Compensation of Employees at Constant Prices,2011Q3,"Arts, Entertainment and Other Services",688.1797737
Compensation of Employees at Constant Prices,2011Q3,All Sectors,23182.55878
Compensation of Employees at Constant Prices,2011Q4,"Agriculture, Forestry and Fishing",248.8694735
Compensation of Employees at Constant Prices,2011Q4,Industry (excl. Construction),3584.0713072
Compensation of Employees at Constant Prices,2011Q4,Industry - of which Manufacturing,3385.7559481
Compensation of Employees at Constant Prices,2011Q4,Construction,839.3507715
Compensation of Employees at Constant Prices,2011Q4,"Distribution, Transport, Hotels and Restaurants",5137.8686039
Compensation of Employees at Constant Prices,2011Q4,Information and Communication,1822.6950361
Compensation of Employees at Constant Prices,2011Q4,Financial and Insurance Activities,1857.7328672
Compensation of Employees at Constant Prices,2011Q4,Real Estate Activities,247.9343764
Compensation of Employees at Constant Prices,2011Q4,"Professional, Admin and Support Services",2848.1093622
Compensation of Employees at Constant Prices,2011Q4,"Public Admin, Education and Health",6758.6705151
Compensation of Employees at Constant Prices,2011Q4,"Arts, Entertainment and Other Services",713.1626111
Compensation of Employees at Constant Prices,2011Q4,All Sectors,24100.2127628
Compensation of Employees at Constant Prices,2012Q1,"Agriculture, Forestry and Fishing",270.6514395
Compensation of Employees at Constant Prices,2012Q1,Industry (excl. Construction),3548.3727527
Compensation of Employees at Constant Prices,2012Q1,Industry - of which Manufacturing,3342.7228581
Compensation of Employees at Constant Prices,2012Q1,Construction,830.1021678
Compensation of Employees at Constant Prices,2012Q1,"Distribution, Transport, Hotels and Restaurants",5137.6968848
Compensation of Employees at Constant Prices,2012Q1,Information and Communication,1956.3587222
Compensation of Employees at Constant Prices,2012Q1,Financial and Insurance Activities,1866.9151949
Compensation of Employees at Constant Prices,2012Q1,Real Estate Activities,276.8115835
Compensation of Employees at Constant Prices,2012Q1,"Professional, Admin and Support Services",2989.2378167
Compensation of Employees at Constant Prices,2012Q1,"Public Admin, Education and Health",6810.4753961
Compensation of Employees at Constant Prices,2012Q1,"Arts, Entertainment and Other Services",724.3618028
Compensation of Employees at Constant Prices,2012Q1,All Sectors,24392.6927949
Compensation of Employees at Constant Prices,2012Q2,"Agriculture, Forestry and Fishing",316.9752087
Compensation of Employees at Constant Prices,2012Q2,Industry (excl. Construction),3449.838404
Compensation of Employees at Constant Prices,2012Q2,Industry - of which Manufacturing,3270.3292308
Compensation of Employees at Constant Prices,2012Q2,Construction,774.9341894
Compensation of Employees at Constant Prices,2012Q2,"Distribution, Transport, Hotels and Restaurants",5079.6757792
Compensation of Employees at Constant Prices,2012Q2,Information and Communication,2014.4078597
Compensation of Employees at Constant Prices,2012Q2,Financial and Insurance Activities,1836.8750212
Compensation of Employees at Constant Prices,2012Q2,Real Estate Activities,248.2100609
Compensation of Employees at Constant Prices,2012Q2,"Professional, Admin and Support Services",2960.1031037
Compensation of Employees at Constant Prices,2012Q2,"Public Admin, Education and Health",6740.2784364
Compensation of Employees at Constant Prices,2012Q2,"Arts, Entertainment and Other Services",760.8348888
Compensation of Employees at Constant Prices,2012Q2,All Sectors,24127.4127525
Compensation of Employees at Constant Prices,2012Q3,"Agriculture, Forestry and Fishing",341.3414338
Compensation of Employees at Constant Prices,2012Q3,Industry (excl. Construction),3422.4517862
Compensation of Employees at Constant Prices,2012Q3,Industry - of which Manufacturing,3233.5742269
Compensation of Employees at Constant Prices,2012Q3,Construction,798.4774568
Compensation of Employees at Constant Prices,2012Q3,"Distribution, Transport, Hotels and Restaurants",5269.7816716
Compensation of Employees at Constant Prices,2012Q3,Information and Communication,1964.6452515
Compensation of Employees at Constant Prices,2012Q3,Financial and Insurance Activities,1920.1268068
Compensation of Employees at Constant Prices,2012Q3,Real Estate Activities,232.9037276
Compensation of Employees at Constant Prices,2012Q3,"Professional, Admin and Support Services",3080.3382132
Compensation of Employees at Constant Prices,2012Q3,"Public Admin, Education and Health",6179.3801571
Compensation of Employees at Constant Prices,2012Q3,"Arts, Entertainment and Other Services",766.4810603
Compensation of Employees at Constant Prices,2012Q3,All Sectors,23810.212443
Compensation of Employees at Constant Prices,2012Q4,"Agriculture, Forestry and Fishing",287.1518481
Compensation of Employees at Constant Prices,2012Q4,Industry (excl. Construction),3505.7555454
Compensation of Employees at Constant Prices,2012Q4,Industry - of which Manufacturing,3392.1308431
Compensation of Employees at Constant Prices,2012Q4,Construction,764.7523172
Compensation of Employees at Constant Prices,2012Q4,"Distribution, Transport, Hotels and Restaurants",5216.9262384
Compensation of Employees at Constant Prices,2012Q4,Information and Communication,2047.5242977
Compensation of Employees at Constant Prices,2012Q4,Financial and Insurance Activities,1912.1070594
Compensation of Employees at Constant Prices,2012Q4,Real Estate Activities,228.6068349
Compensation of Employees at Constant Prices,2012Q4,"Professional, Admin and Support Services",3053.9575014
Compensation of Employees at Constant Prices,2012Q4,"Public Admin, Education and Health",6883.6920132
Compensation of Employees at Constant Prices,2012Q4,"Arts, Entertainment and Other Services",700.9138611
Compensation of Employees at Constant Prices,2012Q4,All Sectors,24580.8074953
Compensation of Employees at Constant Prices,2013Q1,"Agriculture, Forestry and Fishing",309.3398884
Compensation of Employees at Constant Prices,2013Q1,Industry (excl. Construction),3552.6038877
Compensation of Employees at Constant Prices,2013Q1,Industry - of which Manufacturing,3410.1031656
Compensation of Employees at Constant Prices,2013Q1,Construction,703.1711944
Compensation of Employees at Constant Prices,2013Q1,"Distribution, Transport, Hotels and Restaurants",5298.1041633
Compensation of Employees at Constant Prices,2013Q1,Information and Communication,1959.075168
Compensation of Employees at Constant Prices,2013Q1,Financial and Insurance Activities,1938.9868918
Compensation of Employees at Constant Prices,2013Q1,Real Estate Activities,213.449439
Compensation of Employees at Constant Prices,2013Q1,"Professional, Admin and Support Services",3022.3901223
Compensation of Employees at Constant Prices,2013Q1,"Public Admin, Education and Health",6929.4773489
Compensation of Employees at Constant Prices,2013Q1,"Arts, Entertainment and Other Services",715.6624345
Compensation of Employees at Constant Prices,2013Q1,All Sectors,24658.5685217
Compensation of Employees at Constant Prices,2013Q2,"Agriculture, Forestry and Fishing",337.3576593
Compensation of Employees at Constant Prices,2013Q2,Industry (excl. Construction),3642.2727048
Compensation of Employees at Constant Prices,2013Q2,Industry - of which Manufacturing,3410.6276543
Compensation of Employees at Constant Prices,2013Q2,Construction,855.2029844
Compensation of Employees at Constant Prices,2013Q2,"Distribution, Transport, Hotels and Restaurants",5367.6467197
Compensation of Employees at Constant Prices,2013Q2,Information and Communication,2034.8041379
Compensation of Employees at Constant Prices,2013Q2,Financial and Insurance Activities,1937.0275681
Compensation of Employees at Constant Prices,2013Q2,Real Estate Activities,239.1121809
Compensation of Employees at Constant Prices,2013Q2,"Professional, Admin and Support Services",3072.8138545
Compensation of Employees at Constant Prices,2013Q2,"Public Admin, Education and Health",7048.120017
Compensation of Employees at Constant Prices,2013Q2,"Arts, Entertainment and Other Services",743.6450372
Compensation of Employees at Constant Prices,2013Q2,All Sectors,25255.2050397
Compensation of Employees at Constant Prices,2013Q3,"Agriculture, Forestry and Fishing",335.2981946
Compensation of Employees at Constant Prices,2013Q3,Industry (excl. Construction),3702.6043154
Compensation of Employees at Constant Prices,2013Q3,Industry - of which Manufacturing,3431.3675306
Compensation of Employees at Constant Prices,2013Q3,Construction,884.8229353
Compensation of Employees at Constant Prices,2013Q3,"Distribution, Transport, Hotels and Restaurants",5539.0348995
Compensation of Employees at Constant Prices,2013Q3,Information and Communication,2051.2657262
Compensation of Employees at Constant Prices,2013Q3,Financial and Insurance Activities,1954.6870667
Compensation of Employees at Constant Prices,2013Q3,Real Estate Activities,159.5266221
Compensation of Employees at Constant Prices,2013Q3,"Professional, Admin and Support Services",3313.6176855
Compensation of Employees at Constant Prices,2013Q3,"Public Admin, Education and Health",6253.4001585
Compensation of Employees at Constant Prices,2013Q3,"Arts, Entertainment and Other Services",728.5451165
Compensation of Employees at Constant Prices,2013Q3,All Sectors,24727.2342158
Compensation of Employees at Constant Prices,2013Q4,"Agriculture, Forestry and Fishing",297.4542529
Compensation of Employees at Constant Prices,2013Q4,Industry (excl. Construction),3675.5702739
Compensation of Employees at Constant Prices,2013Q4,Industry - of which Manufacturing,3401.7898688
Compensation of Employees at Constant Prices,2013Q4,Construction,816.0633673
Compensation of Employees at Constant Prices,2013Q4,"Distribution, Transport, Hotels and Restaurants",5432.7934994
Compensation of Employees at Constant Prices,2013Q4,Information and Communication,2025.460266
Compensation of Employees at Constant Prices,2013Q4,Financial and Insurance Activities,1871.2640528
Compensation of Employees at Constant Prices,2013Q4,Real Estate Activities,225.9344688
Compensation of Employees at Constant Prices,2013Q4,"Professional, Admin and Support Services",3335.9967755
Compensation of Employees at Constant Prices,2013Q4,"Public Admin, Education and Health",7083.3610573
Compensation of Employees at Constant Prices,2013Q4,"Arts, Entertainment and Other Services",701.8512694
Compensation of Employees at Constant Prices,2013Q4,All Sectors,25401.6000856
Compensation of Employees at Constant Prices,2014Q1,"Agriculture, Forestry and Fishing",300.669873
Compensation of Employees at Constant Prices,2014Q1,Industry (excl. Construction),3662.2981584
Compensation of Employees at Constant Prices,2014Q1,Industry - of which Manufacturing,3427.5109578
Compensation of Employees at Constant Prices,2014Q1,Construction,832.6186393
Compensation of Employees at Constant Prices,2014Q1,"Distribution, Transport, Hotels and Restaurants",5387.2636643
Compensation of Employees at Constant Prices,2014Q1,Information and Communication,2073.0151164
Compensation of Employees at Constant Prices,2014Q1,Financial and Insurance Activities,1924.808393
Compensation of Employees at Constant Prices,2014Q1,Real Estate Activities,228.7560116
Compensation of Employees at Constant Prices,2014Q1,"Professional, Admin and Support Services",3395.5709121
Compensation of Employees at Constant Prices,2014Q1,"Public Admin, Education and Health",7278.3521248
Compensation of Employees at Constant Prices,2014Q1,"Arts, Entertainment and Other Services",721.3797524
Compensation of Employees at Constant Prices,2014Q1,All Sectors,25762.3932061
Compensation of Employees at Constant Prices,2014Q2,"Agriculture, Forestry and Fishing",314.8059035
Compensation of Employees at Constant Prices,2014Q2,Industry (excl. Construction),3726.6663194
Compensation of Employees at Constant Prices,2014Q2,Industry - of which Manufacturing,3441.8575735
Compensation of Employees at Constant Prices,2014Q2,Construction,889.1050232
Compensation of Employees at Constant Prices,2014Q2,"Distribution, Transport, Hotels and Restaurants",5563.8434571
Compensation of Employees at Constant Prices,2014Q2,Information and Communication,2163.680798
Compensation of Employees at Constant Prices,2014Q2,Financial and Insurance Activities,1858.0898445
Compensation of Employees at Constant Prices,2014Q2,Real Estate Activities,217.2119447
Compensation of Employees at Constant Prices,2014Q2,"Professional, Admin and Support Services",3411.4522496
Compensation of Employees at Constant Prices,2014Q2,"Public Admin, Education and Health",7141.2811582
Compensation of Employees at Constant Prices,2014Q2,"Arts, Entertainment and Other Services",725.7212917
Compensation of Employees at Constant Prices,2014Q2,All Sectors,25899.9687933
Compensation of Employees at Constant Prices,2014Q3,"Agriculture, Forestry and Fishing",314.031614
Compensation of Employees at Constant Prices,2014Q3,Industry (excl. Construction),3760.5004105
Compensation of Employees at Constant Prices,2014Q3,Industry - of which Manufacturing,3494.4084482
Compensation of Employees at Constant Prices,2014Q3,Construction,966.3005419
Compensation of Employees at Constant Prices,2014Q3,"Distribution, Transport, Hotels and Restaurants",5623.5225977
Compensation of Employees at Constant Prices,2014Q3,Information and Communication,2047.0337264
Compensation of Employees at Constant Prices,2014Q3,Financial and Insurance Activities,1984.360387
Compensation of Employees at Constant Prices,2014Q3,Real Estate Activities,283.0969797
Compensation of Employees at Constant Prices,2014Q3,"Professional, Admin and Support Services",3454.2757717
Compensation of Employees at Constant Prices,2014Q3,"Public Admin, Education and Health",6552.6107212
Compensation of Employees at Constant Prices,2014Q3,"Arts, Entertainment and Other Services",717.5849211
Compensation of Employees at Constant Prices,2014Q3,All Sectors,25534.7377264
Compensation of Employees at Constant Prices,2014Q4,"Agriculture, Forestry and Fishing",298.3652192
Compensation of Employees at Constant Prices,2014Q4,Industry (excl. Construction),3800.2400486
Compensation of Employees at Constant Prices,2014Q4,Industry - of which Manufacturing,3609.7009083
Compensation of Employees at Constant Prices,2014Q4,Construction,980.0662124
Compensation of Employees at Constant Prices,2014Q4,"Distribution, Transport, Hotels and Restaurants",5678.2325941
Compensation of Employees at Constant Prices,2014Q4,Information and Communication,2166.6128588
Compensation of Employees at Constant Prices,2014Q4,Financial and Insurance Activities,1957.7630856
Compensation of Employees at Constant Prices,2014Q4,Real Estate Activities,318.6504502
Compensation of Employees at Constant Prices,2014Q4,"Professional, Admin and Support Services",3578.7772375
Compensation of Employees at Constant Prices,2014Q4,"Public Admin, Education and Health",7392.3384078
Compensation of Employees at Constant Prices,2014Q4,"Arts, Entertainment and Other Services",702.0911248
Compensation of Employees at Constant Prices,2014Q4,All Sectors,26782.1771489
Compensation of Employees at Constant Prices,2015Q1,"Agriculture, Forestry and Fishing",303.374154
Compensation of Employees at Constant Prices,2015Q1,Industry (excl. Construction),3890.1003113
Compensation of Employees at Constant Prices,2015Q1,Industry - of which Manufacturing,3675.4204946
Compensation of Employees at Constant Prices,2015Q1,Construction,1024.8622512
Compensation of Employees at Constant Prices,2015Q1,"Distribution, Transport, Hotels and Restaurants",5538.9386626
Compensation of Employees at Constant Prices,2015Q1,Information and Communication,2223.6571235
Compensation of Employees at Constant Prices,2015Q1,Financial and Insurance Activities,1959.6834391
Compensation of Employees at Constant Prices,2015Q1,Real Estate Activities,310.3662168
Compensation of Employees at Constant Prices,2015Q1,"Professional, Admin and Support Services",3335.5289951
Compensation of Employees at Constant Prices,2015Q1,"Public Admin, Education and Health",7371.8214644
Compensation of Employees at Constant Prices,2015Q1,"Arts, Entertainment and Other Services",747.9639118
Compensation of Employees at Constant Prices,2015Q1,All Sectors,26621.6577277
Compensation of Employees at Constant Prices,2015Q2,"Agriculture, Forestry and Fishing",337.7371811
Compensation of Employees at Constant Prices,2015Q2,Industry (excl. Construction),3903.0045362
Compensation of Employees at Constant Prices,2015Q2,Industry - of which Manufacturing,3695.7771253
Compensation of Employees at Constant Prices,2015Q2,Construction,1094.184219
Compensation of Employees at Constant Prices,2015Q2,"Distribution, Transport, Hotels and Restaurants",5696.2333855
Compensation of Employees at Constant Prices,2015Q2,Information and Communication,2222.9465265
Compensation of Employees at Constant Prices,2015Q2,Financial and Insurance Activities,1965.0246406
Compensation of Employees at Constant Prices,2015Q2,Real Estate Activities,309.4076097
Compensation of Employees at Constant Prices,2015Q2,"Professional, Admin and Support Services",3652.09219
Compensation of Employees at Constant Prices,2015Q2,"Public Admin, Education and Health",7196.6395259
Compensation of Employees at Constant Prices,2015Q2,"Arts, Entertainment and Other Services",780.0168393
Compensation of Employees at Constant Prices,2015Q2,All Sectors,26980.3538623
Compensation of Employees at Constant Prices,2015Q3,"Agriculture, Forestry and Fishing",316.4496646
Compensation of Employees at Constant Prices,2015Q3,Industry (excl. Construction),4015.775435
Compensation of Employees at Constant Prices,2015Q3,Industry - of which Manufacturing,3770.227865
Compensation of Employees at Constant Prices,2015Q3,Construction,1143.044342
Compensation of Employees at Constant Prices,2015Q3,"Distribution, Transport, Hotels and Restaurants",5719.4997531
Compensation of Employees at Constant Prices,2015Q3,Information and Communication,2256.2030556
Compensation of Employees at Constant Prices,2015Q3,Financial and Insurance Activities,1946.5281426
Compensation of Employees at Constant Prices,2015Q3,Real Estate Activities,269.8181983
Compensation of Employees at Constant Prices,2015Q3,"Professional, Admin and Support Services",3890.3896604
Compensation of Employees at Constant Prices,2015Q3,"Public Admin, Education and Health",6523.0353317
Compensation of Employees at Constant Prices,2015Q3,"Arts, Entertainment and Other Services",794.8496503
Compensation of Employees at Constant Prices,2015Q3,All Sectors,26561.0102738
Compensation of Employees at Constant Prices,2015Q4,"Agriculture, Forestry and Fishing",280.8912853
Compensation of Employees at Constant Prices,2015Q4,Industry (excl. Construction),3772.7083363
Compensation of Employees at Constant Prices,2015Q4,Industry - of which Manufacturing,3567.2743817
Compensation of Employees at Constant Prices,2015Q4,Construction,1091.5546299
Compensation of Employees at Constant Prices,2015Q4,"Distribution, Transport, Hotels and Restaurants",5938.4738833
Compensation of Employees at Constant Prices,2015Q4,Information and Communication,2208.8128384
Compensation of Employees at Constant Prices,2015Q4,Financial and Insurance Activities,1883.7783435
Compensation of Employees at Constant Prices,2015Q4,Real Estate Activities,233.9454617
Compensation of Employees at Constant Prices,2015Q4,"Professional, Admin and Support Services",3563.5946099
Compensation of Employees at Constant Prices,2015Q4,"Public Admin, Education and Health",7298.6875108
Compensation of Employees at Constant Prices,2015Q4,"Arts, Entertainment and Other Services",766.3217555
Compensation of Employees at Constant Prices,2015Q4,All Sectors,26914.6429605
Compensation of Employees at Constant Prices,2016Q1,"Agriculture, Forestry and Fishing",306.5407414
Compensation of Employees at Constant Prices,2016Q1,Industry (excl. Construction),4128.841218
Compensation of Employees at Constant Prices,2016Q1,Industry - of which Manufacturing,3839.7636854
Compensation of Employees at Constant Prices,2016Q1,Construction,1192.9372801
Compensation of Employees at Constant Prices,2016Q1,"Distribution, Transport, Hotels and Restaurants",5937.8323787
Compensation of Employees at Constant Prices,2016Q1,Information and Communication,2360.4424887
Compensation of Employees at Constant Prices,2016Q1,Financial and Insurance Activities,2049.0176968
Compensation of Employees at Constant Prices,2016Q1,Real Estate Activities,258.922641
Compensation of Employees at Constant Prices,2016Q1,"Professional, Admin and Support Services",3702.7857505
Compensation of Employees at Constant Prices,2016Q1,"Public Admin, Education and Health",7397.8097421
Compensation of Employees at Constant Prices,2016Q1,"Arts, Entertainment and Other Services",826.4757796
Compensation of Employees at Constant Prices,2016Q1,All Sectors,27986.1953
Compensation of Employees at Constant Prices,2016Q2,"Agriculture, Forestry and Fishing",372.6184682
Compensation of Employees at Constant Prices,2016Q2,Industry (excl. Construction),4268.0133439
Compensation of Employees at Constant Prices,2016Q2,Industry - of which Manufacturing,4042.8313455
Compensation of Employees at Constant Prices,2016Q2,Construction,1321.8989134
Compensation of Employees at Constant Prices,2016Q2,"Distribution, Transport, Hotels and Restaurants",5976.484587
Compensation of Employees at Constant Prices,2016Q2,Information and Communication,2344.6112606
Compensation of Employees at Constant Prices,2016Q2,Financial and Insurance Activities,2155.7097664
Compensation of Employees at Constant Prices,2016Q2,Real Estate Activities,310.4055237
Compensation of Employees at Constant Prices,2016Q2,"Professional, Admin and Support Services",3822.4603649
Compensation of Employees at Constant Prices,2016Q2,"Public Admin, Education and Health",7686.5833514
Compensation of Employees at Constant Prices,2016Q2,"Arts, Entertainment and Other Services",839.5419583
Compensation of Employees at Constant Prices,2016Q2,All Sectors,28914.0926084
Compensation of Employees at Constant Prices,2016Q3,"Agriculture, Forestry and Fishing",340.7394763
Compensation of Employees at Constant Prices,2016Q3,Industry (excl. Construction),4309.0522992
Compensation of Employees at Constant Prices,2016Q3,Industry - of which Manufacturing,4064.8750949
Compensation of Employees at Constant Prices,2016Q3,Construction,1324.1740317
Compensation of Employees at Constant Prices,2016Q3,"Distribution, Transport, Hotels and Restaurants",6199.3849564
Compensation of Employees at Constant Prices,2016Q3,Information and Communication,2343.7610739
Compensation of Employees at Constant Prices,2016Q3,Financial and Insurance Activities,2054.1672663
Compensation of Employees at Constant Prices,2016Q3,Real Estate Activities,276.1461726
Compensation of Employees at Constant Prices,2016Q3,"Professional, Admin and Support Services",3881.6172508
Compensation of Employees at Constant Prices,2016Q3,"Public Admin, Education and Health",6698.1033139
Compensation of Employees at Constant Prices,2016Q3,"Arts, Entertainment and Other Services",830.6949004
Compensation of Employees at Constant Prices,2016Q3,All Sectors,27933.0843939
Compensation of Employees at Constant Prices,2016Q4,"Agriculture, Forestry and Fishing",313.4781759
Compensation of Employees at Constant Prices,2016Q4,Industry (excl. Construction),4143.2412242
Compensation of Employees at Constant Prices,2016Q4,Industry - of which Manufacturing,3949.222271
Compensation of Employees at Constant Prices,2016Q4,Construction,1294.3724102
Compensation of Employees at Constant Prices,2016Q4,"Distribution, Transport, Hotels and Restaurants",6130.9433072
Compensation of Employees at Constant Prices,2016Q4,Information and Communication,2243.8081007
Compensation of Employees at Constant Prices,2016Q4,Financial and Insurance Activities,1999.4957554
Compensation of Employees at Constant Prices,2016Q4,Real Estate Activities,283.9081949
Compensation of Employees at Constant Prices,2016Q4,"Professional, Admin and Support Services",3799.6135328
Compensation of Employees at Constant Prices,2016Q4,"Public Admin, Education and Health",7585.9496566
Compensation of Employees at Constant Prices,2016Q4,"Arts, Entertainment and Other Services",793.091504
Compensation of Employees at Constant Prices,2016Q4,All Sectors,28406.5567636
Compensation of Employees at Constant Prices,2017Q1,"Agriculture, Forestry and Fishing",307.5113292
Compensation of Employees at Constant Prices,2017Q1,Industry (excl. Construction),4440.2105708
Compensation of Employees at Constant Prices,2017Q1,Industry - of which Manufacturing,4119.1673588
Compensation of Employees at Constant Prices,2017Q1,Construction,1430.2199956
Compensation of Employees at Constant Prices,2017Q1,"Distribution, Transport, Hotels and Restaurants",6347.024105
Compensation of Employees at Constant Prices,2017Q1,Information and Communication,2489.7511028
Compensation of Employees at Constant Prices,2017Q1,Financial and Insurance Activities,2169.5813671
Compensation of Employees at Constant Prices,2017Q1,Real Estate Activities,305.6088879
Compensation of Employees at Constant Prices,2017Q1,"Professional, Admin and Support Services",3982.0771119
Compensation of Employees at Constant Prices,2017Q1,"Public Admin, Education and Health",7903.8083939
Compensation of Employees at Constant Prices,2017Q1,"Arts, Entertainment and Other Services",821.4909061
Compensation of Employees at Constant Prices,2017Q1,All Sectors,29996.0259689
Compensation of Employees at Constant Prices,2017Q2,"Agriculture, Forestry and Fishing",344.3200059
Compensation of Employees at Constant Prices,2017Q2,Industry (excl. Construction),4340.6433201
Compensation of Employees at Constant Prices,2017Q2,Industry - of which Manufacturing,4023.6549231
Compensation of Employees at Constant Prices,2017Q2,Construction,1399.5632597
Compensation of Employees at Constant Prices,2017Q2,"Distribution, Transport, Hotels and Restaurants",6321.0633934
Compensation of Employees at Constant Prices,2017Q2,Information and Communication,2399.3670033
Compensation of Employees at Constant Prices,2017Q2,Financial and Insurance Activities,1998.6511892
Compensation of Employees at Constant Prices,2017Q2,Real Estate Activities,280.2332932
Compensation of Employees at Constant Prices,2017Q2,"Professional, Admin and Support Services",4040.2112745
Compensation of Employees at Constant Prices,2017Q2,"Public Admin, Education and Health",7742.3981034
Compensation of Employees at Constant Prices,2017Q2,"Arts, Entertainment and Other Services",838.5910384
Compensation of Employees at Constant Prices,2017Q2,All Sectors,29457.0428379
Compensation of Employees at Constant Prices,2017Q3,"Agriculture, Forestry and Fishing",328.4949421
Compensation of Employees at Constant Prices,2017Q3,Industry (excl. Construction),4651.2840858
Compensation of Employees at Constant Prices,2017Q3,Industry - of which Manufacturing,4280.2663149
Compensation of Employees at Constant Prices,2017Q3,Construction,1466.7615014
Compensation of Employees at Constant Prices,2017Q3,"Distribution, Transport, Hotels and Restaurants",6413.0196251
Compensation of Employees at Constant Prices,2017Q3,Information and Communication,2682.7159092
Compensation of Employees at Constant Prices,2017Q3,Financial and Insurance Activities,2157.6714007
Compensation of Employees at Constant Prices,2017Q3,Real Estate Activities,277.7095577
Compensation of Employees at Constant Prices,2017Q3,"Professional, Admin and Support Services",4014.1258087
Compensation of Employees at Constant Prices,2017Q3,"Public Admin, Education and Health",7339.0277259
Compensation of Employees at Constant Prices,2017Q3,"Arts, Entertainment and Other Services",872.68113
Compensation of Employees at Constant Prices,2017Q3,All Sectors,29882.2217185
Compensation of Employees at Constant Prices,2017Q4,"Agriculture, Forestry and Fishing",291.3861378
Compensation of Employees at Constant Prices,2017Q4,Industry (excl. Construction),4388.6974583
Compensation of Employees at Constant Prices,2017Q4,Industry - of which Manufacturing,4086.8156428
Compensation of Employees at Constant Prices,2017Q4,Construction,1488.7384666
Compensation of Employees at Constant Prices,2017Q4,"Distribution, Transport, Hotels and Restaurants",6464.0252117
Compensation of Employees at Constant Prices,2017Q4,Information and Communication,2485.0055077
Compensation of Employees at Constant Prices,2017Q4,Financial and Insurance Activities,2023.8536968
Compensation of Employees at Constant Prices,2017Q4,Real Estate Activities,265.6491552
Compensation of Employees at Constant Prices,2017Q4,"Professional, Admin and Support Services",3905.9728513
Compensation of Employees at Constant Prices,2017Q4,"Public Admin, Education and Health",8207.5671813
Compensation of Employees at Constant Prices,2017Q4,"Arts, Entertainment and Other Services",851.055629
Compensation of Employees at Constant Prices,2017Q4,All Sectors,30184.1143389
Compensation of Employees at Constant Prices,2018Q1,"Agriculture, Forestry and Fishing",301.0978093
Compensation of Employees at Constant Prices,2018Q1,Industry (excl. Construction),4417.9060802
Compensation of Employees at Constant Prices,2018Q1,Industry - of which Manufacturing,4103.6319185
Compensation of Employees at Constant Prices,2018Q1,Construction,1544.305061
Compensation of Employees at Constant Prices,2018Q1,"Distribution, Transport, Hotels and Restaurants",6231.3348798
Compensation of Employees at Constant Prices,2018Q1,Information and Communication,2647.1331518
Compensation of Employees at Constant Prices,2018Q1,Financial and Insurance Activities,2034.700857
Compensation of Employees at Constant Prices,2018Q1,Real Estate Activities,246.8888665
Compensation of Employees at Constant Prices,2018Q1,"Professional, Admin and Support Services",4069.4535466
Compensation of Employees at Constant Prices,2018Q1,"Public Admin, Education and Health",8227.4660168
Compensation of Employees at Constant Prices,2018Q1,"Arts, Entertainment and Other Services",876.0061754
Compensation of Employees at Constant Prices,2018Q1,All Sectors,30366.4495641
Compensation of Employees at Constant Prices,2018Q2,"Agriculture, Forestry and Fishing",322.2115296
Compensation of Employees at Constant Prices,2018Q2,Industry (excl. Construction),4537.4255953
Compensation of Employees at Constant Prices,2018Q2,Industry - of which Manufacturing,4209.5495429
Compensation of Employees at Constant Prices,2018Q2,Construction,1709.062244
Compensation of Employees at Constant Prices,2018Q2,"Distribution, Transport, Hotels and Restaurants",6647.2552192
Compensation of Employees at Constant Prices,2018Q2,Information and Communication,2655.8169465
Compensation of Employees at Constant Prices,2018Q2,Financial and Insurance Activities,2123.8040662
Compensation of Employees at Constant Prices,2018Q2,Real Estate Activities,294.9457737
Compensation of Employees at Constant Prices,2018Q2,"Professional, Admin and Support Services",4494.1752361
Compensation of Employees at Constant Prices,2018Q2,"Public Admin, Education and Health",8691.7265967
Compensation of Employees at Constant Prices,2018Q2,"Arts, Entertainment and Other Services",868.5685898
Compensation of Employees at Constant Prices,2018Q2,All Sectors,32107.5781989
Compensation of Employees at Constant Prices,2018Q3,"Agriculture, Forestry and Fishing",315.5304547
Compensation of Employees at Constant Prices,2018Q3,Industry (excl. Construction),4605.7237447
Compensation of Employees at Constant Prices,2018Q3,Industry - of which Manufacturing,4307.1873798
Compensation of Employees at Constant Prices,2018Q3,Construction,1738.6591884
Compensation of Employees at Constant Prices,2018Q3,"Distribution, Transport, Hotels and Restaurants",6633.7962553
Compensation of Employees at Constant Prices,2018Q3,Information and Communication,2826.3972318
Compensation of Employees at Constant Prices,2018Q3,Financial and Insurance Activities,1948.978569
Compensation of Employees at Constant Prices,2018Q3,Real Estate Activities,238.0584947
Compensation of Employees at Constant Prices,2018Q3,"Professional, Admin and Support Services",4371.4682523
Compensation of Employees at Constant Prices,2018Q3,"Public Admin, Education and Health",7670.856457
Compensation of Employees at Constant Prices,2018Q3,"Arts, Entertainment and Other Services",937.4544301
Compensation of Employees at Constant Prices,2018Q3,All Sectors,30902.9945421
Compensation of Employees at Constant Prices,2018Q4,"Agriculture, Forestry and Fishing",294.2270668
Compensation of Employees at Constant Prices,2018Q4,Industry (excl. Construction),4313.469363
Compensation of Employees at Constant Prices,2018Q4,Industry - of which Manufacturing,4013.2933455
Compensation of Employees at Constant Prices,2018Q4,Construction,1597.1614693
Compensation of Employees at Constant Prices,2018Q4,"Distribution, Transport, Hotels and Restaurants",6769.1259378
Compensation of Employees at Constant Prices,2018Q4,Information and Communication,2600.1000239
Compensation of Employees at Constant Prices,2018Q4,Financial and Insurance Activities,1994.7133586
Compensation of Employees at Constant Prices,2018Q4,Real Estate Activities,312.2586083
Compensation of Employees at Constant Prices,2018Q4,"Professional, Admin and Support Services",4313.9034525
Compensation of Employees at Constant Prices,2018Q4,"Public Admin, Education and Health",8932.9491115
Compensation of Employees at Constant Prices,2018Q4,"Arts, Entertainment and Other Services",873.3569568
Compensation of Employees at Constant Prices,2018Q4,All Sectors,31807.9542802
Compensation of Employees at Constant Prices,2019Q1,"Agriculture, Forestry and Fishing",311.0248256
Compensation of Employees at Constant Prices,2019Q1,Industry (excl. Construction),4679.4529277
Compensation of Employees at Constant Prices,2019Q1,Industry - of which Manufacturing,4323.8597287
Compensation of Employees at Constant Prices,2019Q1,Construction,1619.5504243
Compensation of Employees at Constant Prices,2019Q1,"Distribution, Transport, Hotels and Restaurants",6733.9208059
Compensation of Employees at Constant Prices,2019Q1,Information and Communication,2733.1421764
Compensation of Employees at Constant Prices,2019Q1,Financial and Insurance Activities,2201.5307097
Compensation of Employees at Constant Prices,2019Q1,Real Estate Activities,280.0018676
Compensation of Employees at Constant Prices,2019Q1,"Professional, Admin and Support Services",4610.3281464
Compensation of Employees at Constant Prices,2019Q1,"Public Admin, Education and Health",9156.0210838
Compensation of Employees at Constant Prices,2019Q1,"Arts, Entertainment and Other Services",814.4014787
Compensation of Employees at Constant Prices,2019Q1,All Sectors,32945.9026241
Compensation of Employees at Constant Prices,2019Q2,"Agriculture, Forestry and Fishing",326.6167756
Compensation of Employees at Constant Prices,2019Q2,Industry (excl. Construction),4621.3379995
Compensation of Employees at Constant Prices,2019Q2,Industry - of which Manufacturing,4211.0037187
Compensation of Employees at Constant Prices,2019Q2,Construction,1750.0653634
Compensation of Employees at Constant Prices,2019Q2,"Distribution, Transport, Hotels and Restaurants",6692.6260022
Compensation of Employees at Constant Prices,2019Q2,Information and Communication,2838.2715489
Compensation of Employees at Constant Prices,2019Q2,Financial and Insurance Activities,2266.2251834
Compensation of Employees at Constant Prices,2019Q2,Real Estate Activities,311.553927
Compensation of Employees at Constant Prices,2019Q2,"Professional, Admin and Support Services",4620.9982115
Compensation of Employees at Constant Prices,2019Q2,"Public Admin, Education and Health",9063.0858075
Compensation of Employees at Constant Prices,2019Q2,"Arts, Entertainment and Other Services",874.0620772
Compensation of Employees at Constant Prices,2019Q2,All Sectors,33151.2955848
Compensation of Employees at Constant Prices,2019Q3,"Agriculture, Forestry and Fishing",289.8080973
Compensation of Employees at Constant Prices,2019Q3,Industry (excl. Construction),4760.9756183
Compensation of Employees at Constant Prices,2019Q3,Industry - of which Manufacturing,4434.4413938
Compensation of Employees at Constant Prices,2019Q3,Construction,1751.3409486
Compensation of Employees at Constant Prices,2019Q3,"Distribution, Transport, Hotels and Restaurants",6656.7942147
Compensation of Employees at Constant Prices,2019Q3,Information and Communication,3017.5587527
Compensation of Employees at Constant Prices,2019Q3,Financial and Insurance Activities,2271.1824036
Compensation of Employees at Constant Prices,2019Q3,Real Estate Activities,274.0541273
Compensation of Employees at Constant Prices,2019Q3,"Professional, Admin and Support Services",4452.8206465
Compensation of Employees at Constant Prices,2019Q3,"Public Admin, Education and Health",8324.4563728
Compensation of Employees at Constant Prices,2019Q3,"Arts, Entertainment and Other Services",844.2727576
Compensation of Employees at Constant Prices,2019Q3,All Sectors,32405.8619736
Compensation of Employees at Constant Prices,2019Q4,"Agriculture, Forestry and Fishing",319.4767432
Compensation of Employees at Constant Prices,2019Q4,Industry (excl. Construction),4514.9379527
Compensation of Employees at Constant Prices,2019Q4,Industry - of which Manufacturing,4215.0022103
Compensation of Employees at Constant Prices,2019Q4,Construction,1738.9900517
Compensation of Employees at Constant Prices,2019Q4,"Distribution, Transport, Hotels and Restaurants",6581.0022602
Compensation of Employees at Constant Prices,2019Q4,Information and Communication,2801.5024052
Compensation of Employees at Constant Prices,2019Q4,Financial and Insurance Activities,2224.4791716
Compensation of Employees at Constant Prices,2019Q4,Real Estate Activities,264.9864344
Compensation of Employees at Constant Prices,2019Q4,"Professional, Admin and Support Services",4478.9591214
Compensation of Employees at Constant Prices,2019Q4,"Public Admin, Education and Health",9282.527961
Compensation of Employees at Constant Prices,2019Q4,"Arts, Entertainment and Other Services",838.7271062
Compensation of Employees at Constant Prices,2019Q4,All Sectors,32854.7466463
Compensation of Employees at Constant Prices,2020Q1,"Agriculture, Forestry and Fishing",329.7829621
Compensation of Employees at Constant Prices,2020Q1,Industry (excl. Construction),4596.3313871
Compensation of Employees at Constant Prices,2020Q1,Industry - of which Manufacturing,4316.748963
Compensation of Employees at Constant Prices,2020Q1,Construction,1663.5440577
Compensation of Employees at Constant Prices,2020Q1,"Distribution, Transport, Hotels and Restaurants",6600.7144826
Compensation of Employees at Constant Prices,2020Q1,Information and Communication,2862.5815001
Compensation of Employees at Constant Prices,2020Q1,Financial and Insurance Activities,2365.8927581
Compensation of Employees at Constant Prices,2020Q1,Real Estate Activities,284.4953406
Compensation of Employees at Constant Prices,2020Q1,"Professional, Admin and Support Services",4725.8028088
Compensation of Employees at Constant Prices,2020Q1,"Public Admin, Education and Health",9120.9857286
Compensation of Employees at Constant Prices,2020Q1,"Arts, Entertainment and Other Services",815.7851882
Compensation of Employees at Constant Prices,2020Q1,All Sectors,33196.3045064
Compensation of Employees at Constant Prices,2020Q2,"Agriculture, Forestry and Fishing",253.9033891
Compensation of Employees at Constant Prices,2020Q2,Industry (excl. Construction),4201.5451349
Compensation of Employees at Constant Prices,2020Q2,Industry - of which Manufacturing,3932.1737007
Compensation of Employees at Constant Prices,2020Q2,Construction,923.0019204
Compensation of Employees at Constant Prices,2020Q2,"Distribution, Transport, Hotels and Restaurants",4738.4518714
Compensation of Employees at Constant Prices,2020Q2,Information and Communication,2963.8600962
Compensation of Employees at Constant Prices,2020Q2,Financial and Insurance Activities,2634.4277484
Compensation of Employees at Constant Prices,2020Q2,Real Estate Activities,270.8734684
Compensation of Employees at Constant Prices,2020Q2,"Professional, Admin and Support Services",4284.8142527
Compensation of Employees at Constant Prices,2020Q2,"Public Admin, Education and Health",8497.569508
Compensation of Employees at Constant Prices,2020Q2,"Arts, Entertainment and Other Services",398.7696315
Compensation of Employees at Constant Prices,2020Q2,All Sectors,29262.7248837
Compensation of Employees at Constant Prices,2020Q3,"Agriculture, Forestry and Fishing",295.4430372
Compensation of Employees at Constant Prices,2020Q3,Industry (excl. Construction),4907.0354541
Compensation of Employees at Constant Prices,2020Q3,Industry - of which Manufacturing,4557.1505648
Compensation of Employees at Constant Prices,2020Q3,Construction,1656.0450486
Compensation of Employees at Constant Prices,2020Q3,"Distribution, Transport, Hotels and Restaurants",6365.9042474
Compensation of Employees at Constant Prices,2020Q3,Information and Communication,2919.6412528
Compensation of Employees at Constant Prices,2020Q3,Financial and Insurance Activities,2372.0435306
Compensation of Employees at Constant Prices,2020Q3,Real Estate Activities,300.7852194
Compensation of Employees at Constant Prices,2020Q3,"Professional, Admin and Support Services",4560.7503911
Compensation of Employees at Constant Prices,2020Q3,"Public Admin, Education and Health",8147.1576407
Compensation of Employees at Constant Prices,2020Q3,"Arts, Entertainment and Other Services",818.4395869
Compensation of Employees at Constant Prices,2020Q3,All Sectors,32161.0488615
Compensation of Employees at Constant Prices,2020Q4,"Agriculture, Forestry and Fishing",306.883996
Compensation of Employees at Constant Prices,2020Q4,Industry (excl. Construction),4805.3364392
Compensation of Employees at Constant Prices,2020Q4,Industry - of which Manufacturing,4577.2239204
Compensation of Employees at Constant Prices,2020Q4,Construction,1579.9237908
Compensation of Employees at Constant Prices,2020Q4,"Distribution, Transport, Hotels and Restaurants",5891.9764743
Compensation of Employees at Constant Prices,2020Q4,Information and Communication,3042.0630944
Compensation of Employees at Constant Prices,2020Q4,Financial and Insurance Activities,2295.5014585
Compensation of Employees at Constant Prices,2020Q4,Real Estate Activities,277.8504534
Compensation of Employees at Constant Prices,2020Q4,"Professional, Admin and Support Services",4170.8542338
Compensation of Employees at Constant Prices,2020Q4,"Public Admin, Education and Health",9136.171559
Compensation of Employees at Constant Prices,2020Q4,"Arts, Entertainment and Other Services",535.116812
Compensation of Employees at Constant Prices,2020Q4,All Sectors,31913.8735625
Compensation of Employees at Constant Prices,2021Q1,"Agriculture, Forestry and Fishing",326.1278707
Compensation of Employees at Constant Prices,2021Q1,Industry (excl. Construction),4974.3329947
Compensation of Employees at Constant Prices,2021Q1,Industry - of which Manufacturing,4775.5078171
Compensation of Employees at Constant Prices,2021Q1,Construction,1246.674623
Compensation of Employees at Constant Prices,2021Q1,"Distribution, Transport, Hotels and Restaurants",5384.4426013
Compensation of Employees at Constant Prices,2021Q1,Information and Communication,3270.0332604
Compensation of Employees at Constant Prices,2021Q1,Financial and Insurance Activities,2464.7264305
Compensation of Employees at Constant Prices,2021Q1,Real Estate Activities,241.6512064
Compensation of Employees at Constant Prices,2021Q1,"Professional, Admin and Support Services",4391.8249792
Compensation of Employees at Constant Prices,2021Q1,"Public Admin, Education and Health",9589.9667553
Compensation of Employees at Constant Prices,2021Q1,"Arts, Entertainment and Other Services",487.4732979
Compensation of Employees at Constant Prices,2021Q1,All Sectors,32350.0844047
Compensation of Employees at Constant Prices,2021Q2,"Agriculture, Forestry and Fishing",349.050592
Compensation of Employees at Constant Prices,2021Q2,Industry (excl. Construction),4967.52311
Compensation of Employees at Constant Prices,2021Q2,Industry - of which Manufacturing,4693.0100741
Compensation of Employees at Constant Prices,2021Q2,Construction,1519.6684302
Compensation of Employees at Constant Prices,2021Q2,"Distribution, Transport, Hotels and Restaurants",5963.4752397
Compensation of Employees at Constant Prices,2021Q2,Information and Communication,3258.2809997
Compensation of Employees at Constant Prices,2021Q2,Financial and Insurance Activities,2605.9651579
Compensation of Employees at Constant Prices,2021Q2,Real Estate Activities,301.4387967
Compensation of Employees at Constant Prices,2021Q2,"Professional, Admin and Support Services",4805.7935481
Compensation of Employees at Constant Prices,2021Q2,"Public Admin, Education and Health",10037.639326
Compensation of Employees at Constant Prices,2021Q2,"Arts, Entertainment and Other Services",663.6471059
Compensation of Employees at Constant Prices,2021Q2,All Sectors,34425.2169923
Compensation of Employees at Constant Prices,2021Q3,"Agriculture, Forestry and Fishing",314.1038405
Compensation of Employees at Constant Prices,2021Q3,Industry (excl. Construction),4610.3138234
Compensation of Employees at Constant Prices,2021Q3,Industry - of which Manufacturing,4277.5621163
Compensation of Employees at Constant Prices,2021Q3,Construction,1740.0011785
Compensation of Employees at Constant Prices,2021Q3,"Distribution, Transport, Hotels and Restaurants",6689.1959037
Compensation of Employees at Constant Prices,2021Q3,Information and Communication,3348.4981253
Compensation of Employees at Constant Prices,2021Q3,Financial and Insurance Activities,2396.5703919
Compensation of Employees at Constant Prices,2021Q3,Real Estate Activities,403.5037528
Compensation of Employees at Constant Prices,2021Q3,"Professional, Admin and Support Services",4833.6099815
Compensation of Employees at Constant Prices,2021Q3,"Public Admin, Education and Health",8893.6091317
Compensation of Employees at Constant Prices,2021Q3,"Arts, Entertainment and Other Services",838.7345194
Compensation of Employees at Constant Prices,2021Q3,All Sectors,33903.4894468
Compensation of Employees at Constant Prices,2021Q4,"Agriculture, Forestry and Fishing",321.8100259
Compensation of Employees at Constant Prices,2021Q4,Industry (excl. Construction),4628.9565062
Compensation of Employees at Constant Prices,2021Q4,Industry - of which Manufacturing,4332.4064987
Compensation of Employees at Constant Prices,2021Q4,Construction,1793.346841
Compensation of Employees at Constant Prices,2021Q4,"Distribution, Transport, Hotels and Restaurants",6457.424321
Compensation of Employees at Constant Prices,2021Q4,Information and Communication,3706.9758185
Compensation of Employees at Constant Prices,2021Q4,Financial and Insurance Activities,2599.7867636
Compensation of Employees at Constant Prices,2021Q4,Real Estate Activities,345.7313218
Compensation of Employees at Constant Prices,2021Q4,"Professional, Admin and Support Services",4934.6662513
Compensation of Employees at Constant Prices,2021Q4,"Public Admin, Education and Health",9953.9825201
Compensation of Employees at Constant Prices,2021Q4,"Arts, Entertainment and Other Services",833.8869388
Compensation of Employees at Constant Prices,2021Q4,All Sectors,35480.9820045
Compensation of Employees at Constant Prices,2022Q1,"Agriculture, Forestry and Fishing",303.9004042
Compensation of Employees at Constant Prices,2022Q1,Industry (excl. Construction),5088.7503026
Compensation of Employees at Constant Prices,2022Q1,Industry - of which Manufacturing,4735.3682613
Compensation of Employees at Constant Prices,2022Q1,Construction,1932.7546852
Compensation of Employees at Constant Prices,2022Q1,"Distribution, Transport, Hotels and Restaurants",6785.6416141
Compensation of Employees at Constant Prices,2022Q1,Information and Communication,3953.5789717
Compensation of Employees at Constant Prices,2022Q1,Financial and Insurance Activities,2756.0914392
Compensation of Employees at Constant Prices,2022Q1,Real Estate Activities,440.7892212
Compensation of Employees at Constant Prices,2022Q1,"Professional, Admin and Support Services",5086.6857523
Compensation of Employees at Constant Prices,2022Q1,"Public Admin, Education and Health",10390.1743918
Compensation of Employees at Constant Prices,2022Q1,"Arts, Entertainment and Other Services",812.6607464
Compensation of Employees at Constant Prices,2022Q1,All Sectors,37453.5329339
Compensation of Employees at Constant Prices,2022Q2,"Agriculture, Forestry and Fishing",321.3135159
Compensation of Employees at Constant Prices,2022Q2,Industry (excl. Construction),5294.3770568
Compensation of Employees at Constant Prices,2022Q2,Industry - of which Manufacturing,4902.9474908
Compensation of Employees at Constant Prices,2022Q2,Construction,1988.296564
Compensation of Employees at Constant Prices,2022Q2,"Distribution, Transport, Hotels and Restaurants",7033.8447706
Compensation of Employees at Constant Prices,2022Q2,Information and Communication,3877.0263419
Compensation of Employees at Constant Prices,2022Q2,Financial and Insurance Activities,2745.4276547
Compensation of Employees at Constant Prices,2022Q2,Real Estate Activities,302.2444729
Compensation of Employees at Constant Prices,2022Q2,"Professional, Admin and Support Services",5060.037252
Compensation of Employees at Constant Prices,2022Q2,"Public Admin, Education and Health",10184.3449553
Compensation of Employees at Constant Prices,2022Q2,"Arts, Entertainment and Other Services",784.2689024
Compensation of Employees at Constant Prices,2022Q2,All Sectors,37507.2455992
Compensation of Employees at Constant Prices,2022Q3,"Agriculture, Forestry and Fishing",281.0083727
Compensation of Employees at Constant Prices,2022Q3,Industry (excl. Construction),5412.5345646
Compensation of Employees at Constant Prices,2022Q3,Industry - of which Manufacturing,4982.1178471
Compensation of Employees at Constant Prices,2022Q3,Construction,2089.7715773
Compensation of Employees at Constant Prices,2022Q3,"Distribution, Transport, Hotels and Restaurants",6767.9586396
Compensation of Employees at Constant Prices,2022Q3,Information and Communication,3768.9857429
Compensation of Employees at Constant Prices,2022Q3,Financial and Insurance Activities,2646.1169485
Compensation of Employees at Constant Prices,2022Q3,Real Estate Activities,304.3867176
Compensation of Employees at Constant Prices,2022Q3,"Professional, Admin and Support Services",4924.0117706
Compensation of Employees at Constant Prices,2022Q3,"Public Admin, Education and Health",9470.7650511
Compensation of Employees at Constant Prices,2022Q3,"Arts, Entertainment and Other Services",806.8840709
Compensation of Employees at Constant Prices,2022Q3,All Sectors,36382.0700867
Compensation of Employees at Constant Prices,2022Q4,"Agriculture, Forestry and Fishing",308.7031995
Compensation of Employees at Constant Prices,2022Q4,Industry (excl. Construction),5158.3002148
Compensation of Employees at Constant Prices,2022Q4,Industry - of which Manufacturing,4765.5913902
Compensation of Employees at Constant Prices,2022Q4,Construction,1962.8642011
Compensation of Employees at Constant Prices,2022Q4,"Distribution, Transport, Hotels and Restaurants",6956.9358313
Compensation of Employees at Constant Prices,2022Q4,Information and Communication,3743.2584721
Compensation of Employees at Constant Prices,2022Q4,Financial and Insurance Activities,2740.1557603
Compensation of Employees at Constant Prices,2022Q4,Real Estate Activities,344.4940375
Compensation of Employees at Constant Prices,2022Q4,"Professional, Admin and Support Services",4863.7520492
Compensation of Employees at Constant Prices,2022Q4,"Public Admin, Education and Health",10218.3733334
Compensation of Employees at Constant Prices,2022Q4,"Arts, Entertainment and Other Services",798.1725258
Compensation of Employees at Constant Prices,2022Q4,All Sectors,37007.7376195
Compensation of Employees at Constant Prices,2023Q1,"Agriculture, Forestry and Fishing",291.3031956
Compensation of Employees at Constant Prices,2023Q1,Industry (excl. Construction),5477.6415796
Compensation of Employees at Constant Prices,2023Q1,Industry - of which Manufacturing,5145.5715464
Compensation of Employees at Constant Prices,2023Q1,Construction,1958.2559581
Compensation of Employees at Constant Prices,2023Q1,"Distribution, Transport, Hotels and Restaurants",7101.9837647
Compensation of Employees at Constant Prices,2023Q1,Information and Communication,3982.2921517
Compensation of Employees at Constant Prices,2023Q1,Financial and Insurance Activities,2786.5405934
Compensation of Employees at Constant Prices,2023Q1,Real Estate Activities,321.1455799
Compensation of Employees at Constant Prices,2023Q1,"Professional, Admin and Support Services",5371.7498023
Compensation of Employees at Constant Prices,2023Q1,"Public Admin, Education and Health",10800.3897249
Compensation of Employees at Constant Prices,2023Q1,"Arts, Entertainment and Other Services",848.513262
Compensation of Employees at Constant Prices,2023Q1,All Sectors,38872.476301
Compensation of Employees at Constant Prices,2023Q2,"Agriculture, Forestry and Fishing",284.5629291
Compensation of Employees at Constant Prices,2023Q2,Industry (excl. Construction),5122.4283133
Compensation of Employees at Constant Prices,2023Q2,Industry - of which Manufacturing,4752.7179664
Compensation of Employees at Constant Prices,2023Q2,Construction,2100.8603495
Compensation of Employees at Constant Prices,2023Q2,"Distribution, Transport, Hotels and Restaurants",7444.1305079
Compensation of Employees at Constant Prices,2023Q2,Information and Communication,4043.8473766
Compensation of Employees at Constant Prices,2023Q2,Financial and Insurance Activities,2840.1117013
Compensation of Employees at Constant Prices,2023Q2,Real Estate Activities,207.3048639
Compensation of Employees at Constant Prices,2023Q2,"Professional, Admin and Support Services",5693.0412535
Compensation of Employees at Constant Prices,2023Q2,"Public Admin, Education and Health",10543.0021719
Compensation of Employees at Constant Prices,2023Q2,"Arts, Entertainment and Other Services",841.5668466
Compensation of Employees at Constant Prices,2023Q2,All Sectors,39094.1426671
Compensation of Employees at Constant Prices,2023Q3,"Agriculture, Forestry and Fishing",377.3203646
Compensation of Employees at Constant Prices,2023Q3,Industry (excl. Construction),5185.766751
Compensation of Employees at Constant Prices,2023Q3,Industry - of which Manufacturing,4791.6562359
Compensation of Employees at Constant Prices,2023Q3,Construction,2022.8494711
Compensation of Employees at Constant Prices,2023Q3,"Distribution, Transport, Hotels and Restaurants",7251.9802462
Compensation of Employees at Constant Prices,2023Q3,Information and Communication,4086.7926405
Compensation of Employees at Constant Prices,2023Q3,Financial and Insurance Activities,2682.9845856
Compensation of Employees at Constant Prices,2023Q3,Real Estate Activities,276.5076222
Compensation of Employees at Constant Prices,2023Q3,"Professional, Admin and Support Services",5376.7162432
Compensation of Employees at Constant Prices,2023Q3,"Public Admin, Education and Health",9706.1747998
Compensation of Employees at Constant Prices,2023Q3,"Arts, Entertainment and Other Services",864.8091001
Compensation of Employees at Constant Prices,2023Q3,All Sectors,37774.7557845
Compensation of Employees at Constant Prices,2023Q4,"Agriculture, Forestry and Fishing",318.2185493
Compensation of Employees at Constant Prices,2023Q4,Industry (excl. Construction),4741.4533994
Compensation of Employees at Constant Prices,2023Q4,Industry - of which Manufacturing,4356.7236266
Compensation of Employees at Constant Prices,2023Q4,Construction,1825.2578011
Compensation of Employees at Constant Prices,2023Q4,"Distribution, Transport, Hotels and Restaurants",7578.8969571
Compensation of Employees at Constant Prices,2023Q4,Information and Communication,3537.0964266
Compensation of Employees at Constant Prices,2023Q4,Financial and Insurance Activities,2618.2803617
Compensation of Employees at Constant Prices,2023Q4,Real Estate Activities,273.8556568
Compensation of Employees at Constant Prices,2023Q4,"Professional, Admin and Support Services",5417.3730098
Compensation of Employees at Constant Prices,2023Q4,"Public Admin, Education and Health",10765.3145374
Compensation of Employees at Constant Prices,2023Q4,"Arts, Entertainment and Other Services",893.1245883
Compensation of Employees at Constant Prices,2023Q4,All Sectors,37986.4605009
Compensation of Employees at Constant Prices,2024Q1,"Agriculture, Forestry and Fishing",327.1331495
Compensation of Employees at Constant Prices,2024Q1,Industry (excl. Construction),5396.2954968
Compensation of Employees at Constant Prices,2024Q1,Industry - of which Manufacturing,4918.9007738
Compensation of Employees at Constant Prices,2024Q1,Construction,1977.3407001
Compensation of Employees at Constant Prices,2024Q1,"Distribution, Transport, Hotels and Restaurants",7410.4821609
Compensation of Employees at Constant Prices,2024Q1,Information and Communication,3742.0564895
Compensation of Employees at Constant Prices,2024Q1,Financial and Insurance Activities,2849.4217296
Compensation of Employees at Constant Prices,2024Q1,Real Estate Activities,296.0273278
Compensation of Employees at Constant Prices,2024Q1,"Professional, Admin and Support Services",5895.8438224
Compensation of Employees at Constant Prices,2024Q1,"Public Admin, Education and Health",10810.8669631
Compensation of Employees at Constant Prices,2024Q1,"Arts, Entertainment and Other Services",877.764955
Compensation of Employees at Constant Prices,2024Q1,All Sectors,39573.3287035
Compensation of Employees at Constant Prices,2024Q2,"Agriculture, Forestry and Fishing",331.4953464
Compensation of Employees at Constant Prices,2024Q2,Industry (excl. Construction),5409.3638532
Compensation of Employees at Constant Prices,2024Q2,Industry - of which Manufacturing,4857.738638
Compensation of Employees at Constant Prices,2024Q2,Construction,2041.6605041
Compensation of Employees at Constant Prices,2024Q2,"Distribution, Transport, Hotels and Restaurants",7527.4131369
Compensation of Employees at Constant Prices,2024Q2,Information and Communication,4106.9412959
Compensation of Employees at Constant Prices,2024Q2,Financial and Insurance Activities,2820.5360001
Compensation of Employees at Constant Prices,2024Q2,Real Estate Activities,299.1472559
Compensation of Employees at Constant Prices,2024Q2,"Professional, Admin and Support Services",6129.9765914
Compensation of Employees at Constant Prices,2024Q2,"Public Admin, Education and Health",11118.8321564
Compensation of Employees at Constant Prices,2024Q2,"Arts, Entertainment and Other Services",787.895635
Compensation of Employees at Constant Prices,2024Q2,All Sectors,40567.8732728
Compensation of Employees at Constant Prices,2024Q3,"Agriculture, Forestry and Fishing",414.0178499
Compensation of Employees at Constant Prices,2024Q3,Industry (excl. Construction),5212.2411204
Compensation of Employees at Constant Prices,2024Q3,Industry - of which Manufacturing,4635.5002724
Compensation of Employees at Constant Prices,2024Q3,Construction,2113.9100251
Compensation of Employees at Constant Prices,2024Q3,"Distribution, Transport, Hotels and Restaurants",7503.8475719
Compensation of Employees at Constant Prices,2024Q3,Information and Communication,3949.2521134
Compensation of Employees at Constant Prices,2024Q3,Financial and Insurance Activities,2746.7578736
Compensation of Employees at Constant Prices,2024Q3,Real Estate Activities,405.8879701
Compensation of Employees at Constant Prices,2024Q3,"Professional, Admin and Support Services",5714.6983243
Compensation of Employees at Constant Prices,2024Q3,"Public Admin, Education and Health",10178.5474543
Compensation of Employees at Constant Prices,2024Q3,"Arts, Entertainment and Other Services",828.2073182
Compensation of Employees at Constant Prices,2024Q3,All Sectors,39076.9640479
Compensation of Employees at Constant Prices,2024Q4,"Agriculture, Forestry and Fishing",336.7022581
Compensation of Employees at Constant Prices,2024Q4,Industry (excl. Construction),5094.3129527
Compensation of Employees at Constant Prices,2024Q4,Industry - of which Manufacturing,4452.7709522
Compensation of Employees at Constant Prices,2024Q4,Construction,2007.4737011
Compensation of Employees at Constant Prices,2024Q4,"Distribution, Transport, Hotels and Restaurants",7110.3283775
Compensation of Employees at Constant Prices,2024Q4,Information and Communication,3812.4806323
Compensation of Employees at Constant Prices,2024Q4,Financial and Insurance Activities,2845.4021314
Compensation of Employees at Constant Prices,2024Q4,Real Estate Activities,379.0615755
Compensation of Employees at Constant Prices,2024Q4,"Professional, Admin and Support Services",5397.2188515
Compensation of Employees at Constant Prices,2024Q4,"Public Admin, Education and Health",11253.7995863
Compensation of Employees at Constant Prices,2024Q4,"Arts, Entertainment and Other Services",808.0247789
Compensation of Employees at Constant Prices,2024Q4,All Sectors,39050.5010121
Compensation of Employees at Constant Prices,2025Q1,"Agriculture, Forestry and Fishing",395.1644232
Compensation of Employees at Constant Prices,2025Q1,Industry (excl. Construction),5381.9496074
Compensation of Employees at Constant Prices,2025Q1,Industry - of which Manufacturing,4816.9027511
Compensation of Employees at Constant Prices,2025Q1,Construction,1988.662585
Compensation of Employees at Constant Prices,2025Q1,"Distribution, Transport, Hotels and Restaurants",6890.1094484
Compensation of Employees at Constant Prices,2025Q1,Information and Communication,4039.8861457
Compensation of Employees at Constant Prices,2025Q1,Financial and Insurance Activities,3086.1295364
Compensation of Employees at Constant Prices,2025Q1,Real Estate Activities,435.9529653
Compensation of Employees at Constant Prices,2025Q1,"Professional, Admin and Support Services",5725.8163923
Compensation of Employees at Constant Prices,2025Q1,"Public Admin, Education and Health",11188.8286171
Compensation of Employees at Constant Prices,2025Q1,"Arts, Entertainment and Other Services",845.6562449
Compensation of Employees at Constant Prices,2025Q1,All Sectors,39978.1559657
Compensation of Employees at Constant Prices,2025Q2,"Agriculture, Forestry and Fishing",367.2360121
Compensation of Employees at Constant Prices,2025Q2,Industry (excl. Construction),5766.006729
Compensation of Employees at Constant Prices,2025Q2,Industry - of which Manufacturing,5218.3218107
Compensation of Employees at Constant Prices,2025Q2,Construction,2132.7304754
Compensation of Employees at Constant Prices,2025Q2,"Distribution, Transport, Hotels and Restaurants",7076.5237731
Compensation of Employees at Constant Prices,2025Q2,Information and Communication,3927.9347094
Compensation of Employees at Constant Prices,2025Q2,Financial and Insurance Activities,3092.5891676
Compensation of Employees at Constant Prices,2025Q2,Real Estate Activities,298.9901151
Compensation of Employees at Constant Prices,2025Q2,"Professional, Admin and Support Services",6326.4974618
Compensation of Employees at Constant Prices,2025Q2,"Public Admin, Education and Health",11267.9786414
Compensation of Employees at Constant Prices,2025Q2,"Arts, Entertainment and Other Services",830.4073501
Compensation of Employees at Constant Prices,2025Q2,All Sectors,41086.8944349
Compensation of Employees at Constant Prices,2025Q3,"Agriculture, Forestry and Fishing",390.9254308
Compensation of Employees at Constant Prices,2025Q3,Industry (excl. Construction),5588.1626942
Compensation of Employees at Constant Prices,2025Q3,Industry - of which Manufacturing,5047.7990752
Compensation of Employees at Constant Prices,2025Q3,Construction,2047.8471129
Compensation of Employees at Constant Prices,2025Q3,"Distribution, Transport, Hotels and Restaurants",7361.2035365
Compensation of Employees at Constant Prices,2025Q3,Information and Communication,3793.7910623
Compensation of Employees at Constant Prices,2025Q3,Financial and Insurance Activities,2840.8607307
Compensation of Employees at Constant Prices,2025Q3,Real Estate Activities,470.1745842
Compensation of Employees at Constant Prices,2025Q3,"Professional, Admin and Support Services",5958.5097833
Compensation of Employees at Constant Prices,2025Q3,"Public Admin, Education and Health",10066.88686
Compensation of Employees at Constant Prices,2025Q3,"Arts, Entertainment and Other Services",834.1162834
Compensation of Employees at Constant Prices,2025Q3,All Sectors,39352.4780781
Compensation of Employees at Constant Prices,2025Q4,"Agriculture, Forestry and Fishing",317.0170974
Compensation of Employees at Constant Prices,2025Q4,Industry (excl. Construction),5649.0538834
Compensation of Employees at Constant Prices,2025Q4,Industry - of which Manufacturing,5189.4175414
Compensation of Employees at Constant Prices,2025Q4,Construction,2171.8106215
Compensation of Employees at Constant Prices,2025Q4,"Distribution, Transport, Hotels and Restaurants",7024.6706957
Compensation of Employees at Constant Prices,2025Q4,Information and Communication,3659.9961792
Compensation of Employees at Constant Prices,2025Q4,Financial and Insurance Activities,2980.7843387
Compensation of Employees at Constant Prices,2025Q4,Real Estate Activities,291.2044555
Compensation of Employees at Constant Prices,2025Q4,"Professional, Admin and Support Services",5411.9086058
Compensation of Employees at Constant Prices,2025Q4,"Public Admin, Education and Health",11839.2331938
Compensation of Employees at Constant Prices,2025Q4,"Arts, Entertainment and Other Services",818.5509115
Compensation of Employees at Constant Prices,2025Q4,All Sectors,40164.2299826
Compensation of Employees at Constant Prices,2026Q1,"Agriculture, Forestry and Fishing",336.3261328
Compensation of Employees at Constant Prices,2026Q1,Industry (excl. Construction),5508.2889841
Compensation of Employees at Constant Prices,2026Q1,Industry - of which Manufacturing,4953.4505339
Compensation of Employees at Constant Prices,2026Q1,Construction,2121.1953276
Compensation of Employees at Constant Prices,2026Q1,"Distribution, Transport, Hotels and Restaurants",6749.9906769
Compensation of Employees at Constant Prices,2026Q1,Information and Communication,3648.6907279
Compensation of Employees at Constant Prices,2026Q1,Financial and Insurance Activities,3104.5153579
Compensation of Employees at Constant Prices,2026Q1,Real Estate Activities,282.893172
Compensation of Employees at Constant Prices,2026Q1,"Professional, Admin and Support Services",5384.8772382
Compensation of Employees at Constant Prices,2026Q1,"Public Admin, Education and Health",11580.5341878
Compensation of Employees at Constant Prices,2026Q1,"Arts, Entertainment and Other Services",763.1652149
Compensation of Employees at Constant Prices,2026Q1,All Sectors,39480.4770201
Compensation of Employees at Constant Prices,2026Q2,"Agriculture, Forestry and Fishing",340.9160329
Compensation of Employees at Constant Prices,2026Q2,Industry (excl. Construction),5604.459839
Compensation of Employees at Constant Prices,2026Q2,Industry - of which Manufacturing,5078.8408326
Compensation of Employees at Constant Prices,2026Q2,Construction,2369.4597731
Compensation of Employees at Constant Prices,2026Q2,"Distribution, Transport, Hotels and Restaurants",6839.6887807
Compensation of Employees at Constant Prices,2026Q2,Information and Communication,3772.9421741
Compensation of Employees at Constant Prices,2026Q2,Financial and Insurance Activities,3100.0086963
Compensation of Employees at Constant Prices,2026Q2,Real Estate Activities,286.6279181
Compensation of Employees at Constant Prices,2026Q2,"Professional, Admin and Support Services",5726.9915607
Compensation of Employees at Constant Prices,2026Q2,"Public Admin, Education and Health",11772.9910768
Compensation of Employees at Constant Prices,2026Q2,"Arts, Entertainment and Other Services",810.7845602
Compensation of Employees at Constant Prices,2026Q2,All Sectors,40624.870412
Compensation of Employees at Constant Prices (Seasonally Adjusted),2010Q1,"Agriculture, Forestry and Fishing",247.7237439
Compensation of Employees at Constant Prices (Seasonally Adjusted),2010Q1,Industry (excl. Construction),3757.4739633
Compensation of Employees at Constant Prices (Seasonally Adjusted),2010Q1,Industry - of which Manufacturing,3433.6364115
Compensation of Employees at Constant Prices (Seasonally Adjusted),2010Q1,Construction,1065.4738165
Compensation of Employees at Constant Prices (Seasonally Adjusted),2010Q1,"Distribution, Transport, Hotels and Restaurants",5437.1823082
Compensation of Employees at Constant Prices (Seasonally Adjusted),2010Q1,Information and Communication,1993.3135348
Compensation of Employees at Constant Prices (Seasonally Adjusted),2010Q1,Financial and Insurance Activities,2060.0527931
Compensation of Employees at Constant Prices (Seasonally Adjusted),2010Q1,Real Estate Activities,240.2015174
Compensation of Employees at Constant Prices (Seasonally Adjusted),2010Q1,"Professional, Admin and Support Services",3156.617461
Compensation of Employees at Constant Prices (Seasonally Adjusted),2010Q1,"Public Admin, Education and Health",6775.5247799
Compensation of Employees at Constant Prices (Seasonally Adjusted),2010Q1,"Arts, Entertainment and Other Services",689.3080171
Compensation of Employees at Constant Prices (Seasonally Adjusted),2010Q1,All Sectors,25414.7995336
Compensation of Employees at Constant Prices (Seasonally Adjusted),2010Q2,"Agriculture, Forestry and Fishing",308.6070635
Compensation of Employees at Constant Prices (Seasonally Adjusted),2010Q2,Industry (excl. Construction),3733.3390186
Compensation of Employees at Constant Prices (Seasonally Adjusted),2010Q2,Industry - of which Manufacturing,3424.157437
Compensation of Employees at Constant Prices (Seasonally Adjusted),2010Q2,Construction,984.8972066
Compensation of Employees at Constant Prices (Seasonally Adjusted),2010Q2,"Distribution, Transport, Hotels and Restaurants",5387.1402228
Compensation of Employees at Constant Prices (Seasonally Adjusted),2010Q2,Information and Communication,1915.6745886
Compensation of Employees at Constant Prices (Seasonally Adjusted),2010Q2,Financial and Insurance Activities,2030.8005086
Compensation of Employees at Constant Prices (Seasonally Adjusted),2010Q2,Real Estate Activities,234.6831034
Compensation of Employees at Constant Prices (Seasonally Adjusted),2010Q2,"Professional, Admin and Support Services",3094.8920328
Compensation of Employees at Constant Prices (Seasonally Adjusted),2010Q2,"Public Admin, Education and Health",6800.439239
Compensation of Employees at Constant Prices (Seasonally Adjusted),2010Q2,"Arts, Entertainment and Other Services",705.0289911
Compensation of Employees at Constant Prices (Seasonally Adjusted),2010Q2,All Sectors,25191.5275018
Compensation of Employees at Constant Prices (Seasonally Adjusted),2010Q3,"Agriculture, Forestry and Fishing",325.6773009
Compensation of Employees at Constant Prices (Seasonally Adjusted),2010Q3,Industry (excl. Construction),3713.3495485
Compensation of Employees at Constant Prices (Seasonally Adjusted),2010Q3,Industry - of which Manufacturing,3445.3382013
Compensation of Employees at Constant Prices (Seasonally Adjusted),2010Q3,Construction,904.8257114
Compensation of Employees at Constant Prices (Seasonally Adjusted),2010Q3,"Distribution, Transport, Hotels and Restaurants",5319.1565471
Compensation of Employees at Constant Prices (Seasonally Adjusted),2010Q3,Information and Communication,1859.2009898
Compensation of Employees at Constant Prices (Seasonally Adjusted),2010Q3,Financial and Insurance Activities,1912.0515465
Compensation of Employees at Constant Prices (Seasonally Adjusted),2010Q3,Real Estate Activities,259.1516274
Compensation of Employees at Constant Prices (Seasonally Adjusted),2010Q3,"Professional, Admin and Support Services",2940.5332715
Compensation of Employees at Constant Prices (Seasonally Adjusted),2010Q3,"Public Admin, Education and Health",6869.7067781
Compensation of Employees at Constant Prices (Seasonally Adjusted),2010Q3,"Arts, Entertainment and Other Services",707.6389499
Compensation of Employees at Constant Prices (Seasonally Adjusted),2010Q3,All Sectors,24836.0001778
Compensation of Employees at Constant Prices (Seasonally Adjusted),2010Q4,"Agriculture, Forestry and Fishing",341.4068529
Compensation of Employees at Constant Prices (Seasonally Adjusted),2010Q4,Industry (excl. Construction),3497.6464854
Compensation of Employees at Constant Prices (Seasonally Adjusted),2010Q4,Industry - of which Manufacturing,3217.4107515
Compensation of Employees at Constant Prices (Seasonally Adjusted),2010Q4,Construction,814.7113519
Compensation of Employees at Constant Prices (Seasonally Adjusted),2010Q4,"Distribution, Transport, Hotels and Restaurants",5103.5538062
Compensation of Employees at Constant Prices (Seasonally Adjusted),2010Q4,Information and Communication,1767.6537911
Compensation of Employees at Constant Prices (Seasonally Adjusted),2010Q4,Financial and Insurance Activities,1861.3520523
Compensation of Employees at Constant Prices (Seasonally Adjusted),2010Q4,Real Estate Activities,225.7328575
Compensation of Employees at Constant Prices (Seasonally Adjusted),2010Q4,"Professional, Admin and Support Services",2873.6087282
Compensation of Employees at Constant Prices (Seasonally Adjusted),2010Q4,"Public Admin, Education and Health",6763.0221455
Compensation of Employees at Constant Prices (Seasonally Adjusted),2010Q4,"Arts, Entertainment and Other Services",671.3385486
Compensation of Employees at Constant Prices (Seasonally Adjusted),2010Q4,All Sectors,23963.0151734
Compensation of Employees at Constant Prices (Seasonally Adjusted),2011Q1,"Agriculture, Forestry and Fishing",337.6382915
Compensation of Employees at Constant Prices (Seasonally Adjusted),2011Q1,Industry (excl. Construction),3652.387488
Compensation of Employees at Constant Prices (Seasonally Adjusted),2011Q1,Industry - of which Manufacturing,3431.8674972
Compensation of Employees at Constant Prices (Seasonally Adjusted),2011Q1,Construction,888.6792938
Compensation of Employees at Constant Prices (Seasonally Adjusted),2011Q1,"Distribution, Transport, Hotels and Restaurants",5046.7745714
Compensation of Employees at Constant Prices (Seasonally Adjusted),2011Q1,Information and Communication,1842.4792806
Compensation of Employees at Constant Prices (Seasonally Adjusted),2011Q1,Financial and Insurance Activities,1985.8347577
Compensation of Employees at Constant Prices (Seasonally Adjusted),2011Q1,Real Estate Activities,184.6295845
Compensation of Employees at Constant Prices (Seasonally Adjusted),2011Q1,"Professional, Admin and Support Services",3083.7030287
Compensation of Employees at Constant Prices (Seasonally Adjusted),2011Q1,"Public Admin, Education and Health",6739.6973703
Compensation of Employees at Constant Prices (Seasonally Adjusted),2011Q1,"Arts, Entertainment and Other Services",750.2500462
Compensation of Employees at Constant Prices (Seasonally Adjusted),2011Q1,All Sectors,24520.3819729
Compensation of Employees at Constant Prices (Seasonally Adjusted),2011Q2,"Agriculture, Forestry and Fishing",318.0151567
Compensation of Employees at Constant Prices (Seasonally Adjusted),2011Q2,Industry (excl. Construction),3583.2488751
Compensation of Employees at Constant Prices (Seasonally Adjusted),2011Q2,Industry - of which Manufacturing,3384.3996793
Compensation of Employees at Constant Prices (Seasonally Adjusted),2011Q2,Construction,880.3690737
Compensation of Employees at Constant Prices (Seasonally Adjusted),2011Q2,"Distribution, Transport, Hotels and Restaurants",5242.2325811
Compensation of Employees at Constant Prices (Seasonally Adjusted),2011Q2,Information and Communication,1868.9311718
Compensation of Employees at Constant Prices (Seasonally Adjusted),2011Q2,Financial and Insurance Activities,1973.1249386
Compensation of Employees at Constant Prices (Seasonally Adjusted),2011Q2,Real Estate Activities,201.9914835
Compensation of Employees at Constant Prices (Seasonally Adjusted),2011Q2,"Professional, Admin and Support Services",3136.1800368
Compensation of Employees at Constant Prices (Seasonally Adjusted),2011Q2,"Public Admin, Education and Health",6678.9504632
Compensation of Employees at Constant Prices (Seasonally Adjusted),2011Q2,"Arts, Entertainment and Other Services",688.7040201
Compensation of Employees at Constant Prices (Seasonally Adjusted),2011Q2,All Sectors,24523.013161
Compensation of Employees at Constant Prices (Seasonally Adjusted),2011Q3,"Agriculture, Forestry and Fishing",293.1882318
Compensation of Employees at Constant Prices (Seasonally Adjusted),2011Q3,Industry (excl. Construction),3534.361644
Compensation of Employees at Constant Prices (Seasonally Adjusted),2011Q3,Industry - of which Manufacturing,3327.2878204
Compensation of Employees at Constant Prices (Seasonally Adjusted),2011Q3,Construction,871.3260486
Compensation of Employees at Constant Prices (Seasonally Adjusted),2011Q3,"Distribution, Transport, Hotels and Restaurants",5282.1440886
Compensation of Employees at Constant Prices (Seasonally Adjusted),2011Q3,Information and Communication,1835.101782
Compensation of Employees at Constant Prices (Seasonally Adjusted),2011Q3,Financial and Insurance Activities,1834.7290285
Compensation of Employees at Constant Prices (Seasonally Adjusted),2011Q3,Real Estate Activities,205.2751475
Compensation of Employees at Constant Prices (Seasonally Adjusted),2011Q3,"Professional, Admin and Support Services",2946.5415112
Compensation of Employees at Constant Prices (Seasonally Adjusted),2011Q3,"Public Admin, Education and Health",6484.3977009
Compensation of Employees at Constant Prices (Seasonally Adjusted),2011Q3,"Arts, Entertainment and Other Services",688.2071373
Compensation of Employees at Constant Prices (Seasonally Adjusted),2011Q3,All Sectors,23925.860398
Compensation of Employees at Constant Prices (Seasonally Adjusted),2011Q4,"Agriculture, Forestry and Fishing",275.4698822
Compensation of Employees at Constant Prices (Seasonally Adjusted),2011Q4,Industry (excl. Construction),3589.0529251
Compensation of Employees at Constant Prices (Seasonally Adjusted),2011Q4,Industry - of which Manufacturing,3368.2551569
Compensation of Employees at Constant Prices (Seasonally Adjusted),2011Q4,Construction,871.4528435
Compensation of Employees at Constant Prices (Seasonally Adjusted),2011Q4,"Distribution, Transport, Hotels and Restaurants",5140.099009
Compensation of Employees at Constant Prices (Seasonally Adjusted),2011Q4,Information and Communication,1874.5020822
Compensation of Employees at Constant Prices (Seasonally Adjusted),2011Q4,Financial and Insurance Activities,1894.22233
Compensation of Employees at Constant Prices (Seasonally Adjusted),2011Q4,Real Estate Activities,247.9343754
Compensation of Employees at Constant Prices (Seasonally Adjusted),2011Q4,"Professional, Admin and Support Services",2934.2041219
Compensation of Employees at Constant Prices (Seasonally Adjusted),2011Q4,"Public Admin, Education and Health",6766.9673489
Compensation of Employees at Constant Prices (Seasonally Adjusted),2011Q4,"Arts, Entertainment and Other Services",713.1909677
Compensation of Employees at Constant Prices (Seasonally Adjusted),2011Q4,All Sectors,24318.0926998
Compensation of Employees at Constant Prices (Seasonally Adjusted),2012Q1,"Agriculture, Forestry and Fishing",279.8037473
Compensation of Employees at Constant Prices (Seasonally Adjusted),2012Q1,Industry (excl. Construction),3558.060999
Compensation of Employees at Constant Prices (Seasonally Adjusted),2012Q1,Industry - of which Manufacturing,3331.5133622
Compensation of Employees at Constant Prices (Seasonally Adjusted),2012Q1,Construction,834.080637
Compensation of Employees at Constant Prices (Seasonally Adjusted),2012Q1,"Distribution, Transport, Hotels and Restaurants",5139.9272155
Compensation of Employees at Constant Prices (Seasonally Adjusted),2012Q1,Information and Communication,1938.647797
Compensation of Employees at Constant Prices (Seasonally Adjusted),2012Q1,Financial and Insurance Activities,1850.7736288
Compensation of Employees at Constant Prices (Seasonally Adjusted),2012Q1,Real Estate Activities,276.8115823
Compensation of Employees at Constant Prices (Seasonally Adjusted),2012Q1,"Professional, Admin and Support Services",2948.3528036
Compensation of Employees at Constant Prices (Seasonally Adjusted),2012Q1,"Public Admin, Education and Health",6515.3533787
Compensation of Employees at Constant Prices (Seasonally Adjusted),2012Q1,"Arts, Entertainment and Other Services",724.390605
Compensation of Employees at Constant Prices (Seasonally Adjusted),2012Q1,All Sectors,23988.8206334
Compensation of Employees at Constant Prices (Seasonally Adjusted),2012Q2,"Agriculture, Forestry and Fishing",298.2650724
Compensation of Employees at Constant Prices (Seasonally Adjusted),2012Q2,Industry (excl. Construction),3458.2210211
Compensation of Employees at Constant Prices (Seasonally Adjusted),2012Q2,Industry - of which Manufacturing,3278.9568464
Compensation of Employees at Constant Prices (Seasonally Adjusted),2012Q2,Construction,768.9804338
Compensation of Employees at Constant Prices (Seasonally Adjusted),2012Q2,"Distribution, Transport, Hotels and Restaurants",5081.8809219
Compensation of Employees at Constant Prices (Seasonally Adjusted),2012Q2,Information and Communication,1962.4163856
Compensation of Employees at Constant Prices (Seasonally Adjusted),2012Q2,Financial and Insurance Activities,1831.2626248
Compensation of Employees at Constant Prices (Seasonally Adjusted),2012Q2,Real Estate Activities,248.2100604
Compensation of Employees at Constant Prices (Seasonally Adjusted),2012Q2,"Professional, Admin and Support Services",2955.0884261
Compensation of Employees at Constant Prices (Seasonally Adjusted),2012Q2,"Public Admin, Education and Health",6681.5167253
Compensation of Employees at Constant Prices (Seasonally Adjusted),2012Q2,"Arts, Entertainment and Other Services",760.8651412
Compensation of Employees at Constant Prices (Seasonally Adjusted),2012Q2,All Sectors,23993.1173917
Compensation of Employees at Constant Prices (Seasonally Adjusted),2012Q3,"Agriculture, Forestry and Fishing",320.6220513
Compensation of Employees at Constant Prices (Seasonally Adjusted),2012Q3,Industry (excl. Construction),3437.7466543
Compensation of Employees at Constant Prices (Seasonally Adjusted),2012Q3,Industry - of which Manufacturing,3270.5084632
Compensation of Employees at Constant Prices (Seasonally Adjusted),2012Q3,Construction,766.3064102
Compensation of Employees at Constant Prices (Seasonally Adjusted),2012Q3,"Distribution, Transport, Hotels and Restaurants",5272.0693419
Compensation of Employees at Constant Prices (Seasonally Adjusted),2012Q3,Information and Communication,1984.7654057
Compensation of Employees at Constant Prices (Seasonally Adjusted),2012Q3,Financial and Insurance Activities,1912.5849243
Compensation of Employees at Constant Prices (Seasonally Adjusted),2012Q3,Real Estate Activities,232.9037274
Compensation of Employees at Constant Prices (Seasonally Adjusted),2012Q3,"Professional, Admin and Support Services",3085.1849149
Compensation of Employees at Constant Prices (Seasonally Adjusted),2012Q3,"Public Admin, Education and Health",6765.2662338
Compensation of Employees at Constant Prices (Seasonally Adjusted),2012Q3,"Arts, Entertainment and Other Services",766.5115367
Compensation of Employees at Constant Prices (Seasonally Adjusted),2012Q3,All Sectors,24490.094951
Compensation of Employees at Constant Prices (Seasonally Adjusted),2012Q4,"Agriculture, Forestry and Fishing",314.6505168
Compensation of Employees at Constant Prices (Seasonally Adjusted),2012Q4,Industry (excl. Construction),3520.1680703
Compensation of Employees at Constant Prices (Seasonally Adjusted),2012Q4,Industry - of which Manufacturing,3383.1544793
Compensation of Employees at Constant Prices (Seasonally Adjusted),2012Q4,Construction,796.3436602
Compensation of Employees at Constant Prices (Seasonally Adjusted),2012Q4,"Distribution, Transport, Hotels and Restaurants",5219.1909628
Compensation of Employees at Constant Prices (Seasonally Adjusted),2012Q4,Information and Communication,2098.4738956
Compensation of Employees at Constant Prices (Seasonally Adjusted),2012Q4,Financial and Insurance Activities,1950.9537477
Compensation of Employees at Constant Prices (Seasonally Adjusted),2012Q4,Real Estate Activities,228.6068345
Compensation of Employees at Constant Prices (Seasonally Adjusted),2012Q4,"Professional, Admin and Support Services",3130.2973269
Compensation of Employees at Constant Prices (Seasonally Adjusted),2012Q4,"Public Admin, Education and Health",6772.3871153
Compensation of Employees at Constant Prices (Seasonally Adjusted),2012Q4,"Arts, Entertainment and Other Services",700.9417306
Compensation of Employees at Constant Prices (Seasonally Adjusted),2012Q4,All Sectors,24653.6998448
Compensation of Employees at Constant Prices (Seasonally Adjusted),2013Q1,"Agriculture, Forestry and Fishing",319.3217304
Compensation of Employees at Constant Prices (Seasonally Adjusted),2013Q1,Industry (excl. Construction),3564.1537639
Compensation of Employees at Constant Prices (Seasonally Adjusted),2013Q1,Industry - of which Manufacturing,3402.8948081
Compensation of Employees at Constant Prices (Seasonally Adjusted),2013Q1,Construction,712.5485041
Compensation of Employees at Constant Prices (Seasonally Adjusted),2013Q1,"Distribution, Transport, Hotels and Restaurants",5300.404128
Compensation of Employees at Constant Prices (Seasonally Adjusted),2013Q1,Information and Communication,1944.7241005
Compensation of Employees at Constant Prices (Seasonally Adjusted),2013Q1,Financial and Insurance Activities,1926.8753679
Compensation of Employees at Constant Prices (Seasonally Adjusted),2013Q1,Real Estate Activities,213.4494385
Compensation of Employees at Constant Prices (Seasonally Adjusted),2013Q1,"Professional, Admin and Support Services",3016.8119025
Compensation of Employees at Constant Prices (Seasonally Adjusted),2013Q1,"Public Admin, Education and Health",6851.3231717
Compensation of Employees at Constant Prices (Seasonally Adjusted),2013Q1,"Arts, Entertainment and Other Services",715.6908911
Compensation of Employees at Constant Prices (Seasonally Adjusted),2013Q1,All Sectors,24559.7497021
Compensation of Employees at Constant Prices (Seasonally Adjusted),2013Q2,"Agriculture, Forestry and Fishing",317.6113188
Compensation of Employees at Constant Prices (Seasonally Adjusted),2013Q2,Industry (excl. Construction),3647.2912719
Compensation of Employees at Constant Prices (Seasonally Adjusted),2013Q2,Industry - of which Manufacturing,3417.558419
Compensation of Employees at Constant Prices (Seasonally Adjusted),2013Q2,Construction,844.6087794
Compensation of Employees at Constant Prices (Seasonally Adjusted),2013Q2,"Distribution, Transport, Hotels and Restaurants",5369.9768742
Compensation of Employees at Constant Prices (Seasonally Adjusted),2013Q2,Information and Communication,1988.7460299
Compensation of Employees at Constant Prices (Seasonally Adjusted),2013Q2,Financial and Insurance Activities,1928.1970392
Compensation of Employees at Constant Prices (Seasonally Adjusted),2013Q2,Real Estate Activities,239.1121804
Compensation of Employees at Constant Prices (Seasonally Adjusted),2013Q2,"Professional, Admin and Support Services",3090.3167567
Compensation of Employees at Constant Prices (Seasonally Adjusted),2013Q2,"Public Admin, Education and Health",6832.0570598
Compensation of Employees at Constant Prices (Seasonally Adjusted),2013Q2,"Arts, Entertainment and Other Services",743.6746057
Compensation of Employees at Constant Prices (Seasonally Adjusted),2013Q2,All Sectors,24946.5181131
Compensation of Employees at Constant Prices (Seasonally Adjusted),2013Q3,"Agriculture, Forestry and Fishing",318.4907853
Compensation of Employees at Constant Prices (Seasonally Adjusted),2013Q3,Industry (excl. Construction),3706.1103193
Compensation of Employees at Constant Prices (Seasonally Adjusted),2013Q3,Industry - of which Manufacturing,3455.0175394
Compensation of Employees at Constant Prices (Seasonally Adjusted),2013Q3,Construction,852.0127256
Compensation of Employees at Constant Prices (Seasonally Adjusted),2013Q3,"Distribution, Transport, Hotels and Restaurants",5541.4394557
Compensation of Employees at Constant Prices (Seasonally Adjusted),2013Q3,Information and Communication,2067.1462155
Compensation of Employees at Constant Prices (Seasonally Adjusted),2013Q3,Financial and Insurance Activities,1943.3968944
Compensation of Employees at Constant Prices (Seasonally Adjusted),2013Q3,Real Estate Activities,159.5266216
Compensation of Employees at Constant Prices (Seasonally Adjusted),2013Q3,"Professional, Admin and Support Services",3253.0066673
Compensation of Employees at Constant Prices (Seasonally Adjusted),2013Q3,"Public Admin, Education and Health",6779.496958
Compensation of Employees at Constant Prices (Seasonally Adjusted),2013Q3,"Arts, Entertainment and Other Services",728.5740843
Compensation of Employees at Constant Prices (Seasonally Adjusted),2013Q3,All Sectors,25255.9665747
Compensation of Employees at Constant Prices (Seasonally Adjusted),2013Q4,"Agriculture, Forestry and Fishing",322.0091935
Compensation of Employees at Constant Prices (Seasonally Adjusted),2013Q4,Industry (excl. Construction),3710.0474019
Compensation of Employees at Constant Prices (Seasonally Adjusted),2013Q4,Industry - of which Manufacturing,3407.7226094
Compensation of Employees at Constant Prices (Seasonally Adjusted),2013Q4,Construction,848.3750061
Compensation of Employees at Constant Prices (Seasonally Adjusted),2013Q4,"Distribution, Transport, Hotels and Restaurants",5435.1519341
Compensation of Employees at Constant Prices (Seasonally Adjusted),2013Q4,Information and Communication,2071.5708261
Compensation of Employees at Constant Prices (Seasonally Adjusted),2013Q4,Financial and Insurance Activities,1912.49312
Compensation of Employees at Constant Prices (Seasonally Adjusted),2013Q4,Real Estate Activities,225.9344685
Compensation of Employees at Constant Prices (Seasonally Adjusted),2013Q4,"Professional, Admin and Support Services",3380.4054568
Compensation of Employees at Constant Prices (Seasonally Adjusted),2013Q4,"Public Admin, Education and Health",6948.3613632
Compensation of Employees at Constant Prices (Seasonally Adjusted),2013Q4,"Arts, Entertainment and Other Services",701.8791759
Compensation of Employees at Constant Prices (Seasonally Adjusted),2013Q4,All Sectors,25440.4297817
Compensation of Employees at Constant Prices (Seasonally Adjusted),2014Q1,"Agriculture, Forestry and Fishing",310.6192772
Compensation of Employees at Constant Prices (Seasonally Adjusted),2014Q1,Industry (excl. Construction),3670.3343609
Compensation of Employees at Constant Prices (Seasonally Adjusted),2014Q1,Industry - of which Manufacturing,3422.7430075
Compensation of Employees at Constant Prices (Seasonally Adjusted),2014Q1,Construction,846.9154389
Compensation of Employees at Constant Prices (Seasonally Adjusted),2014Q1,"Distribution, Transport, Hotels and Restaurants",5389.6023341
Compensation of Employees at Constant Prices (Seasonally Adjusted),2014Q1,Information and Communication,2059.017824
Compensation of Employees at Constant Prices (Seasonally Adjusted),2014Q1,Financial and Insurance Activities,1917.9695466
Compensation of Employees at Constant Prices (Seasonally Adjusted),2014Q1,Real Estate Activities,228.7560115
Compensation of Employees at Constant Prices (Seasonally Adjusted),2014Q1,"Professional, Admin and Support Services",3470.3341191
Compensation of Employees at Constant Prices (Seasonally Adjusted),2014Q1,"Public Admin, Education and Health",7030.6754935
Compensation of Employees at Constant Prices (Seasonally Adjusted),2014Q1,"Arts, Entertainment and Other Services",721.4084354
Compensation of Employees at Constant Prices (Seasonally Adjusted),2014Q1,All Sectors,25544.174924
Compensation of Employees at Constant Prices (Seasonally Adjusted),2014Q2,"Agriculture, Forestry and Fishing",295.5553941
Compensation of Employees at Constant Prices (Seasonally Adjusted),2014Q2,Industry (excl. Construction),3733.1934522
Compensation of Employees at Constant Prices (Seasonally Adjusted),2014Q2,Industry - of which Manufacturing,3450.2701206
Compensation of Employees at Constant Prices (Seasonally Adjusted),2014Q2,Construction,872.7563657
Compensation of Employees at Constant Prices (Seasonally Adjusted),2014Q2,"Distribution, Transport, Hotels and Restaurants",5566.2587824
Compensation of Employees at Constant Prices (Seasonally Adjusted),2014Q2,Information and Communication,2125.7407473
Compensation of Employees at Constant Prices (Seasonally Adjusted),2014Q2,Financial and Insurance Activities,1842.4110771
Compensation of Employees at Constant Prices (Seasonally Adjusted),2014Q2,Real Estate Activities,217.2119445
Compensation of Employees at Constant Prices (Seasonally Adjusted),2014Q2,"Professional, Admin and Support Services",3428.2493235
Compensation of Employees at Constant Prices (Seasonally Adjusted),2014Q2,"Public Admin, Education and Health",7121.7033254
Compensation of Employees at Constant Prices (Seasonally Adjusted),2014Q2,"Arts, Entertainment and Other Services",725.750148
Compensation of Employees at Constant Prices (Seasonally Adjusted),2014Q2,All Sectors,25815.2769856
Compensation of Employees at Constant Prices (Seasonally Adjusted),2014Q3,"Agriculture, Forestry and Fishing",301.7195448
Compensation of Employees at Constant Prices (Seasonally Adjusted),2014Q3,Industry (excl. Construction),3742.0992291
Compensation of Employees at Constant Prices (Seasonally Adjusted),2014Q3,Industry - of which Manufacturing,3493.2000312
Compensation of Employees at Constant Prices (Seasonally Adjusted),2014Q3,Construction,933.1517863
Compensation of Employees at Constant Prices (Seasonally Adjusted),2014Q3,"Distribution, Transport, Hotels and Restaurants",5625.9638307
Compensation of Employees at Constant Prices (Seasonally Adjusted),2014Q3,Information and Communication,2050.516079
Compensation of Employees at Constant Prices (Seasonally Adjusted),2014Q3,Financial and Insurance Activities,1970.8134527
Compensation of Employees at Constant Prices (Seasonally Adjusted),2014Q3,Real Estate Activities,283.0969793
Compensation of Employees at Constant Prices (Seasonally Adjusted),2014Q3,"Professional, Admin and Support Services",3429.3308637
Compensation of Employees at Constant Prices (Seasonally Adjusted),2014Q3,"Public Admin, Education and Health",7195.6723352
Compensation of Employees at Constant Prices (Seasonally Adjusted),2014Q3,"Arts, Entertainment and Other Services",717.6134535
Compensation of Employees at Constant Prices (Seasonally Adjusted),2014Q3,All Sectors,26183.2488314
Compensation of Employees at Constant Prices (Seasonally Adjusted),2014Q4,"Agriculture, Forestry and Fishing",319.6288679
Compensation of Employees at Constant Prices (Seasonally Adjusted),2014Q4,Industry (excl. Construction),3862.1413419
Compensation of Employees at Constant Prices (Seasonally Adjusted),2014Q4,Industry - of which Manufacturing,3639.1615159
Compensation of Employees at Constant Prices (Seasonally Adjusted),2014Q4,Construction,1013.8327239
Compensation of Employees at Constant Prices (Seasonally Adjusted),2014Q4,"Distribution, Transport, Hotels and Restaurants",5680.6975769
Compensation of Employees at Constant Prices (Seasonally Adjusted),2014Q4,Information and Communication,2219.3439937
Compensation of Employees at Constant Prices (Seasonally Adjusted),2014Q4,Financial and Insurance Activities,2008.3337109
Compensation of Employees at Constant Prices (Seasonally Adjusted),2014Q4,Real Estate Activities,318.6504493
Compensation of Employees at Constant Prices (Seasonally Adjusted),2014Q4,"Professional, Admin and Support Services",3533.412319
Compensation of Employees at Constant Prices (Seasonally Adjusted),2014Q4,"Public Admin, Education and Health",7076.7217258
Compensation of Employees at Constant Prices (Seasonally Adjusted),2014Q4,"Arts, Entertainment and Other Services",702.1190414
Compensation of Employees at Constant Prices (Seasonally Adjusted),2014Q4,All Sectors,26587.6854238
Compensation of Employees at Constant Prices (Seasonally Adjusted),2015Q1,"Agriculture, Forestry and Fishing",314.6439116
Compensation of Employees at Constant Prices (Seasonally Adjusted),2015Q1,Industry (excl. Construction),3895.7476421
Compensation of Employees at Constant Prices (Seasonally Adjusted),2015Q1,Industry - of which Manufacturing,3673.7827607
Compensation of Employees at Constant Prices (Seasonally Adjusted),2015Q1,Construction,1044.1567369
Compensation of Employees at Constant Prices (Seasonally Adjusted),2015Q1,"Distribution, Transport, Hotels and Restaurants",5541.3431769
Compensation of Employees at Constant Prices (Seasonally Adjusted),2015Q1,Information and Communication,2206.767922
Compensation of Employees at Constant Prices (Seasonally Adjusted),2015Q1,Financial and Insurance Activities,1957.4574798
Compensation of Employees at Constant Prices (Seasonally Adjusted),2015Q1,Real Estate Activities,310.3662163
Compensation of Employees at Constant Prices (Seasonally Adjusted),2015Q1,"Professional, Admin and Support Services",3350.8955445
Compensation of Employees at Constant Prices (Seasonally Adjusted),2015Q1,"Public Admin, Education and Health",7151.0516104
Compensation of Employees at Constant Prices (Seasonally Adjusted),2015Q1,"Arts, Entertainment and Other Services",747.9936524
Compensation of Employees at Constant Prices (Seasonally Adjusted),2015Q1,All Sectors,26398.1129081
Compensation of Employees at Constant Prices (Seasonally Adjusted),2015Q2,"Agriculture, Forestry and Fishing",315.0842496
Compensation of Employees at Constant Prices (Seasonally Adjusted),2015Q2,Industry (excl. Construction),3908.7984846
Compensation of Employees at Constant Prices (Seasonally Adjusted),2015Q2,Industry - of which Manufacturing,3704.10381
Compensation of Employees at Constant Prices (Seasonally Adjusted),2015Q2,Construction,1071.1862759
Compensation of Employees at Constant Prices (Seasonally Adjusted),2015Q2,"Distribution, Transport, Hotels and Restaurants",5698.7061823
Compensation of Employees at Constant Prices (Seasonally Adjusted),2015Q2,Information and Communication,2196.0765374
Compensation of Employees at Constant Prices (Seasonally Adjusted),2015Q2,Financial and Insurance Activities,1932.9939646
Compensation of Employees at Constant Prices (Seasonally Adjusted),2015Q2,Real Estate Activities,309.4076093
Compensation of Employees at Constant Prices (Seasonally Adjusted),2015Q2,"Professional, Admin and Support Services",3646.4669008
Compensation of Employees at Constant Prices (Seasonally Adjusted),2015Q2,"Public Admin, Education and Health",7049.9423746
Compensation of Employees at Constant Prices (Seasonally Adjusted),2015Q2,"Arts, Entertainment and Other Services",780.0478539
Compensation of Employees at Constant Prices (Seasonally Adjusted),2015Q2,All Sectors,26712.5491871
Compensation of Employees at Constant Prices (Seasonally Adjusted),2015Q3,"Agriculture, Forestry and Fishing",306.6781881
Compensation of Employees at Constant Prices (Seasonally Adjusted),2015Q3,Industry (excl. Construction),3972.4518887
Compensation of Employees at Constant Prices (Seasonally Adjusted),2015Q3,Industry - of which Manufacturing,3741.4787124
Compensation of Employees at Constant Prices (Seasonally Adjusted),2015Q3,Construction,1109.1526894
Compensation of Employees at Constant Prices (Seasonally Adjusted),2015Q3,"Distribution, Transport, Hotels and Restaurants",5721.9826505
Compensation of Employees at Constant Prices (Seasonally Adjusted),2015Q3,Information and Communication,2241.9444144
Compensation of Employees at Constant Prices (Seasonally Adjusted),2015Q3,Financial and Insurance Activities,1939.3072844
Compensation of Employees at Constant Prices (Seasonally Adjusted),2015Q3,Real Estate Activities,269.8181974
Compensation of Employees at Constant Prices (Seasonally Adjusted),2015Q3,"Professional, Admin and Support Services",3756.2228878
Compensation of Employees at Constant Prices (Seasonally Adjusted),2015Q3,"Public Admin, Education and Health",7131.8863245
Compensation of Employees at Constant Prices (Seasonally Adjusted),2015Q3,"Arts, Entertainment and Other Services",794.8812547
Compensation of Employees at Constant Prices (Seasonally Adjusted),2015Q3,All Sectors,27036.0502708
Compensation of Employees at Constant Prices (Seasonally Adjusted),2015Q4,"Agriculture, Forestry and Fishing",299.9596584
Compensation of Employees at Constant Prices (Seasonally Adjusted),2015Q4,Industry (excl. Construction),3864.1727266
Compensation of Employees at Constant Prices (Seasonally Adjusted),2015Q4,Industry - of which Manufacturing,3622.9891928
Compensation of Employees at Constant Prices (Seasonally Adjusted),2015Q4,Construction,1128.2624222
Compensation of Employees at Constant Prices (Seasonally Adjusted),2015Q4,"Distribution, Transport, Hotels and Restaurants",5941.0518395
Compensation of Employees at Constant Prices (Seasonally Adjusted),2015Q4,Information and Communication,2272.4952204
Compensation of Employees at Constant Prices (Seasonally Adjusted),2015Q4,Financial and Insurance Activities,1940.3152422
Compensation of Employees at Constant Prices (Seasonally Adjusted),2015Q4,Real Estate Activities,233.9454614
Compensation of Employees at Constant Prices (Seasonally Adjusted),2015Q4,"Professional, Admin and Support Services",3723.669721
Compensation of Employees at Constant Prices (Seasonally Adjusted),2015Q4,"Public Admin, Education and Health",7271.4196713
Compensation of Employees at Constant Prices (Seasonally Adjusted),2015Q4,"Arts, Entertainment and Other Services",766.3522254
Compensation of Employees at Constant Prices (Seasonally Adjusted),2015Q4,All Sectors,27271.5089646
Compensation of Employees at Constant Prices (Seasonally Adjusted),2016Q1,"Agriculture, Forestry and Fishing",317.4079994
Compensation of Employees at Constant Prices (Seasonally Adjusted),2016Q1,Industry (excl. Construction),4124.7973242
Compensation of Employees at Constant Prices (Seasonally Adjusted),2016Q1,Industry - of which Manufacturing,3834.2298629
Compensation of Employees at Constant Prices (Seasonally Adjusted),2016Q1,Construction,1216.2806509
Compensation of Employees at Constant Prices (Seasonally Adjusted),2016Q1,"Distribution, Transport, Hotels and Restaurants",5940.4100571
Compensation of Employees at Constant Prices (Seasonally Adjusted),2016Q1,Information and Communication,2339.4427167
Compensation of Employees at Constant Prices (Seasonally Adjusted),2016Q1,Financial and Insurance Activities,2046.8119362
Compensation of Employees at Constant Prices (Seasonally Adjusted),2016Q1,Real Estate Activities,258.9226404
Compensation of Employees at Constant Prices (Seasonally Adjusted),2016Q1,"Professional, Admin and Support Services",3680.7890107
Compensation of Employees at Constant Prices (Seasonally Adjusted),2016Q1,"Public Admin, Education and Health",7178.0278321
Compensation of Employees at Constant Prices (Seasonally Adjusted),2016Q1,"Arts, Entertainment and Other Services",826.5086422
Compensation of Employees at Constant Prices (Seasonally Adjusted),2016Q1,All Sectors,27723.8190191
Compensation of Employees at Constant Prices (Seasonally Adjusted),2016Q2,"Agriculture, Forestry and Fishing",347.0400767
Compensation of Employees at Constant Prices (Seasonally Adjusted),2016Q2,Industry (excl. Construction),4279.3869236
Compensation of Employees at Constant Prices (Seasonally Adjusted),2016Q2,Industry - of which Manufacturing,4058.3327468
Compensation of Employees at Constant Prices (Seasonally Adjusted),2016Q2,Construction,1292.5707044
Compensation of Employees at Constant Prices (Seasonally Adjusted),2016Q2,"Distribution, Transport, Hotels and Restaurants",5979.0790444
Compensation of Employees at Constant Prices (Seasonally Adjusted),2016Q2,Information and Communication,2328.9663333
Compensation of Employees at Constant Prices (Seasonally Adjusted),2016Q2,Financial and Insurance Activities,2104.5876709
Compensation of Employees at Constant Prices (Seasonally Adjusted),2016Q2,Real Estate Activities,310.4055233
Compensation of Employees at Constant Prices (Seasonally Adjusted),2016Q2,"Professional, Admin and Support Services",3760.1991662
Compensation of Employees at Constant Prices (Seasonally Adjusted),2016Q2,"Public Admin, Education and Health",7381.4434234
Compensation of Employees at Constant Prices (Seasonally Adjusted),2016Q2,"Arts, Entertainment and Other Services",839.5753398
Compensation of Employees at Constant Prices (Seasonally Adjusted),2016Q2,All Sectors,28407.532076
Compensation of Employees at Constant Prices (Seasonally Adjusted),2016Q3,"Agriculture, Forestry and Fishing",332.5023509
Compensation of Employees at Constant Prices (Seasonally Adjusted),2016Q3,Industry (excl. Construction),4239.6142954
Compensation of Employees at Constant Prices (Seasonally Adjusted),2016Q3,Industry - of which Manufacturing,4005.3016403
Compensation of Employees at Constant Prices (Seasonally Adjusted),2016Q3,Construction,1290.2894862
Compensation of Employees at Constant Prices (Seasonally Adjusted),2016Q3,"Distribution, Transport, Hotels and Restaurants",6202.0761769
Compensation of Employees at Constant Prices (Seasonally Adjusted),2016Q3,Information and Communication,2307.2906102
Compensation of Employees at Constant Prices (Seasonally Adjusted),2016Q3,Financial and Insurance Activities,2054.329986
Compensation of Employees at Constant Prices (Seasonally Adjusted),2016Q3,Real Estate Activities,276.1461723
Compensation of Employees at Constant Prices (Seasonally Adjusted),2016Q3,"Professional, Admin and Support Services",3829.7996574
Compensation of Employees at Constant Prices (Seasonally Adjusted),2016Q3,"Public Admin, Education and Health",7421.4434612
Compensation of Employees at Constant Prices (Seasonally Adjusted),2016Q3,"Arts, Entertainment and Other Services",830.72793
Compensation of Employees at Constant Prices (Seasonally Adjusted),2016Q3,All Sectors,28564.728867
Compensation of Employees at Constant Prices (Seasonally Adjusted),2016Q4,"Agriculture, Forestry and Fishing",333.5793144
Compensation of Employees at Constant Prices (Seasonally Adjusted),2016Q4,Industry (excl. Construction),4270.0267555
Compensation of Employees at Constant Prices (Seasonally Adjusted),2016Q4,Industry - of which Manufacturing,4037.5268629
Compensation of Employees at Constant Prices (Seasonally Adjusted),2016Q4,Construction,1332.0858715
Compensation of Employees at Constant Prices (Seasonally Adjusted),2016Q4,"Distribution, Transport, Hotels and Restaurants",6133.6048166
Compensation of Employees at Constant Prices (Seasonally Adjusted),2016Q4,Information and Communication,2320.8669635
Compensation of Employees at Constant Prices (Seasonally Adjusted),2016Q4,Financial and Insurance Activities,2069.1214902
Compensation of Employees at Constant Prices (Seasonally Adjusted),2016Q4,Real Estate Activities,283.9081943
Compensation of Employees at Constant Prices (Seasonally Adjusted),2016Q4,"Professional, Admin and Support Services",3966.6413508
Compensation of Employees at Constant Prices (Seasonally Adjusted),2016Q4,"Public Admin, Education and Health",7506.3455668
Compensation of Employees at Constant Prices (Seasonally Adjusted),2016Q4,"Arts, Entertainment and Other Services",793.1230388
Compensation of Employees at Constant Prices (Seasonally Adjusted),2016Q4,All Sectors,28780.9263271
Compensation of Employees at Constant Prices (Seasonally Adjusted),2017Q1,"Agriculture, Forestry and Fishing",316.2571988
Compensation of Employees at Constant Prices (Seasonally Adjusted),2017Q1,Industry (excl. Construction),4426.5508054
Compensation of Employees at Constant Prices (Seasonally Adjusted),2017Q1,Industry - of which Manufacturing,4106.1981721
Compensation of Employees at Constant Prices (Seasonally Adjusted),2017Q1,Construction,1458.4027251
Compensation of Employees at Constant Prices (Seasonally Adjusted),2017Q1,"Distribution, Transport, Hotels and Restaurants",6349.7794177
Compensation of Employees at Constant Prices (Seasonally Adjusted),2017Q1,Information and Communication,2466.9169641
Compensation of Employees at Constant Prices (Seasonally Adjusted),2017Q1,Financial and Insurance Activities,2165.7919074
Compensation of Employees at Constant Prices (Seasonally Adjusted),2017Q1,Real Estate Activities,305.6088873
Compensation of Employees at Constant Prices (Seasonally Adjusted),2017Q1,"Professional, Admin and Support Services",4024.4787493
Compensation of Employees at Constant Prices (Seasonally Adjusted),2017Q1,"Public Admin, Education and Health",7581.2100868
Compensation of Employees at Constant Prices (Seasonally Adjusted),2017Q1,"Arts, Entertainment and Other Services",821.52357
Compensation of Employees at Constant Prices (Seasonally Adjusted),2017Q1,All Sectors,29669.5502212
Compensation of Employees at Constant Prices (Seasonally Adjusted),2017Q2,"Agriculture, Forestry and Fishing",321.5406443
Compensation of Employees at Constant Prices (Seasonally Adjusted),2017Q2,Industry (excl. Construction),4355.9369331
Compensation of Employees at Constant Prices (Seasonally Adjusted),2017Q2,Industry - of which Manufacturing,4045.3689369
Compensation of Employees at Constant Prices (Seasonally Adjusted),2017Q2,Construction,1364.5001672
Compensation of Employees at Constant Prices (Seasonally Adjusted),2017Q2,"Distribution, Transport, Hotels and Restaurants",6323.8074358
Compensation of Employees at Constant Prices (Seasonally Adjusted),2017Q2,Information and Communication,2390.1725854
Compensation of Employees at Constant Prices (Seasonally Adjusted),2017Q2,Financial and Insurance Activities,1934.9598288
Compensation of Employees at Constant Prices (Seasonally Adjusted),2017Q2,Real Estate Activities,280.2332923
Compensation of Employees at Constant Prices (Seasonally Adjusted),2017Q2,"Professional, Admin and Support Services",3973.106145
Compensation of Employees at Constant Prices (Seasonally Adjusted),2017Q2,"Public Admin, Education and Health",7725.4688405
Compensation of Employees at Constant Prices (Seasonally Adjusted),2017Q2,"Arts, Entertainment and Other Services",838.6243819
Compensation of Employees at Constant Prices (Seasonally Adjusted),2017Q2,All Sectors,29259.8484537
Compensation of Employees at Constant Prices (Seasonally Adjusted),2017Q3,"Agriculture, Forestry and Fishing",324.3149724
Compensation of Employees at Constant Prices (Seasonally Adjusted),2017Q3,Industry (excl. Construction),4563.8555973
Compensation of Employees at Constant Prices (Seasonally Adjusted),2017Q3,Industry - of which Manufacturing,4200.7712667
Compensation of Employees at Constant Prices (Seasonally Adjusted),2017Q3,Construction,1433.4645871
Compensation of Employees at Constant Prices (Seasonally Adjusted),2017Q3,"Distribution, Transport, Hotels and Restaurants",6415.8035871
Compensation of Employees at Constant Prices (Seasonally Adjusted),2017Q3,Information and Communication,2626.209993
Compensation of Employees at Constant Prices (Seasonally Adjusted),2017Q3,Financial and Insurance Activities,2171.0897757
Compensation of Employees at Constant Prices (Seasonally Adjusted),2017Q3,Real Estate Activities,277.7095573
Compensation of Employees at Constant Prices (Seasonally Adjusted),2017Q3,"Professional, Admin and Support Services",3973.5992602
Compensation of Employees at Constant Prices (Seasonally Adjusted),2017Q3,"Public Admin, Education and Health",7978.6754368
Compensation of Employees at Constant Prices (Seasonally Adjusted),2017Q3,"Arts, Entertainment and Other Services",872.7158294
Compensation of Employees at Constant Prices (Seasonally Adjusted),2017Q3,All Sectors,30407.1560238
Compensation of Employees at Constant Prices (Seasonally Adjusted),2017Q4,"Agriculture, Forestry and Fishing",308.1043689
Compensation of Employees at Constant Prices (Seasonally Adjusted),2017Q4,Industry (excl. Construction),4540.232338
Compensation of Employees at Constant Prices (Seasonally Adjusted),2017Q4,Industry - of which Manufacturing,4196.7848897
Compensation of Employees at Constant Prices (Seasonally Adjusted),2017Q4,Construction,1527.0219422
Compensation of Employees at Constant Prices (Seasonally Adjusted),2017Q4,"Distribution, Transport, Hotels and Restaurants",6466.8313161
Compensation of Employees at Constant Prices (Seasonally Adjusted),2017Q4,Information and Communication,2576.4704819
Compensation of Employees at Constant Prices (Seasonally Adjusted),2017Q4,Financial and Insurance Activities,2100.8463521
Compensation of Employees at Constant Prices (Seasonally Adjusted),2017Q4,Real Estate Activities,265.6491544
Compensation of Employees at Constant Prices (Seasonally Adjusted),2017Q4,"Professional, Admin and Support Services",3980.6665789
Compensation of Employees at Constant Prices (Seasonally Adjusted),2017Q4,"Public Admin, Education and Health",8084.2105202
Compensation of Employees at Constant Prices (Seasonally Adjusted),2017Q4,"Arts, Entertainment and Other Services",851.0894686
Compensation of Employees at Constant Prices (Seasonally Adjusted),2017Q4,All Sectors,30471.5708508
Compensation of Employees at Constant Prices (Seasonally Adjusted),2018Q1,"Agriculture, Forestry and Fishing",304.0458835
Compensation of Employees at Constant Prices (Seasonally Adjusted),2018Q1,Industry (excl. Construction),4393.1986039
Compensation of Employees at Constant Prices (Seasonally Adjusted),2018Q1,Industry - of which Manufacturing,4077.5035097
Compensation of Employees at Constant Prices (Seasonally Adjusted),2018Q1,Construction,1573.651775
Compensation of Employees at Constant Prices (Seasonally Adjusted),2018Q1,"Distribution, Transport, Hotels and Restaurants",6234.0399707
Compensation of Employees at Constant Prices (Seasonally Adjusted),2018Q1,Information and Communication,2623.4909103
Compensation of Employees at Constant Prices (Seasonally Adjusted),2018Q1,Financial and Insurance Activities,2026.921314
Compensation of Employees at Constant Prices (Seasonally Adjusted),2018Q1,Real Estate Activities,246.8888664
Compensation of Employees at Constant Prices (Seasonally Adjusted),2018Q1,"Professional, Admin and Support Services",4126.8847965
Compensation of Employees at Constant Prices (Seasonally Adjusted),2018Q1,"Public Admin, Education and Health",8291.8377308
Compensation of Employees at Constant Prices (Seasonally Adjusted),2018Q1,"Arts, Entertainment and Other Services",876.0410066
Compensation of Employees at Constant Prices (Seasonally Adjusted),2018Q1,All Sectors,30464.0362361
Compensation of Employees at Constant Prices (Seasonally Adjusted),2018Q2,"Agriculture, Forestry and Fishing",304.8781411
Compensation of Employees at Constant Prices (Seasonally Adjusted),2018Q2,Industry (excl. Construction),4555.5579952
Compensation of Employees at Constant Prices (Seasonally Adjusted),2018Q2,Industry - of which Manufacturing,4240.1244924
Compensation of Employees at Constant Prices (Seasonally Adjusted),2018Q2,Construction,1673.5348118
Compensation of Employees at Constant Prices (Seasonally Adjusted),2018Q2,"Distribution, Transport, Hotels and Restaurants",6650.1408653
Compensation of Employees at Constant Prices (Seasonally Adjusted),2018Q2,Information and Communication,2649.578446
Compensation of Employees at Constant Prices (Seasonally Adjusted),2018Q2,Financial and Insurance Activities,2044.7259762
Compensation of Employees at Constant Prices (Seasonally Adjusted),2018Q2,Real Estate Activities,294.9457733
Compensation of Employees at Constant Prices (Seasonally Adjusted),2018Q2,"Professional, Admin and Support Services",4399.9591995
Compensation of Employees at Constant Prices (Seasonally Adjusted),2018Q2,"Public Admin, Education and Health",8433.6952975
Compensation of Employees at Constant Prices (Seasonally Adjusted),2018Q2,"Arts, Entertainment and Other Services",868.6031259
Compensation of Employees at Constant Prices (Seasonally Adjusted),2018Q2,All Sectors,31608.1807884
Compensation of Employees at Constant Prices (Seasonally Adjusted),2018Q3,"Agriculture, Forestry and Fishing",316.2491373
Compensation of Employees at Constant Prices (Seasonally Adjusted),2018Q3,Industry (excl. Construction),4521.7442631
Compensation of Employees at Constant Prices (Seasonally Adjusted),2018Q3,Industry - of which Manufacturing,4223.0699819
Compensation of Employees at Constant Prices (Seasonally Adjusted),2018Q3,Construction,1704.9794916
Compensation of Employees at Constant Prices (Seasonally Adjusted),2018Q3,"Distribution, Transport, Hotels and Restaurants",6636.6760586
Compensation of Employees at Constant Prices (Seasonally Adjusted),2018Q3,Information and Communication,2764.4794054
Compensation of Employees at Constant Prices (Seasonally Adjusted),2018Q3,Financial and Insurance Activities,1972.6854901
Compensation of Employees at Constant Prices (Seasonally Adjusted),2018Q3,Real Estate Activities,238.0584944
Compensation of Employees at Constant Prices (Seasonally Adjusted),2018Q3,"Professional, Admin and Support Services",4368.6234793
Compensation of Employees at Constant Prices (Seasonally Adjusted),2018Q3,"Public Admin, Education and Health",8417.4048676
Compensation of Employees at Constant Prices (Seasonally Adjusted),2018Q3,"Arts, Entertainment and Other Services",937.4917049
Compensation of Employees at Constant Prices (Seasonally Adjusted),2018Q3,All Sectors,31575.9572783
Compensation of Employees at Constant Prices (Seasonally Adjusted),2018Q4,"Agriculture, Forestry and Fishing",306.6609675
Compensation of Employees at Constant Prices (Seasonally Adjusted),2018Q4,Industry (excl. Construction),4464.6471689
Compensation of Employees at Constant Prices (Seasonally Adjusted),2018Q4,Industry - of which Manufacturing,4130.7144764
Compensation of Employees at Constant Prices (Seasonally Adjusted),2018Q4,Construction,1634.6785484
Compensation of Employees at Constant Prices (Seasonally Adjusted),2018Q4,"Distribution, Transport, Hotels and Restaurants",6772.0644897
Compensation of Employees at Constant Prices (Seasonally Adjusted),2018Q4,Information and Communication,2691.6732932
Compensation of Employees at Constant Prices (Seasonally Adjusted),2018Q4,Financial and Insurance Activities,2073.0754775
Compensation of Employees at Constant Prices (Seasonally Adjusted),2018Q4,Real Estate Activities,312.2586073
Compensation of Employees at Constant Prices (Seasonally Adjusted),2018Q4,"Professional, Admin and Support Services",4523.9522636
Compensation of Employees at Constant Prices (Seasonally Adjusted),2018Q4,"Public Admin, Education and Health",8674.5981296
Compensation of Employees at Constant Prices (Seasonally Adjusted),2018Q4,"Arts, Entertainment and Other Services",873.3916833
Compensation of Employees at Constant Prices (Seasonally Adjusted),2018Q4,All Sectors,32084.1763807
Compensation of Employees at Constant Prices (Seasonally Adjusted),2019Q1,"Agriculture, Forestry and Fishing",309.4350486
Compensation of Employees at Constant Prices (Seasonally Adjusted),2019Q1,Industry (excl. Construction),4650.2400334
Compensation of Employees at Constant Prices (Seasonally Adjusted),2019Q1,Industry - of which Manufacturing,4286.0229935
Compensation of Employees at Constant Prices (Seasonally Adjusted),2019Q1,Construction,1648.3929241
Compensation of Employees at Constant Prices (Seasonally Adjusted),2019Q1,"Distribution, Transport, Hotels and Restaurants",6736.8440748
Compensation of Employees at Constant Prices (Seasonally Adjusted),2019Q1,Information and Communication,2710.2426413
Compensation of Employees at Constant Prices (Seasonally Adjusted),2019Q1,Financial and Insurance Activities,2187.6476132
Compensation of Employees at Constant Prices (Seasonally Adjusted),2019Q1,Real Estate Activities,280.0018673
Compensation of Employees at Constant Prices (Seasonally Adjusted),2019Q1,"Professional, Admin and Support Services",4603.7255615
Compensation of Employees at Constant Prices (Seasonally Adjusted),2019Q1,"Public Admin, Education and Health",8901.3949357
Compensation of Employees at Constant Prices (Seasonally Adjusted),2019Q1,"Arts, Entertainment and Other Services",814.4338611
Compensation of Employees at Constant Prices (Seasonally Adjusted),2019Q1,All Sectors,32629.3558066
Compensation of Employees at Constant Prices (Seasonally Adjusted),2019Q2,"Agriculture, Forestry and Fishing",312.4923146
Compensation of Employees at Constant Prices (Seasonally Adjusted),2019Q2,Industry (excl. Construction),4628.2156592
Compensation of Employees at Constant Prices (Seasonally Adjusted),2019Q2,Industry - of which Manufacturing,4235.4453572
Compensation of Employees at Constant Prices (Seasonally Adjusted),2019Q2,Construction,1718.0193489
Compensation of Employees at Constant Prices (Seasonally Adjusted),2019Q2,"Distribution, Transport, Hotels and Restaurants",6695.5313442
Compensation of Employees at Constant Prices (Seasonally Adjusted),2019Q2,Information and Communication,2828.3911435
Compensation of Employees at Constant Prices (Seasonally Adjusted),2019Q2,Financial and Insurance Activities,2173.3059732
Compensation of Employees at Constant Prices (Seasonally Adjusted),2019Q2,Real Estate Activities,311.5539263
Compensation of Employees at Constant Prices (Seasonally Adjusted),2019Q2,"Professional, Admin and Support Services",4504.5896478
Compensation of Employees at Constant Prices (Seasonally Adjusted),2019Q2,"Public Admin, Education and Health",9036.0385984
Compensation of Employees at Constant Prices (Seasonally Adjusted),2019Q2,"Arts, Entertainment and Other Services",874.0968313
Compensation of Employees at Constant Prices (Seasonally Adjusted),2019Q2,All Sectors,32855.0002271
Compensation of Employees at Constant Prices (Seasonally Adjusted),2019Q3,"Agriculture, Forestry and Fishing",296.0242022
Compensation of Employees at Constant Prices (Seasonally Adjusted),2019Q3,Industry (excl. Construction),4691.7590176
Compensation of Employees at Constant Prices (Seasonally Adjusted),2019Q3,Industry - of which Manufacturing,4360.5424169
Compensation of Employees at Constant Prices (Seasonally Adjusted),2019Q3,Construction,1713.7236055
Compensation of Employees at Constant Prices (Seasonally Adjusted),2019Q3,"Distribution, Transport, Hotels and Restaurants",6659.6840023
Compensation of Employees at Constant Prices (Seasonally Adjusted),2019Q3,Information and Communication,2966.3638434
Compensation of Employees at Constant Prices (Seasonally Adjusted),2019Q3,Financial and Insurance Activities,2316.820549
Compensation of Employees at Constant Prices (Seasonally Adjusted),2019Q3,Real Estate Activities,274.0541264
Compensation of Employees at Constant Prices (Seasonally Adjusted),2019Q3,"Professional, Admin and Support Services",4432.2942255
Compensation of Employees at Constant Prices (Seasonally Adjusted),2019Q3,"Public Admin, Education and Health",9021.586085
Compensation of Employees at Constant Prices (Seasonally Adjusted),2019Q3,"Arts, Entertainment and Other Services",844.3063279
Compensation of Employees at Constant Prices (Seasonally Adjusted),2019Q3,All Sectors,33031.4539283
Compensation of Employees at Constant Prices (Seasonally Adjusted),2019Q4,"Agriculture, Forestry and Fishing",326.1500843
Compensation of Employees at Constant Prices (Seasonally Adjusted),2019Q4,Industry (excl. Construction),4676.2016876
Compensation of Employees at Constant Prices (Seasonally Adjusted),2019Q4,Industry - of which Manufacturing,4349.3541597
Compensation of Employees at Constant Prices (Seasonally Adjusted),2019Q4,Construction,1778.5550966
Compensation of Employees at Constant Prices (Seasonally Adjusted),2019Q4,"Distribution, Transport, Hotels and Restaurants",6583.8591452
Compensation of Employees at Constant Prices (Seasonally Adjusted),2019Q4,Information and Communication,2887.5339777
Compensation of Employees at Constant Prices (Seasonally Adjusted),2019Q4,Financial and Insurance Activities,2306.1612959
Compensation of Employees at Constant Prices (Seasonally Adjusted),2019Q4,Real Estate Activities,264.9864334
Compensation of Employees at Constant Prices (Seasonally Adjusted),2019Q4,"Professional, Admin and Support Services",4637.7141807
Compensation of Employees at Constant Prices (Seasonally Adjusted),2019Q4,"Public Admin, Education and Health",9009.7563057
Compensation of Employees at Constant Prices (Seasonally Adjusted),2019Q4,"Arts, Entertainment and Other Services",838.7604554
Compensation of Employees at Constant Prices (Seasonally Adjusted),2019Q4,All Sectors,33100.0270309
Compensation of Employees at Constant Prices (Seasonally Adjusted),2020Q1,"Agriculture, Forestry and Fishing",326.2433237
Compensation of Employees at Constant Prices (Seasonally Adjusted),2020Q1,Industry (excl. Construction),4554.0946036
Compensation of Employees at Constant Prices (Seasonally Adjusted),2020Q1,Industry - of which Manufacturing,4258.6372647
Compensation of Employees at Constant Prices (Seasonally Adjusted),2020Q1,Construction,1691.2186705
Compensation of Employees at Constant Prices (Seasonally Adjusted),2020Q1,"Distribution, Transport, Hotels and Restaurants",6603.5799254
Compensation of Employees at Constant Prices (Seasonally Adjusted),2020Q1,Information and Communication,2837.0087142
Compensation of Employees at Constant Prices (Seasonally Adjusted),2020Q1,Financial and Insurance Activities,2342.6894715
Compensation of Employees at Constant Prices (Seasonally Adjusted),2020Q1,Real Estate Activities,284.4953403
Compensation of Employees at Constant Prices (Seasonally Adjusted),2020Q1,"Professional, Admin and Support Services",4711.0707927
Compensation of Employees at Constant Prices (Seasonally Adjusted),2020Q1,"Public Admin, Education and Health",8734.434053
Compensation of Employees at Constant Prices (Seasonally Adjusted),2020Q1,"Arts, Entertainment and Other Services",815.8176251
Compensation of Employees at Constant Prices (Seasonally Adjusted),2020Q1,All Sectors,32719.1304432
Compensation of Employees at Constant Prices (Seasonally Adjusted),2020Q2,"Agriculture, Forestry and Fishing",245.5415773
Compensation of Employees at Constant Prices (Seasonally Adjusted),2020Q2,Industry (excl. Construction),4199.4372262
Compensation of Employees at Constant Prices (Seasonally Adjusted),2020Q2,Industry - of which Manufacturing,3948.5857895
Compensation of Employees at Constant Prices (Seasonally Adjusted),2020Q2,Construction,893.2989394
Compensation of Employees at Constant Prices (Seasonally Adjusted),2020Q2,"Distribution, Transport, Hotels and Restaurants",4740.5088848
Compensation of Employees at Constant Prices (Seasonally Adjusted),2020Q2,Information and Communication,2950.4710829
Compensation of Employees at Constant Prices (Seasonally Adjusted),2020Q2,Financial and Insurance Activities,2528.8654453
Compensation of Employees at Constant Prices (Seasonally Adjusted),2020Q2,Real Estate Activities,270.8734674
Compensation of Employees at Constant Prices (Seasonally Adjusted),2020Q2,"Professional, Admin and Support Services",4167.0897734
Compensation of Employees at Constant Prices (Seasonally Adjusted),2020Q2,"Public Admin, Education and Health",8466.7371425
Compensation of Employees at Constant Prices (Seasonally Adjusted),2020Q2,"Arts, Entertainment and Other Services",398.7854878
Compensation of Employees at Constant Prices (Seasonally Adjusted),2020Q2,All Sectors,28941.6298308
Compensation of Employees at Constant Prices (Seasonally Adjusted),2020Q3,"Agriculture, Forestry and Fishing",304.6234515
Compensation of Employees at Constant Prices (Seasonally Adjusted),2020Q3,Industry (excl. Construction),4855.3649212
Compensation of Employees at Constant Prices (Seasonally Adjusted),2020Q3,Industry - of which Manufacturing,4497.1327771
Compensation of Employees at Constant Prices (Seasonally Adjusted),2020Q3,Construction,1613.7938557
Compensation of Employees at Constant Prices (Seasonally Adjusted),2020Q3,"Distribution, Transport, Hotels and Restaurants",6368.6677558
Compensation of Employees at Constant Prices (Seasonally Adjusted),2020Q3,Information and Communication,2886.0812524
Compensation of Employees at Constant Prices (Seasonally Adjusted),2020Q3,Financial and Insurance Activities,2431.4670284
Compensation of Employees at Constant Prices (Seasonally Adjusted),2020Q3,Real Estate Activities,300.7852183
Compensation of Employees at Constant Prices (Seasonally Adjusted),2020Q3,"Professional, Admin and Support Services",4504.8515361
Compensation of Employees at Constant Prices (Seasonally Adjusted),2020Q3,"Public Admin, Education and Health",8878.0913518
Compensation of Employees at Constant Prices (Seasonally Adjusted),2020Q3,"Arts, Entertainment and Other Services",818.4721297
Compensation of Employees at Constant Prices (Seasonally Adjusted),2020Q3,All Sectors,32806.3090188
Compensation of Employees at Constant Prices (Seasonally Adjusted),2020Q4,"Agriculture, Forestry and Fishing",306.6404195
Compensation of Employees at Constant Prices (Seasonally Adjusted),2020Q4,Industry (excl. Construction),4985.8477747
Compensation of Employees at Constant Prices (Seasonally Adjusted),2020Q4,Industry - of which Manufacturing,4741.3158062
Compensation of Employees at Constant Prices (Seasonally Adjusted),2020Q4,Construction,1625.4583386
Compensation of Employees at Constant Prices (Seasonally Adjusted),2020Q4,"Distribution, Transport, Hotels and Restaurants",5894.5342455
Compensation of Employees at Constant Prices (Seasonally Adjusted),2020Q4,Information and Communication,3124.7481166
Compensation of Employees at Constant Prices (Seasonally Adjusted),2020Q4,Financial and Insurance Activities,2372.8661511
Compensation of Employees at Constant Prices (Seasonally Adjusted),2020Q4,Real Estate Activities,277.8504523
Compensation of Employees at Constant Prices (Seasonally Adjusted),2020Q4,"Professional, Admin and Support Services",4408.1721719
Compensation of Employees at Constant Prices (Seasonally Adjusted),2020Q4,"Public Admin, Education and Health",9057.2400694
Compensation of Employees at Constant Prices (Seasonally Adjusted),2020Q4,"Arts, Entertainment and Other Services",535.1380892
Compensation of Employees at Constant Prices (Seasonally Adjusted),2020Q4,All Sectors,32461.6880616
Compensation of Employees at Constant Prices (Seasonally Adjusted),2021Q1,"Agriculture, Forestry and Fishing",325.8183602
Compensation of Employees at Constant Prices (Seasonally Adjusted),2021Q1,Industry (excl. Construction),4911.5652026
Compensation of Employees at Constant Prices (Seasonally Adjusted),2021Q1,Industry - of which Manufacturing,4689.8817953
Compensation of Employees at Constant Prices (Seasonally Adjusted),2021Q1,Construction,1271.9109669
Compensation of Employees at Constant Prices (Seasonally Adjusted),2021Q1,"Distribution, Transport, Hotels and Restaurants",5386.7800465
Compensation of Employees at Constant Prices (Seasonally Adjusted),2021Q1,Information and Communication,3241.0411741
Compensation of Employees at Constant Prices (Seasonally Adjusted),2021Q1,Financial and Insurance Activities,2431.9999736
Compensation of Employees at Constant Prices (Seasonally Adjusted),2021Q1,Real Estate Activities,241.6512054
Compensation of Employees at Constant Prices (Seasonally Adjusted),2021Q1,"Professional, Admin and Support Services",4413.0078468
Compensation of Employees at Constant Prices (Seasonally Adjusted),2021Q1,"Public Admin, Education and Health",9375.4833706
Compensation of Employees at Constant Prices (Seasonally Adjusted),2021Q1,"Arts, Entertainment and Other Services",487.4926808
Compensation of Employees at Constant Prices (Seasonally Adjusted),2021Q1,All Sectors,32041.7760055
Compensation of Employees at Constant Prices (Seasonally Adjusted),2021Q2,"Agriculture, Forestry and Fishing",340.9893734
Compensation of Employees at Constant Prices (Seasonally Adjusted),2021Q2,Industry (excl. Construction),4951.4343762
Compensation of Employees at Constant Prices (Seasonally Adjusted),2021Q2,Industry - of which Manufacturing,4694.2847969
Compensation of Employees at Constant Prices (Seasonally Adjusted),2021Q2,Construction,1490.2067268
Compensation of Employees at Constant Prices (Seasonally Adjusted),2021Q2,"Distribution, Transport, Hotels and Restaurants",5966.0640499
Compensation of Employees at Constant Prices (Seasonally Adjusted),2021Q2,Information and Communication,3231.4911008
Compensation of Employees at Constant Prices (Seasonally Adjusted),2021Q2,Financial and Insurance Activities,2507.4754339
Compensation of Employees at Constant Prices (Seasonally Adjusted),2021Q2,Real Estate Activities,301.4387963
Compensation of Employees at Constant Prices (Seasonally Adjusted),2021Q2,"Professional, Admin and Support Services",4657.9800302
Compensation of Employees at Constant Prices (Seasonally Adjusted),2021Q2,"Public Admin, Education and Health",9776.3477237
Compensation of Employees at Constant Prices (Seasonally Adjusted),2021Q2,"Arts, Entertainment and Other Services",663.6734938
Compensation of Employees at Constant Prices (Seasonally Adjusted),2021Q2,All Sectors,33815.5229899
Compensation of Employees at Constant Prices (Seasonally Adjusted),2021Q3,"Agriculture, Forestry and Fishing",320.1173009
Compensation of Employees at Constant Prices (Seasonally Adjusted),2021Q3,Industry (excl. Construction),4579.8916307
Compensation of Employees at Constant Prices (Seasonally Adjusted),2021Q3,Industry - of which Manufacturing,4239.4454699
Compensation of Employees at Constant Prices (Seasonally Adjusted),2021Q3,Construction,1691.8882446
Compensation of Employees at Constant Prices (Seasonally Adjusted),2021Q3,"Distribution, Transport, Hotels and Restaurants",6692.0997572
Compensation of Employees at Constant Prices (Seasonally Adjusted),2021Q3,Information and Communication,3328.8315513
Compensation of Employees at Constant Prices (Seasonally Adjusted),2021Q3,Financial and Insurance Activities,2466.8359338
Compensation of Employees at Constant Prices (Seasonally Adjusted),2021Q3,Real Estate Activities,403.5037521
Compensation of Employees at Constant Prices (Seasonally Adjusted),2021Q3,"Professional, Admin and Support Services",4926.7868235
Compensation of Employees at Constant Prices (Seasonally Adjusted),2021Q3,"Public Admin, Education and Health",9754.0350112
Compensation of Employees at Constant Prices (Seasonally Adjusted),2021Q3,"Arts, Entertainment and Other Services",838.7678687
Compensation of Employees at Constant Prices (Seasonally Adjusted),2021Q3,All Sectors,34891.2060641
Compensation of Employees at Constant Prices (Seasonally Adjusted),2021Q4,"Agriculture, Forestry and Fishing",318.3184644
Compensation of Employees at Constant Prices (Seasonally Adjusted),2021Q4,Industry (excl. Construction),4814.3731128
Compensation of Employees at Constant Prices (Seasonally Adjusted),2021Q4,Industry - of which Manufacturing,4506.8007313
Compensation of Employees at Constant Prices (Seasonally Adjusted),2021Q4,Construction,1847.6799883
Compensation of Employees at Constant Prices (Seasonally Adjusted),2021Q4,"Distribution, Transport, Hotels and Restaurants",6460.2275596
Compensation of Employees at Constant Prices (Seasonally Adjusted),2021Q4,Information and Communication,3805.8227715
Compensation of Employees at Constant Prices (Seasonally Adjusted),2021Q4,Financial and Insurance Activities,2678.4949711
Compensation of Employees at Constant Prices (Seasonally Adjusted),2021Q4,Real Estate Activities,345.7313212
Compensation of Employees at Constant Prices (Seasonally Adjusted),2021Q4,"Professional, Admin and Support Services",5157.4518758
Compensation of Employees at Constant Prices (Seasonally Adjusted),2021Q4,"Public Admin, Education and Health",9912.0208508
Compensation of Employees at Constant Prices (Seasonally Adjusted),2021Q4,"Arts, Entertainment and Other Services",833.9200959
Compensation of Employees at Constant Prices (Seasonally Adjusted),2021Q4,All Sectors,36072.5110325
Compensation of Employees at Constant Prices (Seasonally Adjusted),2022Q1,"Agriculture, Forestry and Fishing",307.6355305
Compensation of Employees at Constant Prices (Seasonally Adjusted),2022Q1,Industry (excl. Construction),5011.2883339
Compensation of Employees at Constant Prices (Seasonally Adjusted),2022Q1,Industry - of which Manufacturing,4635.4026949
Compensation of Employees at Constant Prices (Seasonally Adjusted),2022Q1,Construction,1956.8888176
Compensation of Employees at Constant Prices (Seasonally Adjusted),2022Q1,"Distribution, Transport, Hotels and Restaurants",6788.5873353
Compensation of Employees at Constant Prices (Seasonally Adjusted),2022Q1,Information and Communication,3912.7718459
Compensation of Employees at Constant Prices (Seasonally Adjusted),2022Q1,Financial and Insurance Activities,2708.1476121
Compensation of Employees at Constant Prices (Seasonally Adjusted),2022Q1,Real Estate Activities,440.78922
Compensation of Employees at Constant Prices (Seasonally Adjusted),2022Q1,"Professional, Admin and Support Services",5034.5373105
Compensation of Employees at Constant Prices (Seasonally Adjusted),2022Q1,"Public Admin, Education and Health",9997.8131875
Compensation of Employees at Constant Prices (Seasonally Adjusted),2022Q1,"Arts, Entertainment and Other Services",812.6930589
Compensation of Employees at Constant Prices (Seasonally Adjusted),2022Q1,All Sectors,36879.5686817
Compensation of Employees at Constant Prices (Seasonally Adjusted),2022Q2,"Agriculture, Forestry and Fishing",320.0960891
Compensation of Employees at Constant Prices (Seasonally Adjusted),2022Q2,Industry (excl. Construction),5256.7225567
Compensation of Employees at Constant Prices (Seasonally Adjusted),2022Q2,Industry - of which Manufacturing,4877.6428452
Compensation of Employees at Constant Prices (Seasonally Adjusted),2022Q2,Construction,1954.199753
Compensation of Employees at Constant Prices (Seasonally Adjusted),2022Q2,"Distribution, Transport, Hotels and Restaurants",7036.8982401
Compensation of Employees at Constant Prices (Seasonally Adjusted),2022Q2,Information and Communication,3834.7892851
Compensation of Employees at Constant Prices (Seasonally Adjusted),2022Q2,Financial and Insurance Activities,2654.254247
Compensation of Employees at Constant Prices (Seasonally Adjusted),2022Q2,Real Estate Activities,302.2444723
Compensation of Employees at Constant Prices (Seasonally Adjusted),2022Q2,"Professional, Admin and Support Services",4882.8062261
Compensation of Employees at Constant Prices (Seasonally Adjusted),2022Q2,"Public Admin, Education and Health",10134.2644697
Compensation of Employees at Constant Prices (Seasonally Adjusted),2022Q2,"Arts, Entertainment and Other Services",784.300086
Compensation of Employees at Constant Prices (Seasonally Adjusted),2022Q2,All Sectors,37073.2590759
Compensation of Employees at Constant Prices (Seasonally Adjusted),2022Q3,"Agriculture, Forestry and Fishing",275.6481005
Compensation of Employees at Constant Prices (Seasonally Adjusted),2022Q3,Industry (excl. Construction),5401.6570371
Compensation of Employees at Constant Prices (Seasonally Adjusted),2022Q3,Industry - of which Manufacturing,4962.545489
Compensation of Employees at Constant Prices (Seasonally Adjusted),2022Q3,Construction,2038.7433281
Compensation of Employees at Constant Prices (Seasonally Adjusted),2022Q3,"Distribution, Transport, Hotels and Restaurants",6770.896685
Compensation of Employees at Constant Prices (Seasonally Adjusted),2022Q3,Information and Communication,3757.9525543
Compensation of Employees at Constant Prices (Seasonally Adjusted),2022Q3,Financial and Insurance Activities,2729.6505273
Compensation of Employees at Constant Prices (Seasonally Adjusted),2022Q3,Real Estate Activities,304.3867173
Compensation of Employees at Constant Prices (Seasonally Adjusted),2022Q3,"Professional, Admin and Support Services",4968.800479
Compensation of Employees at Constant Prices (Seasonally Adjusted),2022Q3,"Public Admin, Education and Health",10424.0141257
Compensation of Employees at Constant Prices (Seasonally Adjusted),2022Q3,"Arts, Entertainment and Other Services",806.9161542
Compensation of Employees at Constant Prices (Seasonally Adjusted),2022Q3,All Sectors,37392.4086857
Compensation of Employees at Constant Prices (Seasonally Adjusted),2022Q4,"Agriculture, Forestry and Fishing",309.5059871
Compensation of Employees at Constant Prices (Seasonally Adjusted),2022Q4,Industry (excl. Construction),5363.4047157
Compensation of Employees at Constant Prices (Seasonally Adjusted),2022Q4,Industry - of which Manufacturing,4962.4899989
Compensation of Employees at Constant Prices (Seasonally Adjusted),2022Q4,Construction,2024.02189
Compensation of Employees at Constant Prices (Seasonally Adjusted),2022Q4,"Distribution, Transport, Hotels and Restaurants",6959.955913
Compensation of Employees at Constant Prices (Seasonally Adjusted),2022Q4,Information and Communication,3845.0894304
Compensation of Employees at Constant Prices (Seasonally Adjusted),2022Q4,Financial and Insurance Activities,2813.5287344
Compensation of Employees at Constant Prices (Seasonally Adjusted),2022Q4,Real Estate Activities,344.4940362
Compensation of Employees at Constant Prices (Seasonally Adjusted),2022Q4,"Professional, Admin and Support Services",5158.364051
Compensation of Employees at Constant Prices (Seasonally Adjusted),2022Q4,"Public Admin, Education and Health",10113.9015366
Compensation of Employees at Constant Prices (Seasonally Adjusted),2022Q4,"Arts, Entertainment and Other Services",798.2042628
Compensation of Employees at Constant Prices (Seasonally Adjusted),2022Q4,All Sectors,37650.7466941
Compensation of Employees at Constant Prices (Seasonally Adjusted),2023Q1,"Agriculture, Forestry and Fishing",295.4332754
Compensation of Employees at Constant Prices (Seasonally Adjusted),2023Q1,Industry (excl. Construction),5400.4075081
Compensation of Employees at Constant Prices (Seasonally Adjusted),2023Q1,Industry - of which Manufacturing,5044.1489302
Compensation of Employees at Constant Prices (Seasonally Adjusted),2023Q1,Construction,1985.8056383
Compensation of Employees at Constant Prices (Seasonally Adjusted),2023Q1,"Distribution, Transport, Hotels and Restaurants",7105.0668139
Compensation of Employees at Constant Prices (Seasonally Adjusted),2023Q1,Information and Communication,3944.9887674
Compensation of Employees at Constant Prices (Seasonally Adjusted),2023Q1,Financial and Insurance Activities,2728.3139048
Compensation of Employees at Constant Prices (Seasonally Adjusted),2023Q1,Real Estate Activities,321.1455793
Compensation of Employees at Constant Prices (Seasonally Adjusted),2023Q1,"Professional, Admin and Support Services",5378.1393615
Compensation of Employees at Constant Prices (Seasonally Adjusted),2023Q1,"Public Admin, Education and Health",10446.7103097
Compensation of Employees at Constant Prices (Seasonally Adjusted),2023Q1,"Arts, Entertainment and Other Services",848.5470005
Compensation of Employees at Constant Prices (Seasonally Adjusted),2023Q1,All Sectors,38390.5695891
Compensation of Employees at Constant Prices (Seasonally Adjusted),2023Q2,"Agriculture, Forestry and Fishing",291.5119504
Compensation of Employees at Constant Prices (Seasonally Adjusted),2023Q2,Industry (excl. Construction),5065.303182
Compensation of Employees at Constant Prices (Seasonally Adjusted),2023Q2,Industry - of which Manufacturing,4698.5217514
Compensation of Employees at Constant Prices (Seasonally Adjusted),2023Q2,Construction,2058.056513
Compensation of Employees at Constant Prices (Seasonally Adjusted),2023Q2,"Distribution, Transport, Hotels and Restaurants",7447.3620866
Compensation of Employees at Constant Prices (Seasonally Adjusted),2023Q2,Information and Communication,3985.1215627
Compensation of Employees at Constant Prices (Seasonally Adjusted),2023Q2,Financial and Insurance Activities,2760.3186083
Compensation of Employees at Constant Prices (Seasonally Adjusted),2023Q2,Real Estate Activities,207.3048635
Compensation of Employees at Constant Prices (Seasonally Adjusted),2023Q2,"Professional, Admin and Support Services",5453.6026763
Compensation of Employees at Constant Prices (Seasonally Adjusted),2023Q2,"Public Admin, Education and Health",10481.2732973
Compensation of Employees at Constant Prices (Seasonally Adjusted),2023Q2,"Arts, Entertainment and Other Services",841.6003093
Compensation of Employees at Constant Prices (Seasonally Adjusted),2023Q2,All Sectors,38554.7165238
Compensation of Employees at Constant Prices (Seasonally Adjusted),2023Q3,"Agriculture, Forestry and Fishing",351.9139913
Compensation of Employees at Constant Prices (Seasonally Adjusted),2023Q3,Industry (excl. Construction),5188.4491633
Compensation of Employees at Constant Prices (Seasonally Adjusted),2023Q3,Industry - of which Manufacturing,4792.4212917
Compensation of Employees at Constant Prices (Seasonally Adjusted),2023Q3,Construction,1970.5899807
Compensation of Employees at Constant Prices (Seasonally Adjusted),2023Q3,"Distribution, Transport, Hotels and Restaurants",7255.1284101
Compensation of Employees at Constant Prices (Seasonally Adjusted),2023Q3,Information and Communication,4078.861641
Compensation of Employees at Constant Prices (Seasonally Adjusted),2023Q3,Financial and Insurance Activities,2770.1294736
Compensation of Employees at Constant Prices (Seasonally Adjusted),2023Q3,Real Estate Activities,276.5076213
Compensation of Employees at Constant Prices (Seasonally Adjusted),2023Q3,"Professional, Admin and Support Services",5415.0000579
Compensation of Employees at Constant Prices (Seasonally Adjusted),2023Q3,"Public Admin, Education and Health",10485.176396
Compensation of Employees at Constant Prices (Seasonally Adjusted),2023Q3,"Arts, Entertainment and Other Services",864.8434864
Compensation of Employees at Constant Prices (Seasonally Adjusted),2023Q3,All Sectors,38610.8606151
Compensation of Employees at Constant Prices (Seasonally Adjusted),2023Q4,"Agriculture, Forestry and Fishing",329.7473975
Compensation of Employees at Constant Prices (Seasonally Adjusted),2023Q4,Industry (excl. Construction),4925.6799597
Compensation of Employees at Constant Prices (Seasonally Adjusted),2023Q4,Industry - of which Manufacturing,4529.973815
Compensation of Employees at Constant Prices (Seasonally Adjusted),2023Q4,Construction,1890.5087513
Compensation of Employees at Constant Prices (Seasonally Adjusted),2023Q4,"Distribution, Transport, Hotels and Restaurants",7582.1870392
Compensation of Employees at Constant Prices (Seasonally Adjusted),2023Q4,Information and Communication,3637.0776411
Compensation of Employees at Constant Prices (Seasonally Adjusted),2023Q4,Financial and Insurance Activities,2680.7085044
Compensation of Employees at Constant Prices (Seasonally Adjusted),2023Q4,Real Estate Activities,273.8556564
Compensation of Employees at Constant Prices (Seasonally Adjusted),2023Q4,"Professional, Admin and Support Services",5621.3579957
Compensation of Employees at Constant Prices (Seasonally Adjusted),2023Q4,"Public Admin, Education and Health",10634.9902772
Compensation of Employees at Constant Prices (Seasonally Adjusted),2023Q4,"Arts, Entertainment and Other Services",893.1601003
Compensation of Employees at Constant Prices (Seasonally Adjusted),2023Q4,All Sectors,38483.3125048
Compensation of Employees at Constant Prices (Seasonally Adjusted),2024Q1,"Agriculture, Forestry and Fishing",329.9531758
Compensation of Employees at Constant Prices (Seasonally Adjusted),2024Q1,Industry (excl. Construction),5332.0834577
Compensation of Employees at Constant Prices (Seasonally Adjusted),2024Q1,Industry - of which Manufacturing,4838.7449524
Compensation of Employees at Constant Prices (Seasonally Adjusted),2024Q1,Construction,2013.9628282
Compensation of Employees at Constant Prices (Seasonally Adjusted),2024Q1,"Distribution, Transport, Hotels and Restaurants",7413.6991325
Compensation of Employees at Constant Prices (Seasonally Adjusted),2024Q1,Information and Communication,3715.094962
Compensation of Employees at Constant Prices (Seasonally Adjusted),2024Q1,Financial and Insurance Activities,2782.2132448
Compensation of Employees at Constant Prices (Seasonally Adjusted),2024Q1,Real Estate Activities,296.0273273
Compensation of Employees at Constant Prices (Seasonally Adjusted),2024Q1,"Professional, Admin and Support Services",5872.8700654
Compensation of Employees at Constant Prices (Seasonally Adjusted),2024Q1,"Public Admin, Education and Health",10750.0139642
Compensation of Employees at Constant Prices (Seasonally Adjusted),2024Q1,"Arts, Entertainment and Other Services",877.7998566
Compensation of Employees at Constant Prices (Seasonally Adjusted),2024Q1,All Sectors,39370.7872979
Compensation of Employees at Constant Prices (Seasonally Adjusted),2024Q2,"Agriculture, Forestry and Fishing",343.7925144
Compensation of Employees at Constant Prices (Seasonally Adjusted),2024Q2,Industry (excl. Construction),5336.5518488
Compensation of Employees at Constant Prices (Seasonally Adjusted),2024Q2,Industry - of which Manufacturing,4782.3467242
Compensation of Employees at Constant Prices (Seasonally Adjusted),2024Q2,Construction,1984.0818744
Compensation of Employees at Constant Prices (Seasonally Adjusted),2024Q2,"Distribution, Transport, Hotels and Restaurants",7530.6808695
Compensation of Employees at Constant Prices (Seasonally Adjusted),2024Q2,Information and Communication,4037.7281362
Compensation of Employees at Constant Prices (Seasonally Adjusted),2024Q2,Financial and Insurance Activities,2755.3320897
Compensation of Employees at Constant Prices (Seasonally Adjusted),2024Q2,Real Estate Activities,299.1472553
Compensation of Employees at Constant Prices (Seasonally Adjusted),2024Q2,"Professional, Admin and Support Services",5850.9127396
Compensation of Employees at Constant Prices (Seasonally Adjusted),2024Q2,"Public Admin, Education and Health",10737.6831969
Compensation of Employees at Constant Prices (Seasonally Adjusted),2024Q2,"Arts, Entertainment and Other Services",787.9269632
Compensation of Employees at Constant Prices (Seasonally Adjusted),2024Q2,All Sectors,39651.9039997
Compensation of Employees at Constant Prices (Seasonally Adjusted),2024Q3,"Agriculture, Forestry and Fishing",375.4379796
Compensation of Employees at Constant Prices (Seasonally Adjusted),2024Q3,Industry (excl. Construction),5219.5781011
Compensation of Employees at Constant Prices (Seasonally Adjusted),2024Q3,Industry - of which Manufacturing,4647.1270349
Compensation of Employees at Constant Prices (Seasonally Adjusted),2024Q3,Construction,2065.7716392
Compensation of Employees at Constant Prices (Seasonally Adjusted),2024Q3,"Distribution, Transport, Hotels and Restaurants",7507.1050744
Compensation of Employees at Constant Prices (Seasonally Adjusted),2024Q3,Information and Communication,3934.1389065
Compensation of Employees at Constant Prices (Seasonally Adjusted),2024Q3,Financial and Insurance Activities,2832.2105179
Compensation of Employees at Constant Prices (Seasonally Adjusted),2024Q3,Real Estate Activities,405.8879691
Compensation of Employees at Constant Prices (Seasonally Adjusted),2024Q3,"Professional, Admin and Support Services",5709.4698492
Compensation of Employees at Constant Prices (Seasonally Adjusted),2024Q3,"Public Admin, Education and Health",11002.8041482
Compensation of Employees at Constant Prices (Seasonally Adjusted),2024Q3,"Arts, Entertainment and Other Services",828.2402491
Compensation of Employees at Constant Prices (Seasonally Adjusted),2024Q3,All Sectors,39890.3790682
Compensation of Employees at Constant Prices (Seasonally Adjusted),2024Q4,"Agriculture, Forestry and Fishing",359.1664748
Compensation of Employees at Constant Prices (Seasonally Adjusted),2024Q4,Industry (excl. Construction),5281.3420783
Compensation of Employees at Constant Prices (Seasonally Adjusted),2024Q4,Industry - of which Manufacturing,4612.8730017
Compensation of Employees at Constant Prices (Seasonally Adjusted),2024Q4,Construction,2074.1640107
Compensation of Employees at Constant Prices (Seasonally Adjusted),2024Q4,"Distribution, Transport, Hotels and Restaurants",7113.4150484
Compensation of Employees at Constant Prices (Seasonally Adjusted),2024Q4,Information and Communication,3923.7685261
Compensation of Employees at Constant Prices (Seasonally Adjusted),2024Q4,Financial and Insurance Activities,2911.182225
Compensation of Employees at Constant Prices (Seasonally Adjusted),2024Q4,Real Estate Activities,379.0615751
Compensation of Employees at Constant Prices (Seasonally Adjusted),2024Q4,"Professional, Admin and Support Services",5704.4849346
Compensation of Employees at Constant Prices (Seasonally Adjusted),2024Q4,"Public Admin, Education and Health",10961.6696053
Compensation of Employees at Constant Prices (Seasonally Adjusted),2024Q4,"Arts, Entertainment and Other Services",808.0569076
Compensation of Employees at Constant Prices (Seasonally Adjusted),2024Q4,All Sectors,39531.4409586
Compensation of Employees at Constant Prices (Seasonally Adjusted),2025Q1,"Agriculture, Forestry and Fishing",396.0547612
Compensation of Employees at Constant Prices (Seasonally Adjusted),2025Q1,Industry (excl. Construction),5318.3205569
Compensation of Employees at Constant Prices (Seasonally Adjusted),2025Q1,Industry - of which Manufacturing,4754.4113841
Compensation of Employees at Constant Prices (Seasonally Adjusted),2025Q1,Construction,2032.1664644
Compensation of Employees at Constant Prices (Seasonally Adjusted),2025Q1,"Distribution, Transport, Hotels and Restaurants",6890.109448
Compensation of Employees at Constant Prices (Seasonally Adjusted),2025Q1,Information and Communication,4027.688408
Compensation of Employees at Constant Prices (Seasonally Adjusted),2025Q1,Financial and Insurance Activities,3003.937763
Compensation of Employees at Constant Prices (Seasonally Adjusted),2025Q1,Real Estate Activities,435.952965
Compensation of Employees at Constant Prices (Seasonally Adjusted),2025Q1,"Professional, Admin and Support Services",5807.132968
Compensation of Employees at Constant Prices (Seasonally Adjusted),2025Q1,"Public Admin, Education and Health",10859.8069149
Compensation of Employees at Constant Prices (Seasonally Adjusted),2025Q1,"Arts, Entertainment and Other Services",845.656245
Compensation of Employees at Constant Prices (Seasonally Adjusted),2025Q1,All Sectors,39616.8264947
Compensation of Employees at Constant Prices (Seasonally Adjusted),2025Q2,"Agriculture, Forestry and Fishing",380.2933207
Compensation of Employees at Constant Prices (Seasonally Adjusted),2025Q2,Industry (excl. Construction),5664.346802
Compensation of Employees at Constant Prices (Seasonally Adjusted),2025Q2,Industry - of which Manufacturing,5113.3984965
Compensation of Employees at Constant Prices (Seasonally Adjusted),2025Q2,Construction,2065.2857853
Compensation of Employees at Constant Prices (Seasonally Adjusted),2025Q2,"Distribution, Transport, Hotels and Restaurants",7076.523773
Compensation of Employees at Constant Prices (Seasonally Adjusted),2025Q2,Information and Communication,3845.0135967
Compensation of Employees at Constant Prices (Seasonally Adjusted),2025Q2,Financial and Insurance Activities,3027.1825533
Compensation of Employees at Constant Prices (Seasonally Adjusted),2025Q2,Real Estate Activities,298.990115
Compensation of Employees at Constant Prices (Seasonally Adjusted),2025Q2,"Professional, Admin and Support Services",5985.1241323
Compensation of Employees at Constant Prices (Seasonally Adjusted),2025Q2,"Public Admin, Education and Health",11088.8980378
Compensation of Employees at Constant Prices (Seasonally Adjusted),2025Q2,"Arts, Entertainment and Other Services",830.40735
Compensation of Employees at Constant Prices (Seasonally Adjusted),2025Q2,All Sectors,40262.0654665
Compensation of Employees at Constant Prices (Seasonally Adjusted),2025Q3,"Agriculture, Forestry and Fishing",353.3359379
Compensation of Employees at Constant Prices (Seasonally Adjusted),2025Q3,Industry (excl. Construction),5575.6406782
Compensation of Employees at Constant Prices (Seasonally Adjusted),2025Q3,Industry - of which Manufacturing,5057.050688
Compensation of Employees at Constant Prices (Seasonally Adjusted),2025Q3,Construction,2004.6767986
Compensation of Employees at Constant Prices (Seasonally Adjusted),2025Q3,"Distribution, Transport, Hotels and Restaurants",7361.203537
Compensation of Employees at Constant Prices (Seasonally Adjusted),2025Q3,Information and Communication,3777.1760683
Compensation of Employees at Constant Prices (Seasonally Adjusted),2025Q3,Financial and Insurance Activities,2920.9409834
Compensation of Employees at Constant Prices (Seasonally Adjusted),2025Q3,Real Estate Activities,470.174584
Compensation of Employees at Constant Prices (Seasonally Adjusted),2025Q3,"Professional, Admin and Support Services",6007.2873552
Compensation of Employees at Constant Prices (Seasonally Adjusted),2025Q3,"Public Admin, Education and Health",10918.0677787
Compensation of Employees at Constant Prices (Seasonally Adjusted),2025Q3,"Arts, Entertainment and Other Services",834.116283
Compensation of Employees at Constant Prices (Seasonally Adjusted),2025Q3,All Sectors,40222.6200046
Compensation of Employees at Constant Prices (Seasonally Adjusted),2025Q4,"Agriculture, Forestry and Fishing",342.2072729
Compensation of Employees at Constant Prices (Seasonally Adjusted),2025Q4,Industry (excl. Construction),5822.8902353
Compensation of Employees at Constant Prices (Seasonally Adjusted),2025Q4,Industry - of which Manufacturing,5341.0993057
Compensation of Employees at Constant Prices (Seasonally Adjusted),2025Q4,Construction,2237.7988908
Compensation of Employees at Constant Prices (Seasonally Adjusted),2025Q4,"Distribution, Transport, Hotels and Restaurants",7024.670696
Compensation of Employees at Constant Prices (Seasonally Adjusted),2025Q4,Information and Communication,3766.2907268
Compensation of Employees at Constant Prices (Seasonally Adjusted),2025Q4,Financial and Insurance Activities,3047.3598204
Compensation of Employees at Constant Prices (Seasonally Adjusted),2025Q4,Real Estate Activities,291.204455
Compensation of Employees at Constant Prices (Seasonally Adjusted),2025Q4,"Professional, Admin and Support Services",5519.6304545
Compensation of Employees at Constant Prices (Seasonally Adjusted),2025Q4,"Public Admin, Education and Health",11188.6141389
Compensation of Employees at Constant Prices (Seasonally Adjusted),2025Q4,"Arts, Entertainment and Other Services",818.550911
Compensation of Employees at Constant Prices (Seasonally Adjusted),2025Q4,All Sectors,40059.2176017
Compensation of Employees at Constant Prices (Seasonally Adjusted),2026Q1,"Agriculture, Forestry and Fishing",337.6488578
Compensation of Employees at Constant Prices (Seasonally Adjusted),2026Q1,Industry (excl. Construction),5464.9297416
Compensation of Employees at Constant Prices (Seasonally Adjusted),2026Q1,Industry - of which Manufacturing,4918.1017425
Compensation of Employees at Constant Prices (Seasonally Adjusted),2026Q1,Construction,2169.5085187
Compensation of Employees at Constant Prices (Seasonally Adjusted),2026Q1,"Distribution, Transport, Hotels and Restaurants",6749.990677
Compensation of Employees at Constant Prices (Seasonally Adjusted),2026Q1,Information and Communication,3645.5294989
Compensation of Employees at Constant Prices (Seasonally Adjusted),2026Q1,Financial and Insurance Activities,3019.1314555
Compensation of Employees at Constant Prices (Seasonally Adjusted),2026Q1,Real Estate Activities,282.893172
Compensation of Employees at Constant Prices (Seasonally Adjusted),2026Q1,"Professional, Admin and Support Services",5379.6754487
Compensation of Employees at Constant Prices (Seasonally Adjusted),2026Q1,"Public Admin, Education and Health",11269.4199924
Compensation of Employees at Constant Prices (Seasonally Adjusted),2026Q1,"Arts, Entertainment and Other Services",763.165215
Compensation of Employees at Constant Prices (Seasonally Adjusted),2026Q1,All Sectors,39081.8925781
Compensation of Employees at Constant Prices (Seasonally Adjusted),2026Q2,"Agriculture, Forestry and Fishing",348.012652
Compensation of Employees at Constant Prices (Seasonally Adjusted),2026Q2,Industry (excl. Construction),5494.5300757
Compensation of Employees at Constant Prices (Seasonally Adjusted),2026Q2,Industry - of which Manufacturing,4961.8326928
Compensation of Employees at Constant Prices (Seasonally Adjusted),2026Q2,Construction,2295.8902003
Compensation of Employees at Constant Prices (Seasonally Adjusted),2026Q2,"Distribution, Transport, Hotels and Restaurants",6839.688781
Compensation of Employees at Constant Prices (Seasonally Adjusted),2026Q2,Information and Communication,3687.2767657
Compensation of Employees at Constant Prices (Seasonally Adjusted),2026Q2,Financial and Insurance Activities,3036.6601063
Compensation of Employees at Constant Prices (Seasonally Adjusted),2026Q2,Real Estate Activities,286.627918
Compensation of Employees at Constant Prices (Seasonally Adjusted),2026Q2,"Professional, Admin and Support Services",5420.3150206
Compensation of Employees at Constant Prices (Seasonally Adjusted),2026Q2,"Public Admin, Education and Health",11369.3741303
Compensation of Employees at Constant Prices (Seasonally Adjusted),2026Q2,"Arts, Entertainment and Other Services",810.78456
Compensation of Employees at Constant Prices (Seasonally Adjusted),2026Q2,All Sectors,39589.1602104
