Statistic,Quarter,Sector,value
GVA at Current Basic Prices,1995Q1,All sectors,11982
GVA at Current Basic Prices,1995Q1,Foreign-owned multinational enterprise dominated,2253
GVA at Current Basic Prices,1995Q1,Other sectors excluding the foreign-owned multinational enterprise dominated sector,9729
GVA at Current Basic Prices,1995Q2,All sectors,12727
GVA at Current Basic Prices,1995Q2,Foreign-owned multinational enterprise dominated,2332
GVA at Current Basic Prices,1995Q2,Other sectors excluding the foreign-owned multinational enterprise dominated sector,10396
GVA at Current Basic Prices,1995Q3,All sectors,12305
GVA at Current Basic Prices,1995Q3,Foreign-owned multinational enterprise dominated,2225
GVA at Current Basic Prices,1995Q3,Other sectors excluding the foreign-owned multinational enterprise dominated sector,10080
GVA at Current Basic Prices,1995Q4,All sectors,12437
GVA at Current Basic Prices,1995Q4,Foreign-owned multinational enterprise dominated,2456
GVA at Current Basic Prices,1995Q4,Other sectors excluding the foreign-owned multinational enterprise dominated sector,9981
GVA at Current Basic Prices,1996Q1,All sectors,13135
GVA at Current Basic Prices,1996Q1,Foreign-owned multinational enterprise dominated,2591
GVA at Current Basic Prices,1996Q1,Other sectors excluding the foreign-owned multinational enterprise dominated sector,10544
GVA at Current Basic Prices,1996Q2,All sectors,13709
GVA at Current Basic Prices,1996Q2,Foreign-owned multinational enterprise dominated,2573
GVA at Current Basic Prices,1996Q2,Other sectors excluding the foreign-owned multinational enterprise dominated sector,11137
GVA at Current Basic Prices,1996Q3,All sectors,13113
GVA at Current Basic Prices,1996Q3,Foreign-owned multinational enterprise dominated,2199
GVA at Current Basic Prices,1996Q3,Other sectors excluding the foreign-owned multinational enterprise dominated sector,10914
GVA at Current Basic Prices,1996Q4,All sectors,13559
GVA at Current Basic Prices,1996Q4,Foreign-owned multinational enterprise dominated,2717
GVA at Current Basic Prices,1996Q4,Other sectors excluding the foreign-owned multinational enterprise dominated sector,10842
GVA at Current Basic Prices,1997Q1,All sectors,14810
GVA at Current Basic Prices,1997Q1,Foreign-owned multinational enterprise dominated,3140
GVA at Current Basic Prices,1997Q1,Other sectors excluding the foreign-owned multinational enterprise dominated sector,11670
GVA at Current Basic Prices,1997Q2,All sectors,15679
GVA at Current Basic Prices,1997Q2,Foreign-owned multinational enterprise dominated,3289
GVA at Current Basic Prices,1997Q2,Other sectors excluding the foreign-owned multinational enterprise dominated sector,12389
GVA at Current Basic Prices,1997Q3,All sectors,15599
GVA at Current Basic Prices,1997Q3,Foreign-owned multinational enterprise dominated,3349
GVA at Current Basic Prices,1997Q3,Other sectors excluding the foreign-owned multinational enterprise dominated sector,12250
GVA at Current Basic Prices,1997Q4,All sectors,15758
GVA at Current Basic Prices,1997Q4,Foreign-owned multinational enterprise dominated,3521
GVA at Current Basic Prices,1997Q4,Other sectors excluding the foreign-owned multinational enterprise dominated sector,12236
GVA at Current Basic Prices,1998Q1,All sectors,17879
GVA at Current Basic Prices,1998Q1,Foreign-owned multinational enterprise dominated,4325
GVA at Current Basic Prices,1998Q1,Other sectors excluding the foreign-owned multinational enterprise dominated sector,13554
GVA at Current Basic Prices,1998Q2,All sectors,18275
GVA at Current Basic Prices,1998Q2,Foreign-owned multinational enterprise dominated,4193
GVA at Current Basic Prices,1998Q2,Other sectors excluding the foreign-owned multinational enterprise dominated sector,14081
GVA at Current Basic Prices,1998Q3,All sectors,18372
GVA at Current Basic Prices,1998Q3,Foreign-owned multinational enterprise dominated,4294
GVA at Current Basic Prices,1998Q3,Other sectors excluding the foreign-owned multinational enterprise dominated sector,14078
GVA at Current Basic Prices,1998Q4,All sectors,18229
GVA at Current Basic Prices,1998Q4,Foreign-owned multinational enterprise dominated,4133
GVA at Current Basic Prices,1998Q4,Other sectors excluding the foreign-owned multinational enterprise dominated sector,14096
GVA at Current Basic Prices,1999Q1,All sectors,19904
GVA at Current Basic Prices,1999Q1,Foreign-owned multinational enterprise dominated,5124
GVA at Current Basic Prices,1999Q1,Other sectors excluding the foreign-owned multinational enterprise dominated sector,14780
GVA at Current Basic Prices,1999Q2,All sectors,20528
GVA at Current Basic Prices,1999Q2,Foreign-owned multinational enterprise dominated,4931
GVA at Current Basic Prices,1999Q2,Other sectors excluding the foreign-owned multinational enterprise dominated sector,15598
GVA at Current Basic Prices,1999Q3,All sectors,20615
GVA at Current Basic Prices,1999Q3,Foreign-owned multinational enterprise dominated,4920
GVA at Current Basic Prices,1999Q3,Other sectors excluding the foreign-owned multinational enterprise dominated sector,15695
GVA at Current Basic Prices,1999Q4,All sectors,21624
GVA at Current Basic Prices,1999Q4,Foreign-owned multinational enterprise dominated,5789
GVA at Current Basic Prices,1999Q4,Other sectors excluding the foreign-owned multinational enterprise dominated sector,15835
GVA at Current Basic Prices,2000Q1,All sectors,22791
GVA at Current Basic Prices,2000Q1,Foreign-owned multinational enterprise dominated,5365
GVA at Current Basic Prices,2000Q1,Other sectors excluding the foreign-owned multinational enterprise dominated sector,17426
GVA at Current Basic Prices,2000Q2,All sectors,24285
GVA at Current Basic Prices,2000Q2,Foreign-owned multinational enterprise dominated,5867
GVA at Current Basic Prices,2000Q2,Other sectors excluding the foreign-owned multinational enterprise dominated sector,18418
GVA at Current Basic Prices,2000Q3,All sectors,24090
GVA at Current Basic Prices,2000Q3,Foreign-owned multinational enterprise dominated,5606
GVA at Current Basic Prices,2000Q3,Other sectors excluding the foreign-owned multinational enterprise dominated sector,18484
GVA at Current Basic Prices,2000Q4,All sectors,25556
GVA at Current Basic Prices,2000Q4,Foreign-owned multinational enterprise dominated,7030
GVA at Current Basic Prices,2000Q4,Other sectors excluding the foreign-owned multinational enterprise dominated sector,18526
GVA at Current Basic Prices,2001Q1,All sectors,26869
GVA at Current Basic Prices,2001Q1,Foreign-owned multinational enterprise dominated,7679
GVA at Current Basic Prices,2001Q1,Other sectors excluding the foreign-owned multinational enterprise dominated sector,19190
GVA at Current Basic Prices,2001Q2,All sectors,27690
GVA at Current Basic Prices,2001Q2,Foreign-owned multinational enterprise dominated,7113
GVA at Current Basic Prices,2001Q2,Other sectors excluding the foreign-owned multinational enterprise dominated sector,20577
GVA at Current Basic Prices,2001Q3,All sectors,26467
GVA at Current Basic Prices,2001Q3,Foreign-owned multinational enterprise dominated,6198
GVA at Current Basic Prices,2001Q3,Other sectors excluding the foreign-owned multinational enterprise dominated sector,20269
GVA at Current Basic Prices,2001Q4,All sectors,27788
GVA at Current Basic Prices,2001Q4,Foreign-owned multinational enterprise dominated,7279
GVA at Current Basic Prices,2001Q4,Other sectors excluding the foreign-owned multinational enterprise dominated sector,20509
GVA at Current Basic Prices,2002Q1,All sectors,28908
GVA at Current Basic Prices,2002Q1,Foreign-owned multinational enterprise dominated,7947
GVA at Current Basic Prices,2002Q1,Other sectors excluding the foreign-owned multinational enterprise dominated sector,20962
GVA at Current Basic Prices,2002Q2,All sectors,30918
GVA at Current Basic Prices,2002Q2,Foreign-owned multinational enterprise dominated,8778
GVA at Current Basic Prices,2002Q2,Other sectors excluding the foreign-owned multinational enterprise dominated sector,22141
GVA at Current Basic Prices,2002Q3,All sectors,29735
GVA at Current Basic Prices,2002Q3,Foreign-owned multinational enterprise dominated,7752
GVA at Current Basic Prices,2002Q3,Other sectors excluding the foreign-owned multinational enterprise dominated sector,21983
GVA at Current Basic Prices,2002Q4,All sectors,31043
GVA at Current Basic Prices,2002Q4,Foreign-owned multinational enterprise dominated,8545
GVA at Current Basic Prices,2002Q4,Other sectors excluding the foreign-owned multinational enterprise dominated sector,22498
GVA at Current Basic Prices,2003Q1,All sectors,30952
GVA at Current Basic Prices,2003Q1,Foreign-owned multinational enterprise dominated,7357
GVA at Current Basic Prices,2003Q1,Other sectors excluding the foreign-owned multinational enterprise dominated sector,23595
GVA at Current Basic Prices,2003Q2,All sectors,32738
GVA at Current Basic Prices,2003Q2,Foreign-owned multinational enterprise dominated,7984
GVA at Current Basic Prices,2003Q2,Other sectors excluding the foreign-owned multinational enterprise dominated sector,24754
GVA at Current Basic Prices,2003Q3,All sectors,31350
GVA at Current Basic Prices,2003Q3,Foreign-owned multinational enterprise dominated,6274
GVA at Current Basic Prices,2003Q3,Other sectors excluding the foreign-owned multinational enterprise dominated sector,25076
GVA at Current Basic Prices,2003Q4,All sectors,33948
GVA at Current Basic Prices,2003Q4,Foreign-owned multinational enterprise dominated,8530
GVA at Current Basic Prices,2003Q4,Other sectors excluding the foreign-owned multinational enterprise dominated sector,25417
GVA at Current Basic Prices,2004Q1,All sectors,33729
GVA at Current Basic Prices,2004Q1,Foreign-owned multinational enterprise dominated,7667
GVA at Current Basic Prices,2004Q1,Other sectors excluding the foreign-owned multinational enterprise dominated sector,26062
GVA at Current Basic Prices,2004Q2,All sectors,35227
GVA at Current Basic Prices,2004Q2,Foreign-owned multinational enterprise dominated,8051
GVA at Current Basic Prices,2004Q2,Other sectors excluding the foreign-owned multinational enterprise dominated sector,27176
GVA at Current Basic Prices,2004Q3,All sectors,33060
GVA at Current Basic Prices,2004Q3,Foreign-owned multinational enterprise dominated,6479
GVA at Current Basic Prices,2004Q3,Other sectors excluding the foreign-owned multinational enterprise dominated sector,26582
GVA at Current Basic Prices,2004Q4,All sectors,35176
GVA at Current Basic Prices,2004Q4,Foreign-owned multinational enterprise dominated,8008
GVA at Current Basic Prices,2004Q4,Other sectors excluding the foreign-owned multinational enterprise dominated sector,27168
GVA at Current Basic Prices,2005Q1,All sectors,36470
GVA at Current Basic Prices,2005Q1,Foreign-owned multinational enterprise dominated,8048
GVA at Current Basic Prices,2005Q1,Other sectors excluding the foreign-owned multinational enterprise dominated sector,28421
GVA at Current Basic Prices,2005Q2,All sectors,38027
GVA at Current Basic Prices,2005Q2,Foreign-owned multinational enterprise dominated,8010
GVA at Current Basic Prices,2005Q2,Other sectors excluding the foreign-owned multinational enterprise dominated sector,30016
GVA at Current Basic Prices,2005Q3,All sectors,36384
GVA at Current Basic Prices,2005Q3,Foreign-owned multinational enterprise dominated,6741
GVA at Current Basic Prices,2005Q3,Other sectors excluding the foreign-owned multinational enterprise dominated sector,29643
GVA at Current Basic Prices,2005Q4,All sectors,38412
GVA at Current Basic Prices,2005Q4,Foreign-owned multinational enterprise dominated,7966
GVA at Current Basic Prices,2005Q4,Other sectors excluding the foreign-owned multinational enterprise dominated sector,30446
GVA at Current Basic Prices,2006Q1,All sectors,39680
GVA at Current Basic Prices,2006Q1,Foreign-owned multinational enterprise dominated,7453
GVA at Current Basic Prices,2006Q1,Other sectors excluding the foreign-owned multinational enterprise dominated sector,32226
GVA at Current Basic Prices,2006Q2,All sectors,41376
GVA at Current Basic Prices,2006Q2,Foreign-owned multinational enterprise dominated,8500
GVA at Current Basic Prices,2006Q2,Other sectors excluding the foreign-owned multinational enterprise dominated sector,32876
GVA at Current Basic Prices,2006Q3,All sectors,39563
GVA at Current Basic Prices,2006Q3,Foreign-owned multinational enterprise dominated,7358
GVA at Current Basic Prices,2006Q3,Other sectors excluding the foreign-owned multinational enterprise dominated sector,32205
GVA at Current Basic Prices,2006Q4,All sectors,41702
GVA at Current Basic Prices,2006Q4,Foreign-owned multinational enterprise dominated,7578
GVA at Current Basic Prices,2006Q4,Other sectors excluding the foreign-owned multinational enterprise dominated sector,34124
GVA at Current Basic Prices,2007Q1,All sectors,43310
GVA at Current Basic Prices,2007Q1,Foreign-owned multinational enterprise dominated,8892
GVA at Current Basic Prices,2007Q1,Other sectors excluding the foreign-owned multinational enterprise dominated sector,34418
GVA at Current Basic Prices,2007Q2,All sectors,44312
GVA at Current Basic Prices,2007Q2,Foreign-owned multinational enterprise dominated,8254
GVA at Current Basic Prices,2007Q2,Other sectors excluding the foreign-owned multinational enterprise dominated sector,36058
GVA at Current Basic Prices,2007Q3,All sectors,42842
GVA at Current Basic Prices,2007Q3,Foreign-owned multinational enterprise dominated,7208
GVA at Current Basic Prices,2007Q3,Other sectors excluding the foreign-owned multinational enterprise dominated sector,35634
GVA at Current Basic Prices,2007Q4,All sectors,44349
GVA at Current Basic Prices,2007Q4,Foreign-owned multinational enterprise dominated,8400
GVA at Current Basic Prices,2007Q4,Other sectors excluding the foreign-owned multinational enterprise dominated sector,35949
GVA at Current Basic Prices,2008Q1,All sectors,42586
GVA at Current Basic Prices,2008Q1,Foreign-owned multinational enterprise dominated,8710
GVA at Current Basic Prices,2008Q1,Other sectors excluding the foreign-owned multinational enterprise dominated sector,33876
GVA at Current Basic Prices,2008Q2,All sectors,43136
GVA at Current Basic Prices,2008Q2,Foreign-owned multinational enterprise dominated,8899
GVA at Current Basic Prices,2008Q2,Other sectors excluding the foreign-owned multinational enterprise dominated sector,34237
GVA at Current Basic Prices,2008Q3,All sectors,41427
GVA at Current Basic Prices,2008Q3,Foreign-owned multinational enterprise dominated,8276
GVA at Current Basic Prices,2008Q3,Other sectors excluding the foreign-owned multinational enterprise dominated sector,33151
GVA at Current Basic Prices,2008Q4,All sectors,39930
GVA at Current Basic Prices,2008Q4,Foreign-owned multinational enterprise dominated,7051
GVA at Current Basic Prices,2008Q4,Other sectors excluding the foreign-owned multinational enterprise dominated sector,32879
GVA at Current Basic Prices,2009Q1,All sectors,38699
GVA at Current Basic Prices,2009Q1,Foreign-owned multinational enterprise dominated,9928
GVA at Current Basic Prices,2009Q1,Other sectors excluding the foreign-owned multinational enterprise dominated sector,28771
GVA at Current Basic Prices,2009Q2,All sectors,39169
GVA at Current Basic Prices,2009Q2,Foreign-owned multinational enterprise dominated,9958
GVA at Current Basic Prices,2009Q2,Other sectors excluding the foreign-owned multinational enterprise dominated sector,29211
GVA at Current Basic Prices,2009Q3,All sectors,37343
GVA at Current Basic Prices,2009Q3,Foreign-owned multinational enterprise dominated,8551
GVA at Current Basic Prices,2009Q3,Other sectors excluding the foreign-owned multinational enterprise dominated sector,28793
GVA at Current Basic Prices,2009Q4,All sectors,36900
GVA at Current Basic Prices,2009Q4,Foreign-owned multinational enterprise dominated,8171
GVA at Current Basic Prices,2009Q4,Other sectors excluding the foreign-owned multinational enterprise dominated sector,28729
GVA at Current Basic Prices,2010Q1,All sectors,37823
GVA at Current Basic Prices,2010Q1,Foreign-owned multinational enterprise dominated,9469
GVA at Current Basic Prices,2010Q1,Other sectors excluding the foreign-owned multinational enterprise dominated sector,28354
GVA at Current Basic Prices,2010Q2,All sectors,37969
GVA at Current Basic Prices,2010Q2,Foreign-owned multinational enterprise dominated,8961
GVA at Current Basic Prices,2010Q2,Other sectors excluding the foreign-owned multinational enterprise dominated sector,29009
GVA at Current Basic Prices,2010Q3,All sectors,37568
GVA at Current Basic Prices,2010Q3,Foreign-owned multinational enterprise dominated,8646
GVA at Current Basic Prices,2010Q3,Other sectors excluding the foreign-owned multinational enterprise dominated sector,28922
GVA at Current Basic Prices,2010Q4,All sectors,38755
GVA at Current Basic Prices,2010Q4,Foreign-owned multinational enterprise dominated,9229
GVA at Current Basic Prices,2010Q4,Other sectors excluding the foreign-owned multinational enterprise dominated sector,29527
GVA at Current Basic Prices,2011Q1,All sectors,38683
GVA at Current Basic Prices,2011Q1,Foreign-owned multinational enterprise dominated,9832
GVA at Current Basic Prices,2011Q1,Other sectors excluding the foreign-owned multinational enterprise dominated sector,28851
GVA at Current Basic Prices,2011Q2,All sectors,40331
GVA at Current Basic Prices,2011Q2,Foreign-owned multinational enterprise dominated,10456
GVA at Current Basic Prices,2011Q2,Other sectors excluding the foreign-owned multinational enterprise dominated sector,29875
GVA at Current Basic Prices,2011Q3,All sectors,39073
GVA at Current Basic Prices,2011Q3,Foreign-owned multinational enterprise dominated,9232
GVA at Current Basic Prices,2011Q3,Other sectors excluding the foreign-owned multinational enterprise dominated sector,29841
GVA at Current Basic Prices,2011Q4,All sectors,39957
GVA at Current Basic Prices,2011Q4,Foreign-owned multinational enterprise dominated,9700
GVA at Current Basic Prices,2011Q4,Other sectors excluding the foreign-owned multinational enterprise dominated sector,30258
GVA at Current Basic Prices,2012Q1,All sectors,40381
GVA at Current Basic Prices,2012Q1,Foreign-owned multinational enterprise dominated,10697
GVA at Current Basic Prices,2012Q1,Other sectors excluding the foreign-owned multinational enterprise dominated sector,29684
GVA at Current Basic Prices,2012Q2,All sectors,40683
GVA at Current Basic Prices,2012Q2,Foreign-owned multinational enterprise dominated,10369
GVA at Current Basic Prices,2012Q2,Other sectors excluding the foreign-owned multinational enterprise dominated sector,30314
GVA at Current Basic Prices,2012Q3,All sectors,39654
GVA at Current Basic Prices,2012Q3,Foreign-owned multinational enterprise dominated,9150
GVA at Current Basic Prices,2012Q3,Other sectors excluding the foreign-owned multinational enterprise dominated sector,30504
GVA at Current Basic Prices,2012Q4,All sectors,40536
GVA at Current Basic Prices,2012Q4,Foreign-owned multinational enterprise dominated,9081
GVA at Current Basic Prices,2012Q4,Other sectors excluding the foreign-owned multinational enterprise dominated sector,31455
GVA at Current Basic Prices,2013Q1,All sectors,40661
GVA at Current Basic Prices,2013Q1,Foreign-owned multinational enterprise dominated,10016
GVA at Current Basic Prices,2013Q1,Other sectors excluding the foreign-owned multinational enterprise dominated sector,30645
GVA at Current Basic Prices,2013Q2,All sectors,42266
GVA at Current Basic Prices,2013Q2,Foreign-owned multinational enterprise dominated,10171
GVA at Current Basic Prices,2013Q2,Other sectors excluding the foreign-owned multinational enterprise dominated sector,32095
GVA at Current Basic Prices,2013Q3,All sectors,42490
GVA at Current Basic Prices,2013Q3,Foreign-owned multinational enterprise dominated,9515
GVA at Current Basic Prices,2013Q3,Other sectors excluding the foreign-owned multinational enterprise dominated sector,32975
GVA at Current Basic Prices,2013Q4,All sectors,43476
GVA at Current Basic Prices,2013Q4,Foreign-owned multinational enterprise dominated,9856
GVA at Current Basic Prices,2013Q4,Other sectors excluding the foreign-owned multinational enterprise dominated sector,33620
GVA at Current Basic Prices,2014Q1,All sectors,44439
GVA at Current Basic Prices,2014Q1,Foreign-owned multinational enterprise dominated,10948
GVA at Current Basic Prices,2014Q1,Other sectors excluding the foreign-owned multinational enterprise dominated sector,33491
GVA at Current Basic Prices,2014Q2,All sectors,47236
GVA at Current Basic Prices,2014Q2,Foreign-owned multinational enterprise dominated,12260
GVA at Current Basic Prices,2014Q2,Other sectors excluding the foreign-owned multinational enterprise dominated sector,34976
GVA at Current Basic Prices,2014Q3,All sectors,46476
GVA at Current Basic Prices,2014Q3,Foreign-owned multinational enterprise dominated,10262
GVA at Current Basic Prices,2014Q3,Other sectors excluding the foreign-owned multinational enterprise dominated sector,36214
GVA at Current Basic Prices,2014Q4,All sectors,47823
GVA at Current Basic Prices,2014Q4,Foreign-owned multinational enterprise dominated,11181
GVA at Current Basic Prices,2014Q4,Other sectors excluding the foreign-owned multinational enterprise dominated sector,36642
GVA at Current Basic Prices,2015Q1,All sectors,61498
GVA at Current Basic Prices,2015Q1,Foreign-owned multinational enterprise dominated,25365
GVA at Current Basic Prices,2015Q1,Other sectors excluding the foreign-owned multinational enterprise dominated sector,36133
GVA at Current Basic Prices,2015Q2,All sectors,62229
GVA at Current Basic Prices,2015Q2,Foreign-owned multinational enterprise dominated,24981
GVA at Current Basic Prices,2015Q2,Other sectors excluding the foreign-owned multinational enterprise dominated sector,37248
GVA at Current Basic Prices,2015Q3,All sectors,63352
GVA at Current Basic Prices,2015Q3,Foreign-owned multinational enterprise dominated,24744
GVA at Current Basic Prices,2015Q3,Other sectors excluding the foreign-owned multinational enterprise dominated sector,38608
GVA at Current Basic Prices,2015Q4,All sectors,67379
GVA at Current Basic Prices,2015Q4,Foreign-owned multinational enterprise dominated,28360
GVA at Current Basic Prices,2015Q4,Other sectors excluding the foreign-owned multinational enterprise dominated sector,39020
GVA at Current Basic Prices,2016Q1,All sectors,61657
GVA at Current Basic Prices,2016Q1,Foreign-owned multinational enterprise dominated,23721
GVA at Current Basic Prices,2016Q1,Other sectors excluding the foreign-owned multinational enterprise dominated sector,37936
GVA at Current Basic Prices,2016Q2,All sectors,61713
GVA at Current Basic Prices,2016Q2,Foreign-owned multinational enterprise dominated,22577
GVA at Current Basic Prices,2016Q2,Other sectors excluding the foreign-owned multinational enterprise dominated sector,39136
GVA at Current Basic Prices,2016Q3,All sectors,63427
GVA at Current Basic Prices,2016Q3,Foreign-owned multinational enterprise dominated,23505
GVA at Current Basic Prices,2016Q3,Other sectors excluding the foreign-owned multinational enterprise dominated sector,39923
GVA at Current Basic Prices,2016Q4,All sectors,70062
GVA at Current Basic Prices,2016Q4,Foreign-owned multinational enterprise dominated,30132
GVA at Current Basic Prices,2016Q4,Other sectors excluding the foreign-owned multinational enterprise dominated sector,39930
GVA at Current Basic Prices,2017Q1,All sectors,67985
GVA at Current Basic Prices,2017Q1,Foreign-owned multinational enterprise dominated,26939
GVA at Current Basic Prices,2017Q1,Other sectors excluding the foreign-owned multinational enterprise dominated sector,41046
GVA at Current Basic Prices,2017Q2,All sectors,67227
GVA at Current Basic Prices,2017Q2,Foreign-owned multinational enterprise dominated,25032
GVA at Current Basic Prices,2017Q2,Other sectors excluding the foreign-owned multinational enterprise dominated sector,42195
GVA at Current Basic Prices,2017Q3,All sectors,72030
GVA at Current Basic Prices,2017Q3,Foreign-owned multinational enterprise dominated,28658
GVA at Current Basic Prices,2017Q3,Other sectors excluding the foreign-owned multinational enterprise dominated sector,43373
GVA at Current Basic Prices,2017Q4,All sectors,79266
GVA at Current Basic Prices,2017Q4,Foreign-owned multinational enterprise dominated,35111
GVA at Current Basic Prices,2017Q4,Other sectors excluding the foreign-owned multinational enterprise dominated sector,44155
GVA at Current Basic Prices,2018Q1,All sectors,74851
GVA at Current Basic Prices,2018Q1,Foreign-owned multinational enterprise dominated,32175
GVA at Current Basic Prices,2018Q1,Other sectors excluding the foreign-owned multinational enterprise dominated sector,42676
GVA at Current Basic Prices,2018Q2,All sectors,75519
GVA at Current Basic Prices,2018Q2,Foreign-owned multinational enterprise dominated,30715
GVA at Current Basic Prices,2018Q2,Other sectors excluding the foreign-owned multinational enterprise dominated sector,44804
GVA at Current Basic Prices,2018Q3,All sectors,80284
GVA at Current Basic Prices,2018Q3,Foreign-owned multinational enterprise dominated,34191
GVA at Current Basic Prices,2018Q3,Other sectors excluding the foreign-owned multinational enterprise dominated sector,46093
GVA at Current Basic Prices,2018Q4,All sectors,84162
GVA at Current Basic Prices,2018Q4,Foreign-owned multinational enterprise dominated,36685
GVA at Current Basic Prices,2018Q4,Other sectors excluding the foreign-owned multinational enterprise dominated sector,47477
GVA at Current Basic Prices,2019Q1,All sectors,81395
GVA at Current Basic Prices,2019Q1,Foreign-owned multinational enterprise dominated,35748
GVA at Current Basic Prices,2019Q1,Other sectors excluding the foreign-owned multinational enterprise dominated sector,45647
GVA at Current Basic Prices,2019Q2,All sectors,82245
GVA at Current Basic Prices,2019Q2,Foreign-owned multinational enterprise dominated,35626
GVA at Current Basic Prices,2019Q2,Other sectors excluding the foreign-owned multinational enterprise dominated sector,46620
GVA at Current Basic Prices,2019Q3,All sectors,86657
GVA at Current Basic Prices,2019Q3,Foreign-owned multinational enterprise dominated,38305
GVA at Current Basic Prices,2019Q3,Other sectors excluding the foreign-owned multinational enterprise dominated sector,48352
GVA at Current Basic Prices,2019Q4,All sectors,92455
GVA at Current Basic Prices,2019Q4,Foreign-owned multinational enterprise dominated,42278
GVA at Current Basic Prices,2019Q4,Other sectors excluding the foreign-owned multinational enterprise dominated sector,50177
GVA at Current Basic Prices,2020Q1,All sectors,90541
GVA at Current Basic Prices,2020Q1,Foreign-owned multinational enterprise dominated,43214
GVA at Current Basic Prices,2020Q1,Other sectors excluding the foreign-owned multinational enterprise dominated sector,47327
GVA at Current Basic Prices,2020Q2,All sectors,81254
GVA at Current Basic Prices,2020Q2,Foreign-owned multinational enterprise dominated,40201
GVA at Current Basic Prices,2020Q2,Other sectors excluding the foreign-owned multinational enterprise dominated sector,41054
GVA at Current Basic Prices,2020Q3,All sectors,93122
GVA at Current Basic Prices,2020Q3,Foreign-owned multinational enterprise dominated,46423
GVA at Current Basic Prices,2020Q3,Other sectors excluding the foreign-owned multinational enterprise dominated sector,46699
GVA at Current Basic Prices,2020Q4,All sectors,91761
GVA at Current Basic Prices,2020Q4,Foreign-owned multinational enterprise dominated,43350
GVA at Current Basic Prices,2020Q4,Other sectors excluding the foreign-owned multinational enterprise dominated sector,48411
GVA at Current Basic Prices,2021Q1,All sectors,100699
GVA at Current Basic Prices,2021Q1,Foreign-owned multinational enterprise dominated,53408
GVA at Current Basic Prices,2021Q1,Other sectors excluding the foreign-owned multinational enterprise dominated sector,47291
GVA at Current Basic Prices,2021Q2,All sectors,100349
GVA at Current Basic Prices,2021Q2,Foreign-owned multinational enterprise dominated,50267
GVA at Current Basic Prices,2021Q2,Other sectors excluding the foreign-owned multinational enterprise dominated sector,50083
GVA at Current Basic Prices,2021Q3,All sectors,110219
GVA at Current Basic Prices,2021Q3,Foreign-owned multinational enterprise dominated,57437
GVA at Current Basic Prices,2021Q3,Other sectors excluding the foreign-owned multinational enterprise dominated sector,52781
GVA at Current Basic Prices,2021Q4,All sectors,111527
GVA at Current Basic Prices,2021Q4,Foreign-owned multinational enterprise dominated,55901
GVA at Current Basic Prices,2021Q4,Other sectors excluding the foreign-owned multinational enterprise dominated sector,55626
GVA at Current Basic Prices,2022Q1,All sectors,116156
GVA at Current Basic Prices,2022Q1,Foreign-owned multinational enterprise dominated,61494
GVA at Current Basic Prices,2022Q1,Other sectors excluding the foreign-owned multinational enterprise dominated sector,54662
GVA at Current Basic Prices,2022Q2,All sectors,119472
GVA at Current Basic Prices,2022Q2,Foreign-owned multinational enterprise dominated,60944
GVA at Current Basic Prices,2022Q2,Other sectors excluding the foreign-owned multinational enterprise dominated sector,58528
GVA at Current Basic Prices,2022Q3,All sectors,132197
GVA at Current Basic Prices,2022Q3,Foreign-owned multinational enterprise dominated,71786
GVA at Current Basic Prices,2022Q3,Other sectors excluding the foreign-owned multinational enterprise dominated sector,60411
GVA at Current Basic Prices,2022Q4,All sectors,132424
GVA at Current Basic Prices,2022Q4,Foreign-owned multinational enterprise dominated,69494
GVA at Current Basic Prices,2022Q4,Other sectors excluding the foreign-owned multinational enterprise dominated sector,62929
GVA at Current Basic Prices,2023Q1,All sectors,121856
GVA at Current Basic Prices,2023Q1,Foreign-owned multinational enterprise dominated,58963
GVA at Current Basic Prices,2023Q1,Other sectors excluding the foreign-owned multinational enterprise dominated sector,62893
GVA at Current Basic Prices,2023Q2,All sectors,123999
GVA at Current Basic Prices,2023Q2,Foreign-owned multinational enterprise dominated,58151
GVA at Current Basic Prices,2023Q2,Other sectors excluding the foreign-owned multinational enterprise dominated sector,65848
GVA at Current Basic Prices,2023Q3,All sectors,126163
GVA at Current Basic Prices,2023Q3,Foreign-owned multinational enterprise dominated,59759
GVA at Current Basic Prices,2023Q3,Other sectors excluding the foreign-owned multinational enterprise dominated sector,66404
GVA at Current Basic Prices,2023Q4,All sectors,123556
GVA at Current Basic Prices,2023Q4,Foreign-owned multinational enterprise dominated,56239
GVA at Current Basic Prices,2023Q4,Other sectors excluding the foreign-owned multinational enterprise dominated sector,67317
GVA at Current Basic Prices,2024Q1,All sectors,126390
GVA at Current Basic Prices,2024Q1,Foreign-owned multinational enterprise dominated,59163
GVA at Current Basic Prices,2024Q1,Other sectors excluding the foreign-owned multinational enterprise dominated sector,67227
GVA at Current Basic Prices,2024Q2,All sectors,130429
GVA at Current Basic Prices,2024Q2,Foreign-owned multinational enterprise dominated,60639
GVA at Current Basic Prices,2024Q2,Other sectors excluding the foreign-owned multinational enterprise dominated sector,69790
GVA at Current Basic Prices,2024Q3,All sectors,136463
GVA at Current Basic Prices,2024Q3,Foreign-owned multinational enterprise dominated,64818
GVA at Current Basic Prices,2024Q3,Other sectors excluding the foreign-owned multinational enterprise dominated sector,71645
GVA at Current Basic Prices,2024Q4,All sectors,141614
GVA at Current Basic Prices,2024Q4,Foreign-owned multinational enterprise dominated,69815
GVA at Current Basic Prices,2024Q4,Other sectors excluding the foreign-owned multinational enterprise dominated sector,71799
GVA at Current Basic Prices,2025Q1,All sectors,153718
GVA at Current Basic Prices,2025Q1,Foreign-owned multinational enterprise dominated,83086
GVA at Current Basic Prices,2025Q1,Other sectors excluding the foreign-owned multinational enterprise dominated sector,70632
GVA at Current Basic Prices,2025Q2,All sectors,138816
GVA at Current Basic Prices,2025Q2,Foreign-owned multinational enterprise dominated,66101
GVA at Current Basic Prices,2025Q2,Other sectors excluding the foreign-owned multinational enterprise dominated sector,72715
GVA at Current Basic Prices,2025Q3,All sectors,140006
GVA at Current Basic Prices,2025Q3,Foreign-owned multinational enterprise dominated,66890
GVA at Current Basic Prices,2025Q3,Other sectors excluding the foreign-owned multinational enterprise dominated sector,73116
GVA at Current Basic Prices,2025Q4,All sectors,140904
GVA at Current Basic Prices,2025Q4,Foreign-owned multinational enterprise dominated,66393
GVA at Current Basic Prices,2025Q4,Other sectors excluding the foreign-owned multinational enterprise dominated sector,74511
GVA at Current Basic Prices,2026Q1,All sectors,133331
GVA at Current Basic Prices,2026Q1,Foreign-owned multinational enterprise dominated,60701
GVA at Current Basic Prices,2026Q1,Other sectors excluding the foreign-owned multinational enterprise dominated sector,72631
GVA at Current Basic Prices,2026Q2,All sectors,145883
GVA at Current Basic Prices,2026Q2,Foreign-owned multinational enterprise dominated,70737
GVA at Current Basic Prices,2026Q2,Other sectors excluding the foreign-owned multinational enterprise dominated sector,75146
GVA at Constant Basic Prices,1995Q1,All sectors,28234
GVA at Constant Basic Prices,1995Q1,Foreign-owned multinational enterprise dominated,4129
GVA at Constant Basic Prices,1995Q1,Other sectors excluding the foreign-owned multinational enterprise dominated sector,25334
GVA at Constant Basic Prices,1995Q2,All sectors,29826
GVA at Constant Basic Prices,1995Q2,Foreign-owned multinational enterprise dominated,4102
GVA at Constant Basic Prices,1995Q2,Other sectors excluding the foreign-owned multinational enterprise dominated sector,27113
GVA at Constant Basic Prices,1995Q3,All sectors,28675
GVA at Constant Basic Prices,1995Q3,Foreign-owned multinational enterprise dominated,3517
GVA at Constant Basic Prices,1995Q3,Other sectors excluding the foreign-owned multinational enterprise dominated sector,26644
GVA at Constant Basic Prices,1995Q4,All sectors,28973
GVA at Constant Basic Prices,1995Q4,Foreign-owned multinational enterprise dominated,4348
GVA at Constant Basic Prices,1995Q4,Other sectors excluding the foreign-owned multinational enterprise dominated sector,25847
GVA at Constant Basic Prices,1996Q1,All sectors,30157
GVA at Constant Basic Prices,1996Q1,Foreign-owned multinational enterprise dominated,4482
GVA at Constant Basic Prices,1996Q1,Other sectors excluding the foreign-owned multinational enterprise dominated sector,26920
GVA at Constant Basic Prices,1996Q2,All sectors,31573
GVA at Constant Basic Prices,1996Q2,Foreign-owned multinational enterprise dominated,4448
GVA at Constant Basic Prices,1996Q2,Other sectors excluding the foreign-owned multinational enterprise dominated sector,28551
GVA at Constant Basic Prices,1996Q3,All sectors,29946
GVA at Constant Basic Prices,1996Q3,Foreign-owned multinational enterprise dominated,3779
GVA at Constant Basic Prices,1996Q3,Other sectors excluding the foreign-owned multinational enterprise dominated sector,27740
GVA at Constant Basic Prices,1996Q4,All sectors,30982
GVA at Constant Basic Prices,1996Q4,Foreign-owned multinational enterprise dominated,4659
GVA at Constant Basic Prices,1996Q4,Other sectors excluding the foreign-owned multinational enterprise dominated sector,27574
GVA at Constant Basic Prices,1997Q1,All sectors,32483
GVA at Constant Basic Prices,1997Q1,Foreign-owned multinational enterprise dominated,5114
GVA at Constant Basic Prices,1997Q1,Other sectors excluding the foreign-owned multinational enterprise dominated sector,28577
GVA at Constant Basic Prices,1997Q2,All sectors,34412
GVA at Constant Basic Prices,1997Q2,Foreign-owned multinational enterprise dominated,5366
GVA at Constant Basic Prices,1997Q2,Other sectors excluding the foreign-owned multinational enterprise dominated sector,30352
GVA at Constant Basic Prices,1997Q3,All sectors,34152
GVA at Constant Basic Prices,1997Q3,Foreign-owned multinational enterprise dominated,5472
GVA at Constant Basic Prices,1997Q3,Other sectors excluding the foreign-owned multinational enterprise dominated sector,29904
GVA at Constant Basic Prices,1997Q4,All sectors,34443
GVA at Constant Basic Prices,1997Q4,Foreign-owned multinational enterprise dominated,5740
GVA at Constant Basic Prices,1997Q4,Other sectors excluding the foreign-owned multinational enterprise dominated sector,29831
GVA at Constant Basic Prices,1998Q1,All sectors,36261
GVA at Constant Basic Prices,1998Q1,Foreign-owned multinational enterprise dominated,6602
GVA at Constant Basic Prices,1998Q1,Other sectors excluding the foreign-owned multinational enterprise dominated sector,30564
GVA at Constant Basic Prices,1998Q2,All sectors,36993
GVA at Constant Basic Prices,1998Q2,Foreign-owned multinational enterprise dominated,6418
GVA at Constant Basic Prices,1998Q2,Other sectors excluding the foreign-owned multinational enterprise dominated sector,31656
GVA at Constant Basic Prices,1998Q3,All sectors,37308
GVA at Constant Basic Prices,1998Q3,Foreign-owned multinational enterprise dominated,6578
GVA at Constant Basic Prices,1998Q3,Other sectors excluding the foreign-owned multinational enterprise dominated sector,31768
GVA at Constant Basic Prices,1998Q4,All sectors,37001
GVA at Constant Basic Prices,1998Q4,Foreign-owned multinational enterprise dominated,6240
GVA at Constant Basic Prices,1998Q4,Other sectors excluding the foreign-owned multinational enterprise dominated sector,31933
GVA at Constant Basic Prices,1999Q1,All sectors,38622
GVA at Constant Basic Prices,1999Q1,Foreign-owned multinational enterprise dominated,7520
GVA at Constant Basic Prices,1999Q1,Other sectors excluding the foreign-owned multinational enterprise dominated sector,31837
GVA at Constant Basic Prices,1999Q2,All sectors,39644
GVA at Constant Basic Prices,1999Q2,Foreign-owned multinational enterprise dominated,7223
GVA at Constant Basic Prices,1999Q2,Other sectors excluding the foreign-owned multinational enterprise dominated sector,33413
GVA at Constant Basic Prices,1999Q3,All sectors,39823
GVA at Constant Basic Prices,1999Q3,Foreign-owned multinational enterprise dominated,7249
GVA at Constant Basic Prices,1999Q3,Other sectors excluding the foreign-owned multinational enterprise dominated sector,33574
GVA at Constant Basic Prices,1999Q4,All sectors,41832
GVA at Constant Basic Prices,1999Q4,Foreign-owned multinational enterprise dominated,8577
GVA at Constant Basic Prices,1999Q4,Other sectors excluding the foreign-owned multinational enterprise dominated sector,33844
GVA at Constant Basic Prices,2000Q1,All sectors,40725
GVA at Constant Basic Prices,2000Q1,Foreign-owned multinational enterprise dominated,7764
GVA at Constant Basic Prices,2000Q1,Other sectors excluding the foreign-owned multinational enterprise dominated sector,33816
GVA at Constant Basic Prices,2000Q2,All sectors,43324
GVA at Constant Basic Prices,2000Q2,Foreign-owned multinational enterprise dominated,8451
GVA at Constant Basic Prices,2000Q2,Other sectors excluding the foreign-owned multinational enterprise dominated sector,35695
GVA at Constant Basic Prices,2000Q3,All sectors,43053
GVA at Constant Basic Prices,2000Q3,Foreign-owned multinational enterprise dominated,8168
GVA at Constant Basic Prices,2000Q3,Other sectors excluding the foreign-owned multinational enterprise dominated sector,35806
GVA at Constant Basic Prices,2000Q4,All sectors,45872
GVA at Constant Basic Prices,2000Q4,Foreign-owned multinational enterprise dominated,10253
GVA at Constant Basic Prices,2000Q4,Other sectors excluding the foreign-owned multinational enterprise dominated sector,35894
GVA at Constant Basic Prices,2001Q1,All sectors,44052
GVA at Constant Basic Prices,2001Q1,Foreign-owned multinational enterprise dominated,9820
GVA at Constant Basic Prices,2001Q1,Other sectors excluding the foreign-owned multinational enterprise dominated sector,34628
GVA at Constant Basic Prices,2001Q2,All sectors,45612
GVA at Constant Basic Prices,2001Q2,Foreign-owned multinational enterprise dominated,9250
GVA at Constant Basic Prices,2001Q2,Other sectors excluding the foreign-owned multinational enterprise dominated sector,37080
GVA at Constant Basic Prices,2001Q3,All sectors,43866
GVA at Constant Basic Prices,2001Q3,Foreign-owned multinational enterprise dominated,8138
GVA at Constant Basic Prices,2001Q3,Other sectors excluding the foreign-owned multinational enterprise dominated sector,36672
GVA at Constant Basic Prices,2001Q4,All sectors,46034
GVA at Constant Basic Prices,2001Q4,Foreign-owned multinational enterprise dominated,9483
GVA at Constant Basic Prices,2001Q4,Other sectors excluding the foreign-owned multinational enterprise dominated sector,37226
GVA at Constant Basic Prices,2002Q1,All sectors,45915
GVA at Constant Basic Prices,2002Q1,Foreign-owned multinational enterprise dominated,10281
GVA at Constant Basic Prices,2002Q1,Other sectors excluding the foreign-owned multinational enterprise dominated sector,35979
GVA at Constant Basic Prices,2002Q2,All sectors,48914
GVA at Constant Basic Prices,2002Q2,Foreign-owned multinational enterprise dominated,11294
GVA at Constant Basic Prices,2002Q2,Other sectors excluding the foreign-owned multinational enterprise dominated sector,37854
GVA at Constant Basic Prices,2002Q3,All sectors,46753
GVA at Constant Basic Prices,2002Q3,Foreign-owned multinational enterprise dominated,9936
GVA at Constant Basic Prices,2002Q3,Other sectors excluding the foreign-owned multinational enterprise dominated sector,37379
GVA at Constant Basic Prices,2002Q4,All sectors,48922
GVA at Constant Basic Prices,2002Q4,Foreign-owned multinational enterprise dominated,10989
GVA at Constant Basic Prices,2002Q4,Other sectors excluding the foreign-owned multinational enterprise dominated sector,38288
GVA at Constant Basic Prices,2003Q1,All sectors,46633
GVA at Constant Basic Prices,2003Q1,Foreign-owned multinational enterprise dominated,10051
GVA at Constant Basic Prices,2003Q1,Other sectors excluding the foreign-owned multinational enterprise dominated sector,37063
GVA at Constant Basic Prices,2003Q2,All sectors,49144
GVA at Constant Basic Prices,2003Q2,Foreign-owned multinational enterprise dominated,10801
GVA at Constant Basic Prices,2003Q2,Other sectors excluding the foreign-owned multinational enterprise dominated sector,38782
GVA at Constant Basic Prices,2003Q3,All sectors,46476
GVA at Constant Basic Prices,2003Q3,Foreign-owned multinational enterprise dominated,8349
GVA at Constant Basic Prices,2003Q3,Other sectors excluding the foreign-owned multinational enterprise dominated sector,39152
GVA at Constant Basic Prices,2003Q4,All sectors,50722
GVA at Constant Basic Prices,2003Q4,Foreign-owned multinational enterprise dominated,11325
GVA at Constant Basic Prices,2003Q4,Other sectors excluding the foreign-owned multinational enterprise dominated sector,39792
GVA at Constant Basic Prices,2004Q1,All sectors,49810
GVA at Constant Basic Prices,2004Q1,Foreign-owned multinational enterprise dominated,10493
GVA at Constant Basic Prices,2004Q1,Other sectors excluding the foreign-owned multinational enterprise dominated sector,39915
GVA at Constant Basic Prices,2004Q2,All sectors,51742
GVA at Constant Basic Prices,2004Q2,Foreign-owned multinational enterprise dominated,11008
GVA at Constant Basic Prices,2004Q2,Other sectors excluding the foreign-owned multinational enterprise dominated sector,41337
GVA at Constant Basic Prices,2004Q3,All sectors,48726
GVA at Constant Basic Prices,2004Q3,Foreign-owned multinational enterprise dominated,8834
GVA at Constant Basic Prices,2004Q3,Other sectors excluding the foreign-owned multinational enterprise dominated sector,40713
GVA at Constant Basic Prices,2004Q4,All sectors,52384
GVA at Constant Basic Prices,2004Q4,Foreign-owned multinational enterprise dominated,11024
GVA at Constant Basic Prices,2004Q4,Other sectors excluding the foreign-owned multinational enterprise dominated sector,41991
GVA at Constant Basic Prices,2005Q1,All sectors,52852
GVA at Constant Basic Prices,2005Q1,Foreign-owned multinational enterprise dominated,11790
GVA at Constant Basic Prices,2005Q1,Other sectors excluding the foreign-owned multinational enterprise dominated sector,41635
GVA at Constant Basic Prices,2005Q2,All sectors,54463
GVA at Constant Basic Prices,2005Q2,Foreign-owned multinational enterprise dominated,11643
GVA at Constant Basic Prices,2005Q2,Other sectors excluding the foreign-owned multinational enterprise dominated sector,43471
GVA at Constant Basic Prices,2005Q3,All sectors,52285
GVA at Constant Basic Prices,2005Q3,Foreign-owned multinational enterprise dominated,9978
GVA at Constant Basic Prices,2005Q3,Other sectors excluding the foreign-owned multinational enterprise dominated sector,43074
GVA at Constant Basic Prices,2005Q4,All sectors,55446
GVA at Constant Basic Prices,2005Q4,Foreign-owned multinational enterprise dominated,11742
GVA at Constant Basic Prices,2005Q4,Other sectors excluding the foreign-owned multinational enterprise dominated sector,44379
GVA at Constant Basic Prices,2006Q1,All sectors,55011
GVA at Constant Basic Prices,2006Q1,Foreign-owned multinational enterprise dominated,11485
GVA at Constant Basic Prices,2006Q1,Other sectors excluding the foreign-owned multinational enterprise dominated sector,44207
GVA at Constant Basic Prices,2006Q2,All sectors,57288
GVA at Constant Basic Prices,2006Q2,Foreign-owned multinational enterprise dominated,13064
GVA at Constant Basic Prices,2006Q2,Other sectors excluding the foreign-owned multinational enterprise dominated sector,44943
GVA at Constant Basic Prices,2006Q3,All sectors,55274
GVA at Constant Basic Prices,2006Q3,Foreign-owned multinational enterprise dominated,11300
GVA at Constant Basic Prices,2006Q3,Other sectors excluding the foreign-owned multinational enterprise dominated sector,44657
GVA at Constant Basic Prices,2006Q4,All sectors,57338
GVA at Constant Basic Prices,2006Q4,Foreign-owned multinational enterprise dominated,11761
GVA at Constant Basic Prices,2006Q4,Other sectors excluding the foreign-owned multinational enterprise dominated sector,46285
GVA at Constant Basic Prices,2007Q1,All sectors,60201
GVA at Constant Basic Prices,2007Q1,Foreign-owned multinational enterprise dominated,14235
GVA at Constant Basic Prices,2007Q1,Other sectors excluding the foreign-owned multinational enterprise dominated sector,46879
GVA at Constant Basic Prices,2007Q2,All sectors,60774
GVA at Constant Basic Prices,2007Q2,Foreign-owned multinational enterprise dominated,13312
GVA at Constant Basic Prices,2007Q2,Other sectors excluding the foreign-owned multinational enterprise dominated sector,48266
GVA at Constant Basic Prices,2007Q3,All sectors,59684
GVA at Constant Basic Prices,2007Q3,Foreign-owned multinational enterprise dominated,11639
GVA at Constant Basic Prices,2007Q3,Other sectors excluding the foreign-owned multinational enterprise dominated sector,48675
GVA at Constant Basic Prices,2007Q4,All sectors,61887
GVA at Constant Basic Prices,2007Q4,Foreign-owned multinational enterprise dominated,13518
GVA at Constant Basic Prices,2007Q4,Other sectors excluding the foreign-owned multinational enterprise dominated sector,49183
GVA at Constant Basic Prices,2008Q1,All sectors,60510
GVA at Constant Basic Prices,2008Q1,Foreign-owned multinational enterprise dominated,13436
GVA at Constant Basic Prices,2008Q1,Other sectors excluding the foreign-owned multinational enterprise dominated sector,47907
GVA at Constant Basic Prices,2008Q2,All sectors,60691
GVA at Constant Basic Prices,2008Q2,Foreign-owned multinational enterprise dominated,13666
GVA at Constant Basic Prices,2008Q2,Other sectors excluding the foreign-owned multinational enterprise dominated sector,47890
GVA at Constant Basic Prices,2008Q3,All sectors,59055
GVA at Constant Basic Prices,2008Q3,Foreign-owned multinational enterprise dominated,12782
GVA at Constant Basic Prices,2008Q3,Other sectors excluding the foreign-owned multinational enterprise dominated sector,47034
GVA at Constant Basic Prices,2008Q4,All sectors,56849
GVA at Constant Basic Prices,2008Q4,Foreign-owned multinational enterprise dominated,11275
GVA at Constant Basic Prices,2008Q4,Other sectors excluding the foreign-owned multinational enterprise dominated sector,46147
GVA at Constant Basic Prices,2009Q1,All sectors,56469
GVA at Constant Basic Prices,2009Q1,Foreign-owned multinational enterprise dominated,14380
GVA at Constant Basic Prices,2009Q1,Other sectors excluding the foreign-owned multinational enterprise dominated sector,43017
GVA at Constant Basic Prices,2009Q2,All sectors,57053
GVA at Constant Basic Prices,2009Q2,Foreign-owned multinational enterprise dominated,14522
GVA at Constant Basic Prices,2009Q2,Other sectors excluding the foreign-owned multinational enterprise dominated sector,43467
GVA at Constant Basic Prices,2009Q3,All sectors,54673
GVA at Constant Basic Prices,2009Q3,Foreign-owned multinational enterprise dominated,12646
GVA at Constant Basic Prices,2009Q3,Other sectors excluding the foreign-owned multinational enterprise dominated sector,42806
GVA at Constant Basic Prices,2009Q4,All sectors,53803
GVA at Constant Basic Prices,2009Q4,Foreign-owned multinational enterprise dominated,11756
GVA at Constant Basic Prices,2009Q4,Other sectors excluding the foreign-owned multinational enterprise dominated sector,42749
GVA at Constant Basic Prices,2010Q1,All sectors,56363
GVA at Constant Basic Prices,2010Q1,Foreign-owned multinational enterprise dominated,14881
GVA at Constant Basic Prices,2010Q1,Other sectors excluding the foreign-owned multinational enterprise dominated sector,42300
GVA at Constant Basic Prices,2010Q2,All sectors,56289
GVA at Constant Basic Prices,2010Q2,Foreign-owned multinational enterprise dominated,13942
GVA at Constant Basic Prices,2010Q2,Other sectors excluding the foreign-owned multinational enterprise dominated sector,43186
GVA at Constant Basic Prices,2010Q3,All sectors,55947
GVA at Constant Basic Prices,2010Q3,Foreign-owned multinational enterprise dominated,13518
GVA at Constant Basic Prices,2010Q3,Other sectors excluding the foreign-owned multinational enterprise dominated sector,43269
GVA at Constant Basic Prices,2010Q4,All sectors,57418
GVA at Constant Basic Prices,2010Q4,Foreign-owned multinational enterprise dominated,14146
GVA at Constant Basic Prices,2010Q4,Other sectors excluding the foreign-owned multinational enterprise dominated sector,44129
GVA at Constant Basic Prices,2011Q1,All sectors,56576
GVA at Constant Basic Prices,2011Q1,Foreign-owned multinational enterprise dominated,14192
GVA at Constant Basic Prices,2011Q1,Other sectors excluding the foreign-owned multinational enterprise dominated sector,43226
GVA at Constant Basic Prices,2011Q2,All sectors,59050
GVA at Constant Basic Prices,2011Q2,Foreign-owned multinational enterprise dominated,15137
GVA at Constant Basic Prices,2011Q2,Other sectors excluding the foreign-owned multinational enterprise dominated sector,44804
GVA at Constant Basic Prices,2011Q3,All sectors,57330
GVA at Constant Basic Prices,2011Q3,Foreign-owned multinational enterprise dominated,13397
GVA at Constant Basic Prices,2011Q3,Other sectors excluding the foreign-owned multinational enterprise dominated sector,44745
GVA at Constant Basic Prices,2011Q4,All sectors,58473
GVA at Constant Basic Prices,2011Q4,Foreign-owned multinational enterprise dominated,14151
GVA at Constant Basic Prices,2011Q4,Other sectors excluding the foreign-owned multinational enterprise dominated sector,45171
GVA at Constant Basic Prices,2012Q1,All sectors,56431
GVA at Constant Basic Prices,2012Q1,Foreign-owned multinational enterprise dominated,15439
GVA at Constant Basic Prices,2012Q1,Other sectors excluding the foreign-owned multinational enterprise dominated sector,41769
GVA at Constant Basic Prices,2012Q2,All sectors,56709
GVA at Constant Basic Prices,2012Q2,Foreign-owned multinational enterprise dominated,14827
GVA at Constant Basic Prices,2012Q2,Other sectors excluding the foreign-owned multinational enterprise dominated sector,42684
GVA at Constant Basic Prices,2012Q3,All sectors,55449
GVA at Constant Basic Prices,2012Q3,Foreign-owned multinational enterprise dominated,13308
GVA at Constant Basic Prices,2012Q3,Other sectors excluding the foreign-owned multinational enterprise dominated sector,42965
GVA at Constant Basic Prices,2012Q4,All sectors,56422
GVA at Constant Basic Prices,2012Q4,Foreign-owned multinational enterprise dominated,12932
GVA at Constant Basic Prices,2012Q4,Other sectors excluding the foreign-owned multinational enterprise dominated sector,44347
GVA at Constant Basic Prices,2013Q1,All sectors,55118
GVA at Constant Basic Prices,2013Q1,Foreign-owned multinational enterprise dominated,14035
GVA at Constant Basic Prices,2013Q1,Other sectors excluding the foreign-owned multinational enterprise dominated sector,41886
GVA at Constant Basic Prices,2013Q2,All sectors,57368
GVA at Constant Basic Prices,2013Q2,Foreign-owned multinational enterprise dominated,14151
GVA at Constant Basic Prices,2013Q2,Other sectors excluding the foreign-owned multinational enterprise dominated sector,44042
GVA at Constant Basic Prices,2013Q3,All sectors,58066
GVA at Constant Basic Prices,2013Q3,Foreign-owned multinational enterprise dominated,13287
GVA at Constant Basic Prices,2013Q3,Other sectors excluding the foreign-owned multinational enterprise dominated sector,45594
GVA at Constant Basic Prices,2013Q4,All sectors,59383
GVA at Constant Basic Prices,2013Q4,Foreign-owned multinational enterprise dominated,13703
GVA at Constant Basic Prices,2013Q4,Other sectors excluding the foreign-owned multinational enterprise dominated sector,46516
GVA at Constant Basic Prices,2014Q1,All sectors,59758
GVA at Constant Basic Prices,2014Q1,Foreign-owned multinational enterprise dominated,15478
GVA at Constant Basic Prices,2014Q1,Other sectors excluding the foreign-owned multinational enterprise dominated sector,45147
GVA at Constant Basic Prices,2014Q2,All sectors,63398
GVA at Constant Basic Prices,2014Q2,Foreign-owned multinational enterprise dominated,17336
GVA at Constant Basic Prices,2014Q2,Other sectors excluding the foreign-owned multinational enterprise dominated sector,46994
GVA at Constant Basic Prices,2014Q3,All sectors,62449
GVA at Constant Basic Prices,2014Q3,Foreign-owned multinational enterprise dominated,14571
GVA at Constant Basic Prices,2014Q3,Other sectors excluding the foreign-owned multinational enterprise dominated sector,48763
GVA at Constant Basic Prices,2014Q4,All sectors,64212
GVA at Constant Basic Prices,2014Q4,Foreign-owned multinational enterprise dominated,15985
GVA at Constant Basic Prices,2014Q4,Other sectors excluding the foreign-owned multinational enterprise dominated sector,49150
GVA at Constant Basic Prices,2015Q1,All sectors,77424
GVA at Constant Basic Prices,2015Q1,Foreign-owned multinational enterprise dominated,31339
GVA at Constant Basic Prices,2015Q1,Other sectors excluding the foreign-owned multinational enterprise dominated sector,47818
GVA at Constant Basic Prices,2015Q2,All sectors,73825
GVA at Constant Basic Prices,2015Q2,Foreign-owned multinational enterprise dominated,26232
GVA at Constant Basic Prices,2015Q2,Other sectors excluding the foreign-owned multinational enterprise dominated sector,49052
GVA at Constant Basic Prices,2015Q3,All sectors,75753
GVA at Constant Basic Prices,2015Q3,Foreign-owned multinational enterprise dominated,26149
GVA at Constant Basic Prices,2015Q3,Other sectors excluding the foreign-owned multinational enterprise dominated sector,51062
GVA at Constant Basic Prices,2015Q4,All sectors,79066
GVA at Constant Basic Prices,2015Q4,Foreign-owned multinational enterprise dominated,29334
GVA at Constant Basic Prices,2015Q4,Other sectors excluding the foreign-owned multinational enterprise dominated sector,51361
GVA at Constant Basic Prices,2016Q1,All sectors,75717
GVA at Constant Basic Prices,2016Q1,Foreign-owned multinational enterprise dominated,28554
GVA at Constant Basic Prices,2016Q1,Other sectors excluding the foreign-owned multinational enterprise dominated sector,48594
GVA at Constant Basic Prices,2016Q2,All sectors,74863
GVA at Constant Basic Prices,2016Q2,Foreign-owned multinational enterprise dominated,26469
GVA at Constant Basic Prices,2016Q2,Other sectors excluding the foreign-owned multinational enterprise dominated sector,50176
GVA at Constant Basic Prices,2016Q3,All sectors,73459
GVA at Constant Basic Prices,2016Q3,Foreign-owned multinational enterprise dominated,24040
GVA at Constant Basic Prices,2016Q3,Other sectors excluding the foreign-owned multinational enterprise dominated sector,51568
GVA at Constant Basic Prices,2016Q4,All sectors,85036
GVA at Constant Basic Prices,2016Q4,Foreign-owned multinational enterprise dominated,35032
GVA at Constant Basic Prices,2016Q4,Other sectors excluding the foreign-owned multinational enterprise dominated sector,50996
GVA at Constant Basic Prices,2017Q1,All sectors,78981
GVA at Constant Basic Prices,2017Q1,Foreign-owned multinational enterprise dominated,28885
GVA at Constant Basic Prices,2017Q1,Other sectors excluding the foreign-owned multinational enterprise dominated sector,51753
GVA at Constant Basic Prices,2017Q2,All sectors,79417
GVA at Constant Basic Prices,2017Q2,Foreign-owned multinational enterprise dominated,28599
GVA at Constant Basic Prices,2017Q2,Other sectors excluding the foreign-owned multinational enterprise dominated sector,52539
GVA at Constant Basic Prices,2017Q3,All sectors,84965
GVA at Constant Basic Prices,2017Q3,Foreign-owned multinational enterprise dominated,32243
GVA at Constant Basic Prices,2017Q3,Other sectors excluding the foreign-owned multinational enterprise dominated sector,54361
GVA at Constant Basic Prices,2017Q4,All sectors,89593
GVA at Constant Basic Prices,2017Q4,Foreign-owned multinational enterprise dominated,36378
GVA at Constant Basic Prices,2017Q4,Other sectors excluding the foreign-owned multinational enterprise dominated sector,54647
GVA at Constant Basic Prices,2018Q1,All sectors,86196
GVA at Constant Basic Prices,2018Q1,Foreign-owned multinational enterprise dominated,34536
GVA at Constant Basic Prices,2018Q1,Other sectors excluding the foreign-owned multinational enterprise dominated sector,53053
GVA at Constant Basic Prices,2018Q2,All sectors,90222
GVA at Constant Basic Prices,2018Q2,Foreign-owned multinational enterprise dominated,36274
GVA at Constant Basic Prices,2018Q2,Other sectors excluding the foreign-owned multinational enterprise dominated sector,55387
GVA at Constant Basic Prices,2018Q3,All sectors,92607
GVA at Constant Basic Prices,2018Q3,Foreign-owned multinational enterprise dominated,37036
GVA at Constant Basic Prices,2018Q3,Other sectors excluding the foreign-owned multinational enterprise dominated sector,57078
GVA at Constant Basic Prices,2018Q4,All sectors,95050
GVA at Constant Basic Prices,2018Q4,Foreign-owned multinational enterprise dominated,38440
GVA at Constant Basic Prices,2018Q4,Other sectors excluding the foreign-owned multinational enterprise dominated sector,58094
GVA at Constant Basic Prices,2019Q1,All sectors,89633
GVA at Constant Basic Prices,2019Q1,Foreign-owned multinational enterprise dominated,35269
GVA at Constant Basic Prices,2019Q1,Other sectors excluding the foreign-owned multinational enterprise dominated sector,55895
GVA at Constant Basic Prices,2019Q2,All sectors,94895
GVA at Constant Basic Prices,2019Q2,Foreign-owned multinational enterprise dominated,38889
GVA at Constant Basic Prices,2019Q2,Other sectors excluding the foreign-owned multinational enterprise dominated sector,57426
GVA at Constant Basic Prices,2019Q3,All sectors,98002
GVA at Constant Basic Prices,2019Q3,Foreign-owned multinational enterprise dominated,40218
GVA at Constant Basic Prices,2019Q3,Other sectors excluding the foreign-owned multinational enterprise dominated sector,59243
GVA at Constant Basic Prices,2019Q4,All sectors,100747
GVA at Constant Basic Prices,2019Q4,Foreign-owned multinational enterprise dominated,41651
GVA at Constant Basic Prices,2019Q4,Other sectors excluding the foreign-owned multinational enterprise dominated sector,60556
GVA at Constant Basic Prices,2020Q1,All sectors,102430
GVA at Constant Basic Prices,2020Q1,Foreign-owned multinational enterprise dominated,44989
GVA at Constant Basic Prices,2020Q1,Other sectors excluding the foreign-owned multinational enterprise dominated sector,58385
GVA at Constant Basic Prices,2020Q2,All sectors,95560
GVA at Constant Basic Prices,2020Q2,Foreign-owned multinational enterprise dominated,46394
GVA at Constant Basic Prices,2020Q2,Other sectors excluding the foreign-owned multinational enterprise dominated sector,49206
GVA at Constant Basic Prices,2020Q3,All sectors,106601
GVA at Constant Basic Prices,2020Q3,Foreign-owned multinational enterprise dominated,51086
GVA at Constant Basic Prices,2020Q3,Other sectors excluding the foreign-owned multinational enterprise dominated sector,55686
GVA at Constant Basic Prices,2020Q4,All sectors,106991
GVA at Constant Basic Prices,2020Q4,Foreign-owned multinational enterprise dominated,50105
GVA at Constant Basic Prices,2020Q4,Other sectors excluding the foreign-owned multinational enterprise dominated sector,57280
GVA at Constant Basic Prices,2021Q1,All sectors,113393
GVA at Constant Basic Prices,2021Q1,Foreign-owned multinational enterprise dominated,58308
GVA at Constant Basic Prices,2021Q1,Other sectors excluding the foreign-owned multinational enterprise dominated sector,55086
GVA at Constant Basic Prices,2021Q2,All sectors,117235
GVA at Constant Basic Prices,2021Q2,Foreign-owned multinational enterprise dominated,58693
GVA at Constant Basic Prices,2021Q2,Other sectors excluding the foreign-owned multinational enterprise dominated sector,58671
GVA at Constant Basic Prices,2021Q3,All sectors,125288
GVA at Constant Basic Prices,2021Q3,Foreign-owned multinational enterprise dominated,64430
GVA at Constant Basic Prices,2021Q3,Other sectors excluding the foreign-owned multinational enterprise dominated sector,60858
GVA at Constant Basic Prices,2021Q4,All sectors,125845
GVA at Constant Basic Prices,2021Q4,Foreign-owned multinational enterprise dominated,61871
GVA at Constant Basic Prices,2021Q4,Other sectors excluding the foreign-owned multinational enterprise dominated sector,64205
GVA at Constant Basic Prices,2022Q1,All sectors,123728
GVA at Constant Basic Prices,2022Q1,Foreign-owned multinational enterprise dominated,64594
GVA at Constant Basic Prices,2022Q1,Other sectors excluding the foreign-owned multinational enterprise dominated sector,59152
GVA at Constant Basic Prices,2022Q2,All sectors,127986
GVA at Constant Basic Prices,2022Q2,Foreign-owned multinational enterprise dominated,65789
GVA at Constant Basic Prices,2022Q2,Other sectors excluding the foreign-owned multinational enterprise dominated sector,62253
GVA at Constant Basic Prices,2022Q3,All sectors,136800
GVA at Constant Basic Prices,2022Q3,Foreign-owned multinational enterprise dominated,73737
GVA at Constant Basic Prices,2022Q3,Other sectors excluding the foreign-owned multinational enterprise dominated sector,63003
GVA at Constant Basic Prices,2022Q4,All sectors,139612
GVA at Constant Basic Prices,2022Q4,Foreign-owned multinational enterprise dominated,74103
GVA at Constant Basic Prices,2022Q4,Other sectors excluding the foreign-owned multinational enterprise dominated sector,65488
GVA at Constant Basic Prices,2023Q1,All sectors,125305
GVA at Constant Basic Prices,2023Q1,Foreign-owned multinational enterprise dominated,60578
GVA at Constant Basic Prices,2023Q1,Other sectors excluding the foreign-owned multinational enterprise dominated sector,64734
GVA at Constant Basic Prices,2023Q2,All sectors,129953
GVA at Constant Basic Prices,2023Q2,Foreign-owned multinational enterprise dominated,62552
GVA at Constant Basic Prices,2023Q2,Other sectors excluding the foreign-owned multinational enterprise dominated sector,67408
GVA at Constant Basic Prices,2023Q3,All sectors,130986
GVA at Constant Basic Prices,2023Q3,Foreign-owned multinational enterprise dominated,63212
GVA at Constant Basic Prices,2023Q3,Other sectors excluding the foreign-owned multinational enterprise dominated sector,67780
GVA at Constant Basic Prices,2023Q4,All sectors,128290
GVA at Constant Basic Prices,2023Q4,Foreign-owned multinational enterprise dominated,59432
GVA at Constant Basic Prices,2023Q4,Other sectors excluding the foreign-owned multinational enterprise dominated sector,68869
GVA at Constant Basic Prices,2024Q1,All sectors,125509
GVA at Constant Basic Prices,2024Q1,Foreign-owned multinational enterprise dominated,56528
GVA at Constant Basic Prices,2024Q1,Other sectors excluding the foreign-owned multinational enterprise dominated sector,68891
GVA at Constant Basic Prices,2024Q2,All sectors,127711
GVA at Constant Basic Prices,2024Q2,Foreign-owned multinational enterprise dominated,58380
GVA at Constant Basic Prices,2024Q2,Other sectors excluding the foreign-owned multinational enterprise dominated sector,69263
GVA at Constant Basic Prices,2024Q3,All sectors,139356
GVA at Constant Basic Prices,2024Q3,Foreign-owned multinational enterprise dominated,69220
GVA at Constant Basic Prices,2024Q3,Other sectors excluding the foreign-owned multinational enterprise dominated sector,70220
GVA at Constant Basic Prices,2024Q4,All sectors,142321
GVA at Constant Basic Prices,2024Q4,Foreign-owned multinational enterprise dominated,70308
GVA at Constant Basic Prices,2024Q4,Other sectors excluding the foreign-owned multinational enterprise dominated sector,72088
GVA at Constant Basic Prices,2025Q1,All sectors,150769
GVA at Constant Basic Prices,2025Q1,Foreign-owned multinational enterprise dominated,81048
GVA at Constant Basic Prices,2025Q1,Other sectors excluding the foreign-owned multinational enterprise dominated sector,69721
GVA at Constant Basic Prices,2025Q2,All sectors,137617
GVA at Constant Basic Prices,2025Q2,Foreign-owned multinational enterprise dominated,66545
GVA at Constant Basic Prices,2025Q2,Other sectors excluding the foreign-owned multinational enterprise dominated sector,71072
GVA at Constant Basic Prices,2025Q3,All sectors,146453
GVA at Constant Basic Prices,2025Q3,Foreign-owned multinational enterprise dominated,73794
GVA at Constant Basic Prices,2025Q3,Other sectors excluding the foreign-owned multinational enterprise dominated sector,72659
GVA at Constant Basic Prices,2025Q4,All sectors,143242
GVA at Constant Basic Prices,2025Q4,Foreign-owned multinational enterprise dominated,69966
GVA at Constant Basic Prices,2025Q4,Other sectors excluding the foreign-owned multinational enterprise dominated sector,73276
GVA at Constant Basic Prices,2026Q1,All sectors,131853
GVA at Constant Basic Prices,2026Q1,Foreign-owned multinational enterprise dominated,61030
GVA at Constant Basic Prices,2026Q1,Other sectors excluding the foreign-owned multinational enterprise dominated sector,70824
GVA at Constant Basic Prices,2026Q2,All sectors,141968
GVA at Constant Basic Prices,2026Q2,Foreign-owned multinational enterprise dominated,69607
GVA at Constant Basic Prices,2026Q2,Other sectors excluding the foreign-owned multinational enterprise dominated sector,72361
GVA at Current Basic Prices (Seasonally Adjusted),1995Q1,All sectors,11820
GVA at Current Basic Prices (Seasonally Adjusted),1995Q1,Foreign-owned multinational enterprise dominated,2113
GVA at Current Basic Prices (Seasonally Adjusted),1995Q1,Other sectors excluding the foreign-owned multinational enterprise dominated sector,9706
GVA at Current Basic Prices (Seasonally Adjusted),1995Q2,All sectors,12278
GVA at Current Basic Prices (Seasonally Adjusted),1995Q2,Foreign-owned multinational enterprise dominated,2269
GVA at Current Basic Prices (Seasonally Adjusted),1995Q2,Other sectors excluding the foreign-owned multinational enterprise dominated sector,10009
GVA at Current Basic Prices (Seasonally Adjusted),1995Q3,All sectors,12560
GVA at Current Basic Prices (Seasonally Adjusted),1995Q3,Foreign-owned multinational enterprise dominated,2404
GVA at Current Basic Prices (Seasonally Adjusted),1995Q3,Other sectors excluding the foreign-owned multinational enterprise dominated sector,10156
GVA at Current Basic Prices (Seasonally Adjusted),1995Q4,All sectors,12842
GVA at Current Basic Prices (Seasonally Adjusted),1995Q4,Foreign-owned multinational enterprise dominated,2510
GVA at Current Basic Prices (Seasonally Adjusted),1995Q4,Other sectors excluding the foreign-owned multinational enterprise dominated sector,10332
GVA at Current Basic Prices (Seasonally Adjusted),1996Q1,All sectors,12926
GVA at Current Basic Prices (Seasonally Adjusted),1996Q1,Foreign-owned multinational enterprise dominated,2420
GVA at Current Basic Prices (Seasonally Adjusted),1996Q1,Other sectors excluding the foreign-owned multinational enterprise dominated sector,10506
GVA at Current Basic Prices (Seasonally Adjusted),1996Q2,All sectors,13254
GVA at Current Basic Prices (Seasonally Adjusted),1996Q2,Foreign-owned multinational enterprise dominated,2514
GVA at Current Basic Prices (Seasonally Adjusted),1996Q2,Other sectors excluding the foreign-owned multinational enterprise dominated sector,10740
GVA at Current Basic Prices (Seasonally Adjusted),1996Q3,All sectors,13364
GVA at Current Basic Prices (Seasonally Adjusted),1996Q3,Foreign-owned multinational enterprise dominated,2373
GVA at Current Basic Prices (Seasonally Adjusted),1996Q3,Other sectors excluding the foreign-owned multinational enterprise dominated sector,10991
GVA at Current Basic Prices (Seasonally Adjusted),1996Q4,All sectors,13985
GVA at Current Basic Prices (Seasonally Adjusted),1996Q4,Foreign-owned multinational enterprise dominated,2771
GVA at Current Basic Prices (Seasonally Adjusted),1996Q4,Other sectors excluding the foreign-owned multinational enterprise dominated sector,11214
GVA at Current Basic Prices (Seasonally Adjusted),1997Q1,All sectors,14546
GVA at Current Basic Prices (Seasonally Adjusted),1997Q1,Foreign-owned multinational enterprise dominated,2929
GVA at Current Basic Prices (Seasonally Adjusted),1997Q1,Other sectors excluding the foreign-owned multinational enterprise dominated sector,11618
GVA at Current Basic Prices (Seasonally Adjusted),1997Q2,All sectors,15208
GVA at Current Basic Prices (Seasonally Adjusted),1997Q2,Foreign-owned multinational enterprise dominated,3227
GVA at Current Basic Prices (Seasonally Adjusted),1997Q2,Other sectors excluding the foreign-owned multinational enterprise dominated sector,11981
GVA at Current Basic Prices (Seasonally Adjusted),1997Q3,All sectors,15937
GVA at Current Basic Prices (Seasonally Adjusted),1997Q3,Foreign-owned multinational enterprise dominated,3616
GVA at Current Basic Prices (Seasonally Adjusted),1997Q3,Other sectors excluding the foreign-owned multinational enterprise dominated sector,12321
GVA at Current Basic Prices (Seasonally Adjusted),1997Q4,All sectors,16221
GVA at Current Basic Prices (Seasonally Adjusted),1997Q4,Foreign-owned multinational enterprise dominated,3577
GVA at Current Basic Prices (Seasonally Adjusted),1997Q4,Other sectors excluding the foreign-owned multinational enterprise dominated sector,12644
GVA at Current Basic Prices (Seasonally Adjusted),1998Q1,All sectors,17510
GVA at Current Basic Prices (Seasonally Adjusted),1998Q1,Foreign-owned multinational enterprise dominated,4030
GVA at Current Basic Prices (Seasonally Adjusted),1998Q1,Other sectors excluding the foreign-owned multinational enterprise dominated sector,13480
GVA at Current Basic Prices (Seasonally Adjusted),1998Q2,All sectors,17803
GVA at Current Basic Prices (Seasonally Adjusted),1998Q2,Foreign-owned multinational enterprise dominated,4137
GVA at Current Basic Prices (Seasonally Adjusted),1998Q2,Other sectors excluding the foreign-owned multinational enterprise dominated sector,13666
GVA at Current Basic Prices (Seasonally Adjusted),1998Q3,All sectors,18772
GVA at Current Basic Prices (Seasonally Adjusted),1998Q3,Foreign-owned multinational enterprise dominated,4638
GVA at Current Basic Prices (Seasonally Adjusted),1998Q3,Other sectors excluding the foreign-owned multinational enterprise dominated sector,14134
GVA at Current Basic Prices (Seasonally Adjusted),1998Q4,All sectors,18703
GVA at Current Basic Prices (Seasonally Adjusted),1998Q4,Foreign-owned multinational enterprise dominated,4167
GVA at Current Basic Prices (Seasonally Adjusted),1998Q4,Other sectors excluding the foreign-owned multinational enterprise dominated sector,14536
GVA at Current Basic Prices (Seasonally Adjusted),1999Q1,All sectors,19510
GVA at Current Basic Prices (Seasonally Adjusted),1999Q1,Foreign-owned multinational enterprise dominated,4793
GVA at Current Basic Prices (Seasonally Adjusted),1999Q1,Other sectors excluding the foreign-owned multinational enterprise dominated sector,14717
GVA at Current Basic Prices (Seasonally Adjusted),1999Q2,All sectors,20034
GVA at Current Basic Prices (Seasonally Adjusted),1999Q2,Foreign-owned multinational enterprise dominated,4869
GVA at Current Basic Prices (Seasonally Adjusted),1999Q2,Other sectors excluding the foreign-owned multinational enterprise dominated sector,15165
GVA at Current Basic Prices (Seasonally Adjusted),1999Q3,All sectors,21079
GVA at Current Basic Prices (Seasonally Adjusted),1999Q3,Foreign-owned multinational enterprise dominated,5332
GVA at Current Basic Prices (Seasonally Adjusted),1999Q3,Other sectors excluding the foreign-owned multinational enterprise dominated sector,15747
GVA at Current Basic Prices (Seasonally Adjusted),1999Q4,All sectors,22059
GVA at Current Basic Prices (Seasonally Adjusted),1999Q4,Foreign-owned multinational enterprise dominated,5777
GVA at Current Basic Prices (Seasonally Adjusted),1999Q4,Other sectors excluding the foreign-owned multinational enterprise dominated sector,16282
GVA at Current Basic Prices (Seasonally Adjusted),2000Q1,All sectors,22449
GVA at Current Basic Prices (Seasonally Adjusted),2000Q1,Foreign-owned multinational enterprise dominated,5062
GVA at Current Basic Prices (Seasonally Adjusted),2000Q1,Other sectors excluding the foreign-owned multinational enterprise dominated sector,17386
GVA at Current Basic Prices (Seasonally Adjusted),2000Q2,All sectors,23696
GVA at Current Basic Prices (Seasonally Adjusted),2000Q2,Foreign-owned multinational enterprise dominated,5770
GVA at Current Basic Prices (Seasonally Adjusted),2000Q2,Other sectors excluding the foreign-owned multinational enterprise dominated sector,17925
GVA at Current Basic Prices (Seasonally Adjusted),2000Q3,All sectors,24680
GVA at Current Basic Prices (Seasonally Adjusted),2000Q3,Foreign-owned multinational enterprise dominated,6120
GVA at Current Basic Prices (Seasonally Adjusted),2000Q3,Other sectors excluding the foreign-owned multinational enterprise dominated sector,18560
GVA at Current Basic Prices (Seasonally Adjusted),2000Q4,All sectors,25868
GVA at Current Basic Prices (Seasonally Adjusted),2000Q4,Foreign-owned multinational enterprise dominated,6911
GVA at Current Basic Prices (Seasonally Adjusted),2000Q4,Other sectors excluding the foreign-owned multinational enterprise dominated sector,18957
GVA at Current Basic Prices (Seasonally Adjusted),2001Q1,All sectors,26577
GVA at Current Basic Prices (Seasonally Adjusted),2001Q1,Foreign-owned multinational enterprise dominated,7369
GVA at Current Basic Prices (Seasonally Adjusted),2001Q1,Other sectors excluding the foreign-owned multinational enterprise dominated sector,19208
GVA at Current Basic Prices (Seasonally Adjusted),2001Q2,All sectors,26940
GVA at Current Basic Prices (Seasonally Adjusted),2001Q2,Foreign-owned multinational enterprise dominated,6906
GVA at Current Basic Prices (Seasonally Adjusted),2001Q2,Other sectors excluding the foreign-owned multinational enterprise dominated sector,20034
GVA at Current Basic Prices (Seasonally Adjusted),2001Q3,All sectors,27234
GVA at Current Basic Prices (Seasonally Adjusted),2001Q3,Foreign-owned multinational enterprise dominated,6852
GVA at Current Basic Prices (Seasonally Adjusted),2001Q3,Other sectors excluding the foreign-owned multinational enterprise dominated sector,20382
GVA at Current Basic Prices (Seasonally Adjusted),2001Q4,All sectors,27949
GVA at Current Basic Prices (Seasonally Adjusted),2001Q4,Foreign-owned multinational enterprise dominated,7059
GVA at Current Basic Prices (Seasonally Adjusted),2001Q4,Other sectors excluding the foreign-owned multinational enterprise dominated sector,20890
GVA at Current Basic Prices (Seasonally Adjusted),2002Q1,All sectors,28754
GVA at Current Basic Prices (Seasonally Adjusted),2002Q1,Foreign-owned multinational enterprise dominated,7739
GVA at Current Basic Prices (Seasonally Adjusted),2002Q1,Other sectors excluding the foreign-owned multinational enterprise dominated sector,21015
GVA at Current Basic Prices (Seasonally Adjusted),2002Q2,All sectors,30009
GVA at Current Basic Prices (Seasonally Adjusted),2002Q2,Foreign-owned multinational enterprise dominated,8422
GVA at Current Basic Prices (Seasonally Adjusted),2002Q2,Other sectors excluding the foreign-owned multinational enterprise dominated sector,21588
GVA at Current Basic Prices (Seasonally Adjusted),2002Q3,All sectors,30785
GVA at Current Basic Prices (Seasonally Adjusted),2002Q3,Foreign-owned multinational enterprise dominated,8653
GVA at Current Basic Prices (Seasonally Adjusted),2002Q3,Other sectors excluding the foreign-owned multinational enterprise dominated sector,22133
GVA at Current Basic Prices (Seasonally Adjusted),2002Q4,All sectors,31058
GVA at Current Basic Prices (Seasonally Adjusted),2002Q4,Foreign-owned multinational enterprise dominated,8214
GVA at Current Basic Prices (Seasonally Adjusted),2002Q4,Other sectors excluding the foreign-owned multinational enterprise dominated sector,22844
GVA at Current Basic Prices (Seasonally Adjusted),2003Q1,All sectors,30902
GVA at Current Basic Prices (Seasonally Adjusted),2003Q1,Foreign-owned multinational enterprise dominated,7254
GVA at Current Basic Prices (Seasonally Adjusted),2003Q1,Other sectors excluding the foreign-owned multinational enterprise dominated sector,23648
GVA at Current Basic Prices (Seasonally Adjusted),2003Q2,All sectors,31758
GVA at Current Basic Prices (Seasonally Adjusted),2003Q2,Foreign-owned multinational enterprise dominated,7576
GVA at Current Basic Prices (Seasonally Adjusted),2003Q2,Other sectors excluding the foreign-owned multinational enterprise dominated sector,24183
GVA at Current Basic Prices (Seasonally Adjusted),2003Q3,All sectors,32306
GVA at Current Basic Prices (Seasonally Adjusted),2003Q3,Foreign-owned multinational enterprise dominated,7029
GVA at Current Basic Prices (Seasonally Adjusted),2003Q3,Other sectors excluding the foreign-owned multinational enterprise dominated sector,25277
GVA at Current Basic Prices (Seasonally Adjusted),2003Q4,All sectors,33971
GVA at Current Basic Prices (Seasonally Adjusted),2003Q4,Foreign-owned multinational enterprise dominated,8221
GVA at Current Basic Prices (Seasonally Adjusted),2003Q4,Other sectors excluding the foreign-owned multinational enterprise dominated sector,25750
GVA at Current Basic Prices (Seasonally Adjusted),2004Q1,All sectors,33663
GVA at Current Basic Prices (Seasonally Adjusted),2004Q1,Foreign-owned multinational enterprise dominated,7565
GVA at Current Basic Prices (Seasonally Adjusted),2004Q1,Other sectors excluding the foreign-owned multinational enterprise dominated sector,26097
GVA at Current Basic Prices (Seasonally Adjusted),2004Q2,All sectors,34175
GVA at Current Basic Prices (Seasonally Adjusted),2004Q2,Foreign-owned multinational enterprise dominated,7602
GVA at Current Basic Prices (Seasonally Adjusted),2004Q2,Other sectors excluding the foreign-owned multinational enterprise dominated sector,26574
GVA at Current Basic Prices (Seasonally Adjusted),2004Q3,All sectors,34139
GVA at Current Basic Prices (Seasonally Adjusted),2004Q3,Foreign-owned multinational enterprise dominated,7264
GVA at Current Basic Prices (Seasonally Adjusted),2004Q3,Other sectors excluding the foreign-owned multinational enterprise dominated sector,26875
GVA at Current Basic Prices (Seasonally Adjusted),2004Q4,All sectors,35179
GVA at Current Basic Prices (Seasonally Adjusted),2004Q4,Foreign-owned multinational enterprise dominated,7762
GVA at Current Basic Prices (Seasonally Adjusted),2004Q4,Other sectors excluding the foreign-owned multinational enterprise dominated sector,27417
GVA at Current Basic Prices (Seasonally Adjusted),2005Q1,All sectors,36384
GVA at Current Basic Prices (Seasonally Adjusted),2005Q1,Foreign-owned multinational enterprise dominated,7919
GVA at Current Basic Prices (Seasonally Adjusted),2005Q1,Other sectors excluding the foreign-owned multinational enterprise dominated sector,28465
GVA at Current Basic Prices (Seasonally Adjusted),2005Q2,All sectors,36936
GVA at Current Basic Prices (Seasonally Adjusted),2005Q2,Foreign-owned multinational enterprise dominated,7541
GVA at Current Basic Prices (Seasonally Adjusted),2005Q2,Other sectors excluding the foreign-owned multinational enterprise dominated sector,29395
GVA at Current Basic Prices (Seasonally Adjusted),2005Q3,All sectors,37577
GVA at Current Basic Prices (Seasonally Adjusted),2005Q3,Foreign-owned multinational enterprise dominated,7532
GVA at Current Basic Prices (Seasonally Adjusted),2005Q3,Other sectors excluding the foreign-owned multinational enterprise dominated sector,30044
GVA at Current Basic Prices (Seasonally Adjusted),2005Q4,All sectors,38369
GVA at Current Basic Prices (Seasonally Adjusted),2005Q4,Foreign-owned multinational enterprise dominated,7836
GVA at Current Basic Prices (Seasonally Adjusted),2005Q4,Other sectors excluding the foreign-owned multinational enterprise dominated sector,30533
GVA at Current Basic Prices (Seasonally Adjusted),2006Q1,All sectors,39611
GVA at Current Basic Prices (Seasonally Adjusted),2006Q1,Foreign-owned multinational enterprise dominated,7237
GVA at Current Basic Prices (Seasonally Adjusted),2006Q1,Other sectors excluding the foreign-owned multinational enterprise dominated sector,32374
GVA at Current Basic Prices (Seasonally Adjusted),2006Q2,All sectors,40292
GVA at Current Basic Prices (Seasonally Adjusted),2006Q2,Foreign-owned multinational enterprise dominated,8029
GVA at Current Basic Prices (Seasonally Adjusted),2006Q2,Other sectors excluding the foreign-owned multinational enterprise dominated sector,32264
GVA at Current Basic Prices (Seasonally Adjusted),2006Q3,All sectors,40807
GVA at Current Basic Prices (Seasonally Adjusted),2006Q3,Foreign-owned multinational enterprise dominated,8159
GVA at Current Basic Prices (Seasonally Adjusted),2006Q3,Other sectors excluding the foreign-owned multinational enterprise dominated sector,32647
GVA at Current Basic Prices (Seasonally Adjusted),2006Q4,All sectors,41601
GVA at Current Basic Prices (Seasonally Adjusted),2006Q4,Foreign-owned multinational enterprise dominated,7585
GVA at Current Basic Prices (Seasonally Adjusted),2006Q4,Other sectors excluding the foreign-owned multinational enterprise dominated sector,34016
GVA at Current Basic Prices (Seasonally Adjusted),2007Q1,All sectors,43232
GVA at Current Basic Prices (Seasonally Adjusted),2007Q1,Foreign-owned multinational enterprise dominated,8523
GVA at Current Basic Prices (Seasonally Adjusted),2007Q1,Other sectors excluding the foreign-owned multinational enterprise dominated sector,34709
GVA at Current Basic Prices (Seasonally Adjusted),2007Q2,All sectors,43349
GVA at Current Basic Prices (Seasonally Adjusted),2007Q2,Foreign-owned multinational enterprise dominated,7831
GVA at Current Basic Prices (Seasonally Adjusted),2007Q2,Other sectors excluding the foreign-owned multinational enterprise dominated sector,35519
GVA at Current Basic Prices (Seasonally Adjusted),2007Q3,All sectors,43878
GVA at Current Basic Prices (Seasonally Adjusted),2007Q3,Foreign-owned multinational enterprise dominated,7896
GVA at Current Basic Prices (Seasonally Adjusted),2007Q3,Other sectors excluding the foreign-owned multinational enterprise dominated sector,35982
GVA at Current Basic Prices (Seasonally Adjusted),2007Q4,All sectors,44310
GVA at Current Basic Prices (Seasonally Adjusted),2007Q4,Foreign-owned multinational enterprise dominated,8576
GVA at Current Basic Prices (Seasonally Adjusted),2007Q4,Other sectors excluding the foreign-owned multinational enterprise dominated sector,35734
GVA at Current Basic Prices (Seasonally Adjusted),2008Q1,All sectors,42520
GVA at Current Basic Prices (Seasonally Adjusted),2008Q1,Foreign-owned multinational enterprise dominated,8250
GVA at Current Basic Prices (Seasonally Adjusted),2008Q1,Other sectors excluding the foreign-owned multinational enterprise dominated sector,34269
GVA at Current Basic Prices (Seasonally Adjusted),2008Q2,All sectors,42311
GVA at Current Basic Prices (Seasonally Adjusted),2008Q2,Foreign-owned multinational enterprise dominated,8474
GVA at Current Basic Prices (Seasonally Adjusted),2008Q2,Other sectors excluding the foreign-owned multinational enterprise dominated sector,33837
GVA at Current Basic Prices (Seasonally Adjusted),2008Q3,All sectors,42304
GVA at Current Basic Prices (Seasonally Adjusted),2008Q3,Foreign-owned multinational enterprise dominated,8978
GVA at Current Basic Prices (Seasonally Adjusted),2008Q3,Other sectors excluding the foreign-owned multinational enterprise dominated sector,33326
GVA at Current Basic Prices (Seasonally Adjusted),2008Q4,All sectors,39960
GVA at Current Basic Prices (Seasonally Adjusted),2008Q4,Foreign-owned multinational enterprise dominated,7289
GVA at Current Basic Prices (Seasonally Adjusted),2008Q4,Other sectors excluding the foreign-owned multinational enterprise dominated sector,32671
GVA at Current Basic Prices (Seasonally Adjusted),2009Q1,All sectors,38507
GVA at Current Basic Prices (Seasonally Adjusted),2009Q1,Foreign-owned multinational enterprise dominated,9362
GVA at Current Basic Prices (Seasonally Adjusted),2009Q1,Other sectors excluding the foreign-owned multinational enterprise dominated sector,29145
GVA at Current Basic Prices (Seasonally Adjusted),2009Q2,All sectors,38442
GVA at Current Basic Prices (Seasonally Adjusted),2009Q2,Foreign-owned multinational enterprise dominated,9499
GVA at Current Basic Prices (Seasonally Adjusted),2009Q2,Other sectors excluding the foreign-owned multinational enterprise dominated sector,28942
GVA at Current Basic Prices (Seasonally Adjusted),2009Q3,All sectors,38048
GVA at Current Basic Prices (Seasonally Adjusted),2009Q3,Foreign-owned multinational enterprise dominated,9198
GVA at Current Basic Prices (Seasonally Adjusted),2009Q3,Other sectors excluding the foreign-owned multinational enterprise dominated sector,28850
GVA at Current Basic Prices (Seasonally Adjusted),2009Q4,All sectors,37062
GVA at Current Basic Prices (Seasonally Adjusted),2009Q4,Foreign-owned multinational enterprise dominated,8518
GVA at Current Basic Prices (Seasonally Adjusted),2009Q4,Other sectors excluding the foreign-owned multinational enterprise dominated sector,28545
GVA at Current Basic Prices (Seasonally Adjusted),2010Q1,All sectors,37659
GVA at Current Basic Prices (Seasonally Adjusted),2010Q1,Foreign-owned multinational enterprise dominated,8917
GVA at Current Basic Prices (Seasonally Adjusted),2010Q1,Other sectors excluding the foreign-owned multinational enterprise dominated sector,28742
GVA at Current Basic Prices (Seasonally Adjusted),2010Q2,All sectors,37352
GVA at Current Basic Prices (Seasonally Adjusted),2010Q2,Foreign-owned multinational enterprise dominated,8563
GVA at Current Basic Prices (Seasonally Adjusted),2010Q2,Other sectors excluding the foreign-owned multinational enterprise dominated sector,28789
GVA at Current Basic Prices (Seasonally Adjusted),2010Q3,All sectors,38192
GVA at Current Basic Prices (Seasonally Adjusted),2010Q3,Foreign-owned multinational enterprise dominated,9248
GVA at Current Basic Prices (Seasonally Adjusted),2010Q3,Other sectors excluding the foreign-owned multinational enterprise dominated sector,28944
GVA at Current Basic Prices (Seasonally Adjusted),2010Q4,All sectors,38911
GVA at Current Basic Prices (Seasonally Adjusted),2010Q4,Foreign-owned multinational enterprise dominated,9620
GVA at Current Basic Prices (Seasonally Adjusted),2010Q4,Other sectors excluding the foreign-owned multinational enterprise dominated sector,29291
GVA at Current Basic Prices (Seasonally Adjusted),2011Q1,All sectors,38582
GVA at Current Basic Prices (Seasonally Adjusted),2011Q1,Foreign-owned multinational enterprise dominated,9296
GVA at Current Basic Prices (Seasonally Adjusted),2011Q1,Other sectors excluding the foreign-owned multinational enterprise dominated sector,29286
GVA at Current Basic Prices (Seasonally Adjusted),2011Q2,All sectors,39709
GVA at Current Basic Prices (Seasonally Adjusted),2011Q2,Foreign-owned multinational enterprise dominated,10013
GVA at Current Basic Prices (Seasonally Adjusted),2011Q2,Other sectors excluding the foreign-owned multinational enterprise dominated sector,29697
GVA at Current Basic Prices (Seasonally Adjusted),2011Q3,All sectors,39644
GVA at Current Basic Prices (Seasonally Adjusted),2011Q3,Foreign-owned multinational enterprise dominated,9831
GVA at Current Basic Prices (Seasonally Adjusted),2011Q3,Other sectors excluding the foreign-owned multinational enterprise dominated sector,29813
GVA at Current Basic Prices (Seasonally Adjusted),2011Q4,All sectors,40033
GVA at Current Basic Prices (Seasonally Adjusted),2011Q4,Foreign-owned multinational enterprise dominated,10054
GVA at Current Basic Prices (Seasonally Adjusted),2011Q4,Other sectors excluding the foreign-owned multinational enterprise dominated sector,29980
GVA at Current Basic Prices (Seasonally Adjusted),2012Q1,All sectors,40337
GVA at Current Basic Prices (Seasonally Adjusted),2012Q1,Foreign-owned multinational enterprise dominated,10169
GVA at Current Basic Prices (Seasonally Adjusted),2012Q1,Other sectors excluding the foreign-owned multinational enterprise dominated sector,30167
GVA at Current Basic Prices (Seasonally Adjusted),2012Q2,All sectors,40185
GVA at Current Basic Prices (Seasonally Adjusted),2012Q2,Foreign-owned multinational enterprise dominated,9982
GVA at Current Basic Prices (Seasonally Adjusted),2012Q2,Other sectors excluding the foreign-owned multinational enterprise dominated sector,30203
GVA at Current Basic Prices (Seasonally Adjusted),2012Q3,All sectors,40125
GVA at Current Basic Prices (Seasonally Adjusted),2012Q3,Foreign-owned multinational enterprise dominated,9738
GVA at Current Basic Prices (Seasonally Adjusted),2012Q3,Other sectors excluding the foreign-owned multinational enterprise dominated sector,30387
GVA at Current Basic Prices (Seasonally Adjusted),2012Q4,All sectors,40400
GVA at Current Basic Prices (Seasonally Adjusted),2012Q4,Foreign-owned multinational enterprise dominated,9251
GVA at Current Basic Prices (Seasonally Adjusted),2012Q4,Other sectors excluding the foreign-owned multinational enterprise dominated sector,31150
GVA at Current Basic Prices (Seasonally Adjusted),2013Q1,All sectors,40789
GVA at Current Basic Prices (Seasonally Adjusted),2013Q1,Foreign-owned multinational enterprise dominated,9609
GVA at Current Basic Prices (Seasonally Adjusted),2013Q1,Other sectors excluding the foreign-owned multinational enterprise dominated sector,31180
GVA at Current Basic Prices (Seasonally Adjusted),2013Q2,All sectors,41967
GVA at Current Basic Prices (Seasonally Adjusted),2013Q2,Foreign-owned multinational enterprise dominated,9902
GVA at Current Basic Prices (Seasonally Adjusted),2013Q2,Other sectors excluding the foreign-owned multinational enterprise dominated sector,32065
GVA at Current Basic Prices (Seasonally Adjusted),2013Q3,All sectors,42833
GVA at Current Basic Prices (Seasonally Adjusted),2013Q3,Foreign-owned multinational enterprise dominated,10114
GVA at Current Basic Prices (Seasonally Adjusted),2013Q3,Other sectors excluding the foreign-owned multinational enterprise dominated sector,32719
GVA at Current Basic Prices (Seasonally Adjusted),2013Q4,All sectors,43108
GVA at Current Basic Prices (Seasonally Adjusted),2013Q4,Foreign-owned multinational enterprise dominated,9807
GVA at Current Basic Prices (Seasonally Adjusted),2013Q4,Other sectors excluding the foreign-owned multinational enterprise dominated sector,33301
GVA at Current Basic Prices (Seasonally Adjusted),2014Q1,All sectors,44714
GVA at Current Basic Prices (Seasonally Adjusted),2014Q1,Foreign-owned multinational enterprise dominated,10598
GVA at Current Basic Prices (Seasonally Adjusted),2014Q1,Other sectors excluding the foreign-owned multinational enterprise dominated sector,34116
GVA at Current Basic Prices (Seasonally Adjusted),2014Q2,All sectors,47177
GVA at Current Basic Prices (Seasonally Adjusted),2014Q2,Foreign-owned multinational enterprise dominated,12160
GVA at Current Basic Prices (Seasonally Adjusted),2014Q2,Other sectors excluding the foreign-owned multinational enterprise dominated sector,35017
GVA at Current Basic Prices (Seasonally Adjusted),2014Q3,All sectors,46703
GVA at Current Basic Prices (Seasonally Adjusted),2014Q3,Foreign-owned multinational enterprise dominated,10869
GVA at Current Basic Prices (Seasonally Adjusted),2014Q3,Other sectors excluding the foreign-owned multinational enterprise dominated sector,35834
GVA at Current Basic Prices (Seasonally Adjusted),2014Q4,All sectors,47100
GVA at Current Basic Prices (Seasonally Adjusted),2014Q4,Foreign-owned multinational enterprise dominated,10830
GVA at Current Basic Prices (Seasonally Adjusted),2014Q4,Other sectors excluding the foreign-owned multinational enterprise dominated sector,36271
GVA at Current Basic Prices (Seasonally Adjusted),2015Q1,All sectors,61656
GVA at Current Basic Prices (Seasonally Adjusted),2015Q1,Foreign-owned multinational enterprise dominated,24787
GVA at Current Basic Prices (Seasonally Adjusted),2015Q1,Other sectors excluding the foreign-owned multinational enterprise dominated sector,36868
GVA at Current Basic Prices (Seasonally Adjusted),2015Q2,All sectors,62701
GVA at Current Basic Prices (Seasonally Adjusted),2015Q2,Foreign-owned multinational enterprise dominated,25372
GVA at Current Basic Prices (Seasonally Adjusted),2015Q2,Other sectors excluding the foreign-owned multinational enterprise dominated sector,37329
GVA at Current Basic Prices (Seasonally Adjusted),2015Q3,All sectors,64169
GVA at Current Basic Prices (Seasonally Adjusted),2015Q3,Foreign-owned multinational enterprise dominated,26010
GVA at Current Basic Prices (Seasonally Adjusted),2015Q3,Other sectors excluding the foreign-owned multinational enterprise dominated sector,38159
GVA at Current Basic Prices (Seasonally Adjusted),2015Q4,All sectors,65370
GVA at Current Basic Prices (Seasonally Adjusted),2015Q4,Foreign-owned multinational enterprise dominated,26817
GVA at Current Basic Prices (Seasonally Adjusted),2015Q4,Other sectors excluding the foreign-owned multinational enterprise dominated sector,38553
GVA at Current Basic Prices (Seasonally Adjusted),2016Q1,All sectors,62209
GVA at Current Basic Prices (Seasonally Adjusted),2016Q1,Foreign-owned multinational enterprise dominated,23405
GVA at Current Basic Prices (Seasonally Adjusted),2016Q1,Other sectors excluding the foreign-owned multinational enterprise dominated sector,38804
GVA at Current Basic Prices (Seasonally Adjusted),2016Q2,All sectors,62646
GVA at Current Basic Prices (Seasonally Adjusted),2016Q2,Foreign-owned multinational enterprise dominated,23441
GVA at Current Basic Prices (Seasonally Adjusted),2016Q2,Other sectors excluding the foreign-owned multinational enterprise dominated sector,39206
GVA at Current Basic Prices (Seasonally Adjusted),2016Q3,All sectors,63954
GVA at Current Basic Prices (Seasonally Adjusted),2016Q3,Foreign-owned multinational enterprise dominated,24463
GVA at Current Basic Prices (Seasonally Adjusted),2016Q3,Other sectors excluding the foreign-owned multinational enterprise dominated sector,39491
GVA at Current Basic Prices (Seasonally Adjusted),2016Q4,All sectors,67370
GVA at Current Basic Prices (Seasonally Adjusted),2016Q4,Foreign-owned multinational enterprise dominated,28030
GVA at Current Basic Prices (Seasonally Adjusted),2016Q4,Other sectors excluding the foreign-owned multinational enterprise dominated sector,39340
GVA at Current Basic Prices (Seasonally Adjusted),2017Q1,All sectors,68854
GVA at Current Basic Prices (Seasonally Adjusted),2017Q1,Foreign-owned multinational enterprise dominated,26790
GVA at Current Basic Prices (Seasonally Adjusted),2017Q1,Other sectors excluding the foreign-owned multinational enterprise dominated sector,42064
GVA at Current Basic Prices (Seasonally Adjusted),2017Q2,All sectors,68740
GVA at Current Basic Prices (Seasonally Adjusted),2017Q2,Foreign-owned multinational enterprise dominated,26442
GVA at Current Basic Prices (Seasonally Adjusted),2017Q2,Other sectors excluding the foreign-owned multinational enterprise dominated sector,42298
GVA at Current Basic Prices (Seasonally Adjusted),2017Q3,All sectors,72321
GVA at Current Basic Prices (Seasonally Adjusted),2017Q3,Foreign-owned multinational enterprise dominated,29389
GVA at Current Basic Prices (Seasonally Adjusted),2017Q3,Other sectors excluding the foreign-owned multinational enterprise dominated sector,42932
GVA at Current Basic Prices (Seasonally Adjusted),2017Q4,All sectors,75970
GVA at Current Basic Prices (Seasonally Adjusted),2017Q4,Foreign-owned multinational enterprise dominated,32619
GVA at Current Basic Prices (Seasonally Adjusted),2017Q4,Other sectors excluding the foreign-owned multinational enterprise dominated sector,43351
GVA at Current Basic Prices (Seasonally Adjusted),2018Q1,All sectors,75882
GVA at Current Basic Prices (Seasonally Adjusted),2018Q1,Foreign-owned multinational enterprise dominated,32054
GVA at Current Basic Prices (Seasonally Adjusted),2018Q1,Other sectors excluding the foreign-owned multinational enterprise dominated sector,43829
GVA at Current Basic Prices (Seasonally Adjusted),2018Q2,All sectors,77765
GVA at Current Basic Prices (Seasonally Adjusted),2018Q2,Foreign-owned multinational enterprise dominated,32801
GVA at Current Basic Prices (Seasonally Adjusted),2018Q2,Other sectors excluding the foreign-owned multinational enterprise dominated sector,44964
GVA at Current Basic Prices (Seasonally Adjusted),2018Q3,All sectors,80069
GVA at Current Basic Prices (Seasonally Adjusted),2018Q3,Foreign-owned multinational enterprise dominated,34456
GVA at Current Basic Prices (Seasonally Adjusted),2018Q3,Other sectors excluding the foreign-owned multinational enterprise dominated sector,45613
GVA at Current Basic Prices (Seasonally Adjusted),2018Q4,All sectors,80974
GVA at Current Basic Prices (Seasonally Adjusted),2018Q4,Foreign-owned multinational enterprise dominated,34458
GVA at Current Basic Prices (Seasonally Adjusted),2018Q4,Other sectors excluding the foreign-owned multinational enterprise dominated sector,46516
GVA at Current Basic Prices (Seasonally Adjusted),2019Q1,All sectors,82484
GVA at Current Basic Prices (Seasonally Adjusted),2019Q1,Foreign-owned multinational enterprise dominated,35568
GVA at Current Basic Prices (Seasonally Adjusted),2019Q1,Other sectors excluding the foreign-owned multinational enterprise dominated sector,46917
GVA at Current Basic Prices (Seasonally Adjusted),2019Q2,All sectors,85048
GVA at Current Basic Prices (Seasonally Adjusted),2019Q2,Foreign-owned multinational enterprise dominated,38178
GVA at Current Basic Prices (Seasonally Adjusted),2019Q2,Other sectors excluding the foreign-owned multinational enterprise dominated sector,46870
GVA at Current Basic Prices (Seasonally Adjusted),2019Q3,All sectors,85708
GVA at Current Basic Prices (Seasonally Adjusted),2019Q3,Foreign-owned multinational enterprise dominated,37914
GVA at Current Basic Prices (Seasonally Adjusted),2019Q3,Other sectors excluding the foreign-owned multinational enterprise dominated sector,47794
GVA at Current Basic Prices (Seasonally Adjusted),2019Q4,All sectors,89552
GVA at Current Basic Prices (Seasonally Adjusted),2019Q4,Foreign-owned multinational enterprise dominated,40428
GVA at Current Basic Prices (Seasonally Adjusted),2019Q4,Other sectors excluding the foreign-owned multinational enterprise dominated sector,49123
GVA at Current Basic Prices (Seasonally Adjusted),2020Q1,All sectors,91686
GVA at Current Basic Prices (Seasonally Adjusted),2020Q1,Foreign-owned multinational enterprise dominated,42974
GVA at Current Basic Prices (Seasonally Adjusted),2020Q1,Other sectors excluding the foreign-owned multinational enterprise dominated sector,48712
GVA at Current Basic Prices (Seasonally Adjusted),2020Q2,All sectors,84110
GVA at Current Basic Prices (Seasonally Adjusted),2020Q2,Foreign-owned multinational enterprise dominated,42886
GVA at Current Basic Prices (Seasonally Adjusted),2020Q2,Other sectors excluding the foreign-owned multinational enterprise dominated sector,41225
GVA at Current Basic Prices (Seasonally Adjusted),2020Q3,All sectors,91489
GVA at Current Basic Prices (Seasonally Adjusted),2020Q3,Foreign-owned multinational enterprise dominated,45335
GVA at Current Basic Prices (Seasonally Adjusted),2020Q3,Other sectors excluding the foreign-owned multinational enterprise dominated sector,46154
GVA at Current Basic Prices (Seasonally Adjusted),2020Q4,All sectors,89681
GVA at Current Basic Prices (Seasonally Adjusted),2020Q4,Foreign-owned multinational enterprise dominated,42198
GVA at Current Basic Prices (Seasonally Adjusted),2020Q4,Other sectors excluding the foreign-owned multinational enterprise dominated sector,47483
GVA at Current Basic Prices (Seasonally Adjusted),2021Q1,All sectors,101806
GVA at Current Basic Prices (Seasonally Adjusted),2021Q1,Foreign-owned multinational enterprise dominated,53146
GVA at Current Basic Prices (Seasonally Adjusted),2021Q1,Other sectors excluding the foreign-owned multinational enterprise dominated sector,48660
GVA at Current Basic Prices (Seasonally Adjusted),2021Q2,All sectors,103307
GVA at Current Basic Prices (Seasonally Adjusted),2021Q2,Foreign-owned multinational enterprise dominated,53174
GVA at Current Basic Prices (Seasonally Adjusted),2021Q2,Other sectors excluding the foreign-owned multinational enterprise dominated sector,50133
GVA at Current Basic Prices (Seasonally Adjusted),2021Q3,All sectors,107912
GVA at Current Basic Prices (Seasonally Adjusted),2021Q3,Foreign-owned multinational enterprise dominated,55659
GVA at Current Basic Prices (Seasonally Adjusted),2021Q3,Other sectors excluding the foreign-owned multinational enterprise dominated sector,52252
GVA at Current Basic Prices (Seasonally Adjusted),2021Q4,All sectors,109888
GVA at Current Basic Prices (Seasonally Adjusted),2021Q4,Foreign-owned multinational enterprise dominated,55180
GVA at Current Basic Prices (Seasonally Adjusted),2021Q4,Other sectors excluding the foreign-owned multinational enterprise dominated sector,54709
GVA at Current Basic Prices (Seasonally Adjusted),2022Q1,All sectors,117456
GVA at Current Basic Prices (Seasonally Adjusted),2022Q1,Foreign-owned multinational enterprise dominated,61289
GVA at Current Basic Prices (Seasonally Adjusted),2022Q1,Other sectors excluding the foreign-owned multinational enterprise dominated sector,56167
GVA at Current Basic Prices (Seasonally Adjusted),2022Q2,All sectors,122113
GVA at Current Basic Prices (Seasonally Adjusted),2022Q2,Foreign-owned multinational enterprise dominated,63737
GVA at Current Basic Prices (Seasonally Adjusted),2022Q2,Other sectors excluding the foreign-owned multinational enterprise dominated sector,58376
GVA at Current Basic Prices (Seasonally Adjusted),2022Q3,All sectors,129448
GVA at Current Basic Prices (Seasonally Adjusted),2022Q3,Foreign-owned multinational enterprise dominated,69548
GVA at Current Basic Prices (Seasonally Adjusted),2022Q3,Other sectors excluding the foreign-owned multinational enterprise dominated sector,59900
GVA at Current Basic Prices (Seasonally Adjusted),2022Q4,All sectors,131287
GVA at Current Basic Prices (Seasonally Adjusted),2022Q4,Foreign-owned multinational enterprise dominated,69118
GVA at Current Basic Prices (Seasonally Adjusted),2022Q4,Other sectors excluding the foreign-owned multinational enterprise dominated sector,62168
GVA at Current Basic Prices (Seasonally Adjusted),2023Q1,All sectors,123363
GVA at Current Basic Prices (Seasonally Adjusted),2023Q1,Foreign-owned multinational enterprise dominated,58980
GVA at Current Basic Prices (Seasonally Adjusted),2023Q1,Other sectors excluding the foreign-owned multinational enterprise dominated sector,64383
GVA at Current Basic Prices (Seasonally Adjusted),2023Q2,All sectors,125547
GVA at Current Basic Prices (Seasonally Adjusted),2023Q2,Foreign-owned multinational enterprise dominated,59975
GVA at Current Basic Prices (Seasonally Adjusted),2023Q2,Other sectors excluding the foreign-owned multinational enterprise dominated sector,65572
GVA at Current Basic Prices (Seasonally Adjusted),2023Q3,All sectors,124164
GVA at Current Basic Prices (Seasonally Adjusted),2023Q3,Foreign-owned multinational enterprise dominated,58244
GVA at Current Basic Prices (Seasonally Adjusted),2023Q3,Other sectors excluding the foreign-owned multinational enterprise dominated sector,65921
GVA at Current Basic Prices (Seasonally Adjusted),2023Q4,All sectors,122739
GVA at Current Basic Prices (Seasonally Adjusted),2023Q4,Foreign-owned multinational enterprise dominated,56047
GVA at Current Basic Prices (Seasonally Adjusted),2023Q4,Other sectors excluding the foreign-owned multinational enterprise dominated sector,66692
GVA at Current Basic Prices (Seasonally Adjusted),2024Q1,All sectors,128130
GVA at Current Basic Prices (Seasonally Adjusted),2024Q1,Foreign-owned multinational enterprise dominated,59503
GVA at Current Basic Prices (Seasonally Adjusted),2024Q1,Other sectors excluding the foreign-owned multinational enterprise dominated sector,68627
GVA at Current Basic Prices (Seasonally Adjusted),2024Q2,All sectors,131060
GVA at Current Basic Prices (Seasonally Adjusted),2024Q2,Foreign-owned multinational enterprise dominated,61562
GVA at Current Basic Prices (Seasonally Adjusted),2024Q2,Other sectors excluding the foreign-owned multinational enterprise dominated sector,69498
GVA at Current Basic Prices (Seasonally Adjusted),2024Q3,All sectors,134919
GVA at Current Basic Prices (Seasonally Adjusted),2024Q3,Foreign-owned multinational enterprise dominated,63790
GVA at Current Basic Prices (Seasonally Adjusted),2024Q3,Other sectors excluding the foreign-owned multinational enterprise dominated sector,71129
GVA at Current Basic Prices (Seasonally Adjusted),2024Q4,All sectors,140859
GVA at Current Basic Prices (Seasonally Adjusted),2024Q4,Foreign-owned multinational enterprise dominated,69631
GVA at Current Basic Prices (Seasonally Adjusted),2024Q4,Other sectors excluding the foreign-owned multinational enterprise dominated sector,71227
GVA at Current Basic Prices (Seasonally Adjusted),2025Q1,All sectors,155803
GVA at Current Basic Prices (Seasonally Adjusted),2025Q1,Foreign-owned multinational enterprise dominated,83793
GVA at Current Basic Prices (Seasonally Adjusted),2025Q1,Other sectors excluding the foreign-owned multinational enterprise dominated sector,72010
GVA at Current Basic Prices (Seasonally Adjusted),2025Q2,All sectors,138686
GVA at Current Basic Prices (Seasonally Adjusted),2025Q2,Foreign-owned multinational enterprise dominated,66270
GVA at Current Basic Prices (Seasonally Adjusted),2025Q2,Other sectors excluding the foreign-owned multinational enterprise dominated sector,72415
GVA at Current Basic Prices (Seasonally Adjusted),2025Q3,All sectors,139098
GVA at Current Basic Prices (Seasonally Adjusted),2025Q3,Foreign-owned multinational enterprise dominated,66444
GVA at Current Basic Prices (Seasonally Adjusted),2025Q3,Other sectors excluding the foreign-owned multinational enterprise dominated sector,72654
GVA at Current Basic Prices (Seasonally Adjusted),2025Q4,All sectors,140100
GVA at Current Basic Prices (Seasonally Adjusted),2025Q4,Foreign-owned multinational enterprise dominated,66264
GVA at Current Basic Prices (Seasonally Adjusted),2025Q4,Other sectors excluding the foreign-owned multinational enterprise dominated sector,73836
GVA at Current Basic Prices (Seasonally Adjusted),2026Q1,All sectors,135282
GVA at Current Basic Prices (Seasonally Adjusted),2026Q1,Foreign-owned multinational enterprise dominated,61194
GVA at Current Basic Prices (Seasonally Adjusted),2026Q1,Other sectors excluding the foreign-owned multinational enterprise dominated sector,74088
GVA at Current Basic Prices (Seasonally Adjusted),2026Q2,All sectors,145281
GVA at Current Basic Prices (Seasonally Adjusted),2026Q2,Foreign-owned multinational enterprise dominated,70446
GVA at Current Basic Prices (Seasonally Adjusted),2026Q2,Other sectors excluding the foreign-owned multinational enterprise dominated sector,74835
GVA at Constant Basic Prices (Seasonally Adjusted),1995Q1,All sectors,28284
GVA at Constant Basic Prices (Seasonally Adjusted),1995Q1,Foreign-owned multinational enterprise dominated,3929
GVA at Constant Basic Prices (Seasonally Adjusted),1995Q1,Other sectors excluding the foreign-owned multinational enterprise dominated sector,25643
GVA at Constant Basic Prices (Seasonally Adjusted),1995Q2,All sectors,28951
GVA at Constant Basic Prices (Seasonally Adjusted),1995Q2,Foreign-owned multinational enterprise dominated,4016
GVA at Constant Basic Prices (Seasonally Adjusted),1995Q2,Other sectors excluding the foreign-owned multinational enterprise dominated sector,26256
GVA at Constant Basic Prices (Seasonally Adjusted),1995Q3,All sectors,29176
GVA at Constant Basic Prices (Seasonally Adjusted),1995Q3,Foreign-owned multinational enterprise dominated,3884
GVA at Constant Basic Prices (Seasonally Adjusted),1995Q3,Other sectors excluding the foreign-owned multinational enterprise dominated sector,26680
GVA at Constant Basic Prices (Seasonally Adjusted),1995Q4,All sectors,29421
GVA at Constant Basic Prices (Seasonally Adjusted),1995Q4,Foreign-owned multinational enterprise dominated,4307
GVA at Constant Basic Prices (Seasonally Adjusted),1995Q4,Other sectors excluding the foreign-owned multinational enterprise dominated sector,26377
GVA at Constant Basic Prices (Seasonally Adjusted),1996Q1,All sectors,30139
GVA at Constant Basic Prices (Seasonally Adjusted),1996Q1,Foreign-owned multinational enterprise dominated,4254
GVA at Constant Basic Prices (Seasonally Adjusted),1996Q1,Other sectors excluding the foreign-owned multinational enterprise dominated sector,27226
GVA at Constant Basic Prices (Seasonally Adjusted),1996Q2,All sectors,30729
GVA at Constant Basic Prices (Seasonally Adjusted),1996Q2,Foreign-owned multinational enterprise dominated,4374
GVA at Constant Basic Prices (Seasonally Adjusted),1996Q2,Other sectors excluding the foreign-owned multinational enterprise dominated sector,27703
GVA at Constant Basic Prices (Seasonally Adjusted),1996Q3,All sectors,30498
GVA at Constant Basic Prices (Seasonally Adjusted),1996Q3,Foreign-owned multinational enterprise dominated,4161
GVA at Constant Basic Prices (Seasonally Adjusted),1996Q3,Other sectors excluding the foreign-owned multinational enterprise dominated sector,27765
GVA at Constant Basic Prices (Seasonally Adjusted),1996Q4,All sectors,31361
GVA at Constant Basic Prices (Seasonally Adjusted),1996Q4,Foreign-owned multinational enterprise dominated,4597
GVA at Constant Basic Prices (Seasonally Adjusted),1996Q4,Other sectors excluding the foreign-owned multinational enterprise dominated sector,28073
GVA at Constant Basic Prices (Seasonally Adjusted),1997Q1,All sectors,32461
GVA at Constant Basic Prices (Seasonally Adjusted),1997Q1,Foreign-owned multinational enterprise dominated,4865
GVA at Constant Basic Prices (Seasonally Adjusted),1997Q1,Other sectors excluding the foreign-owned multinational enterprise dominated sector,28904
GVA at Constant Basic Prices (Seasonally Adjusted),1997Q2,All sectors,33644
GVA at Constant Basic Prices (Seasonally Adjusted),1997Q2,Foreign-owned multinational enterprise dominated,5307
GVA at Constant Basic Prices (Seasonally Adjusted),1997Q2,Other sectors excluding the foreign-owned multinational enterprise dominated sector,29566
GVA at Constant Basic Prices (Seasonally Adjusted),1997Q3,All sectors,34849
GVA at Constant Basic Prices (Seasonally Adjusted),1997Q3,Foreign-owned multinational enterprise dominated,5992
GVA at Constant Basic Prices (Seasonally Adjusted),1997Q3,Other sectors excluding the foreign-owned multinational enterprise dominated sector,29894
GVA at Constant Basic Prices (Seasonally Adjusted),1997Q4,All sectors,34682
GVA at Constant Basic Prices (Seasonally Adjusted),1997Q4,Foreign-owned multinational enterprise dominated,5635
GVA at Constant Basic Prices (Seasonally Adjusted),1997Q4,Other sectors excluding the foreign-owned multinational enterprise dominated sector,30236
GVA at Constant Basic Prices (Seasonally Adjusted),1998Q1,All sectors,36242
GVA at Constant Basic Prices (Seasonally Adjusted),1998Q1,Foreign-owned multinational enterprise dominated,6313
GVA at Constant Basic Prices (Seasonally Adjusted),1998Q1,Other sectors excluding the foreign-owned multinational enterprise dominated sector,30960
GVA at Constant Basic Prices (Seasonally Adjusted),1998Q2,All sectors,36367
GVA at Constant Basic Prices (Seasonally Adjusted),1998Q2,Foreign-owned multinational enterprise dominated,6386
GVA at Constant Basic Prices (Seasonally Adjusted),1998Q2,Other sectors excluding the foreign-owned multinational enterprise dominated sector,30990
GVA at Constant Basic Prices (Seasonally Adjusted),1998Q3,All sectors,38029
GVA at Constant Basic Prices (Seasonally Adjusted),1998Q3,Foreign-owned multinational enterprise dominated,7154
GVA at Constant Basic Prices (Seasonally Adjusted),1998Q3,Other sectors excluding the foreign-owned multinational enterprise dominated sector,31693
GVA at Constant Basic Prices (Seasonally Adjusted),1998Q4,All sectors,37042
GVA at Constant Basic Prices (Seasonally Adjusted),1998Q4,Foreign-owned multinational enterprise dominated,6090
GVA at Constant Basic Prices (Seasonally Adjusted),1998Q4,Other sectors excluding the foreign-owned multinational enterprise dominated sector,32184
GVA at Constant Basic Prices (Seasonally Adjusted),1999Q1,All sectors,38754
GVA at Constant Basic Prices (Seasonally Adjusted),1999Q1,Foreign-owned multinational enterprise dominated,7250
GVA at Constant Basic Prices (Seasonally Adjusted),1999Q1,Other sectors excluding the foreign-owned multinational enterprise dominated sector,32367
GVA at Constant Basic Prices (Seasonally Adjusted),1999Q2,All sectors,39072
GVA at Constant Basic Prices (Seasonally Adjusted),1999Q2,Foreign-owned multinational enterprise dominated,7188
GVA at Constant Basic Prices (Seasonally Adjusted),1999Q2,Other sectors excluding the foreign-owned multinational enterprise dominated sector,32813
GVA at Constant Basic Prices (Seasonally Adjusted),1999Q3,All sectors,40557
GVA at Constant Basic Prices (Seasonally Adjusted),1999Q3,Foreign-owned multinational enterprise dominated,7868
GVA at Constant Basic Prices (Seasonally Adjusted),1999Q3,Other sectors excluding the foreign-owned multinational enterprise dominated sector,33460
GVA at Constant Basic Prices (Seasonally Adjusted),1999Q4,All sectors,41578
GVA at Constant Basic Prices (Seasonally Adjusted),1999Q4,Foreign-owned multinational enterprise dominated,8324
GVA at Constant Basic Prices (Seasonally Adjusted),1999Q4,Other sectors excluding the foreign-owned multinational enterprise dominated sector,33921
GVA at Constant Basic Prices (Seasonally Adjusted),2000Q1,All sectors,41098
GVA at Constant Basic Prices (Seasonally Adjusted),2000Q1,Foreign-owned multinational enterprise dominated,7553
GVA at Constant Basic Prices (Seasonally Adjusted),2000Q1,Other sectors excluding the foreign-owned multinational enterprise dominated sector,34519
GVA at Constant Basic Prices (Seasonally Adjusted),2000Q2,All sectors,42677
GVA at Constant Basic Prices (Seasonally Adjusted),2000Q2,Foreign-owned multinational enterprise dominated,8361
GVA at Constant Basic Prices (Seasonally Adjusted),2000Q2,Other sectors excluding the foreign-owned multinational enterprise dominated sector,35092
GVA at Constant Basic Prices (Seasonally Adjusted),2000Q3,All sectors,43952
GVA at Constant Basic Prices (Seasonally Adjusted),2000Q3,Foreign-owned multinational enterprise dominated,8903
GVA at Constant Basic Prices (Seasonally Adjusted),2000Q3,Other sectors excluding the foreign-owned multinational enterprise dominated sector,35716
GVA at Constant Basic Prices (Seasonally Adjusted),2000Q4,All sectors,45310
GVA at Constant Basic Prices (Seasonally Adjusted),2000Q4,Foreign-owned multinational enterprise dominated,9888
GVA at Constant Basic Prices (Seasonally Adjusted),2000Q4,Other sectors excluding the foreign-owned multinational enterprise dominated sector,35788
GVA at Constant Basic Prices (Seasonally Adjusted),2001Q1,All sectors,44642
GVA at Constant Basic Prices (Seasonally Adjusted),2001Q1,Foreign-owned multinational enterprise dominated,9663
GVA at Constant Basic Prices (Seasonally Adjusted),2001Q1,Other sectors excluding the foreign-owned multinational enterprise dominated sector,35461
GVA at Constant Basic Prices (Seasonally Adjusted),2001Q2,All sectors,44763
GVA at Constant Basic Prices (Seasonally Adjusted),2001Q2,Foreign-owned multinational enterprise dominated,9015
GVA at Constant Basic Prices (Seasonally Adjusted),2001Q2,Other sectors excluding the foreign-owned multinational enterprise dominated sector,36455
GVA at Constant Basic Prices (Seasonally Adjusted),2001Q3,All sectors,44907
GVA at Constant Basic Prices (Seasonally Adjusted),2001Q3,Foreign-owned multinational enterprise dominated,8979
GVA at Constant Basic Prices (Seasonally Adjusted),2001Q3,Other sectors excluding the foreign-owned multinational enterprise dominated sector,36659
GVA at Constant Basic Prices (Seasonally Adjusted),2001Q4,All sectors,45389
GVA at Constant Basic Prices (Seasonally Adjusted),2001Q4,Foreign-owned multinational enterprise dominated,9118
GVA at Constant Basic Prices (Seasonally Adjusted),2001Q4,Other sectors excluding the foreign-owned multinational enterprise dominated sector,36996
GVA at Constant Basic Prices (Seasonally Adjusted),2002Q1,All sectors,46564
GVA at Constant Basic Prices (Seasonally Adjusted),2002Q1,Foreign-owned multinational enterprise dominated,10166
GVA at Constant Basic Prices (Seasonally Adjusted),2002Q1,Other sectors excluding the foreign-owned multinational enterprise dominated sector,36838
GVA at Constant Basic Prices (Seasonally Adjusted),2002Q2,All sectors,47824
GVA at Constant Basic Prices (Seasonally Adjusted),2002Q2,Foreign-owned multinational enterprise dominated,10869
GVA at Constant Basic Prices (Seasonally Adjusted),2002Q2,Other sectors excluding the foreign-owned multinational enterprise dominated sector,37243
GVA at Constant Basic Prices (Seasonally Adjusted),2002Q3,All sectors,48282
GVA at Constant Basic Prices (Seasonally Adjusted),2002Q3,Foreign-owned multinational enterprise dominated,11072
GVA at Constant Basic Prices (Seasonally Adjusted),2002Q3,Other sectors excluding the foreign-owned multinational enterprise dominated sector,37462
GVA at Constant Basic Prices (Seasonally Adjusted),2002Q4,All sectors,48167
GVA at Constant Basic Prices (Seasonally Adjusted),2002Q4,Foreign-owned multinational enterprise dominated,10598
GVA at Constant Basic Prices (Seasonally Adjusted),2002Q4,Other sectors excluding the foreign-owned multinational enterprise dominated sector,37992
GVA at Constant Basic Prices (Seasonally Adjusted),2003Q1,All sectors,47240
GVA at Constant Basic Prices (Seasonally Adjusted),2003Q1,Foreign-owned multinational enterprise dominated,9946
GVA at Constant Basic Prices (Seasonally Adjusted),2003Q1,Other sectors excluding the foreign-owned multinational enterprise dominated sector,37842
GVA at Constant Basic Prices (Seasonally Adjusted),2003Q2,All sectors,47976
GVA at Constant Basic Prices (Seasonally Adjusted),2003Q2,Foreign-owned multinational enterprise dominated,10267
GVA at Constant Basic Prices (Seasonally Adjusted),2003Q2,Other sectors excluding the foreign-owned multinational enterprise dominated sector,38212
GVA at Constant Basic Prices (Seasonally Adjusted),2003Q3,All sectors,47896
GVA at Constant Basic Prices (Seasonally Adjusted),2003Q3,Foreign-owned multinational enterprise dominated,9361
GVA at Constant Basic Prices (Seasonally Adjusted),2003Q3,Other sectors excluding the foreign-owned multinational enterprise dominated sector,39322
GVA at Constant Basic Prices (Seasonally Adjusted),2003Q4,All sectors,50134
GVA at Constant Basic Prices (Seasonally Adjusted),2003Q4,Foreign-owned multinational enterprise dominated,11045
GVA at Constant Basic Prices (Seasonally Adjusted),2003Q4,Other sectors excluding the foreign-owned multinational enterprise dominated sector,39513
GVA at Constant Basic Prices (Seasonally Adjusted),2004Q1,All sectors,50214
GVA at Constant Basic Prices (Seasonally Adjusted),2004Q1,Foreign-owned multinational enterprise dominated,10293
GVA at Constant Basic Prices (Seasonally Adjusted),2004Q1,Other sectors excluding the foreign-owned multinational enterprise dominated sector,40551
GVA at Constant Basic Prices (Seasonally Adjusted),2004Q2,All sectors,50591
GVA at Constant Basic Prices (Seasonally Adjusted),2004Q2,Foreign-owned multinational enterprise dominated,10416
GVA at Constant Basic Prices (Seasonally Adjusted),2004Q2,Other sectors excluding the foreign-owned multinational enterprise dominated sector,40802
GVA at Constant Basic Prices (Seasonally Adjusted),2004Q3,All sectors,50237
GVA at Constant Basic Prices (Seasonally Adjusted),2004Q3,Foreign-owned multinational enterprise dominated,9929
GVA at Constant Basic Prices (Seasonally Adjusted),2004Q3,Other sectors excluding the foreign-owned multinational enterprise dominated sector,40997
GVA at Constant Basic Prices (Seasonally Adjusted),2004Q4,All sectors,51924
GVA at Constant Basic Prices (Seasonally Adjusted),2004Q4,Foreign-owned multinational enterprise dominated,10849
GVA at Constant Basic Prices (Seasonally Adjusted),2004Q4,Other sectors excluding the foreign-owned multinational enterprise dominated sector,41694
GVA at Constant Basic Prices (Seasonally Adjusted),2005Q1,All sectors,53035
GVA at Constant Basic Prices (Seasonally Adjusted),2005Q1,Foreign-owned multinational enterprise dominated,11499
GVA at Constant Basic Prices (Seasonally Adjusted),2005Q1,Other sectors excluding the foreign-owned multinational enterprise dominated sector,42130
GVA at Constant Basic Prices (Seasonally Adjusted),2005Q2,All sectors,53342
GVA at Constant Basic Prices (Seasonally Adjusted),2005Q2,Foreign-owned multinational enterprise dominated,10992
GVA at Constant Basic Prices (Seasonally Adjusted),2005Q2,Other sectors excluding the foreign-owned multinational enterprise dominated sector,43014
GVA at Constant Basic Prices (Seasonally Adjusted),2005Q3,All sectors,53897
GVA at Constant Basic Prices (Seasonally Adjusted),2005Q3,Foreign-owned multinational enterprise dominated,11160
GVA at Constant Basic Prices (Seasonally Adjusted),2005Q3,Other sectors excluding the foreign-owned multinational enterprise dominated sector,43401
GVA at Constant Basic Prices (Seasonally Adjusted),2005Q4,All sectors,55150
GVA at Constant Basic Prices (Seasonally Adjusted),2005Q4,Foreign-owned multinational enterprise dominated,11727
GVA at Constant Basic Prices (Seasonally Adjusted),2005Q4,Other sectors excluding the foreign-owned multinational enterprise dominated sector,44068
GVA at Constant Basic Prices (Seasonally Adjusted),2006Q1,All sectors,55038
GVA at Constant Basic Prices (Seasonally Adjusted),2006Q1,Foreign-owned multinational enterprise dominated,11081
GVA at Constant Basic Prices (Seasonally Adjusted),2006Q1,Other sectors excluding the foreign-owned multinational enterprise dominated sector,44607
GVA at Constant Basic Prices (Seasonally Adjusted),2006Q2,All sectors,56335
GVA at Constant Basic Prices (Seasonally Adjusted),2006Q2,Foreign-owned multinational enterprise dominated,12385
GVA at Constant Basic Prices (Seasonally Adjusted),2006Q2,Other sectors excluding the foreign-owned multinational enterprise dominated sector,44626
GVA at Constant Basic Prices (Seasonally Adjusted),2006Q3,All sectors,56742
GVA at Constant Basic Prices (Seasonally Adjusted),2006Q3,Foreign-owned multinational enterprise dominated,12492
GVA at Constant Basic Prices (Seasonally Adjusted),2006Q3,Other sectors excluding the foreign-owned multinational enterprise dominated sector,44931
GVA at Constant Basic Prices (Seasonally Adjusted),2006Q4,All sectors,57165
GVA at Constant Basic Prices (Seasonally Adjusted),2006Q4,Foreign-owned multinational enterprise dominated,11946
GVA at Constant Basic Prices (Seasonally Adjusted),2006Q4,Other sectors excluding the foreign-owned multinational enterprise dominated sector,45898
GVA at Constant Basic Prices (Seasonally Adjusted),2007Q1,All sectors,60140
GVA at Constant Basic Prices (Seasonally Adjusted),2007Q1,Foreign-owned multinational enterprise dominated,13605
GVA at Constant Basic Prices (Seasonally Adjusted),2007Q1,Other sectors excluding the foreign-owned multinational enterprise dominated sector,47344
GVA at Constant Basic Prices (Seasonally Adjusted),2007Q2,All sectors,60046
GVA at Constant Basic Prices (Seasonally Adjusted),2007Q2,Foreign-owned multinational enterprise dominated,12690
GVA at Constant Basic Prices (Seasonally Adjusted),2007Q2,Other sectors excluding the foreign-owned multinational enterprise dominated sector,48064
GVA at Constant Basic Prices (Seasonally Adjusted),2007Q3,All sectors,60768
GVA at Constant Basic Prices (Seasonally Adjusted),2007Q3,Foreign-owned multinational enterprise dominated,12654
GVA at Constant Basic Prices (Seasonally Adjusted),2007Q3,Other sectors excluding the foreign-owned multinational enterprise dominated sector,48809
GVA at Constant Basic Prices (Seasonally Adjusted),2007Q4,All sectors,61902
GVA at Constant Basic Prices (Seasonally Adjusted),2007Q4,Foreign-owned multinational enterprise dominated,14016
GVA at Constant Basic Prices (Seasonally Adjusted),2007Q4,Other sectors excluding the foreign-owned multinational enterprise dominated sector,48720
GVA at Constant Basic Prices (Seasonally Adjusted),2008Q1,All sectors,60532
GVA at Constant Basic Prices (Seasonally Adjusted),2008Q1,Foreign-owned multinational enterprise dominated,12707
GVA at Constant Basic Prices (Seasonally Adjusted),2008Q1,Other sectors excluding the foreign-owned multinational enterprise dominated sector,48507
GVA at Constant Basic Prices (Seasonally Adjusted),2008Q2,All sectors,60108
GVA at Constant Basic Prices (Seasonally Adjusted),2008Q2,Foreign-owned multinational enterprise dominated,13098
GVA at Constant Basic Prices (Seasonally Adjusted),2008Q2,Other sectors excluding the foreign-owned multinational enterprise dominated sector,47763
GVA at Constant Basic Prices (Seasonally Adjusted),2008Q3,All sectors,59915
GVA at Constant Basic Prices (Seasonally Adjusted),2008Q3,Foreign-owned multinational enterprise dominated,13740
GVA at Constant Basic Prices (Seasonally Adjusted),2008Q3,Other sectors excluding the foreign-owned multinational enterprise dominated sector,47033
GVA at Constant Basic Prices (Seasonally Adjusted),2008Q4,All sectors,56827
GVA at Constant Basic Prices (Seasonally Adjusted),2008Q4,Foreign-owned multinational enterprise dominated,11824
GVA at Constant Basic Prices (Seasonally Adjusted),2008Q4,Other sectors excluding the foreign-owned multinational enterprise dominated sector,45626
GVA at Constant Basic Prices (Seasonally Adjusted),2009Q1,All sectors,56462
GVA at Constant Basic Prices (Seasonally Adjusted),2009Q1,Foreign-owned multinational enterprise dominated,13545
GVA at Constant Basic Prices (Seasonally Adjusted),2009Q1,Other sectors excluding the foreign-owned multinational enterprise dominated sector,43736
GVA at Constant Basic Prices (Seasonally Adjusted),2009Q2,All sectors,56446
GVA at Constant Basic Prices (Seasonally Adjusted),2009Q2,Foreign-owned multinational enterprise dominated,13965
GVA at Constant Basic Prices (Seasonally Adjusted),2009Q2,Other sectors excluding the foreign-owned multinational enterprise dominated sector,43340
GVA at Constant Basic Prices (Seasonally Adjusted),2009Q3,All sectors,55398
GVA at Constant Basic Prices (Seasonally Adjusted),2009Q3,Foreign-owned multinational enterprise dominated,13473
GVA at Constant Basic Prices (Seasonally Adjusted),2009Q3,Other sectors excluding the foreign-owned multinational enterprise dominated sector,42747
GVA at Constant Basic Prices (Seasonally Adjusted),2009Q4,All sectors,53854
GVA at Constant Basic Prices (Seasonally Adjusted),2009Q4,Foreign-owned multinational enterprise dominated,12419
GVA at Constant Basic Prices (Seasonally Adjusted),2009Q4,Other sectors excluding the foreign-owned multinational enterprise dominated sector,42169
GVA at Constant Basic Prices (Seasonally Adjusted),2010Q1,All sectors,56336
GVA at Constant Basic Prices (Seasonally Adjusted),2010Q1,Foreign-owned multinational enterprise dominated,13990
GVA at Constant Basic Prices (Seasonally Adjusted),2010Q1,Other sectors excluding the foreign-owned multinational enterprise dominated sector,43157
GVA at Constant Basic Prices (Seasonally Adjusted),2010Q2,All sectors,55705
GVA at Constant Basic Prices (Seasonally Adjusted),2010Q2,Foreign-owned multinational enterprise dominated,13437
GVA at Constant Basic Prices (Seasonally Adjusted),2010Q2,Other sectors excluding the foreign-owned multinational enterprise dominated sector,43078
GVA at Constant Basic Prices (Seasonally Adjusted),2010Q3,All sectors,56700
GVA at Constant Basic Prices (Seasonally Adjusted),2010Q3,Foreign-owned multinational enterprise dominated,14351
GVA at Constant Basic Prices (Seasonally Adjusted),2010Q3,Other sectors excluding the foreign-owned multinational enterprise dominated sector,43159
GVA at Constant Basic Prices (Seasonally Adjusted),2010Q4,All sectors,57507
GVA at Constant Basic Prices (Seasonally Adjusted),2010Q4,Foreign-owned multinational enterprise dominated,14928
GVA at Constant Basic Prices (Seasonally Adjusted),2010Q4,Other sectors excluding the foreign-owned multinational enterprise dominated sector,43394
GVA at Constant Basic Prices (Seasonally Adjusted),2011Q1,All sectors,56893
GVA at Constant Basic Prices (Seasonally Adjusted),2011Q1,Foreign-owned multinational enterprise dominated,13390
GVA at Constant Basic Prices (Seasonally Adjusted),2011Q1,Other sectors excluding the foreign-owned multinational enterprise dominated sector,44281
GVA at Constant Basic Prices (Seasonally Adjusted),2011Q2,All sectors,58475
GVA at Constant Basic Prices (Seasonally Adjusted),2011Q2,Foreign-owned multinational enterprise dominated,14579
GVA at Constant Basic Prices (Seasonally Adjusted),2011Q2,Other sectors excluding the foreign-owned multinational enterprise dominated sector,44732
GVA at Constant Basic Prices (Seasonally Adjusted),2011Q3,All sectors,57961
GVA at Constant Basic Prices (Seasonally Adjusted),2011Q3,Foreign-owned multinational enterprise dominated,14234
GVA at Constant Basic Prices (Seasonally Adjusted),2011Q3,Other sectors excluding the foreign-owned multinational enterprise dominated sector,44545
GVA at Constant Basic Prices (Seasonally Adjusted),2011Q4,All sectors,58295
GVA at Constant Basic Prices (Seasonally Adjusted),2011Q4,Foreign-owned multinational enterprise dominated,14850
GVA at Constant Basic Prices (Seasonally Adjusted),2011Q4,Other sectors excluding the foreign-owned multinational enterprise dominated sector,44291
GVA at Constant Basic Prices (Seasonally Adjusted),2012Q1,All sectors,56762
GVA at Constant Basic Prices (Seasonally Adjusted),2012Q1,Foreign-owned multinational enterprise dominated,14604
GVA at Constant Basic Prices (Seasonally Adjusted),2012Q1,Other sectors excluding the foreign-owned multinational enterprise dominated sector,42944
GVA at Constant Basic Prices (Seasonally Adjusted),2012Q2,All sectors,56242
GVA at Constant Basic Prices (Seasonally Adjusted),2012Q2,Foreign-owned multinational enterprise dominated,14319
GVA at Constant Basic Prices (Seasonally Adjusted),2012Q2,Other sectors excluding the foreign-owned multinational enterprise dominated sector,42706
GVA at Constant Basic Prices (Seasonally Adjusted),2012Q3,All sectors,56030
GVA at Constant Basic Prices (Seasonally Adjusted),2012Q3,Foreign-owned multinational enterprise dominated,14205
GVA at Constant Basic Prices (Seasonally Adjusted),2012Q3,Other sectors excluding the foreign-owned multinational enterprise dominated sector,42607
GVA at Constant Basic Prices (Seasonally Adjusted),2012Q4,All sectors,56025
GVA at Constant Basic Prices (Seasonally Adjusted),2012Q4,Foreign-owned multinational enterprise dominated,13363
GVA at Constant Basic Prices (Seasonally Adjusted),2012Q4,Other sectors excluding the foreign-owned multinational enterprise dominated sector,43467
GVA at Constant Basic Prices (Seasonally Adjusted),2013Q1,All sectors,55717
GVA at Constant Basic Prices (Seasonally Adjusted),2013Q1,Foreign-owned multinational enterprise dominated,13348
GVA at Constant Basic Prices (Seasonally Adjusted),2013Q1,Other sectors excluding the foreign-owned multinational enterprise dominated sector,43135
GVA at Constant Basic Prices (Seasonally Adjusted),2013Q2,All sectors,57182
GVA at Constant Basic Prices (Seasonally Adjusted),2013Q2,Foreign-owned multinational enterprise dominated,13785
GVA at Constant Basic Prices (Seasonally Adjusted),2013Q2,Other sectors excluding the foreign-owned multinational enterprise dominated sector,44186
GVA at Constant Basic Prices (Seasonally Adjusted),2013Q3,All sectors,58403
GVA at Constant Basic Prices (Seasonally Adjusted),2013Q3,Foreign-owned multinational enterprise dominated,14194
GVA at Constant Basic Prices (Seasonally Adjusted),2013Q3,Other sectors excluding the foreign-owned multinational enterprise dominated sector,45017
GVA at Constant Basic Prices (Seasonally Adjusted),2013Q4,All sectors,58740
GVA at Constant Basic Prices (Seasonally Adjusted),2013Q4,Foreign-owned multinational enterprise dominated,13902
GVA at Constant Basic Prices (Seasonally Adjusted),2013Q4,Other sectors excluding the foreign-owned multinational enterprise dominated sector,45642
GVA at Constant Basic Prices (Seasonally Adjusted),2014Q1,All sectors,60474
GVA at Constant Basic Prices (Seasonally Adjusted),2014Q1,Foreign-owned multinational enterprise dominated,14808
GVA at Constant Basic Prices (Seasonally Adjusted),2014Q1,Other sectors excluding the foreign-owned multinational enterprise dominated sector,46503
GVA at Constant Basic Prices (Seasonally Adjusted),2014Q2,All sectors,63503
GVA at Constant Basic Prices (Seasonally Adjusted),2014Q2,Foreign-owned multinational enterprise dominated,17153
GVA at Constant Basic Prices (Seasonally Adjusted),2014Q2,Other sectors excluding the foreign-owned multinational enterprise dominated sector,47256
GVA at Constant Basic Prices (Seasonally Adjusted),2014Q3,All sectors,62582
GVA at Constant Basic Prices (Seasonally Adjusted),2014Q3,Foreign-owned multinational enterprise dominated,15471
GVA at Constant Basic Prices (Seasonally Adjusted),2014Q3,Other sectors excluding the foreign-owned multinational enterprise dominated sector,47980
GVA at Constant Basic Prices (Seasonally Adjusted),2014Q4,All sectors,63350
GVA at Constant Basic Prices (Seasonally Adjusted),2014Q4,Foreign-owned multinational enterprise dominated,15915
GVA at Constant Basic Prices (Seasonally Adjusted),2014Q4,Other sectors excluding the foreign-owned multinational enterprise dominated sector,48319
GVA at Constant Basic Prices (Seasonally Adjusted),2015Q1,All sectors,77811
GVA at Constant Basic Prices (Seasonally Adjusted),2015Q1,Foreign-owned multinational enterprise dominated,30275
GVA at Constant Basic Prices (Seasonally Adjusted),2015Q1,Other sectors excluding the foreign-owned multinational enterprise dominated sector,49211
GVA at Constant Basic Prices (Seasonally Adjusted),2015Q2,All sectors,74299
GVA at Constant Basic Prices (Seasonally Adjusted),2015Q2,Foreign-owned multinational enterprise dominated,26364
GVA at Constant Basic Prices (Seasonally Adjusted),2015Q2,Other sectors excluding the foreign-owned multinational enterprise dominated sector,49393
GVA at Constant Basic Prices (Seasonally Adjusted),2015Q3,All sectors,76157
GVA at Constant Basic Prices (Seasonally Adjusted),2015Q3,Foreign-owned multinational enterprise dominated,27512
GVA at Constant Basic Prices (Seasonally Adjusted),2015Q3,Other sectors excluding the foreign-owned multinational enterprise dominated sector,50167
GVA at Constant Basic Prices (Seasonally Adjusted),2015Q4,All sectors,77605
GVA at Constant Basic Prices (Seasonally Adjusted),2015Q4,Foreign-owned multinational enterprise dominated,28669
GVA at Constant Basic Prices (Seasonally Adjusted),2015Q4,Other sectors excluding the foreign-owned multinational enterprise dominated sector,50522
GVA at Constant Basic Prices (Seasonally Adjusted),2016Q1,All sectors,76409
GVA at Constant Basic Prices (Seasonally Adjusted),2016Q1,Foreign-owned multinational enterprise dominated,27979
GVA at Constant Basic Prices (Seasonally Adjusted),2016Q1,Other sectors excluding the foreign-owned multinational enterprise dominated sector,50031
GVA at Constant Basic Prices (Seasonally Adjusted),2016Q2,All sectors,75698
GVA at Constant Basic Prices (Seasonally Adjusted),2016Q2,Foreign-owned multinational enterprise dominated,26960
GVA at Constant Basic Prices (Seasonally Adjusted),2016Q2,Other sectors excluding the foreign-owned multinational enterprise dominated sector,50480
GVA at Constant Basic Prices (Seasonally Adjusted),2016Q3,All sectors,73670
GVA at Constant Basic Prices (Seasonally Adjusted),2016Q3,Foreign-owned multinational enterprise dominated,24944
GVA at Constant Basic Prices (Seasonally Adjusted),2016Q3,Other sectors excluding the foreign-owned multinational enterprise dominated sector,50688
GVA at Constant Basic Prices (Seasonally Adjusted),2016Q4,All sectors,82989
GVA at Constant Basic Prices (Seasonally Adjusted),2016Q4,Foreign-owned multinational enterprise dominated,33831
GVA at Constant Basic Prices (Seasonally Adjusted),2016Q4,Other sectors excluding the foreign-owned multinational enterprise dominated sector,50189
GVA at Constant Basic Prices (Seasonally Adjusted),2017Q1,All sectors,80278
GVA at Constant Basic Prices (Seasonally Adjusted),2017Q1,Foreign-owned multinational enterprise dominated,28772
GVA at Constant Basic Prices (Seasonally Adjusted),2017Q1,Other sectors excluding the foreign-owned multinational enterprise dominated sector,53250
GVA at Constant Basic Prices (Seasonally Adjusted),2017Q2,All sectors,80447
GVA at Constant Basic Prices (Seasonally Adjusted),2017Q2,Foreign-owned multinational enterprise dominated,29313
GVA at Constant Basic Prices (Seasonally Adjusted),2017Q2,Other sectors excluding the foreign-owned multinational enterprise dominated sector,52824
GVA at Constant Basic Prices (Seasonally Adjusted),2017Q3,All sectors,84885
GVA at Constant Basic Prices (Seasonally Adjusted),2017Q3,Foreign-owned multinational enterprise dominated,32925
GVA at Constant Basic Prices (Seasonally Adjusted),2017Q3,Other sectors excluding the foreign-owned multinational enterprise dominated sector,53500
GVA at Constant Basic Prices (Seasonally Adjusted),2017Q4,All sectors,87412
GVA at Constant Basic Prices (Seasonally Adjusted),2017Q4,Foreign-owned multinational enterprise dominated,35083
GVA at Constant Basic Prices (Seasonally Adjusted),2017Q4,Other sectors excluding the foreign-owned multinational enterprise dominated sector,53771
GVA at Constant Basic Prices (Seasonally Adjusted),2018Q1,All sectors,87916
GVA at Constant Basic Prices (Seasonally Adjusted),2018Q1,Foreign-owned multinational enterprise dominated,34824
GVA at Constant Basic Prices (Seasonally Adjusted),2018Q1,Other sectors excluding the foreign-owned multinational enterprise dominated sector,54566
GVA at Constant Basic Prices (Seasonally Adjusted),2018Q2,All sectors,91525
GVA at Constant Basic Prices (Seasonally Adjusted),2018Q2,Foreign-owned multinational enterprise dominated,37274
GVA at Constant Basic Prices (Seasonally Adjusted),2018Q2,Other sectors excluding the foreign-owned multinational enterprise dominated sector,55641
GVA at Constant Basic Prices (Seasonally Adjusted),2018Q3,All sectors,91971
GVA at Constant Basic Prices (Seasonally Adjusted),2018Q3,Foreign-owned multinational enterprise dominated,37144
GVA at Constant Basic Prices (Seasonally Adjusted),2018Q3,Other sectors excluding the foreign-owned multinational enterprise dominated sector,56267
GVA at Constant Basic Prices (Seasonally Adjusted),2018Q4,All sectors,93037
GVA at Constant Basic Prices (Seasonally Adjusted),2018Q4,Foreign-owned multinational enterprise dominated,37393
GVA at Constant Basic Prices (Seasonally Adjusted),2018Q4,Other sectors excluding the foreign-owned multinational enterprise dominated sector,57128
GVA at Constant Basic Prices (Seasonally Adjusted),2019Q1,All sectors,91714
GVA at Constant Basic Prices (Seasonally Adjusted),2019Q1,Foreign-owned multinational enterprise dominated,35836
GVA at Constant Basic Prices (Seasonally Adjusted),2019Q1,Other sectors excluding the foreign-owned multinational enterprise dominated sector,57470
GVA at Constant Basic Prices (Seasonally Adjusted),2019Q2,All sectors,96128
GVA at Constant Basic Prices (Seasonally Adjusted),2019Q2,Foreign-owned multinational enterprise dominated,39847
GVA at Constant Basic Prices (Seasonally Adjusted),2019Q2,Other sectors excluding the foreign-owned multinational enterprise dominated sector,57659
GVA at Constant Basic Prices (Seasonally Adjusted),2019Q3,All sectors,96869
GVA at Constant Basic Prices (Seasonally Adjusted),2019Q3,Foreign-owned multinational enterprise dominated,39817
GVA at Constant Basic Prices (Seasonally Adjusted),2019Q3,Other sectors excluding the foreign-owned multinational enterprise dominated sector,58483
GVA at Constant Basic Prices (Seasonally Adjusted),2019Q4,All sectors,99011
GVA at Constant Basic Prices (Seasonally Adjusted),2019Q4,Foreign-owned multinational enterprise dominated,40938
GVA at Constant Basic Prices (Seasonally Adjusted),2019Q4,Other sectors excluding the foreign-owned multinational enterprise dominated sector,59505
GVA at Constant Basic Prices (Seasonally Adjusted),2020Q1,All sectors,104894
GVA at Constant Basic Prices (Seasonally Adjusted),2020Q1,Foreign-owned multinational enterprise dominated,45859
GVA at Constant Basic Prices (Seasonally Adjusted),2020Q1,Other sectors excluding the foreign-owned multinational enterprise dominated sector,60047
GVA at Constant Basic Prices (Seasonally Adjusted),2020Q2,All sectors,96838
GVA at Constant Basic Prices (Seasonally Adjusted),2020Q2,Foreign-owned multinational enterprise dominated,47477
GVA at Constant Basic Prices (Seasonally Adjusted),2020Q2,Other sectors excluding the foreign-owned multinational enterprise dominated sector,49326
GVA at Constant Basic Prices (Seasonally Adjusted),2020Q3,All sectors,104911
GVA at Constant Basic Prices (Seasonally Adjusted),2020Q3,Foreign-owned multinational enterprise dominated,50047
GVA at Constant Basic Prices (Seasonally Adjusted),2020Q3,Other sectors excluding the foreign-owned multinational enterprise dominated sector,55088
GVA at Constant Basic Prices (Seasonally Adjusted),2020Q4,All sectors,105602
GVA at Constant Basic Prices (Seasonally Adjusted),2020Q4,Foreign-owned multinational enterprise dominated,49689
GVA at Constant Basic Prices (Seasonally Adjusted),2020Q4,Other sectors excluding the foreign-owned multinational enterprise dominated sector,56269
GVA at Constant Basic Prices (Seasonally Adjusted),2021Q1,All sectors,116062
GVA at Constant Basic Prices (Seasonally Adjusted),2021Q1,Foreign-owned multinational enterprise dominated,59447
GVA at Constant Basic Prices (Seasonally Adjusted),2021Q1,Other sectors excluding the foreign-owned multinational enterprise dominated sector,56647
GVA at Constant Basic Prices (Seasonally Adjusted),2021Q2,All sectors,118814
GVA at Constant Basic Prices (Seasonally Adjusted),2021Q2,Foreign-owned multinational enterprise dominated,60222
GVA at Constant Basic Prices (Seasonally Adjusted),2021Q2,Other sectors excluding the foreign-owned multinational enterprise dominated sector,58674
GVA at Constant Basic Prices (Seasonally Adjusted),2021Q3,All sectors,122879
GVA at Constant Basic Prices (Seasonally Adjusted),2021Q3,Foreign-owned multinational enterprise dominated,62562
GVA at Constant Basic Prices (Seasonally Adjusted),2021Q3,Other sectors excluding the foreign-owned multinational enterprise dominated sector,60380
GVA at Constant Basic Prices (Seasonally Adjusted),2021Q4,All sectors,124543
GVA at Constant Basic Prices (Seasonally Adjusted),2021Q4,Foreign-owned multinational enterprise dominated,61629
GVA at Constant Basic Prices (Seasonally Adjusted),2021Q4,Other sectors excluding the foreign-owned multinational enterprise dominated sector,63120
GVA at Constant Basic Prices (Seasonally Adjusted),2022Q1,All sectors,126552
GVA at Constant Basic Prices (Seasonally Adjusted),2022Q1,Foreign-owned multinational enterprise dominated,65920
GVA at Constant Basic Prices (Seasonally Adjusted),2022Q1,Other sectors excluding the foreign-owned multinational enterprise dominated sector,60668
GVA at Constant Basic Prices (Seasonally Adjusted),2022Q2,All sectors,129953
GVA at Constant Basic Prices (Seasonally Adjusted),2022Q2,Foreign-owned multinational enterprise dominated,67800
GVA at Constant Basic Prices (Seasonally Adjusted),2022Q2,Other sectors excluding the foreign-owned multinational enterprise dominated sector,62185
GVA at Constant Basic Prices (Seasonally Adjusted),2022Q3,All sectors,133788
GVA at Constant Basic Prices (Seasonally Adjusted),2022Q3,Foreign-owned multinational enterprise dominated,71076
GVA at Constant Basic Prices (Seasonally Adjusted),2022Q3,Other sectors excluding the foreign-owned multinational enterprise dominated sector,62703
GVA at Constant Basic Prices (Seasonally Adjusted),2022Q4,All sectors,138216
GVA at Constant Basic Prices (Seasonally Adjusted),2022Q4,Foreign-owned multinational enterprise dominated,73776
GVA at Constant Basic Prices (Seasonally Adjusted),2022Q4,Other sectors excluding the foreign-owned multinational enterprise dominated sector,64419
GVA at Constant Basic Prices (Seasonally Adjusted),2023Q1,All sectors,128364
GVA at Constant Basic Prices (Seasonally Adjusted),2023Q1,Foreign-owned multinational enterprise dominated,62191
GVA at Constant Basic Prices (Seasonally Adjusted),2023Q1,Other sectors excluding the foreign-owned multinational enterprise dominated sector,66182
GVA at Constant Basic Prices (Seasonally Adjusted),2023Q2,All sectors,131872
GVA at Constant Basic Prices (Seasonally Adjusted),2023Q2,Foreign-owned multinational enterprise dominated,64502
GVA at Constant Basic Prices (Seasonally Adjusted),2023Q2,Other sectors excluding the foreign-owned multinational enterprise dominated sector,67380
GVA at Constant Basic Prices (Seasonally Adjusted),2023Q3,All sectors,128225
GVA at Constant Basic Prices (Seasonally Adjusted),2023Q3,Foreign-owned multinational enterprise dominated,60697
GVA at Constant Basic Prices (Seasonally Adjusted),2023Q3,Other sectors excluding the foreign-owned multinational enterprise dominated sector,67537
GVA at Constant Basic Prices (Seasonally Adjusted),2023Q4,All sectors,126720
GVA at Constant Basic Prices (Seasonally Adjusted),2023Q4,Foreign-owned multinational enterprise dominated,58940
GVA at Constant Basic Prices (Seasonally Adjusted),2023Q4,Other sectors excluding the foreign-owned multinational enterprise dominated sector,67789
GVA at Constant Basic Prices (Seasonally Adjusted),2024Q1,All sectors,128901
GVA at Constant Basic Prices (Seasonally Adjusted),2024Q1,Foreign-owned multinational enterprise dominated,58586
GVA at Constant Basic Prices (Seasonally Adjusted),2024Q1,Other sectors excluding the foreign-owned multinational enterprise dominated sector,70232
GVA at Constant Basic Prices (Seasonally Adjusted),2024Q2,All sectors,129405
GVA at Constant Basic Prices (Seasonally Adjusted),2024Q2,Foreign-owned multinational enterprise dominated,59959
GVA at Constant Basic Prices (Seasonally Adjusted),2024Q2,Other sectors excluding the foreign-owned multinational enterprise dominated sector,69397
GVA at Constant Basic Prices (Seasonally Adjusted),2024Q3,All sectors,136296
GVA at Constant Basic Prices (Seasonally Adjusted),2024Q3,Foreign-owned multinational enterprise dominated,66411
GVA at Constant Basic Prices (Seasonally Adjusted),2024Q3,Other sectors excluding the foreign-owned multinational enterprise dominated sector,69933
GVA at Constant Basic Prices (Seasonally Adjusted),2024Q4,All sectors,140366
GVA at Constant Basic Prices (Seasonally Adjusted),2024Q4,Foreign-owned multinational enterprise dominated,69531
GVA at Constant Basic Prices (Seasonally Adjusted),2024Q4,Other sectors excluding the foreign-owned multinational enterprise dominated sector,70919
GVA at Constant Basic Prices (Seasonally Adjusted),2025Q1,All sectors,155423
GVA at Constant Basic Prices (Seasonally Adjusted),2025Q1,Foreign-owned multinational enterprise dominated,84381
GVA at Constant Basic Prices (Seasonally Adjusted),2025Q1,Other sectors excluding the foreign-owned multinational enterprise dominated sector,71042
GVA at Constant Basic Prices (Seasonally Adjusted),2025Q2,All sectors,139183
GVA at Constant Basic Prices (Seasonally Adjusted),2025Q2,Foreign-owned multinational enterprise dominated,67845
GVA at Constant Basic Prices (Seasonally Adjusted),2025Q2,Other sectors excluding the foreign-owned multinational enterprise dominated sector,71338
GVA at Constant Basic Prices (Seasonally Adjusted),2025Q3,All sectors,142809
GVA at Constant Basic Prices (Seasonally Adjusted),2025Q3,Foreign-owned multinational enterprise dominated,70584
GVA at Constant Basic Prices (Seasonally Adjusted),2025Q3,Other sectors excluding the foreign-owned multinational enterprise dominated sector,72225
GVA at Constant Basic Prices (Seasonally Adjusted),2025Q4,All sectors,141093
GVA at Constant Basic Prices (Seasonally Adjusted),2025Q4,Foreign-owned multinational enterprise dominated,69036
GVA at Constant Basic Prices (Seasonally Adjusted),2025Q4,Other sectors excluding the foreign-owned multinational enterprise dominated sector,72058
GVA at Constant Basic Prices (Seasonally Adjusted),2026Q1,All sectors,135862
GVA at Constant Basic Prices (Seasonally Adjusted),2026Q1,Foreign-owned multinational enterprise dominated,63665
GVA at Constant Basic Prices (Seasonally Adjusted),2026Q1,Other sectors excluding the foreign-owned multinational enterprise dominated sector,72198
GVA at Constant Basic Prices (Seasonally Adjusted),2026Q2,All sectors,143517
GVA at Constant Basic Prices (Seasonally Adjusted),2026Q2,Foreign-owned multinational enterprise dominated,70816
GVA at Constant Basic Prices (Seasonally Adjusted),2026Q2,Other sectors excluding the foreign-owned multinational enterprise dominated sector,72701
