Statistic,Quarter,NACE.Rev..2.Sector,value
Compensation of Employees at Current Prices,1998Q1,"Agriculture, Forestry and Fishing",105.722187
Compensation of Employees at Current Prices,1998Q1,"Agriculture, Forestry and Fishing",85.619417
Compensation of Employees at Current Prices,1998Q1,"Agriculture, Forestry and Fishing",20.103
Compensation of Employees at Current Prices,1998Q1,Industry (excl. Construction),1803.38824
Compensation of Employees at Current Prices,1998Q1,Industry (excl. Construction),1499.998
Compensation of Employees at Current Prices,1998Q1,Industry (excl. Construction),303.391
Compensation of Employees at Current Prices,1998Q1,Industry - of which Manufacturing,1590.434
Compensation of Employees at Current Prices,1998Q1,Industry - of which Manufacturing,1324.989
Compensation of Employees at Current Prices,1998Q1,Industry - of which Manufacturing,265.445239
Compensation of Employees at Current Prices,1998Q1,Construction,615.356916
Compensation of Employees at Current Prices,1998Q1,Construction,500.329691
Compensation of Employees at Current Prices,1998Q1,Construction,115.027224
Compensation of Employees at Current Prices,1998Q1,"Distribution, Transport, Hotels and Restaurants",1519.025586
Compensation of Employees at Current Prices,1998Q1,"Distribution, Transport, Hotels and Restaurants",1301.963051
Compensation of Employees at Current Prices,1998Q1,"Distribution, Transport, Hotels and Restaurants",217.063
Compensation of Employees at Current Prices,1998Q1,Information and Communication,405.035229
Compensation of Employees at Current Prices,1998Q1,Information and Communication,340.69646
Compensation of Employees at Current Prices,1998Q1,Information and Communication,64.338
Compensation of Employees at Current Prices,1998Q1,Financial and Insurance Activities,486.820587
Compensation of Employees at Current Prices,1998Q1,Financial and Insurance Activities,401.54035
Compensation of Employees at Current Prices,1998Q1,Financial and Insurance Activities,85.280237
Compensation of Employees at Current Prices,1998Q1,Real Estate Activities,27.883749
Compensation of Employees at Current Prices,1998Q1,Real Estate Activities,24.546723
Compensation of Employees at Current Prices,1998Q1,Real Estate Activities,3.337
Compensation of Employees at Current Prices,1998Q1,"Professional, Admin and Support Services",528.668342
Compensation of Employees at Current Prices,1998Q1,"Professional, Admin and Support Services",457.916301
Compensation of Employees at Current Prices,1998Q1,"Professional, Admin and Support Services",70.752
Compensation of Employees at Current Prices,1998Q1,"Public Admin, Education and Health",2078.541568
Compensation of Employees at Current Prices,1998Q1,"Public Admin, Education and Health",1845.764568
Compensation of Employees at Current Prices,1998Q1,"Public Admin, Education and Health",232.777244
Compensation of Employees at Current Prices,1998Q1,"Arts, Entertainment and Other Services",181.702761
Compensation of Employees at Current Prices,1998Q1,"Arts, Entertainment and Other Services",163.775525
Compensation of Employees at Current Prices,1998Q1,"Arts, Entertainment and Other Services",17.927
Compensation of Employees at Current Prices,1998Q1,All Sectors,7752.145165
Compensation of Employees at Current Prices,1998Q1,All Sectors,6622.150086
Compensation of Employees at Current Prices,1998Q1,All Sectors,1129.995705
Compensation of Employees at Current Prices,1998Q2,"Agriculture, Forestry and Fishing",111.532183
Compensation of Employees at Current Prices,1998Q2,"Agriculture, Forestry and Fishing",90.324423
Compensation of Employees at Current Prices,1998Q2,"Agriculture, Forestry and Fishing",21.208
Compensation of Employees at Current Prices,1998Q2,Industry (excl. Construction),1874.281249
Compensation of Employees at Current Prices,1998Q2,Industry (excl. Construction),1558.964
Compensation of Employees at Current Prices,1998Q2,Industry (excl. Construction),315.317
Compensation of Employees at Current Prices,1998Q2,Industry - of which Manufacturing,1658.934
Compensation of Employees at Current Prices,1998Q2,Industry - of which Manufacturing,1382.056
Compensation of Employees at Current Prices,1998Q2,Industry - of which Manufacturing,276.878249
Compensation of Employees at Current Prices,1998Q2,Construction,669.5697
Compensation of Employees at Current Prices,1998Q2,Construction,544.408456
Compensation of Employees at Current Prices,1998Q2,Construction,125.161244
Compensation of Employees at Current Prices,1998Q2,"Distribution, Transport, Hotels and Restaurants",1586.992743
Compensation of Employees at Current Prices,1998Q2,"Distribution, Transport, Hotels and Restaurants",1360.218229
Compensation of Employees at Current Prices,1998Q2,"Distribution, Transport, Hotels and Restaurants",226.775
Compensation of Employees at Current Prices,1998Q2,Information and Communication,427.802819
Compensation of Employees at Current Prices,1998Q2,Information and Communication,359.848063
Compensation of Employees at Current Prices,1998Q2,Information and Communication,67.955
Compensation of Employees at Current Prices,1998Q2,Financial and Insurance Activities,496.827299
Compensation of Employees at Current Prices,1998Q2,Financial and Insurance Activities,409.794057
Compensation of Employees at Current Prices,1998Q2,Financial and Insurance Activities,87.033242
Compensation of Employees at Current Prices,1998Q2,Real Estate Activities,31.822397
Compensation of Employees at Current Prices,1998Q2,Real Estate Activities,28.014394
Compensation of Employees at Current Prices,1998Q2,Real Estate Activities,3.808
Compensation of Employees at Current Prices,1998Q2,"Professional, Admin and Support Services",550.454248
Compensation of Employees at Current Prices,1998Q2,"Professional, Admin and Support Services",476.78727
Compensation of Employees at Current Prices,1998Q2,"Professional, Admin and Support Services",73.667
Compensation of Employees at Current Prices,1998Q2,"Public Admin, Education and Health",2111.671394
Compensation of Employees at Current Prices,1998Q2,"Public Admin, Education and Health",1875.183394
Compensation of Employees at Current Prices,1998Q2,"Public Admin, Education and Health",236.487247
Compensation of Employees at Current Prices,1998Q2,"Arts, Entertainment and Other Services",188.621622
Compensation of Employees at Current Prices,1998Q2,"Arts, Entertainment and Other Services",170.011376
Compensation of Employees at Current Prices,1998Q2,"Arts, Entertainment and Other Services",18.61
Compensation of Employees at Current Prices,1998Q2,All Sectors,8049.575654
Compensation of Employees at Current Prices,1998Q2,All Sectors,6873.553662
Compensation of Employees at Current Prices,1998Q2,All Sectors,1176.021733
Compensation of Employees at Current Prices,1998Q3,"Agriculture, Forestry and Fishing",128.139933
Compensation of Employees at Current Prices,1998Q3,"Agriculture, Forestry and Fishing",103.774208
Compensation of Employees at Current Prices,1998Q3,"Agriculture, Forestry and Fishing",24.365
Compensation of Employees at Current Prices,1998Q3,Industry (excl. Construction),1925.720256
Compensation of Employees at Current Prices,1998Q3,Industry (excl. Construction),1601.749
Compensation of Employees at Current Prices,1998Q3,Industry (excl. Construction),323.971
Compensation of Employees at Current Prices,1998Q3,Industry - of which Manufacturing,1711.313
Compensation of Employees at Current Prices,1998Q3,Industry - of which Manufacturing,1425.692
Compensation of Employees at Current Prices,1998Q3,Industry - of which Manufacturing,285.620257
Compensation of Employees at Current Prices,1998Q3,Construction,716.358638
Compensation of Employees at Current Prices,1998Q3,Construction,582.451377
Compensation of Employees at Current Prices,1998Q3,Construction,133.907261
Compensation of Employees at Current Prices,1998Q3,"Distribution, Transport, Hotels and Restaurants",1711.055991
Compensation of Employees at Current Prices,1998Q3,"Distribution, Transport, Hotels and Restaurants",1466.553516
Compensation of Employees at Current Prices,1998Q3,"Distribution, Transport, Hotels and Restaurants",244.503
Compensation of Employees at Current Prices,1998Q3,Information and Communication,462.359821
Compensation of Employees at Current Prices,1998Q3,Information and Communication,388.915085
Compensation of Employees at Current Prices,1998Q3,Information and Communication,73.444
Compensation of Employees at Current Prices,1998Q3,Financial and Insurance Activities,527.321611
Compensation of Employees at Current Prices,1998Q3,Financial and Insurance Activities,434.946354
Compensation of Employees at Current Prices,1998Q3,Financial and Insurance Activities,92.375257
Compensation of Employees at Current Prices,1998Q3,Real Estate Activities,35.212382
Compensation of Employees at Current Prices,1998Q3,Real Estate Activities,30.999429
Compensation of Employees at Current Prices,1998Q3,Real Estate Activities,4.214
Compensation of Employees at Current Prices,1998Q3,"Professional, Admin and Support Services",577.286194
Compensation of Employees at Current Prices,1998Q3,"Professional, Admin and Support Services",500.028208
Compensation of Employees at Current Prices,1998Q3,"Professional, Admin and Support Services",77.258
Compensation of Employees at Current Prices,1998Q3,"Public Admin, Education and Health",2164.184745
Compensation of Employees at Current Prices,1998Q3,"Public Admin, Education and Health",1921.816746
Compensation of Employees at Current Prices,1998Q3,"Public Admin, Education and Health",242.368254
Compensation of Employees at Current Prices,1998Q3,"Arts, Entertainment and Other Services",203.732711
Compensation of Employees at Current Prices,1998Q3,"Arts, Entertainment and Other Services",183.632448
Compensation of Employees at Current Prices,1998Q3,"Arts, Entertainment and Other Services",20.101
Compensation of Employees at Current Prices,1998Q3,All Sectors,8451.372282
Compensation of Employees at Current Prices,1998Q3,All Sectors,7214.866371
Compensation of Employees at Current Prices,1998Q3,All Sectors,1236.506772
Compensation of Employees at Current Prices,1998Q4,"Agriculture, Forestry and Fishing",117.423697
Compensation of Employees at Current Prices,1998Q4,"Agriculture, Forestry and Fishing",95.095952
Compensation of Employees at Current Prices,1998Q4,"Agriculture, Forestry and Fishing",22.328
Compensation of Employees at Current Prices,1998Q4,Industry (excl. Construction),1909.075254
Compensation of Employees at Current Prices,1998Q4,Industry (excl. Construction),1587.904
Compensation of Employees at Current Prices,1998Q4,Industry (excl. Construction),321.171
Compensation of Employees at Current Prices,1998Q4,Industry - of which Manufacturing,1693.672
Compensation of Employees at Current Prices,1998Q4,Industry - of which Manufacturing,1410.996
Compensation of Employees at Current Prices,1998Q4,Industry - of which Manufacturing,282.676255
Compensation of Employees at Current Prices,1998Q4,Construction,740.116746
Compensation of Employees at Current Prices,1998Q4,Construction,601.768476
Compensation of Employees at Current Prices,1998Q4,Construction,138.34827
Compensation of Employees at Current Prices,1998Q4,"Distribution, Transport, Hotels and Restaurants",1715.22068
Compensation of Employees at Current Prices,1998Q4,"Distribution, Transport, Hotels and Restaurants",1470.122204
Compensation of Employees at Current Prices,1998Q4,"Distribution, Transport, Hotels and Restaurants",245.098
Compensation of Employees at Current Prices,1998Q4,Information and Communication,456.521131
Compensation of Employees at Current Prices,1998Q4,Information and Communication,384.004392
Compensation of Employees at Current Prices,1998Q4,Information and Communication,72.517
Compensation of Employees at Current Prices,1998Q4,Financial and Insurance Activities,543.207504
Compensation of Employees at Current Prices,1998Q4,Financial and Insurance Activities,448.049239
Compensation of Employees at Current Prices,1998Q4,Financial and Insurance Activities,95.158264
Compensation of Employees at Current Prices,1998Q4,Real Estate Activities,30.617471
Compensation of Employees at Current Prices,1998Q4,Real Estate Activities,26.953454
Compensation of Employees at Current Prices,1998Q4,Real Estate Activities,3.664
Compensation of Employees at Current Prices,1998Q4,"Professional, Admin and Support Services",603.438216
Compensation of Employees at Current Prices,1998Q4,"Professional, Admin and Support Services",522.680222
Compensation of Employees at Current Prices,1998Q4,"Professional, Admin and Support Services",80.758
Compensation of Employees at Current Prices,1998Q4,"Public Admin, Education and Health",2179.593292
Compensation of Employees at Current Prices,1998Q4,"Public Admin, Education and Health",1935.499292
Compensation of Employees at Current Prices,1998Q4,"Public Admin, Education and Health",244.094255
Compensation of Employees at Current Prices,1998Q4,"Arts, Entertainment and Other Services",195.767906
Compensation of Employees at Current Prices,1998Q4,"Arts, Entertainment and Other Services",176.452651
Compensation of Employees at Current Prices,1998Q4,"Arts, Entertainment and Other Services",19.315
Compensation of Employees at Current Prices,1998Q4,All Sectors,8490.981897
Compensation of Employees at Current Prices,1998Q4,All Sectors,7248.529882
Compensation of Employees at Current Prices,1998Q4,All Sectors,1242.451789
Compensation of Employees at Current Prices,1999Q1,"Agriculture, Forestry and Fishing",117.358297
Compensation of Employees at Current Prices,1999Q1,"Agriculture, Forestry and Fishing",95.115539
Compensation of Employees at Current Prices,1999Q1,"Agriculture, Forestry and Fishing",22.24276
Compensation of Employees at Current Prices,1999Q1,Industry (excl. Construction),1903.452762
Compensation of Employees at Current Prices,1999Q1,Industry (excl. Construction),1614.792238
Compensation of Employees at Current Prices,1999Q1,Industry (excl. Construction),288.660238
Compensation of Employees at Current Prices,1999Q1,Industry - of which Manufacturing,1681.731238
Compensation of Employees at Current Prices,1999Q1,Industry - of which Manufacturing,1432.846238
Compensation of Employees at Current Prices,1999Q1,Industry - of which Manufacturing,248.884762
Compensation of Employees at Current Prices,1999Q1,Construction,736.276308
Compensation of Employees at Current Prices,1999Q1,Construction,598.785308
Compensation of Employees at Current Prices,1999Q1,Construction,137.490784
Compensation of Employees at Current Prices,1999Q1,"Distribution, Transport, Hotels and Restaurants",1740.042833
Compensation of Employees at Current Prices,1999Q1,"Distribution, Transport, Hotels and Restaurants",1490.225063
Compensation of Employees at Current Prices,1999Q1,"Distribution, Transport, Hotels and Restaurants",249.818
Compensation of Employees at Current Prices,1999Q1,Information and Communication,486.957917
Compensation of Employees at Current Prices,1999Q1,Information and Communication,408.707917
Compensation of Employees at Current Prices,1999Q1,Information and Communication,78.25
Compensation of Employees at Current Prices,1999Q1,Financial and Insurance Activities,558.291256
Compensation of Employees at Current Prices,1999Q1,Financial and Insurance Activities,458.239256
Compensation of Employees at Current Prices,1999Q1,Financial and Insurance Activities,100.052
Compensation of Employees at Current Prices,1999Q1,Real Estate Activities,34.936409
Compensation of Employees at Current Prices,1999Q1,Real Estate Activities,30.751401
Compensation of Employees at Current Prices,1999Q1,Real Estate Activities,4.185
Compensation of Employees at Current Prices,1999Q1,"Professional, Admin and Support Services",614.111476
Compensation of Employees at Current Prices,1999Q1,"Professional, Admin and Support Services",525.905492
Compensation of Employees at Current Prices,1999Q1,"Professional, Admin and Support Services",88.206228
Compensation of Employees at Current Prices,1999Q1,"Public Admin, Education and Health",2255.463061
Compensation of Employees at Current Prices,1999Q1,"Public Admin, Education and Health",1984.931061
Compensation of Employees at Current Prices,1999Q1,"Public Admin, Education and Health",270.532244
Compensation of Employees at Current Prices,1999Q1,"Arts, Entertainment and Other Services",204.321793
Compensation of Employees at Current Prices,1999Q1,"Arts, Entertainment and Other Services",182.677794
Compensation of Employees at Current Prices,1999Q1,"Arts, Entertainment and Other Services",21.644
Compensation of Employees at Current Prices,1999Q1,All Sectors,8651.212112
Compensation of Employees at Current Prices,1999Q1,All Sectors,7390.131069
Compensation of Employees at Current Prices,1999Q1,All Sectors,1261.081254
Compensation of Employees at Current Prices,1999Q2,"Agriculture, Forestry and Fishing",122.168748
Compensation of Employees at Current Prices,1999Q2,"Agriculture, Forestry and Fishing",99.013998
Compensation of Employees at Current Prices,1999Q2,"Agriculture, Forestry and Fishing",23.15475
Compensation of Employees at Current Prices,1999Q2,Industry (excl. Construction),1978.063752
Compensation of Employees at Current Prices,1999Q2,Industry (excl. Construction),1678.088248
Compensation of Employees at Current Prices,1999Q2,Industry (excl. Construction),299.975248
Compensation of Employees at Current Prices,1999Q2,Industry - of which Manufacturing,1749.014248
Compensation of Employees at Current Prices,1999Q2,Industry - of which Manufacturing,1490.172248
Compensation of Employees at Current Prices,1999Q2,Industry - of which Manufacturing,258.841752
Compensation of Employees at Current Prices,1999Q2,Construction,790.281375
Compensation of Employees at Current Prices,1999Q2,Construction,642.706375
Compensation of Employees at Current Prices,1999Q2,Construction,147.575768
Compensation of Employees at Current Prices,1999Q2,"Distribution, Transport, Hotels and Restaurants",1839.859118
Compensation of Employees at Current Prices,1999Q2,"Distribution, Transport, Hotels and Restaurants",1575.711362
Compensation of Employees at Current Prices,1999Q2,"Distribution, Transport, Hotels and Restaurants",264.148
Compensation of Employees at Current Prices,1999Q2,Information and Communication,521.989616
Compensation of Employees at Current Prices,1999Q2,Information and Communication,438.110616
Compensation of Employees at Current Prices,1999Q2,Information and Communication,83.879
Compensation of Employees at Current Prices,1999Q2,Financial and Insurance Activities,553.645523
Compensation of Employees at Current Prices,1999Q2,Financial and Insurance Activities,454.425523
Compensation of Employees at Current Prices,1999Q2,Financial and Insurance Activities,99.22
Compensation of Employees at Current Prices,1999Q2,Real Estate Activities,34.759469
Compensation of Employees at Current Prices,1999Q2,Real Estate Activities,30.595445
Compensation of Employees at Current Prices,1999Q2,Real Estate Activities,4.164
Compensation of Employees at Current Prices,1999Q2,"Professional, Admin and Support Services",659.472075
Compensation of Employees at Current Prices,1999Q2,"Professional, Admin and Support Services",564.750019
Compensation of Employees at Current Prices,1999Q2,"Professional, Admin and Support Services",94.721245
Compensation of Employees at Current Prices,1999Q2,"Public Admin, Education and Health",2308.287667
Compensation of Employees at Current Prices,1999Q2,"Public Admin, Education and Health",2031.419667
Compensation of Employees at Current Prices,1999Q2,"Public Admin, Education and Health",276.868249
Compensation of Employees at Current Prices,1999Q2,"Arts, Entertainment and Other Services",220.449324
Compensation of Employees at Current Prices,1999Q2,"Arts, Entertainment and Other Services",197.096324
Compensation of Employees at Current Prices,1999Q2,"Arts, Entertainment and Other Services",23.353
Compensation of Employees at Current Prices,1999Q2,All Sectors,9028.976667
Compensation of Employees at Current Prices,1999Q2,All Sectors,7711.917577
Compensation of Employees at Current Prices,1999Q2,All Sectors,1317.05926
Compensation of Employees at Current Prices,1999Q3,"Agriculture, Forestry and Fishing",131.275287
Compensation of Employees at Current Prices,1999Q3,"Agriculture, Forestry and Fishing",106.394555
Compensation of Employees at Current Prices,1999Q3,"Agriculture, Forestry and Fishing",24.880732
Compensation of Employees at Current Prices,1999Q3,Industry (excl. Construction),2050.638743
Compensation of Employees at Current Prices,1999Q3,Industry (excl. Construction),1739.658257
Compensation of Employees at Current Prices,1999Q3,Industry (excl. Construction),310.981257
Compensation of Employees at Current Prices,1999Q3,Industry - of which Manufacturing,1805.840256
Compensation of Employees at Current Prices,1999Q3,Industry - of which Manufacturing,1538.588256
Compensation of Employees at Current Prices,1999Q3,Industry - of which Manufacturing,267.251744
Compensation of Employees at Current Prices,1999Q3,Construction,920.50894
Compensation of Employees at Current Prices,1999Q3,Construction,748.61494
Compensation of Employees at Current Prices,1999Q3,Construction,171.89373
Compensation of Employees at Current Prices,1999Q3,"Distribution, Transport, Hotels and Restaurants",1993.451369
Compensation of Employees at Current Prices,1999Q3,"Distribution, Transport, Hotels and Restaurants",1707.251632
Compensation of Employees at Current Prices,1999Q3,"Distribution, Transport, Hotels and Restaurants",286.199
Compensation of Employees at Current Prices,1999Q3,Information and Communication,562.684721
Compensation of Employees at Current Prices,1999Q3,Information and Communication,472.266721
Compensation of Employees at Current Prices,1999Q3,Information and Communication,90.418
Compensation of Employees at Current Prices,1999Q3,Financial and Insurance Activities,560.335019
Compensation of Employees at Current Prices,1999Q3,Financial and Insurance Activities,459.917019
Compensation of Employees at Current Prices,1999Q3,Financial and Insurance Activities,100.418
Compensation of Employees at Current Prices,1999Q3,Real Estate Activities,30.930073
Compensation of Employees at Current Prices,1999Q3,Real Estate Activities,27.225072
Compensation of Employees at Current Prices,1999Q3,Real Estate Activities,3.705
Compensation of Employees at Current Prices,1999Q3,"Professional, Admin and Support Services",689.136748
Compensation of Employees at Current Prices,1999Q3,"Professional, Admin and Support Services",590.154768
Compensation of Employees at Current Prices,1999Q3,"Professional, Admin and Support Services",98.982256
Compensation of Employees at Current Prices,1999Q3,"Public Admin, Education and Health",2339.100769
Compensation of Employees at Current Prices,1999Q3,"Public Admin, Education and Health",2058.536769
Compensation of Employees at Current Prices,1999Q3,"Public Admin, Education and Health",280.564253
Compensation of Employees at Current Prices,1999Q3,"Arts, Entertainment and Other Services",241.447169
Compensation of Employees at Current Prices,1999Q3,"Arts, Entertainment and Other Services",215.870169
Compensation of Employees at Current Prices,1999Q3,"Arts, Entertainment and Other Services",25.577
Compensation of Employees at Current Prices,1999Q3,All Sectors,9519.508838
Compensation of Employees at Current Prices,1999Q3,All Sectors,8125.889902
Compensation of Employees at Current Prices,1999Q3,All Sectors,1393.619228
Compensation of Employees at Current Prices,1999Q4,"Agriculture, Forestry and Fishing",118.179667
Compensation of Employees at Current Prices,1999Q4,"Agriculture, Forestry and Fishing",95.780908
Compensation of Employees at Current Prices,1999Q4,"Agriculture, Forestry and Fishing",22.398758
Compensation of Employees at Current Prices,1999Q4,Industry (excl. Construction),2053.315743
Compensation of Employees at Current Prices,1999Q4,Industry (excl. Construction),1741.928257
Compensation of Employees at Current Prices,1999Q4,Industry (excl. Construction),311.387257
Compensation of Employees at Current Prices,1999Q4,Industry - of which Manufacturing,1829.961259
Compensation of Employees at Current Prices,1999Q4,Industry - of which Manufacturing,1559.140259
Compensation of Employees at Current Prices,1999Q4,Industry - of which Manufacturing,270.821741
Compensation of Employees at Current Prices,1999Q4,Construction,960.672376
Compensation of Employees at Current Prices,1999Q4,Construction,781.278376
Compensation of Employees at Current Prices,1999Q4,Construction,179.393718
Compensation of Employees at Current Prices,1999Q4,"Distribution, Transport, Hotels and Restaurants",1990.336679
Compensation of Employees at Current Prices,1999Q4,"Distribution, Transport, Hotels and Restaurants",1704.584943
Compensation of Employees at Current Prices,1999Q4,"Distribution, Transport, Hotels and Restaurants",285.752
Compensation of Employees at Current Prices,1999Q4,Information and Communication,643.324745
Compensation of Employees at Current Prices,1999Q4,Information and Communication,539.947745
Compensation of Employees at Current Prices,1999Q4,Information and Communication,103.377
Compensation of Employees at Current Prices,1999Q4,Financial and Insurance Activities,544.741202
Compensation of Employees at Current Prices,1999Q4,Financial and Insurance Activities,447.117202
Compensation of Employees at Current Prices,1999Q4,Financial and Insurance Activities,97.624
Compensation of Employees at Current Prices,1999Q4,Real Estate Activities,23.253049
Compensation of Employees at Current Prices,1999Q4,Real Estate Activities,20.468082
Compensation of Employees at Current Prices,1999Q4,Real Estate Activities,2.786
Compensation of Employees at Current Prices,1999Q4,"Professional, Admin and Support Services",734.4887
Compensation of Employees at Current Prices,1999Q4,"Professional, Admin and Support Services",628.992721
Compensation of Employees at Current Prices,1999Q4,"Professional, Admin and Support Services",105.496272
Compensation of Employees at Current Prices,1999Q4,"Public Admin, Education and Health",2354.751503
Compensation of Employees at Current Prices,1999Q4,"Public Admin, Education and Health",2072.309503
Compensation of Employees at Current Prices,1999Q4,"Public Admin, Education and Health",282.441254
Compensation of Employees at Current Prices,1999Q4,"Arts, Entertainment and Other Services",242.937714
Compensation of Employees at Current Prices,1999Q4,"Arts, Entertainment and Other Services",217.202713
Compensation of Employees at Current Prices,1999Q4,"Arts, Entertainment and Other Services",25.735
Compensation of Employees at Current Prices,1999Q4,All Sectors,9666.001378
Compensation of Employees at Current Prices,1999Q4,All Sectors,8249.61045
Compensation of Employees at Current Prices,1999Q4,All Sectors,1416.391259
Compensation of Employees at Current Prices,2000Q1,"Agriculture, Forestry and Fishing",116.191865
Compensation of Employees at Current Prices,2000Q1,"Agriculture, Forestry and Fishing",94.408863
Compensation of Employees at Current Prices,2000Q1,"Agriculture, Forestry and Fishing",21.783
Compensation of Employees at Current Prices,2000Q1,Industry (excl. Construction),2070.286
Compensation of Employees at Current Prices,2000Q1,Industry (excl. Construction),1763.325
Compensation of Employees at Current Prices,2000Q1,Industry (excl. Construction),306.96024
Compensation of Employees at Current Prices,2000Q1,Industry - of which Manufacturing,1824.003
Compensation of Employees at Current Prices,2000Q1,Industry - of which Manufacturing,1559.523761
Compensation of Employees at Current Prices,2000Q1,Industry - of which Manufacturing,264.479761
Compensation of Employees at Current Prices,2000Q1,Construction,975.537464
Compensation of Employees at Current Prices,2000Q1,Construction,793.296464
Compensation of Employees at Current Prices,2000Q1,Construction,182.241
Compensation of Employees at Current Prices,2000Q1,"Distribution, Transport, Hotels and Restaurants",1984.625645
Compensation of Employees at Current Prices,2000Q1,"Distribution, Transport, Hotels and Restaurants",1700.961876
Compensation of Employees at Current Prices,2000Q1,"Distribution, Transport, Hotels and Restaurants",283.663232
Compensation of Employees at Current Prices,2000Q1,Information and Communication,553.350526
Compensation of Employees at Current Prices,2000Q1,Information and Communication,465.107294
Compensation of Employees at Current Prices,2000Q1,Information and Communication,88.243
Compensation of Employees at Current Prices,2000Q1,Financial and Insurance Activities,575.050752
Compensation of Employees at Current Prices,2000Q1,Financial and Insurance Activities,469.521972
Compensation of Employees at Current Prices,2000Q1,Financial and Insurance Activities,105.53
Compensation of Employees at Current Prices,2000Q1,Real Estate Activities,28.011227
Compensation of Employees at Current Prices,2000Q1,Real Estate Activities,24.798367
Compensation of Employees at Current Prices,2000Q1,Real Estate Activities,3.211822
Compensation of Employees at Current Prices,2000Q1,"Professional, Admin and Support Services",754.355153
Compensation of Employees at Current Prices,2000Q1,"Professional, Admin and Support Services",643.962103
Compensation of Employees at Current Prices,2000Q1,"Professional, Admin and Support Services",110.392
Compensation of Employees at Current Prices,2000Q1,"Public Admin, Education and Health",2440.698827
Compensation of Employees at Current Prices,2000Q1,"Public Admin, Education and Health",2128.782058
Compensation of Employees at Current Prices,2000Q1,"Public Admin, Education and Health",311.916769
Compensation of Employees at Current Prices,2000Q1,"Arts, Entertainment and Other Services",246.318234
Compensation of Employees at Current Prices,2000Q1,"Arts, Entertainment and Other Services",218.865234
Compensation of Employees at Current Prices,2000Q1,"Arts, Entertainment and Other Services",27.452755
Compensation of Employees at Current Prices,2000Q1,All Sectors,9744.425693
Compensation of Employees at Current Prices,2000Q1,All Sectors,8303.029231
Compensation of Employees at Current Prices,2000Q1,All Sectors,1441.393818
Compensation of Employees at Current Prices,2000Q2,"Agriculture, Forestry and Fishing",125.150246
Compensation of Employees at Current Prices,2000Q2,"Agriculture, Forestry and Fishing",101.688249
Compensation of Employees at Current Prices,2000Q2,"Agriculture, Forestry and Fishing",23.462
Compensation of Employees at Current Prices,2000Q2,Industry (excl. Construction),2124.905
Compensation of Employees at Current Prices,2000Q2,Industry (excl. Construction),1809.846
Compensation of Employees at Current Prices,2000Q2,Industry (excl. Construction),315.059246
Compensation of Employees at Current Prices,2000Q2,Industry - of which Manufacturing,1884.576
Compensation of Employees at Current Prices,2000Q2,Industry - of which Manufacturing,1611.313753
Compensation of Employees at Current Prices,2000Q2,Industry - of which Manufacturing,273.262753
Compensation of Employees at Current Prices,2000Q2,Construction,1036.816841
Compensation of Employees at Current Prices,2000Q2,Construction,843.127841
Compensation of Employees at Current Prices,2000Q2,Construction,193.689
Compensation of Employees at Current Prices,2000Q2,"Distribution, Transport, Hotels and Restaurants",2088.882572
Compensation of Employees at Current Prices,2000Q2,"Distribution, Transport, Hotels and Restaurants",1790.317816
Compensation of Employees at Current Prices,2000Q2,"Distribution, Transport, Hotels and Restaurants",298.565244
Compensation of Employees at Current Prices,2000Q2,Information and Communication,563.394331
Compensation of Employees at Current Prices,2000Q2,Information and Communication,473.550095
Compensation of Employees at Current Prices,2000Q2,Information and Communication,89.845
Compensation of Employees at Current Prices,2000Q2,Financial and Insurance Activities,633.808206
Compensation of Employees at Current Prices,2000Q2,Financial and Insurance Activities,517.496448
Compensation of Employees at Current Prices,2000Q2,Financial and Insurance Activities,116.312
Compensation of Employees at Current Prices,2000Q2,Real Estate Activities,38.502748
Compensation of Employees at Current Prices,2000Q2,Real Estate Activities,34.088051
Compensation of Employees at Current Prices,2000Q2,Real Estate Activities,4.415756
Compensation of Employees at Current Prices,2000Q2,"Professional, Admin and Support Services",776.970891
Compensation of Employees at Current Prices,2000Q2,"Professional, Admin and Support Services",663.268899
Compensation of Employees at Current Prices,2000Q2,"Professional, Admin and Support Services",113.702
Compensation of Employees at Current Prices,2000Q2,"Public Admin, Education and Health",2573.071197
Compensation of Employees at Current Prices,2000Q2,"Public Admin, Education and Health",2244.237441
Compensation of Employees at Current Prices,2000Q2,"Public Admin, Education and Health",328.833756
Compensation of Employees at Current Prices,2000Q2,"Arts, Entertainment and Other Services",245.126007
Compensation of Employees at Current Prices,2000Q2,"Arts, Entertainment and Other Services",217.806007
Compensation of Employees at Current Prices,2000Q2,"Arts, Entertainment and Other Services",27.319756
Compensation of Employees at Current Prices,2000Q2,All Sectors,10206.628039
Compensation of Employees at Current Prices,2000Q2,All Sectors,8695.426847
Compensation of Employees at Current Prices,2000Q2,All Sectors,1511.203758
Compensation of Employees at Current Prices,2000Q3,"Agriculture, Forestry and Fishing",133.778031
Compensation of Employees at Current Prices,2000Q3,"Agriculture, Forestry and Fishing",108.699038
Compensation of Employees at Current Prices,2000Q3,"Agriculture, Forestry and Fishing",25.08
Compensation of Employees at Current Prices,2000Q3,Industry (excl. Construction),2208.613
Compensation of Employees at Current Prices,2000Q3,Industry (excl. Construction),1881.143
Compensation of Employees at Current Prices,2000Q3,Industry (excl. Construction),327.470256
Compensation of Employees at Current Prices,2000Q3,Industry - of which Manufacturing,1960.526
Compensation of Employees at Current Prices,2000Q3,Industry - of which Manufacturing,1676.249744
Compensation of Employees at Current Prices,2000Q3,Industry - of which Manufacturing,284.275744
Compensation of Employees at Current Prices,2000Q3,Construction,1127.440496
Compensation of Employees at Current Prices,2000Q3,Construction,916.822496
Compensation of Employees at Current Prices,2000Q3,Construction,210.618
Compensation of Employees at Current Prices,2000Q3,"Distribution, Transport, Hotels and Restaurants",2240.274419
Compensation of Employees at Current Prices,2000Q3,"Distribution, Transport, Hotels and Restaurants",1920.070681
Compensation of Employees at Current Prices,2000Q3,"Distribution, Transport, Hotels and Restaurants",320.203262
Compensation of Employees at Current Prices,2000Q3,Information and Communication,601.015837
Compensation of Employees at Current Prices,2000Q3,Information and Communication,505.171585
Compensation of Employees at Current Prices,2000Q3,Information and Communication,95.844
Compensation of Employees at Current Prices,2000Q3,Financial and Insurance Activities,683.837324
Compensation of Employees at Current Prices,2000Q3,Financial and Insurance Activities,558.343585
Compensation of Employees at Current Prices,2000Q3,Financial and Insurance Activities,125.493
Compensation of Employees at Current Prices,2000Q3,Real Estate Activities,43.516621
Compensation of Employees at Current Prices,2000Q3,Real Estate Activities,38.525881
Compensation of Employees at Current Prices,2000Q3,Real Estate Activities,4.990724
Compensation of Employees at Current Prices,2000Q3,"Professional, Admin and Support Services",817.416414
Compensation of Employees at Current Prices,2000Q3,"Professional, Admin and Support Services",697.795403
Compensation of Employees at Current Prices,2000Q3,"Professional, Admin and Support Services",119.621
Compensation of Employees at Current Prices,2000Q3,"Public Admin, Education and Health",2670.715923
Compensation of Employees at Current Prices,2000Q3,"Public Admin, Education and Health",2329.403176
Compensation of Employees at Current Prices,2000Q3,"Public Admin, Education and Health",341.312747
Compensation of Employees at Current Prices,2000Q3,"Arts, Entertainment and Other Services",262.506481
Compensation of Employees at Current Prices,2000Q3,"Arts, Entertainment and Other Services",233.249481
Compensation of Employees at Current Prices,2000Q3,"Arts, Entertainment and Other Services",29.256739
Compensation of Employees at Current Prices,2000Q3,All Sectors,10789.114546
Compensation of Employees at Current Prices,2000Q3,All Sectors,9189.224326
Compensation of Employees at Current Prices,2000Q3,All Sectors,1599.889728
Compensation of Employees at Current Prices,2000Q4,"Agriculture, Forestry and Fishing",117.463858
Compensation of Employees at Current Prices,2000Q4,"Agriculture, Forestry and Fishing",95.441851
Compensation of Employees at Current Prices,2000Q4,"Agriculture, Forestry and Fishing",22.021
Compensation of Employees at Current Prices,2000Q4,Industry (excl. Construction),2224.41
Compensation of Employees at Current Prices,2000Q4,Industry (excl. Construction),1894.598
Compensation of Employees at Current Prices,2000Q4,Industry (excl. Construction),329.812258
Compensation of Employees at Current Prices,2000Q4,Industry - of which Manufacturing,1975.845
Compensation of Employees at Current Prices,2000Q4,Industry - of which Manufacturing,1689.347742
Compensation of Employees at Current Prices,2000Q4,Industry - of which Manufacturing,286.496742
Compensation of Employees at Current Prices,2000Q4,Construction,1221.376199
Compensation of Employees at Current Prices,2000Q4,Construction,993.210199
Compensation of Employees at Current Prices,2000Q4,Construction,228.166
Compensation of Employees at Current Prices,2000Q4,"Distribution, Transport, Hotels and Restaurants",2238.998364
Compensation of Employees at Current Prices,2000Q4,"Distribution, Transport, Hotels and Restaurants",1918.977626
Compensation of Employees at Current Prices,2000Q4,"Distribution, Transport, Hotels and Restaurants",320.021262
Compensation of Employees at Current Prices,2000Q4,Information and Communication,670.736307
Compensation of Employees at Current Prices,2000Q4,Information and Communication,563.773026
Compensation of Employees at Current Prices,2000Q4,Information and Communication,106.963
Compensation of Employees at Current Prices,2000Q4,Financial and Insurance Activities,721.504718
Compensation of Employees at Current Prices,2000Q4,Financial and Insurance Activities,589.098994
Compensation of Employees at Current Prices,2000Q4,Financial and Insurance Activities,132.406
Compensation of Employees at Current Prices,2000Q4,Real Estate Activities,47.485404
Compensation of Employees at Current Prices,2000Q4,Real Estate Activities,42.039701
Compensation of Employees at Current Prices,2000Q4,Real Estate Activities,5.445699
Compensation of Employees at Current Prices,2000Q4,"Professional, Admin and Support Services",825.716542
Compensation of Employees at Current Prices,2000Q4,"Professional, Admin and Support Services",704.881595
Compensation of Employees at Current Prices,2000Q4,"Professional, Admin and Support Services",120.836
Compensation of Employees at Current Prices,2000Q4,"Public Admin, Education and Health",2864.343053
Compensation of Employees at Current Prices,2000Q4,"Public Admin, Education and Health",2498.285325
Compensation of Employees at Current Prices,2000Q4,"Public Admin, Education and Health",366.057728
Compensation of Employees at Current Prices,2000Q4,"Arts, Entertainment and Other Services",251.158278
Compensation of Employees at Current Prices,2000Q4,"Arts, Entertainment and Other Services",223.166278
Compensation of Employees at Current Prices,2000Q4,"Arts, Entertainment and Other Services",27.99175
Compensation of Employees at Current Prices,2000Q4,All Sectors,11183.192723
Compensation of Employees at Current Prices,2000Q4,All Sectors,9523.472595
Compensation of Employees at Current Prices,2000Q4,All Sectors,1659.720697
Compensation of Employees at Current Prices,2001Q1,"Agriculture, Forestry and Fishing",113.533612
Compensation of Employees at Current Prices,2001Q1,"Agriculture, Forestry and Fishing",92.370382
Compensation of Employees at Current Prices,2001Q1,"Agriculture, Forestry and Fishing",21.163229
Compensation of Employees at Current Prices,2001Q1,Industry (excl. Construction),2240.568
Compensation of Employees at Current Prices,2001Q1,Industry (excl. Construction),1914.940236
Compensation of Employees at Current Prices,2001Q1,Industry (excl. Construction),325.627764
Compensation of Employees at Current Prices,2001Q1,Industry - of which Manufacturing,1982.052
Compensation of Employees at Current Prices,2001Q1,Industry - of which Manufacturing,1703.714
Compensation of Employees at Current Prices,2001Q1,Industry - of which Manufacturing,278.338
Compensation of Employees at Current Prices,2001Q1,Construction,1171.842756
Compensation of Employees at Current Prices,2001Q1,Construction,951.452756
Compensation of Employees at Current Prices,2001Q1,Construction,220.39
Compensation of Employees at Current Prices,2001Q1,"Distribution, Transport, Hotels and Restaurants",2233.621134
Compensation of Employees at Current Prices,2001Q1,"Distribution, Transport, Hotels and Restaurants",1908.545134
Compensation of Employees at Current Prices,2001Q1,"Distribution, Transport, Hotels and Restaurants",325.07575
Compensation of Employees at Current Prices,2001Q1,Information and Communication,625.922086
Compensation of Employees at Current Prices,2001Q1,Information and Communication,521.841302
Compensation of Employees at Current Prices,2001Q1,Information and Communication,104.081
Compensation of Employees at Current Prices,2001Q1,Financial and Insurance Activities,721.647448
Compensation of Employees at Current Prices,2001Q1,Financial and Insurance Activities,581.708448
Compensation of Employees at Current Prices,2001Q1,Financial and Insurance Activities,139.939
Compensation of Employees at Current Prices,2001Q1,Real Estate Activities,42.996419
Compensation of Employees at Current Prices,2001Q1,Real Estate Activities,37.602433
Compensation of Employees at Current Prices,2001Q1,Real Estate Activities,5.394287
Compensation of Employees at Current Prices,2001Q1,"Professional, Admin and Support Services",848.957855
Compensation of Employees at Current Prices,2001Q1,"Professional, Admin and Support Services",715.817036
Compensation of Employees at Current Prices,2001Q1,"Professional, Admin and Support Services",133.140232
Compensation of Employees at Current Prices,2001Q1,"Public Admin, Education and Health",2902.432037
Compensation of Employees at Current Prices,2001Q1,"Public Admin, Education and Health",2516.6538
Compensation of Employees at Current Prices,2001Q1,"Public Admin, Education and Health",385.779
Compensation of Employees at Current Prices,2001Q1,"Arts, Entertainment and Other Services",253.684705
Compensation of Employees at Current Prices,2001Q1,"Arts, Entertainment and Other Services",222.742705
Compensation of Employees at Current Prices,2001Q1,"Arts, Entertainment and Other Services",30.942
Compensation of Employees at Current Prices,2001Q1,All Sectors,11155.206052
Compensation of Employees at Current Prices,2001Q1,All Sectors,9463.674232
Compensation of Employees at Current Prices,2001Q1,All Sectors,1691.532262
Compensation of Employees at Current Prices,2001Q2,"Agriculture, Forestry and Fishing",120.137417
Compensation of Employees at Current Prices,2001Q2,"Agriculture, Forestry and Fishing",97.743174
Compensation of Employees at Current Prices,2001Q2,"Agriculture, Forestry and Fishing",22.394242
Compensation of Employees at Current Prices,2001Q2,Industry (excl. Construction),2343.912
Compensation of Employees at Current Prices,2001Q2,Industry (excl. Construction),2003.265247
Compensation of Employees at Current Prices,2001Q2,Industry (excl. Construction),340.646753
Compensation of Employees at Current Prices,2001Q2,Industry - of which Manufacturing,2085.85
Compensation of Employees at Current Prices,2001Q2,Industry - of which Manufacturing,1792.935
Compensation of Employees at Current Prices,2001Q2,Industry - of which Manufacturing,292.915
Compensation of Employees at Current Prices,2001Q2,Construction,1213.216246
Compensation of Employees at Current Prices,2001Q2,Construction,985.044246
Compensation of Employees at Current Prices,2001Q2,Construction,228.171
Compensation of Employees at Current Prices,2001Q2,"Distribution, Transport, Hotels and Restaurants",2233.285563
Compensation of Employees at Current Prices,2001Q2,"Distribution, Transport, Hotels and Restaurants",1908.258563
Compensation of Employees at Current Prices,2001Q2,"Distribution, Transport, Hotels and Restaurants",325.02675
Compensation of Employees at Current Prices,2001Q2,Information and Communication,671.59062
Compensation of Employees at Current Prices,2001Q2,Information and Communication,559.915852
Compensation of Employees at Current Prices,2001Q2,Information and Communication,111.675
Compensation of Employees at Current Prices,2001Q2,Financial and Insurance Activities,741.156705
Compensation of Employees at Current Prices,2001Q2,Financial and Insurance Activities,597.434705
Compensation of Employees at Current Prices,2001Q2,Financial and Insurance Activities,143.722
Compensation of Employees at Current Prices,2001Q2,Real Estate Activities,40.596805
Compensation of Employees at Current Prices,2001Q2,Real Estate Activities,35.503815
Compensation of Employees at Current Prices,2001Q2,Real Estate Activities,5.093271
Compensation of Employees at Current Prices,2001Q2,"Professional, Admin and Support Services",890.20219
Compensation of Employees at Current Prices,2001Q2,"Professional, Admin and Support Services",750.593408
Compensation of Employees at Current Prices,2001Q2,"Professional, Admin and Support Services",139.608243
Compensation of Employees at Current Prices,2001Q2,"Public Admin, Education and Health",2998.638995
Compensation of Employees at Current Prices,2001Q2,"Public Admin, Education and Health",2600.072749
Compensation of Employees at Current Prices,2001Q2,"Public Admin, Education and Health",398.566
Compensation of Employees at Current Prices,2001Q2,"Arts, Entertainment and Other Services",265.980295
Compensation of Employees at Current Prices,2001Q2,"Arts, Entertainment and Other Services",233.539296
Compensation of Employees at Current Prices,2001Q2,"Arts, Entertainment and Other Services",32.442
Compensation of Employees at Current Prices,2001Q2,All Sectors,11518.716836
Compensation of Employees at Current Prices,2001Q2,All Sectors,9771.371055
Compensation of Employees at Current Prices,2001Q2,All Sectors,1747.345259
Compensation of Employees at Current Prices,2001Q3,"Agriculture, Forestry and Fishing",137.980906
Compensation of Employees at Current Prices,2001Q3,"Agriculture, Forestry and Fishing",112.260628
Compensation of Employees at Current Prices,2001Q3,"Agriculture, Forestry and Fishing",25.720278
Compensation of Employees at Current Prices,2001Q3,Industry (excl. Construction),2452.579
Compensation of Employees at Current Prices,2001Q3,Industry (excl. Construction),2096.139259
Compensation of Employees at Current Prices,2001Q3,Industry (excl. Construction),356.439741
Compensation of Employees at Current Prices,2001Q3,Industry - of which Manufacturing,2131.1
Compensation of Employees at Current Prices,2001Q3,Industry - of which Manufacturing,1831.831
Compensation of Employees at Current Prices,2001Q3,Industry - of which Manufacturing,299.269
Compensation of Employees at Current Prices,2001Q3,Construction,1313.558538
Compensation of Employees at Current Prices,2001Q3,Construction,1066.515538
Compensation of Employees at Current Prices,2001Q3,Construction,247.043
Compensation of Employees at Current Prices,2001Q3,"Distribution, Transport, Hotels and Restaurants",2266.170497
Compensation of Employees at Current Prices,2001Q3,"Distribution, Transport, Hotels and Restaurants",1936.357497
Compensation of Employees at Current Prices,2001Q3,"Distribution, Transport, Hotels and Restaurants",329.812746
Compensation of Employees at Current Prices,2001Q3,Information and Communication,780.493125
Compensation of Employees at Current Prices,2001Q3,Information and Communication,650.709394
Compensation of Employees at Current Prices,2001Q3,Information and Communication,129.784
Compensation of Employees at Current Prices,2001Q3,Financial and Insurance Activities,763.801129
Compensation of Employees at Current Prices,2001Q3,Financial and Insurance Activities,615.688129
Compensation of Employees at Current Prices,2001Q3,Financial and Insurance Activities,148.113
Compensation of Employees at Current Prices,2001Q3,Real Estate Activities,36.626259
Compensation of Employees at Current Prices,2001Q3,Real Estate Activities,32.031257
Compensation of Employees at Current Prices,2001Q3,Real Estate Activities,4.595245
Compensation of Employees at Current Prices,2001Q3,"Professional, Admin and Support Services",972.341158
Compensation of Employees at Current Prices,2001Q3,"Professional, Admin and Support Services",819.851465
Compensation of Employees at Current Prices,2001Q3,"Professional, Admin and Support Services",152.490266
Compensation of Employees at Current Prices,2001Q3,"Public Admin, Education and Health",3098.019359
Compensation of Employees at Current Prices,2001Q3,"Public Admin, Education and Health",2686.244105
Compensation of Employees at Current Prices,2001Q3,"Public Admin, Education and Health",411.775
Compensation of Employees at Current Prices,2001Q3,"Arts, Entertainment and Other Services",280.356877
Compensation of Employees at Current Prices,2001Q3,"Arts, Entertainment and Other Services",246.161877
Compensation of Employees at Current Prices,2001Q3,"Arts, Entertainment and Other Services",34.195
Compensation of Employees at Current Prices,2001Q3,All Sectors,12101.926848
Compensation of Employees at Current Prices,2001Q3,All Sectors,10261.959149
Compensation of Employees at Current Prices,2001Q3,All Sectors,1839.968276
Compensation of Employees at Current Prices,2001Q4,"Agriculture, Forestry and Fishing",124.049065
Compensation of Employees at Current Prices,2001Q4,"Agriculture, Forestry and Fishing",100.925816
Compensation of Employees at Current Prices,2001Q4,"Agriculture, Forestry and Fishing",23.12325
Compensation of Employees at Current Prices,2001Q4,Industry (excl. Construction),2446.133
Compensation of Employees at Current Prices,2001Q4,Industry (excl. Construction),2090.630258
Compensation of Employees at Current Prices,2001Q4,Industry (excl. Construction),355.502742
Compensation of Employees at Current Prices,2001Q4,Industry - of which Manufacturing,2116.526
Compensation of Employees at Current Prices,2001Q4,Industry - of which Manufacturing,1819.303
Compensation of Employees at Current Prices,2001Q4,Industry - of which Manufacturing,297.222
Compensation of Employees at Current Prices,2001Q4,Construction,1336.48946
Compensation of Employees at Current Prices,2001Q4,Construction,1085.13446
Compensation of Employees at Current Prices,2001Q4,Construction,251.356
Compensation of Employees at Current Prices,2001Q4,"Distribution, Transport, Hotels and Restaurants",2192.860806
Compensation of Employees at Current Prices,2001Q4,"Distribution, Transport, Hotels and Restaurants",1873.717807
Compensation of Employees at Current Prices,2001Q4,"Distribution, Transport, Hotels and Restaurants",319.143754
Compensation of Employees at Current Prices,2001Q4,Information and Communication,824.217168
Compensation of Employees at Current Prices,2001Q4,Information and Communication,687.162452
Compensation of Employees at Current Prices,2001Q4,Information and Communication,137.054
Compensation of Employees at Current Prices,2001Q4,Financial and Insurance Activities,735.812717
Compensation of Employees at Current Prices,2001Q4,Financial and Insurance Activities,593.127718
Compensation of Employees at Current Prices,2001Q4,Financial and Insurance Activities,142.686
Compensation of Employees at Current Prices,2001Q4,Real Estate Activities,29.482518
Compensation of Employees at Current Prices,2001Q4,Real Estate Activities,25.783495
Compensation of Employees at Current Prices,2001Q4,Real Estate Activities,3.699197
Compensation of Employees at Current Prices,2001Q4,"Professional, Admin and Support Services",947.695798
Compensation of Employees at Current Prices,2001Q4,"Professional, Admin and Support Services",799.07109
Compensation of Employees at Current Prices,2001Q4,"Professional, Admin and Support Services",148.625259
Compensation of Employees at Current Prices,2001Q4,"Public Admin, Education and Health",3203.840608
Compensation of Employees at Current Prices,2001Q4,"Public Admin, Education and Health",2778.000346
Compensation of Employees at Current Prices,2001Q4,"Public Admin, Education and Health",425.84
Compensation of Employees at Current Prices,2001Q4,"Arts, Entertainment and Other Services",278.400123
Compensation of Employees at Current Prices,2001Q4,"Arts, Entertainment and Other Services",244.444123
Compensation of Employees at Current Prices,2001Q4,"Arts, Entertainment and Other Services",33.956
Compensation of Employees at Current Prices,2001Q4,All Sectors,12118.981263
Compensation of Employees at Current Prices,2001Q4,All Sectors,10277.997565
Compensation of Employees at Current Prices,2001Q4,All Sectors,1840.986202
Compensation of Employees at Current Prices,2002Q1,"Agriculture, Forestry and Fishing",118.398151
Compensation of Employees at Current Prices,2002Q1,"Agriculture, Forestry and Fishing",97.781155
Compensation of Employees at Current Prices,2002Q1,"Agriculture, Forestry and Fishing",20.61776
Compensation of Employees at Current Prices,2002Q1,Industry (excl. Construction),2343.230751
Compensation of Employees at Current Prices,2002Q1,Industry (excl. Construction),2064.247751
Compensation of Employees at Current Prices,2002Q1,Industry (excl. Construction),278.983
Compensation of Employees at Current Prices,2002Q1,Industry - of which Manufacturing,2046.051247
Compensation of Employees at Current Prices,2002Q1,Industry - of which Manufacturing,1804.131
Compensation of Employees at Current Prices,2002Q1,Industry - of which Manufacturing,241.919
Compensation of Employees at Current Prices,2002Q1,Construction,1324.420612
Compensation of Employees at Current Prices,2002Q1,Construction,1078.677612
Compensation of Employees at Current Prices,2002Q1,Construction,245.743
Compensation of Employees at Current Prices,2002Q1,"Distribution, Transport, Hotels and Restaurants",2197.654197
Compensation of Employees at Current Prices,2002Q1,"Distribution, Transport, Hotels and Restaurants",1875.193197
Compensation of Employees at Current Prices,2002Q1,"Distribution, Transport, Hotels and Restaurants",322.461
Compensation of Employees at Current Prices,2002Q1,Information and Communication,716.461001
Compensation of Employees at Current Prices,2002Q1,Information and Communication,590.866001
Compensation of Employees at Current Prices,2002Q1,Information and Communication,125.594256
Compensation of Employees at Current Prices,2002Q1,Financial and Insurance Activities,795.617097
Compensation of Employees at Current Prices,2002Q1,Financial and Insurance Activities,640.081096
Compensation of Employees at Current Prices,2002Q1,Financial and Insurance Activities,155.535247
Compensation of Employees at Current Prices,2002Q1,Real Estate Activities,37.832213
Compensation of Employees at Current Prices,2002Q1,Real Estate Activities,32.616198
Compensation of Employees at Current Prices,2002Q1,Real Estate Activities,5.215816
Compensation of Employees at Current Prices,2002Q1,"Professional, Admin and Support Services",930.066786
Compensation of Employees at Current Prices,2002Q1,"Professional, Admin and Support Services",776.837992
Compensation of Employees at Current Prices,2002Q1,"Professional, Admin and Support Services",153.229
Compensation of Employees at Current Prices,2002Q1,"Public Admin, Education and Health",3325.359377
Compensation of Employees at Current Prices,2002Q1,"Public Admin, Education and Health",2869.616378
Compensation of Employees at Current Prices,2002Q1,"Public Admin, Education and Health",455.743762
Compensation of Employees at Current Prices,2002Q1,"Arts, Entertainment and Other Services",285.476625
Compensation of Employees at Current Prices,2002Q1,"Arts, Entertainment and Other Services",250.093397
Compensation of Employees at Current Prices,2002Q1,"Arts, Entertainment and Other Services",35.383229
Compensation of Employees at Current Prices,2002Q1,All Sectors,12074.51681
Compensation of Employees at Current Prices,2002Q1,All Sectors,10276.010777
Compensation of Employees at Current Prices,2002Q1,All Sectors,1798.50607
Compensation of Employees at Current Prices,2002Q2,"Agriculture, Forestry and Fishing",129.066049
Compensation of Employees at Current Prices,2002Q2,"Agriculture, Forestry and Fishing",106.591051
Compensation of Employees at Current Prices,2002Q2,"Agriculture, Forestry and Fishing",22.474738
Compensation of Employees at Current Prices,2002Q2,Industry (excl. Construction),2334.268752
Compensation of Employees at Current Prices,2002Q2,Industry (excl. Construction),2056.352752
Compensation of Employees at Current Prices,2002Q2,Industry (excl. Construction),277.916
Compensation of Employees at Current Prices,2002Q2,Industry - of which Manufacturing,2031.015246
Compensation of Employees at Current Prices,2002Q2,Industry - of which Manufacturing,1790.874
Compensation of Employees at Current Prices,2002Q2,Industry - of which Manufacturing,240.142
Compensation of Employees at Current Prices,2002Q2,Construction,1359.317323
Compensation of Employees at Current Prices,2002Q2,Construction,1107.099323
Compensation of Employees at Current Prices,2002Q2,Construction,252.218
Compensation of Employees at Current Prices,2002Q2,"Distribution, Transport, Hotels and Restaurants",2271.250103
Compensation of Employees at Current Prices,2002Q2,"Distribution, Transport, Hotels and Restaurants",1937.991104
Compensation of Employees at Current Prices,2002Q2,"Distribution, Transport, Hotels and Restaurants",333.26
Compensation of Employees at Current Prices,2002Q2,Information and Communication,701.507432
Compensation of Employees at Current Prices,2002Q2,Information and Communication,578.534432
Compensation of Employees at Current Prices,2002Q2,Information and Communication,122.973251
Compensation of Employees at Current Prices,2002Q2,Financial and Insurance Activities,819.499514
Compensation of Employees at Current Prices,2002Q2,Financial and Insurance Activities,659.295514
Compensation of Employees at Current Prices,2002Q2,Financial and Insurance Activities,160.204254
Compensation of Employees at Current Prices,2002Q2,Real Estate Activities,46.311249
Compensation of Employees at Current Prices,2002Q2,Real Estate Activities,39.927292
Compensation of Employees at Current Prices,2002Q2,Real Estate Activities,6.384775
Compensation of Employees at Current Prices,2002Q2,"Professional, Admin and Support Services",952.380544
Compensation of Employees at Current Prices,2002Q2,"Professional, Admin and Support Services",795.475772
Compensation of Employees at Current Prices,2002Q2,"Professional, Admin and Support Services",156.905
Compensation of Employees at Current Prices,2002Q2,"Public Admin, Education and Health",3460.410577
Compensation of Employees at Current Prices,2002Q2,"Public Admin, Education and Health",2986.157577
Compensation of Employees at Current Prices,2002Q2,"Public Admin, Education and Health",474.252753
Compensation of Employees at Current Prices,2002Q2,"Arts, Entertainment and Other Services",310.18089
Compensation of Employees at Current Prices,2002Q2,"Arts, Entertainment and Other Services",271.735642
Compensation of Employees at Current Prices,2002Q2,"Arts, Entertainment and Other Services",38.445249
Compensation of Employees at Current Prices,2002Q2,All Sectors,12384.192433
Compensation of Employees at Current Prices,2002Q2,All Sectors,10539.160459
Compensation of Employees at Current Prices,2002Q2,All Sectors,1845.03402
Compensation of Employees at Current Prices,2002Q3,"Agriculture, Forestry and Fishing",134.593521
Compensation of Employees at Current Prices,2002Q3,"Agriculture, Forestry and Fishing",111.155517
Compensation of Employees at Current Prices,2002Q3,"Agriculture, Forestry and Fishing",23.437727
Compensation of Employees at Current Prices,2002Q3,Industry (excl. Construction),2378.393747
Compensation of Employees at Current Prices,2002Q3,Industry (excl. Construction),2095.224747
Compensation of Employees at Current Prices,2002Q3,Industry (excl. Construction),283.169
Compensation of Employees at Current Prices,2002Q3,Industry - of which Manufacturing,2098.713254
Compensation of Employees at Current Prices,2002Q3,Industry - of which Manufacturing,1850.567
Compensation of Employees at Current Prices,2002Q3,Industry - of which Manufacturing,248.146
Compensation of Employees at Current Prices,2002Q3,Construction,1459.843417
Compensation of Employees at Current Prices,2002Q3,Construction,1188.972417
Compensation of Employees at Current Prices,2002Q3,Construction,270.871
Compensation of Employees at Current Prices,2002Q3,"Distribution, Transport, Hotels and Restaurants",2438.419206
Compensation of Employees at Current Prices,2002Q3,"Distribution, Transport, Hotels and Restaurants",2080.631207
Compensation of Employees at Current Prices,2002Q3,"Distribution, Transport, Hotels and Restaurants",357.788
Compensation of Employees at Current Prices,2002Q3,Information and Communication,683.976248
Compensation of Employees at Current Prices,2002Q3,Information and Communication,564.076247
Compensation of Employees at Current Prices,2002Q3,Information and Communication,119.900244
Compensation of Employees at Current Prices,2002Q3,Financial and Insurance Activities,796.297308
Compensation of Employees at Current Prices,2002Q3,Financial and Insurance Activities,640.629308
Compensation of Employees at Current Prices,2002Q3,Financial and Insurance Activities,155.669247
Compensation of Employees at Current Prices,2002Q3,Real Estate Activities,56.395421
Compensation of Employees at Current Prices,2002Q3,Real Estate Activities,48.620419
Compensation of Employees at Current Prices,2002Q3,Real Estate Activities,7.774726
Compensation of Employees at Current Prices,2002Q3,"Professional, Admin and Support Services",997.743176
Compensation of Employees at Current Prices,2002Q3,"Professional, Admin and Support Services",833.365456
Compensation of Employees at Current Prices,2002Q3,"Professional, Admin and Support Services",164.378
Compensation of Employees at Current Prices,2002Q3,"Public Admin, Education and Health",3504.464064
Compensation of Employees at Current Prices,2002Q3,"Public Admin, Education and Health",3024.174064
Compensation of Employees at Current Prices,2002Q3,"Public Admin, Education and Health",480.289749
Compensation of Employees at Current Prices,2002Q3,"Arts, Entertainment and Other Services",327.161505
Compensation of Employees at Current Prices,2002Q3,"Arts, Entertainment and Other Services",286.611242
Compensation of Employees at Current Prices,2002Q3,"Arts, Entertainment and Other Services",40.550262
Compensation of Employees at Current Prices,2002Q3,All Sectors,12777.287613
Compensation of Employees at Current Prices,2002Q3,All Sectors,10873.460624
Compensation of Employees at Current Prices,2002Q3,All Sectors,1903.827955
Compensation of Employees at Current Prices,2002Q4,"Agriculture, Forestry and Fishing",110.785279
Compensation of Employees at Current Prices,2002Q4,"Agriculture, Forestry and Fishing",91.493277
Compensation of Employees at Current Prices,2002Q4,"Agriculture, Forestry and Fishing",19.291775
Compensation of Employees at Current Prices,2002Q4,Industry (excl. Construction),2350.43575
Compensation of Employees at Current Prices,2002Q4,Industry (excl. Construction),2070.59475
Compensation of Employees at Current Prices,2002Q4,Industry (excl. Construction),279.841
Compensation of Employees at Current Prices,2002Q4,Industry - of which Manufacturing,2095.212253
Compensation of Employees at Current Prices,2002Q4,Industry - of which Manufacturing,1847.48
Compensation of Employees at Current Prices,2002Q4,Industry - of which Manufacturing,247.732
Compensation of Employees at Current Prices,2002Q4,Construction,1388.658648
Compensation of Employees at Current Prices,2002Q4,Construction,1130.996648
Compensation of Employees at Current Prices,2002Q4,Construction,257.662
Compensation of Employees at Current Prices,2002Q4,"Distribution, Transport, Hotels and Restaurants",2504.772493
Compensation of Employees at Current Prices,2002Q4,"Distribution, Transport, Hotels and Restaurants",2137.247492
Compensation of Employees at Current Prices,2002Q4,"Distribution, Transport, Hotels and Restaurants",367.524
Compensation of Employees at Current Prices,2002Q4,Information and Communication,696.84932
Compensation of Employees at Current Prices,2002Q4,Information and Communication,574.69332
Compensation of Employees at Current Prices,2002Q4,Information and Communication,122.156249
Compensation of Employees at Current Prices,2002Q4,Financial and Insurance Activities,811.669082
Compensation of Employees at Current Prices,2002Q4,Financial and Insurance Activities,652.995082
Compensation of Employees at Current Prices,2002Q4,Financial and Insurance Activities,158.673252
Compensation of Employees at Current Prices,2002Q4,Real Estate Activities,64.908116
Compensation of Employees at Current Prices,2002Q4,Real Estate Activities,55.95909
Compensation of Employees at Current Prices,2002Q4,Real Estate Activities,8.948684
Compensation of Employees at Current Prices,2002Q4,"Professional, Admin and Support Services",1016.638494
Compensation of Employees at Current Prices,2002Q4,"Professional, Admin and Support Services",849.147779
Compensation of Employees at Current Prices,2002Q4,"Professional, Admin and Support Services",167.491
Compensation of Employees at Current Prices,2002Q4,"Public Admin, Education and Health",3698.919981
Compensation of Employees at Current Prices,2002Q4,"Public Admin, Education and Health",3191.978981
Compensation of Employees at Current Prices,2002Q4,"Public Admin, Education and Health",506.940736
Compensation of Employees at Current Prices,2002Q4,"Arts, Entertainment and Other Services",324.16198
Compensation of Employees at Current Prices,2002Q4,"Arts, Entertainment and Other Services",283.98372
Compensation of Employees at Current Prices,2002Q4,"Arts, Entertainment and Other Services",40.17826
Compensation of Employees at Current Prices,2002Q4,All Sectors,12967.799143
Compensation of Employees at Current Prices,2002Q4,All Sectors,11039.090139
Compensation of Employees at Current Prices,2002Q4,All Sectors,1928.706956
Compensation of Employees at Current Prices,2003Q1,"Agriculture, Forestry and Fishing",115.393335
Compensation of Employees at Current Prices,2003Q1,"Agriculture, Forestry and Fishing",94.330334
Compensation of Employees at Current Prices,2003Q1,"Agriculture, Forestry and Fishing",21.063224
Compensation of Employees at Current Prices,2003Q1,Industry (excl. Construction),2396.965
Compensation of Employees at Current Prices,2003Q1,Industry (excl. Construction),2094.336242
Compensation of Employees at Current Prices,2003Q1,Industry (excl. Construction),302.629
Compensation of Employees at Current Prices,2003Q1,Industry - of which Manufacturing,2132.249243
Compensation of Employees at Current Prices,2003Q1,Industry - of which Manufacturing,1862.701
Compensation of Employees at Current Prices,2003Q1,Industry - of which Manufacturing,269.547757
Compensation of Employees at Current Prices,2003Q1,Construction,1399.682809
Compensation of Employees at Current Prices,2003Q1,Construction,1137.35004
Compensation of Employees at Current Prices,2003Q1,Construction,262.333
Compensation of Employees at Current Prices,2003Q1,"Distribution, Transport, Hotels and Restaurants",2479.26057
Compensation of Employees at Current Prices,2003Q1,"Distribution, Transport, Hotels and Restaurants",2118.60457
Compensation of Employees at Current Prices,2003Q1,"Distribution, Transport, Hotels and Restaurants",360.656
Compensation of Employees at Current Prices,2003Q1,Information and Communication,622.906104
Compensation of Employees at Current Prices,2003Q1,Information and Communication,512.622874
Compensation of Employees at Current Prices,2003Q1,Information and Communication,110.284
Compensation of Employees at Current Prices,2003Q1,Financial and Insurance Activities,841.49121
Compensation of Employees at Current Prices,2003Q1,Financial and Insurance Activities,670.778974
Compensation of Employees at Current Prices,2003Q1,Financial and Insurance Activities,170.712
Compensation of Employees at Current Prices,2003Q1,Real Estate Activities,61.410984
Compensation of Employees at Current Prices,2003Q1,Real Estate Activities,53.03
Compensation of Employees at Current Prices,2003Q1,Real Estate Activities,8.381
Compensation of Employees at Current Prices,2003Q1,"Professional, Admin and Support Services",1038.50267
Compensation of Employees at Current Prices,2003Q1,"Professional, Admin and Support Services",870.134443
Compensation of Employees at Current Prices,2003Q1,"Professional, Admin and Support Services",168.368
Compensation of Employees at Current Prices,2003Q1,"Public Admin, Education and Health",3804.223043
Compensation of Employees at Current Prices,2003Q1,"Public Admin, Education and Health",3287.965562
Compensation of Employees at Current Prices,2003Q1,"Public Admin, Education and Health",516.258
Compensation of Employees at Current Prices,2003Q1,"Arts, Entertainment and Other Services",318.792536
Compensation of Employees at Current Prices,2003Q1,"Arts, Entertainment and Other Services",280.595059
Compensation of Employees at Current Prices,2003Q1,"Arts, Entertainment and Other Services",38.198
Compensation of Employees at Current Prices,2003Q1,All Sectors,13078.628261
Compensation of Employees at Current Prices,2003Q1,All Sectors,11119.748098
Compensation of Employees at Current Prices,2003Q1,All Sectors,1958.882224
Compensation of Employees at Current Prices,2003Q2,"Agriculture, Forestry and Fishing",123.614245
Compensation of Employees at Current Prices,2003Q2,"Agriculture, Forestry and Fishing",101.05024
Compensation of Employees at Current Prices,2003Q2,"Agriculture, Forestry and Fishing",22.563239
Compensation of Employees at Current Prices,2003Q2,Industry (excl. Construction),2490.682
Compensation of Employees at Current Prices,2003Q2,Industry (excl. Construction),2176.220251
Compensation of Employees at Current Prices,2003Q2,Industry (excl. Construction),314.461
Compensation of Employees at Current Prices,2003Q2,Industry - of which Manufacturing,2192.50625
Compensation of Employees at Current Prices,2003Q2,Industry - of which Manufacturing,1915.341
Compensation of Employees at Current Prices,2003Q2,Industry - of which Manufacturing,277.16575
Compensation of Employees at Current Prices,2003Q2,Construction,1470.66236
Compensation of Employees at Current Prices,2003Q2,Construction,1195.026602
Compensation of Employees at Current Prices,2003Q2,Construction,275.636
Compensation of Employees at Current Prices,2003Q2,"Distribution, Transport, Hotels and Restaurants",2520.8319
Compensation of Employees at Current Prices,2003Q2,"Distribution, Transport, Hotels and Restaurants",2154.127899
Compensation of Employees at Current Prices,2003Q2,"Distribution, Transport, Hotels and Restaurants",366.704
Compensation of Employees at Current Prices,2003Q2,Information and Communication,653.862906
Compensation of Employees at Current Prices,2003Q2,Information and Communication,538.098664
Compensation of Employees at Current Prices,2003Q2,Information and Communication,115.764
Compensation of Employees at Current Prices,2003Q2,Financial and Insurance Activities,883.529809
Compensation of Employees at Current Prices,2003Q2,Financial and Insurance Activities,704.289561
Compensation of Employees at Current Prices,2003Q2,Financial and Insurance Activities,179.24
Compensation of Employees at Current Prices,2003Q2,Real Estate Activities,51.343173
Compensation of Employees at Current Prices,2003Q2,Real Estate Activities,44.336186
Compensation of Employees at Current Prices,2003Q2,Real Estate Activities,7.007
Compensation of Employees at Current Prices,2003Q2,"Professional, Admin and Support Services",1057.252994
Compensation of Employees at Current Prices,2003Q2,"Professional, Admin and Support Services",885.844755
Compensation of Employees at Current Prices,2003Q2,"Professional, Admin and Support Services",171.408
Compensation of Employees at Current Prices,2003Q2,"Public Admin, Education and Health",3941.719077
Compensation of Employees at Current Prices,2003Q2,"Public Admin, Education and Health",3406.802579
Compensation of Employees at Current Prices,2003Q2,"Public Admin, Education and Health",534.917
Compensation of Employees at Current Prices,2003Q2,"Arts, Entertainment and Other Services",326.60219
Compensation of Employees at Current Prices,2003Q2,"Arts, Entertainment and Other Services",287.468701
Compensation of Employees at Current Prices,2003Q2,"Arts, Entertainment and Other Services",39.133
Compensation of Employees at Current Prices,2003Q2,All Sectors,13520.100654
Compensation of Employees at Current Prices,2003Q2,All Sectors,11493.265438
Compensation of Employees at Current Prices,2003Q2,All Sectors,2026.833239
Compensation of Employees at Current Prices,2003Q3,"Agriculture, Forestry and Fishing",136.053541
Compensation of Employees at Current Prices,2003Q3,"Agriculture, Forestry and Fishing",111.219542
Compensation of Employees at Current Prices,2003Q3,"Agriculture, Forestry and Fishing",24.834264
Compensation of Employees at Current Prices,2003Q3,Industry (excl. Construction),2502.991
Compensation of Employees at Current Prices,2003Q3,Industry (excl. Construction),2186.976252
Compensation of Employees at Current Prices,2003Q3,Industry (excl. Construction),316.016
Compensation of Employees at Current Prices,2003Q3,Industry - of which Manufacturing,2206.977252
Compensation of Employees at Current Prices,2003Q3,Industry - of which Manufacturing,1927.982
Compensation of Employees at Current Prices,2003Q3,Industry - of which Manufacturing,278.994748
Compensation of Employees at Current Prices,2003Q3,Construction,1572.28892
Compensation of Employees at Current Prices,2003Q3,Construction,1277.606179
Compensation of Employees at Current Prices,2003Q3,Construction,294.683
Compensation of Employees at Current Prices,2003Q3,"Distribution, Transport, Hotels and Restaurants",2624.103709
Compensation of Employees at Current Prices,2003Q3,"Distribution, Transport, Hotels and Restaurants",2242.376709
Compensation of Employees at Current Prices,2003Q3,"Distribution, Transport, Hotels and Restaurants",381.727
Compensation of Employees at Current Prices,2003Q3,Information and Communication,657.701997
Compensation of Employees at Current Prices,2003Q3,Information and Communication,541.257754
Compensation of Employees at Current Prices,2003Q3,Information and Communication,116.444
Compensation of Employees at Current Prices,2003Q3,Financial and Insurance Activities,881.877275
Compensation of Employees at Current Prices,2003Q3,Financial and Insurance Activities,702.972027
Compensation of Employees at Current Prices,2003Q3,Financial and Insurance Activities,178.905
Compensation of Employees at Current Prices,2003Q3,Real Estate Activities,41.537583
Compensation of Employees at Current Prices,2003Q3,Real Estate Activities,35.868578
Compensation of Employees at Current Prices,2003Q3,Real Estate Activities,5.669
Compensation of Employees at Current Prices,2003Q3,"Professional, Admin and Support Services",1103.188613
Compensation of Employees at Current Prices,2003Q3,"Professional, Admin and Support Services",924.333393
Compensation of Employees at Current Prices,2003Q3,"Professional, Admin and Support Services",178.856
Compensation of Employees at Current Prices,2003Q3,"Public Admin, Education and Health",3974.756269
Compensation of Employees at Current Prices,2003Q3,"Public Admin, Education and Health",3435.355766
Compensation of Employees at Current Prices,2003Q3,"Public Admin, Education and Health",539.4
Compensation of Employees at Current Prices,2003Q3,"Arts, Entertainment and Other Services",339.137501
Compensation of Employees at Current Prices,2003Q3,"Arts, Entertainment and Other Services",298.500991
Compensation of Employees at Current Prices,2003Q3,"Arts, Entertainment and Other Services",40.635
Compensation of Employees at Current Prices,2003Q3,All Sectors,13833.636408
Compensation of Employees at Current Prices,2003Q3,All Sectors,11756.467191
Compensation of Employees at Current Prices,2003Q3,All Sectors,2077.169264
Compensation of Employees at Current Prices,2003Q4,"Agriculture, Forestry and Fishing",141.193879
Compensation of Employees at Current Prices,2003Q4,"Agriculture, Forestry and Fishing",115.421884
Compensation of Employees at Current Prices,2003Q4,"Agriculture, Forestry and Fishing",25.772273
Compensation of Employees at Current Prices,2003Q4,Industry (excl. Construction),2533.382
Compensation of Employees at Current Prices,2003Q4,Industry (excl. Construction),2213.529255
Compensation of Employees at Current Prices,2003Q4,Industry (excl. Construction),319.853
Compensation of Employees at Current Prices,2003Q4,Industry - of which Manufacturing,2228.365254
Compensation of Employees at Current Prices,2003Q4,Industry - of which Manufacturing,1946.666
Compensation of Employees at Current Prices,2003Q4,Industry - of which Manufacturing,281.698746
Compensation of Employees at Current Prices,2003Q4,Construction,1625.825912
Compensation of Employees at Current Prices,2003Q4,Construction,1321.10918
Compensation of Employees at Current Prices,2003Q4,Construction,304.717
Compensation of Employees at Current Prices,2003Q4,"Distribution, Transport, Hotels and Restaurants",2624.175821
Compensation of Employees at Current Prices,2003Q4,"Distribution, Transport, Hotels and Restaurants",2242.438821
Compensation of Employees at Current Prices,2003Q4,"Distribution, Transport, Hotels and Restaurants",381.737
Compensation of Employees at Current Prices,2003Q4,Information and Communication,763.198992
Compensation of Employees at Current Prices,2003Q4,Information and Communication,628.076709
Compensation of Employees at Current Prices,2003Q4,Information and Communication,135.122
Compensation of Employees at Current Prices,2003Q4,Financial and Insurance Activities,954.310706
Compensation of Employees at Current Prices,2003Q4,Financial and Insurance Activities,760.711438
Compensation of Employees at Current Prices,2003Q4,Financial and Insurance Activities,193.599
Compensation of Employees at Current Prices,2003Q4,Real Estate Activities,33.88626
Compensation of Employees at Current Prices,2003Q4,Real Estate Activities,29.261237
Compensation of Employees at Current Prices,2003Q4,Real Estate Activities,4.625
Compensation of Employees at Current Prices,2003Q4,"Professional, Admin and Support Services",1117.602724
Compensation of Employees at Current Prices,2003Q4,"Professional, Admin and Support Services",936.409408
Compensation of Employees at Current Prices,2003Q4,"Professional, Admin and Support Services",181.192
Compensation of Employees at Current Prices,2003Q4,"Public Admin, Education and Health",4096.395611
Compensation of Employees at Current Prices,2003Q4,"Public Admin, Education and Health",3540.488093
Compensation of Employees at Current Prices,2003Q4,"Public Admin, Education and Health",555.907
Compensation of Employees at Current Prices,2003Q4,"Arts, Entertainment and Other Services",349.797773
Compensation of Employees at Current Prices,2003Q4,"Arts, Entertainment and Other Services",307.88525
Compensation of Employees at Current Prices,2003Q4,"Arts, Entertainment and Other Services",41.913
Compensation of Employees at Current Prices,2003Q4,All Sectors,14239.769678
Compensation of Employees at Current Prices,2003Q4,All Sectors,12095.331275
Compensation of Employees at Current Prices,2003Q4,All Sectors,2144.437273
Compensation of Employees at Current Prices,2004Q1,"Agriculture, Forestry and Fishing",115.771819
Compensation of Employees at Current Prices,2004Q1,"Agriculture, Forestry and Fishing",94.4966
Compensation of Employees at Current Prices,2004Q1,"Agriculture, Forestry and Fishing",21.274782
Compensation of Employees at Current Prices,2004Q1,Industry (excl. Construction),2541.195252
Compensation of Employees at Current Prices,2004Q1,Industry (excl. Construction),2211.184
Compensation of Employees at Current Prices,2004Q1,Industry (excl. Construction),330.011
Compensation of Employees at Current Prices,2004Q1,Industry - of which Manufacturing,2211.858
Compensation of Employees at Current Prices,2004Q1,Industry - of which Manufacturing,1925.705
Compensation of Employees at Current Prices,2004Q1,Industry - of which Manufacturing,286.153
Compensation of Employees at Current Prices,2004Q1,Construction,1586.347242
Compensation of Employees at Current Prices,2004Q1,Construction,1289.142242
Compensation of Employees at Current Prices,2004Q1,Construction,297.205224
Compensation of Employees at Current Prices,2004Q1,"Distribution, Transport, Hotels and Restaurants",2614.282443
Compensation of Employees at Current Prices,2004Q1,"Distribution, Transport, Hotels and Restaurants",2234.053964
Compensation of Employees at Current Prices,2004Q1,"Distribution, Transport, Hotels and Restaurants",380.228
Compensation of Employees at Current Prices,2004Q1,Information and Communication,654.333519
Compensation of Employees at Current Prices,2004Q1,Information and Communication,535.956519
Compensation of Employees at Current Prices,2004Q1,Information and Communication,118.377
Compensation of Employees at Current Prices,2004Q1,Financial and Insurance Activities,998.154183
Compensation of Employees at Current Prices,2004Q1,Financial and Insurance Activities,793.62442
Compensation of Employees at Current Prices,2004Q1,Financial and Insurance Activities,204.53
Compensation of Employees at Current Prices,2004Q1,Real Estate Activities,34.112344
Compensation of Employees at Current Prices,2004Q1,Real Estate Activities,29.447377
Compensation of Employees at Current Prices,2004Q1,Real Estate Activities,4.665
Compensation of Employees at Current Prices,2004Q1,"Professional, Admin and Support Services",1171.190974
Compensation of Employees at Current Prices,2004Q1,"Professional, Admin and Support Services",981.246002
Compensation of Employees at Current Prices,2004Q1,"Professional, Admin and Support Services",189.945
Compensation of Employees at Current Prices,2004Q1,"Public Admin, Education and Health",4163.251749
Compensation of Employees at Current Prices,2004Q1,"Public Admin, Education and Health",3602.686509
Compensation of Employees at Current Prices,2004Q1,"Public Admin, Education and Health",560.56624
Compensation of Employees at Current Prices,2004Q1,"Arts, Entertainment and Other Services",358.620808
Compensation of Employees at Current Prices,2004Q1,"Arts, Entertainment and Other Services",315.571807
Compensation of Employees at Current Prices,2004Q1,"Arts, Entertainment and Other Services",43.049
Compensation of Employees at Current Prices,2004Q1,All Sectors,14237.260333
Compensation of Employees at Current Prices,2004Q1,All Sectors,12087.40944
Compensation of Employees at Current Prices,2004Q1,All Sectors,2149.851246
Compensation of Employees at Current Prices,2004Q2,"Agriculture, Forestry and Fishing",135.654265
Compensation of Employees at Current Prices,2004Q2,"Agriculture, Forestry and Fishing",110.725006
Compensation of Employees at Current Prices,2004Q2,"Agriculture, Forestry and Fishing",24.928744
Compensation of Employees at Current Prices,2004Q2,Industry (excl. Construction),2522.43025
Compensation of Employees at Current Prices,2004Q2,Industry (excl. Construction),2194.856
Compensation of Employees at Current Prices,2004Q2,Industry (excl. Construction),327.574
Compensation of Employees at Current Prices,2004Q2,Industry - of which Manufacturing,2194.881
Compensation of Employees at Current Prices,2004Q2,Industry - of which Manufacturing,1910.924
Compensation of Employees at Current Prices,2004Q2,Industry - of which Manufacturing,283.957
Compensation of Employees at Current Prices,2004Q2,Construction,1707.7885
Compensation of Employees at Current Prices,2004Q2,Construction,1387.8305
Compensation of Employees at Current Prices,2004Q2,Construction,319.957242
Compensation of Employees at Current Prices,2004Q2,"Distribution, Transport, Hotels and Restaurants",2642.404833
Compensation of Employees at Current Prices,2004Q2,"Distribution, Transport, Hotels and Restaurants",2258.086348
Compensation of Employees at Current Prices,2004Q2,"Distribution, Transport, Hotels and Restaurants",384.319
Compensation of Employees at Current Prices,2004Q2,Information and Communication,718.831875
Compensation of Employees at Current Prices,2004Q2,Information and Communication,588.785875
Compensation of Employees at Current Prices,2004Q2,Information and Communication,130.046
Compensation of Employees at Current Prices,2004Q2,Financial and Insurance Activities,1061.473415
Compensation of Employees at Current Prices,2004Q2,Financial and Insurance Activities,843.968668
Compensation of Employees at Current Prices,2004Q2,Financial and Insurance Activities,217.504
Compensation of Employees at Current Prices,2004Q2,Real Estate Activities,34.0136
Compensation of Employees at Current Prices,2004Q2,Real Estate Activities,29.361582
Compensation of Employees at Current Prices,2004Q2,Real Estate Activities,4.652
Compensation of Employees at Current Prices,2004Q2,"Professional, Admin and Support Services",1187.536643
Compensation of Employees at Current Prices,2004Q2,"Professional, Admin and Support Services",994.940668
Compensation of Employees at Current Prices,2004Q2,"Professional, Admin and Support Services",192.596
Compensation of Employees at Current Prices,2004Q2,"Public Admin, Education and Health",4327.607395
Compensation of Employees at Current Prices,2004Q2,"Public Admin, Education and Health",3744.911144
Compensation of Employees at Current Prices,2004Q2,"Public Admin, Education and Health",582.69525
Compensation of Employees at Current Prices,2004Q2,"Arts, Entertainment and Other Services",393.185414
Compensation of Employees at Current Prices,2004Q2,"Arts, Entertainment and Other Services",345.987413
Compensation of Employees at Current Prices,2004Q2,"Arts, Entertainment and Other Services",47.198
Compensation of Employees at Current Prices,2004Q2,All Sectors,14730.92619
Compensation of Employees at Current Prices,2004Q2,All Sectors,12499.453204
Compensation of Employees at Current Prices,2004Q2,All Sectors,2231.470236
Compensation of Employees at Current Prices,2004Q3,"Agriculture, Forestry and Fishing",150.711708
Compensation of Employees at Current Prices,2004Q3,"Agriculture, Forestry and Fishing",123.015421
Compensation of Employees at Current Prices,2004Q3,"Agriculture, Forestry and Fishing",27.695716
Compensation of Employees at Current Prices,2004Q3,Industry (excl. Construction),2501.787248
Compensation of Employees at Current Prices,2004Q3,Industry (excl. Construction),2176.894
Compensation of Employees at Current Prices,2004Q3,Industry (excl. Construction),324.894
Compensation of Employees at Current Prices,2004Q3,Industry - of which Manufacturing,2182.941
Compensation of Employees at Current Prices,2004Q3,Industry - of which Manufacturing,1900.529
Compensation of Employees at Current Prices,2004Q3,Industry - of which Manufacturing,282.412
Compensation of Employees at Current Prices,2004Q3,Construction,1884.928635
Compensation of Employees at Current Prices,2004Q3,Construction,1531.783635
Compensation of Employees at Current Prices,2004Q3,Construction,353.145267
Compensation of Employees at Current Prices,2004Q3,"Distribution, Transport, Hotels and Restaurants",2802.148659
Compensation of Employees at Current Prices,2004Q3,"Distribution, Transport, Hotels and Restaurants",2394.596144
Compensation of Employees at Current Prices,2004Q3,"Distribution, Transport, Hotels and Restaurants",407.552
Compensation of Employees at Current Prices,2004Q3,Information and Communication,651.952767
Compensation of Employees at Current Prices,2004Q3,Information and Communication,534.006767
Compensation of Employees at Current Prices,2004Q3,Information and Communication,117.946
Compensation of Employees at Current Prices,2004Q3,Financial and Insurance Activities,1052.387656
Compensation of Employees at Current Prices,2004Q3,Financial and Insurance Activities,836.745906
Compensation of Employees at Current Prices,2004Q3,Financial and Insurance Activities,215.642
Compensation of Employees at Current Prices,2004Q3,Real Estate Activities,44.20162
Compensation of Employees at Current Prices,2004Q3,Real Estate Activities,38.156638
Compensation of Employees at Current Prices,2004Q3,Real Estate Activities,6.045
Compensation of Employees at Current Prices,2004Q3,"Professional, Admin and Support Services",1237.046013
Compensation of Employees at Current Prices,2004Q3,"Professional, Admin and Support Services",1036.419996
Compensation of Employees at Current Prices,2004Q3,"Professional, Admin and Support Services",200.626
Compensation of Employees at Current Prices,2004Q3,"Public Admin, Education and Health",4366.724586
Compensation of Employees at Current Prices,2004Q3,"Public Admin, Education and Health",3778.762335
Compensation of Employees at Current Prices,2004Q3,"Public Admin, Education and Health",587.962252
Compensation of Employees at Current Prices,2004Q3,"Arts, Entertainment and Other Services",409.965953
Compensation of Employees at Current Prices,2004Q3,"Arts, Entertainment and Other Services",360.753953
Compensation of Employees at Current Prices,2004Q3,"Arts, Entertainment and Other Services",49.212
Compensation of Employees at Current Prices,2004Q3,All Sectors,15101.854845
Compensation of Employees at Current Prices,2004Q3,All Sectors,12811.134795
Compensation of Employees at Current Prices,2004Q3,All Sectors,2290.720235
Compensation of Employees at Current Prices,2004Q4,"Agriculture, Forestry and Fishing",127.714207
Compensation of Employees at Current Prices,2004Q4,"Agriculture, Forestry and Fishing",104.244973
Compensation of Employees at Current Prices,2004Q4,"Agriculture, Forestry and Fishing",23.469759
Compensation of Employees at Current Prices,2004Q4,Industry (excl. Construction),2505.347249
Compensation of Employees at Current Prices,2004Q4,Industry (excl. Construction),2179.991
Compensation of Employees at Current Prices,2004Q4,Industry (excl. Construction),325.356
Compensation of Employees at Current Prices,2004Q4,Industry - of which Manufacturing,2182.887
Compensation of Employees at Current Prices,2004Q4,Industry - of which Manufacturing,1900.482
Compensation of Employees at Current Prices,2004Q4,Industry - of which Manufacturing,282.405
Compensation of Employees at Current Prices,2004Q4,Construction,1888.896623
Compensation of Employees at Current Prices,2004Q4,Construction,1535.008623
Compensation of Employees at Current Prices,2004Q4,Construction,353.888267
Compensation of Employees at Current Prices,2004Q4,"Distribution, Transport, Hotels and Restaurants",2842.054066
Compensation of Employees at Current Prices,2004Q4,"Distribution, Transport, Hotels and Restaurants",2428.697544
Compensation of Employees at Current Prices,2004Q4,"Distribution, Transport, Hotels and Restaurants",413.356
Compensation of Employees at Current Prices,2004Q4,Information and Communication,671.190839
Compensation of Employees at Current Prices,2004Q4,Information and Communication,549.763839
Compensation of Employees at Current Prices,2004Q4,Information and Communication,121.427
Compensation of Employees at Current Prices,2004Q4,Financial and Insurance Activities,1088.900746
Compensation of Employees at Current Prices,2004Q4,Financial and Insurance Activities,865.777006
Compensation of Employees at Current Prices,2004Q4,Financial and Insurance Activities,223.124
Compensation of Employees at Current Prices,2004Q4,Real Estate Activities,52.321436
Compensation of Employees at Current Prices,2004Q4,Real Estate Activities,45.165404
Compensation of Employees at Current Prices,2004Q4,Real Estate Activities,7.156
Compensation of Employees at Current Prices,2004Q4,"Professional, Admin and Support Services",1252.453369
Compensation of Employees at Current Prices,2004Q4,"Professional, Admin and Support Services",1049.328334
Compensation of Employees at Current Prices,2004Q4,"Professional, Admin and Support Services",203.125
Compensation of Employees at Current Prices,2004Q4,"Public Admin, Education and Health",4481.01627
Compensation of Employees at Current Prices,2004Q4,"Public Admin, Education and Health",3877.665011
Compensation of Employees at Current Prices,2004Q4,"Public Admin, Education and Health",603.351258
Compensation of Employees at Current Prices,2004Q4,"Arts, Entertainment and Other Services",413.824826
Compensation of Employees at Current Prices,2004Q4,"Arts, Entertainment and Other Services",364.149827
Compensation of Employees at Current Prices,2004Q4,"Arts, Entertainment and Other Services",49.676
Compensation of Employees at Current Prices,2004Q4,All Sectors,15323.719631
Compensation of Employees at Current Prices,2004Q4,All Sectors,12999.791561
Compensation of Employees at Current Prices,2004Q4,All Sectors,2323.929284
Compensation of Employees at Current Prices,2005Q1,"Agriculture, Forestry and Fishing",127.728866
Compensation of Employees at Current Prices,2005Q1,"Agriculture, Forestry and Fishing",104.078623
Compensation of Employees at Current Prices,2005Q1,"Agriculture, Forestry and Fishing",23.65
Compensation of Employees at Current Prices,2005Q1,Industry (excl. Construction),2570.30276
Compensation of Employees at Current Prices,2005Q1,Industry (excl. Construction),2231.131
Compensation of Employees at Current Prices,2005Q1,Industry (excl. Construction),339.17076
Compensation of Employees at Current Prices,2005Q1,Industry - of which Manufacturing,2245.153
Compensation of Employees at Current Prices,2005Q1,Industry - of which Manufacturing,1949.163238
Compensation of Employees at Current Prices,2005Q1,Industry - of which Manufacturing,295.99
Compensation of Employees at Current Prices,2005Q1,Construction,2036.140695
Compensation of Employees at Current Prices,2005Q1,Construction,1656.736695
Compensation of Employees at Current Prices,2005Q1,Construction,379.404232
Compensation of Employees at Current Prices,2005Q1,"Distribution, Transport, Hotels and Restaurants",2831.062399
Compensation of Employees at Current Prices,2005Q1,"Distribution, Transport, Hotels and Restaurants",2396.529399
Compensation of Employees at Current Prices,2005Q1,"Distribution, Transport, Hotels and Restaurants",434.533
Compensation of Employees at Current Prices,2005Q1,Information and Communication,657.809415
Compensation of Employees at Current Prices,2005Q1,Information and Communication,543.116414
Compensation of Employees at Current Prices,2005Q1,Information and Communication,114.693
Compensation of Employees at Current Prices,2005Q1,Financial and Insurance Activities,1139.472927
Compensation of Employees at Current Prices,2005Q1,Financial and Insurance Activities,914.097927
Compensation of Employees at Current Prices,2005Q1,Financial and Insurance Activities,225.37524
Compensation of Employees at Current Prices,2005Q1,Real Estate Activities,44.875747
Compensation of Employees at Current Prices,2005Q1,Real Estate Activities,38.696777
Compensation of Employees at Current Prices,2005Q1,Real Estate Activities,6.179166
Compensation of Employees at Current Prices,2005Q1,"Professional, Admin and Support Services",1304.171139
Compensation of Employees at Current Prices,2005Q1,"Professional, Admin and Support Services",1107.11714
Compensation of Employees at Current Prices,2005Q1,"Professional, Admin and Support Services",197.054
Compensation of Employees at Current Prices,2005Q1,"Public Admin, Education and Health",4523.653127
Compensation of Employees at Current Prices,2005Q1,"Public Admin, Education and Health",3915.541127
Compensation of Employees at Current Prices,2005Q1,"Public Admin, Education and Health",608.112242
Compensation of Employees at Current Prices,2005Q1,"Arts, Entertainment and Other Services",398.478394
Compensation of Employees at Current Prices,2005Q1,"Arts, Entertainment and Other Services",350.901394
Compensation of Employees at Current Prices,2005Q1,"Arts, Entertainment and Other Services",47.577
Compensation of Employees at Current Prices,2005Q1,All Sectors,15633.695469
Compensation of Employees at Current Prices,2005Q1,All Sectors,13257.946496
Compensation of Employees at Current Prices,2005Q1,All Sectors,2375.74864
Compensation of Employees at Current Prices,2005Q2,"Agriculture, Forestry and Fishing",123.128718
Compensation of Employees at Current Prices,2005Q2,"Agriculture, Forestry and Fishing",100.330488
Compensation of Employees at Current Prices,2005Q2,"Agriculture, Forestry and Fishing",22.798
Compensation of Employees at Current Prices,2005Q2,Industry (excl. Construction),2585.397759
Compensation of Employees at Current Prices,2005Q2,Industry (excl. Construction),2244.235
Compensation of Employees at Current Prices,2005Q2,Industry (excl. Construction),341.162759
Compensation of Employees at Current Prices,2005Q2,Industry - of which Manufacturing,2266.579
Compensation of Employees at Current Prices,2005Q2,Industry - of which Manufacturing,1967.764241
Compensation of Employees at Current Prices,2005Q2,Industry - of which Manufacturing,298.815
Compensation of Employees at Current Prices,2005Q2,Construction,2163.3396
Compensation of Employees at Current Prices,2005Q2,Construction,1760.2346
Compensation of Employees at Current Prices,2005Q2,Construction,403.105246
Compensation of Employees at Current Prices,2005Q2,"Distribution, Transport, Hotels and Restaurants",2979.027165
Compensation of Employees at Current Prices,2005Q2,"Distribution, Transport, Hotels and Restaurants",2521.783165
Compensation of Employees at Current Prices,2005Q2,"Distribution, Transport, Hotels and Restaurants",457.244
Compensation of Employees at Current Prices,2005Q2,Information and Communication,748.590453
Compensation of Employees at Current Prices,2005Q2,Information and Communication,618.069453
Compensation of Employees at Current Prices,2005Q2,Information and Communication,130.521
Compensation of Employees at Current Prices,2005Q2,Financial and Insurance Activities,1174.011473
Compensation of Employees at Current Prices,2005Q2,Financial and Insurance Activities,941.805473
Compensation of Employees at Current Prices,2005Q2,Financial and Insurance Activities,232.206248
Compensation of Employees at Current Prices,2005Q2,Real Estate Activities,70.855385
Compensation of Employees at Current Prices,2005Q2,Real Estate Activities,61.098377
Compensation of Employees at Current Prices,2005Q2,Real Estate Activities,9.757262
Compensation of Employees at Current Prices,2005Q2,"Professional, Admin and Support Services",1299.572387
Compensation of Employees at Current Prices,2005Q2,"Professional, Admin and Support Services",1103.2134
Compensation of Employees at Current Prices,2005Q2,"Professional, Admin and Support Services",196.359
Compensation of Employees at Current Prices,2005Q2,"Public Admin, Education and Health",4672.060879
Compensation of Employees at Current Prices,2005Q2,"Public Admin, Education and Health",4043.998879
Compensation of Employees at Current Prices,2005Q2,"Public Admin, Education and Health",628.06225
Compensation of Employees at Current Prices,2005Q2,"Arts, Entertainment and Other Services",395.479469
Compensation of Employees at Current Prices,2005Q2,"Arts, Entertainment and Other Services",348.260469
Compensation of Employees at Current Prices,2005Q2,"Arts, Entertainment and Other Services",47.219
Compensation of Employees at Current Prices,2005Q2,All Sectors,16211.463288
Compensation of Employees at Current Prices,2005Q2,All Sectors,13743.029304
Compensation of Employees at Current Prices,2005Q2,All Sectors,2468.434765
Compensation of Employees at Current Prices,2005Q3,"Agriculture, Forestry and Fishing",141.704137
Compensation of Employees at Current Prices,2005Q3,"Agriculture, Forestry and Fishing",115.466876
Compensation of Employees at Current Prices,2005Q3,"Agriculture, Forestry and Fishing",26.238
Compensation of Employees at Current Prices,2005Q3,Industry (excl. Construction),2743.042744
Compensation of Employees at Current Prices,2005Q3,Industry (excl. Construction),2381.077
Compensation of Employees at Current Prices,2005Q3,Industry (excl. Construction),361.965744
Compensation of Employees at Current Prices,2005Q3,Industry - of which Manufacturing,2410.044
Compensation of Employees at Current Prices,2005Q3,Industry - of which Manufacturing,2092.315256
Compensation of Employees at Current Prices,2005Q3,Industry - of which Manufacturing,317.728
Compensation of Employees at Current Prices,2005Q3,Construction,2214.072128
Compensation of Employees at Current Prices,2005Q3,Construction,1801.513128
Compensation of Employees at Current Prices,2005Q3,Construction,412.558252
Compensation of Employees at Current Prices,2005Q3,"Distribution, Transport, Hotels and Restaurants",3196.973859
Compensation of Employees at Current Prices,2005Q3,"Distribution, Transport, Hotels and Restaurants",2706.277859
Compensation of Employees at Current Prices,2005Q3,"Distribution, Transport, Hotels and Restaurants",490.696
Compensation of Employees at Current Prices,2005Q3,Information and Communication,747.903233
Compensation of Employees at Current Prices,2005Q3,Information and Communication,617.502233
Compensation of Employees at Current Prices,2005Q3,Information and Communication,130.401
Compensation of Employees at Current Prices,2005Q3,Financial and Insurance Activities,1191.338764
Compensation of Employees at Current Prices,2005Q3,Financial and Insurance Activities,955.704764
Compensation of Employees at Current Prices,2005Q3,Financial and Insurance Activities,235.634251
Compensation of Employees at Current Prices,2005Q3,Real Estate Activities,78.963383
Compensation of Employees at Current Prices,2005Q3,Real Estate Activities,68.090408
Compensation of Employees at Current Prices,2005Q3,Real Estate Activities,10.873292
Compensation of Employees at Current Prices,2005Q3,"Professional, Admin and Support Services",1389.486667
Compensation of Employees at Current Prices,2005Q3,"Professional, Admin and Support Services",1179.541648
Compensation of Employees at Current Prices,2005Q3,"Professional, Admin and Support Services",209.945
Compensation of Employees at Current Prices,2005Q3,"Public Admin, Education and Health",4659.712829
Compensation of Employees at Current Prices,2005Q3,"Public Admin, Education and Health",4033.309828
Compensation of Employees at Current Prices,2005Q3,"Public Admin, Education and Health",626.40225
Compensation of Employees at Current Prices,2005Q3,"Arts, Entertainment and Other Services",425.848342
Compensation of Employees at Current Prices,2005Q3,"Arts, Entertainment and Other Services",375.003342
Compensation of Employees at Current Prices,2005Q3,"Arts, Entertainment and Other Services",50.845
Compensation of Employees at Current Prices,2005Q3,All Sectors,16789.046086
Compensation of Employees at Current Prices,2005Q3,All Sectors,14233.487086
Compensation of Employees at Current Prices,2005Q3,All Sectors,2555.558789
Compensation of Employees at Current Prices,2005Q4,"Agriculture, Forestry and Fishing",142.864279
Compensation of Employees at Current Prices,2005Q4,"Agriculture, Forestry and Fishing",116.412014
Compensation of Employees at Current Prices,2005Q4,"Agriculture, Forestry and Fishing",26.452
Compensation of Employees at Current Prices,2005Q4,Industry (excl. Construction),2820.718737
Compensation of Employees at Current Prices,2005Q4,Industry (excl. Construction),2448.504
Compensation of Employees at Current Prices,2005Q4,Industry (excl. Construction),372.215737
Compensation of Employees at Current Prices,2005Q4,Industry - of which Manufacturing,2502.111
Compensation of Employees at Current Prices,2005Q4,Industry - of which Manufacturing,2172.245266
Compensation of Employees at Current Prices,2005Q4,Industry - of which Manufacturing,329.866
Compensation of Employees at Current Prices,2005Q4,Construction,2374.470577
Compensation of Employees at Current Prices,2005Q4,Construction,1932.024577
Compensation of Employees at Current Prices,2005Q4,Construction,442.44627
Compensation of Employees at Current Prices,2005Q4,"Distribution, Transport, Hotels and Restaurants",3360.400576
Compensation of Employees at Current Prices,2005Q4,"Distribution, Transport, Hotels and Restaurants",2844.620576
Compensation of Employees at Current Prices,2005Q4,"Distribution, Transport, Hotels and Restaurants",515.78
Compensation of Employees at Current Prices,2005Q4,Information and Communication,862.5319
Compensation of Employees at Current Prices,2005Q4,Information and Communication,712.1449
Compensation of Employees at Current Prices,2005Q4,Information and Communication,150.387
Compensation of Employees at Current Prices,2005Q4,Financial and Insurance Activities,1237.427836
Compensation of Employees at Current Prices,2005Q4,Financial and Insurance Activities,992.677836
Compensation of Employees at Current Prices,2005Q4,Financial and Insurance Activities,244.749261
Compensation of Employees at Current Prices,2005Q4,Real Estate Activities,75.825485
Compensation of Employees at Current Prices,2005Q4,Real Estate Activities,65.383437
Compensation of Employees at Current Prices,2005Q4,Real Estate Activities,10.44128
Compensation of Employees at Current Prices,2005Q4,"Professional, Admin and Support Services",1412.149807
Compensation of Employees at Current Prices,2005Q4,"Professional, Admin and Support Services",1198.780813
Compensation of Employees at Current Prices,2005Q4,"Professional, Admin and Support Services",213.369
Compensation of Employees at Current Prices,2005Q4,"Public Admin, Education and Health",4802.883166
Compensation of Employees at Current Prices,2005Q4,"Public Admin, Education and Health",4157.234166
Compensation of Employees at Current Prices,2005Q4,"Public Admin, Education and Health",645.649257
Compensation of Employees at Current Prices,2005Q4,"Arts, Entertainment and Other Services",436.475795
Compensation of Employees at Current Prices,2005Q4,"Arts, Entertainment and Other Services",384.361794
Compensation of Employees at Current Prices,2005Q4,"Arts, Entertainment and Other Services",52.114
Compensation of Employees at Current Prices,2005Q4,All Sectors,17525.748158
Compensation of Employees at Current Prices,2005Q4,All Sectors,14852.144113
Compensation of Employees at Current Prices,2005Q4,All Sectors,2673.603805
Compensation of Employees at Current Prices,2006Q1,"Agriculture, Forestry and Fishing",150.719976
Compensation of Employees at Current Prices,2006Q1,"Agriculture, Forestry and Fishing",122.667227
Compensation of Employees at Current Prices,2006Q1,"Agriculture, Forestry and Fishing",28.052748
Compensation of Employees at Current Prices,2006Q1,Industry (excl. Construction),2809.668
Compensation of Employees at Current Prices,2006Q1,Industry (excl. Construction),2425.763
Compensation of Employees at Current Prices,2006Q1,Industry (excl. Construction),383.904247
Compensation of Employees at Current Prices,2006Q1,Industry - of which Manufacturing,2429.049
Compensation of Employees at Current Prices,2006Q1,Industry - of which Manufacturing,2114.873
Compensation of Employees at Current Prices,2006Q1,Industry - of which Manufacturing,314.17625
Compensation of Employees at Current Prices,2006Q1,Construction,2310.732636
Compensation of Employees at Current Prices,2006Q1,Construction,1880.848175
Compensation of Employees at Current Prices,2006Q1,Construction,429.883769
Compensation of Employees at Current Prices,2006Q1,"Distribution, Transport, Hotels and Restaurants",3264.75811
Compensation of Employees at Current Prices,2006Q1,"Distribution, Transport, Hotels and Restaurants",2733.07811
Compensation of Employees at Current Prices,2006Q1,"Distribution, Transport, Hotels and Restaurants",531.68
Compensation of Employees at Current Prices,2006Q1,Information and Communication,797.74183
Compensation of Employees at Current Prices,2006Q1,Information and Communication,655.464588
Compensation of Employees at Current Prices,2006Q1,Information and Communication,142.277241
Compensation of Employees at Current Prices,2006Q1,Financial and Insurance Activities,1442.23155
Compensation of Employees at Current Prices,2006Q1,Financial and Insurance Activities,1146.873289
Compensation of Employees at Current Prices,2006Q1,Financial and Insurance Activities,295.358
Compensation of Employees at Current Prices,2006Q1,Real Estate Activities,81.40954
Compensation of Employees at Current Prices,2006Q1,Real Estate Activities,69.431559
Compensation of Employees at Current Prices,2006Q1,Real Estate Activities,11.978249
Compensation of Employees at Current Prices,2006Q1,"Professional, Admin and Support Services",1494.231151
Compensation of Employees at Current Prices,2006Q1,"Professional, Admin and Support Services",1268.994168
Compensation of Employees at Current Prices,2006Q1,"Professional, Admin and Support Services",225.237
Compensation of Employees at Current Prices,2006Q1,"Public Admin, Education and Health",4935.467255
Compensation of Employees at Current Prices,2006Q1,"Public Admin, Education and Health",4255.753494
Compensation of Employees at Current Prices,2006Q1,"Public Admin, Education and Health",679.714
Compensation of Employees at Current Prices,2006Q1,"Arts, Entertainment and Other Services",419.727168
Compensation of Employees at Current Prices,2006Q1,"Arts, Entertainment and Other Services",366.776168
Compensation of Employees at Current Prices,2006Q1,"Arts, Entertainment and Other Services",52.951
Compensation of Employees at Current Prices,2006Q1,All Sectors,17706.687216
Compensation of Employees at Current Prices,2006Q1,All Sectors,14925.649778
Compensation of Employees at Current Prices,2006Q1,All Sectors,2781.036254
Compensation of Employees at Current Prices,2006Q2,"Agriculture, Forestry and Fishing",143.763731
Compensation of Employees at Current Prices,2006Q2,"Agriculture, Forestry and Fishing",117.005975
Compensation of Employees at Current Prices,2006Q2,"Agriculture, Forestry and Fishing",26.75776
Compensation of Employees at Current Prices,2006Q2,Industry (excl. Construction),2834.309
Compensation of Employees at Current Prices,2006Q2,Industry (excl. Construction),2447.038
Compensation of Employees at Current Prices,2006Q2,Industry (excl. Construction),387.271249
Compensation of Employees at Current Prices,2006Q2,Industry - of which Manufacturing,2425.02
Compensation of Employees at Current Prices,2006Q2,Industry - of which Manufacturing,2111.364
Compensation of Employees at Current Prices,2006Q2,Industry - of which Manufacturing,313.655249
Compensation of Employees at Current Prices,2006Q2,Construction,2428.075857
Compensation of Employees at Current Prices,2006Q2,Construction,1976.361372
Compensation of Employees at Current Prices,2006Q2,Construction,451.714758
Compensation of Employees at Current Prices,2006Q2,"Distribution, Transport, Hotels and Restaurants",3316.606902
Compensation of Employees at Current Prices,2006Q2,"Distribution, Transport, Hotels and Restaurants",2776.482902
Compensation of Employees at Current Prices,2006Q2,"Distribution, Transport, Hotels and Restaurants",540.124
Compensation of Employees at Current Prices,2006Q2,Information and Communication,817.616079
Compensation of Employees at Current Prices,2006Q2,Information and Communication,671.793831
Compensation of Employees at Current Prices,2006Q2,Information and Communication,145.822247
Compensation of Employees at Current Prices,2006Q2,Financial and Insurance Activities,1476.719271
Compensation of Employees at Current Prices,2006Q2,Financial and Insurance Activities,1174.298004
Compensation of Employees at Current Prices,2006Q2,Financial and Insurance Activities,302.421
Compensation of Employees at Current Prices,2006Q2,Real Estate Activities,78.060732
Compensation of Employees at Current Prices,2006Q2,Real Estate Activities,66.575767
Compensation of Employees at Current Prices,2006Q2,Real Estate Activities,11.486239
Compensation of Employees at Current Prices,2006Q2,"Professional, Admin and Support Services",1416.939609
Compensation of Employees at Current Prices,2006Q2,"Professional, Admin and Support Services",1203.353646
Compensation of Employees at Current Prices,2006Q2,"Professional, Admin and Support Services",213.587
Compensation of Employees at Current Prices,2006Q2,"Public Admin, Education and Health",5101.794015
Compensation of Employees at Current Prices,2006Q2,"Public Admin, Education and Health",4399.173262
Compensation of Employees at Current Prices,2006Q2,"Public Admin, Education and Health",702.62
Compensation of Employees at Current Prices,2006Q2,"Arts, Entertainment and Other Services",460.85136
Compensation of Employees at Current Prices,2006Q2,"Arts, Entertainment and Other Services",402.711358
Compensation of Employees at Current Prices,2006Q2,"Arts, Entertainment and Other Services",58.139
Compensation of Employees at Current Prices,2006Q2,All Sectors,18074.736556
Compensation of Employees at Current Prices,2006Q2,All Sectors,15234.794117
Compensation of Employees at Current Prices,2006Q2,All Sectors,2839.943253
Compensation of Employees at Current Prices,2006Q3,"Agriculture, Forestry and Fishing",163.372744
Compensation of Employees at Current Prices,2006Q3,"Agriculture, Forestry and Fishing",132.965017
Compensation of Employees at Current Prices,2006Q3,"Agriculture, Forestry and Fishing",30.407727
Compensation of Employees at Current Prices,2006Q3,Industry (excl. Construction),2819.679
Compensation of Employees at Current Prices,2006Q3,Industry (excl. Construction),2434.407
Compensation of Employees at Current Prices,2006Q3,Industry (excl. Construction),385.272248
Compensation of Employees at Current Prices,2006Q3,Industry - of which Manufacturing,2408.31
Compensation of Employees at Current Prices,2006Q3,Industry - of which Manufacturing,2096.816
Compensation of Employees at Current Prices,2006Q3,Industry - of which Manufacturing,311.494248
Compensation of Employees at Current Prices,2006Q3,Construction,2572.470891
Compensation of Employees at Current Prices,2006Q3,Construction,2093.893377
Compensation of Employees at Current Prices,2006Q3,Construction,478.577743
Compensation of Employees at Current Prices,2006Q3,"Distribution, Transport, Hotels and Restaurants",3332.840136
Compensation of Employees at Current Prices,2006Q3,"Distribution, Transport, Hotels and Restaurants",2790.073137
Compensation of Employees at Current Prices,2006Q3,"Distribution, Transport, Hotels and Restaurants",542.767
Compensation of Employees at Current Prices,2006Q3,Information and Communication,759.137692
Compensation of Employees at Current Prices,2006Q3,Information and Communication,623.745462
Compensation of Employees at Current Prices,2006Q3,Information and Communication,135.39223
Compensation of Employees at Current Prices,2006Q3,Financial and Insurance Activities,1269.640898
Compensation of Employees at Current Prices,2006Q3,Financial and Insurance Activities,1009.627669
Compensation of Employees at Current Prices,2006Q3,Financial and Insurance Activities,260.013
Compensation of Employees at Current Prices,2006Q3,Real Estate Activities,79.005375
Compensation of Employees at Current Prices,2006Q3,Real Estate Activities,67.38035
Compensation of Employees at Current Prices,2006Q3,Real Estate Activities,11.624242
Compensation of Employees at Current Prices,2006Q3,"Professional, Admin and Support Services",1467.987608
Compensation of Employees at Current Prices,2006Q3,"Professional, Admin and Support Services",1246.706634
Compensation of Employees at Current Prices,2006Q3,"Professional, Admin and Support Services",221.281
Compensation of Employees at Current Prices,2006Q3,"Public Admin, Education and Health",5170.674814
Compensation of Employees at Current Prices,2006Q3,"Public Admin, Education and Health",4458.569065
Compensation of Employees at Current Prices,2006Q3,"Public Admin, Education and Health",712.107
Compensation of Employees at Current Prices,2006Q3,"Arts, Entertainment and Other Services",506.396453
Compensation of Employees at Current Prices,2006Q3,"Arts, Entertainment and Other Services",442.512455
Compensation of Employees at Current Prices,2006Q3,"Arts, Entertainment and Other Services",63.885
Compensation of Employees at Current Prices,2006Q3,All Sectors,18141.205611
Compensation of Employees at Current Prices,2006Q3,All Sectors,15299.880166
Compensation of Employees at Current Prices,2006Q3,All Sectors,2841.32719
Compensation of Employees at Current Prices,2006Q4,"Agriculture, Forestry and Fishing",140.081549
Compensation of Employees at Current Prices,2006Q4,"Agriculture, Forestry and Fishing",114.008781
Compensation of Employees at Current Prices,2006Q4,"Agriculture, Forestry and Fishing",26.072766
Compensation of Employees at Current Prices,2006Q4,Industry (excl. Construction),2912.646
Compensation of Employees at Current Prices,2006Q4,Industry (excl. Construction),2514.671
Compensation of Employees at Current Prices,2006Q4,Industry (excl. Construction),397.975256
Compensation of Employees at Current Prices,2006Q4,Industry - of which Manufacturing,2464.125
Compensation of Employees at Current Prices,2006Q4,Industry - of which Manufacturing,2145.412
Compensation of Employees at Current Prices,2006Q4,Industry - of which Manufacturing,318.713253
Compensation of Employees at Current Prices,2006Q4,Construction,2710.776616
Compensation of Employees at Current Prices,2006Q4,Construction,2206.469075
Compensation of Employees at Current Prices,2006Q4,Construction,504.30773
Compensation of Employees at Current Prices,2006Q4,"Distribution, Transport, Hotels and Restaurants",3391.447851
Compensation of Employees at Current Prices,2006Q4,"Distribution, Transport, Hotels and Restaurants",2839.135851
Compensation of Employees at Current Prices,2006Q4,"Distribution, Transport, Hotels and Restaurants",552.312
Compensation of Employees at Current Prices,2006Q4,Information and Communication,929.9534
Compensation of Employees at Current Prices,2006Q4,Information and Communication,764.096119
Compensation of Employees at Current Prices,2006Q4,Information and Communication,165.857281
Compensation of Employees at Current Prices,2006Q4,Financial and Insurance Activities,1345.497281
Compensation of Employees at Current Prices,2006Q4,Financial and Insurance Activities,1069.949038
Compensation of Employees at Current Prices,2006Q4,Financial and Insurance Activities,275.548
Compensation of Employees at Current Prices,2006Q4,Real Estate Activities,88.173353
Compensation of Employees at Current Prices,2006Q4,Real Estate Activities,75.199324
Compensation of Employees at Current Prices,2006Q4,Real Estate Activities,12.97327
Compensation of Employees at Current Prices,2006Q4,"Professional, Admin and Support Services",1509.574632
Compensation of Employees at Current Prices,2006Q4,"Professional, Admin and Support Services",1282.023553
Compensation of Employees at Current Prices,2006Q4,"Professional, Admin and Support Services",227.55
Compensation of Employees at Current Prices,2006Q4,"Public Admin, Education and Health",5403.592916
Compensation of Employees at Current Prices,2006Q4,"Public Admin, Education and Health",4659.408178
Compensation of Employees at Current Prices,2006Q4,"Public Admin, Education and Health",744.184
Compensation of Employees at Current Prices,2006Q4,"Arts, Entertainment and Other Services",490.743019
Compensation of Employees at Current Prices,2006Q4,"Arts, Entertainment and Other Services",428.833019
Compensation of Employees at Current Prices,2006Q4,"Arts, Entertainment and Other Services",61.91
Compensation of Employees at Current Prices,2006Q4,All Sectors,18922.486617
Compensation of Employees at Current Prices,2006Q4,All Sectors,15953.793938
Compensation of Employees at Current Prices,2006Q4,All Sectors,2968.690303
Compensation of Employees at Current Prices,2007Q1,"Agriculture, Forestry and Fishing",147.186599
Compensation of Employees at Current Prices,2007Q1,"Agriculture, Forestry and Fishing",119.060353
Compensation of Employees at Current Prices,2007Q1,"Agriculture, Forestry and Fishing",28.126
Compensation of Employees at Current Prices,2007Q1,Industry (excl. Construction),2965.494
Compensation of Employees at Current Prices,2007Q1,Industry (excl. Construction),2597.495
Compensation of Employees at Current Prices,2007Q1,Industry (excl. Construction),367.999
Compensation of Employees at Current Prices,2007Q1,Industry - of which Manufacturing,2524.48
Compensation of Employees at Current Prices,2007Q1,Industry - of which Manufacturing,2213.088
Compensation of Employees at Current Prices,2007Q1,Industry - of which Manufacturing,311.391244
Compensation of Employees at Current Prices,2007Q1,Construction,2643.867885
Compensation of Employees at Current Prices,2007Q1,Construction,2154.318884
Compensation of Employees at Current Prices,2007Q1,Construction,489.549
Compensation of Employees at Current Prices,2007Q1,"Distribution, Transport, Hotels and Restaurants",3305.369969
Compensation of Employees at Current Prices,2007Q1,"Distribution, Transport, Hotels and Restaurants",2742.022969
Compensation of Employees at Current Prices,2007Q1,"Distribution, Transport, Hotels and Restaurants",563.347
Compensation of Employees at Current Prices,2007Q1,Information and Communication,781.375288
Compensation of Employees at Current Prices,2007Q1,Information and Communication,640.655059
Compensation of Employees at Current Prices,2007Q1,Information and Communication,140.719771
Compensation of Employees at Current Prices,2007Q1,Financial and Insurance Activities,1583.90147
Compensation of Employees at Current Prices,2007Q1,Financial and Insurance Activities,1256.45347
Compensation of Employees at Current Prices,2007Q1,Financial and Insurance Activities,327.447747
Compensation of Employees at Current Prices,2007Q1,Real Estate Activities,88.478034
Compensation of Employees at Current Prices,2007Q1,Real Estate Activities,74.947785
Compensation of Employees at Current Prices,2007Q1,Real Estate Activities,13.530235
Compensation of Employees at Current Prices,2007Q1,"Professional, Admin and Support Services",1575.677013
Compensation of Employees at Current Prices,2007Q1,"Professional, Admin and Support Services",1341.858544
Compensation of Employees at Current Prices,2007Q1,"Professional, Admin and Support Services",233.818238
Compensation of Employees at Current Prices,2007Q1,"Public Admin, Education and Health",5521.775862
Compensation of Employees at Current Prices,2007Q1,"Public Admin, Education and Health",4743.919106
Compensation of Employees at Current Prices,2007Q1,"Public Admin, Education and Health",777.856756
Compensation of Employees at Current Prices,2007Q1,"Arts, Entertainment and Other Services",451.610093
Compensation of Employees at Current Prices,2007Q1,"Arts, Entertainment and Other Services",391.915094
Compensation of Employees at Current Prices,2007Q1,"Arts, Entertainment and Other Services",59.696
Compensation of Employees at Current Prices,2007Q1,All Sectors,19064.736213
Compensation of Employees at Current Prices,2007Q1,All Sectors,16062.646264
Compensation of Employees at Current Prices,2007Q1,All Sectors,3002.089747
Compensation of Employees at Current Prices,2007Q2,"Agriculture, Forestry and Fishing",155.636944
Compensation of Employees at Current Prices,2007Q2,"Agriculture, Forestry and Fishing",125.896693
Compensation of Employees at Current Prices,2007Q2,"Agriculture, Forestry and Fishing",29.741
Compensation of Employees at Current Prices,2007Q2,Industry (excl. Construction),2997.763
Compensation of Employees at Current Prices,2007Q2,Industry (excl. Construction),2625.76
Compensation of Employees at Current Prices,2007Q2,Industry (excl. Construction),372.003
Compensation of Employees at Current Prices,2007Q2,Industry - of which Manufacturing,2560.011
Compensation of Employees at Current Prices,2007Q2,Industry - of which Manufacturing,2244.237
Compensation of Employees at Current Prices,2007Q2,Industry - of which Manufacturing,315.774248
Compensation of Employees at Current Prices,2007Q2,Construction,2725.193414
Compensation of Employees at Current Prices,2007Q2,Construction,2220.586414
Compensation of Employees at Current Prices,2007Q2,Construction,504.607
Compensation of Employees at Current Prices,2007Q2,"Distribution, Transport, Hotels and Restaurants",3618.471718
Compensation of Employees at Current Prices,2007Q2,"Distribution, Transport, Hotels and Restaurants",3001.761718
Compensation of Employees at Current Prices,2007Q2,"Distribution, Transport, Hotels and Restaurants",616.71
Compensation of Employees at Current Prices,2007Q2,Information and Communication,860.86236
Compensation of Employees at Current Prices,2007Q2,Information and Communication,705.827107
Compensation of Employees at Current Prices,2007Q2,Information and Communication,155.034748
Compensation of Employees at Current Prices,2007Q2,Financial and Insurance Activities,1366.774145
Compensation of Employees at Current Prices,2007Q2,Financial and Insurance Activities,1084.214145
Compensation of Employees at Current Prices,2007Q2,Financial and Insurance Activities,282.559781
Compensation of Employees at Current Prices,2007Q2,Real Estate Activities,92.255289
Compensation of Employees at Current Prices,2007Q2,Real Estate Activities,78.148064
Compensation of Employees at Current Prices,2007Q2,Real Estate Activities,14.107245
Compensation of Employees at Current Prices,2007Q2,"Professional, Admin and Support Services",1632.899778
Compensation of Employees at Current Prices,2007Q2,"Professional, Admin and Support Services",1390.590323
Compensation of Employees at Current Prices,2007Q2,"Professional, Admin and Support Services",242.310246
Compensation of Employees at Current Prices,2007Q2,"Public Admin, Education and Health",5604.000218
Compensation of Employees at Current Prices,2007Q2,"Public Admin, Education and Health",4814.560466
Compensation of Employees at Current Prices,2007Q2,"Public Admin, Education and Health",789.439752
Compensation of Employees at Current Prices,2007Q2,"Arts, Entertainment and Other Services",491.94421
Compensation of Employees at Current Prices,2007Q2,"Arts, Entertainment and Other Services",426.91721
Compensation of Employees at Current Prices,2007Q2,"Arts, Entertainment and Other Services",65.027
Compensation of Employees at Current Prices,2007Q2,All Sectors,19545.801076
Compensation of Employees at Current Prices,2007Q2,All Sectors,16474.26214
Compensation of Employees at Current Prices,2007Q2,All Sectors,3071.539772
Compensation of Employees at Current Prices,2007Q3,"Agriculture, Forestry and Fishing",149.846032
Compensation of Employees at Current Prices,2007Q3,"Agriculture, Forestry and Fishing",121.211783
Compensation of Employees at Current Prices,2007Q3,"Agriculture, Forestry and Fishing",28.634
Compensation of Employees at Current Prices,2007Q3,Industry (excl. Construction),3017.003
Compensation of Employees at Current Prices,2007Q3,Industry (excl. Construction),2642.612
Compensation of Employees at Current Prices,2007Q3,Industry (excl. Construction),374.391
Compensation of Employees at Current Prices,2007Q3,Industry - of which Manufacturing,2625.54
Compensation of Employees at Current Prices,2007Q3,Industry - of which Manufacturing,2301.683
Compensation of Employees at Current Prices,2007Q3,Industry - of which Manufacturing,323.857254
Compensation of Employees at Current Prices,2007Q3,Construction,2703.69278
Compensation of Employees at Current Prices,2007Q3,Construction,2203.06678
Compensation of Employees at Current Prices,2007Q3,Construction,500.626
Compensation of Employees at Current Prices,2007Q3,"Distribution, Transport, Hotels and Restaurants",3943.38345
Compensation of Employees at Current Prices,2007Q3,"Distribution, Transport, Hotels and Restaurants",3271.29745
Compensation of Employees at Current Prices,2007Q3,"Distribution, Transport, Hotels and Restaurants",672.086
Compensation of Employees at Current Prices,2007Q3,Information and Communication,806.882655
Compensation of Employees at Current Prices,2007Q3,Information and Communication,661.569418
Compensation of Employees at Current Prices,2007Q3,Information and Communication,145.312764
Compensation of Employees at Current Prices,2007Q3,Financial and Insurance Activities,1536.533746
Compensation of Employees at Current Prices,2007Q3,Financial and Insurance Activities,1218.878746
Compensation of Employees at Current Prices,2007Q3,Financial and Insurance Activities,317.654754
Compensation of Employees at Current Prices,2007Q3,Real Estate Activities,98.340575
Compensation of Employees at Current Prices,2007Q3,Real Estate Activities,83.302308
Compensation of Employees at Current Prices,2007Q3,Real Estate Activities,15.038261
Compensation of Employees at Current Prices,2007Q3,"Professional, Admin and Support Services",1728.719127
Compensation of Employees at Current Prices,2007Q3,"Professional, Admin and Support Services",1472.190631
Compensation of Employees at Current Prices,2007Q3,"Professional, Admin and Support Services",256.529261
Compensation of Employees at Current Prices,2007Q3,"Public Admin, Education and Health",5655.205201
Compensation of Employees at Current Prices,2007Q3,"Public Admin, Education and Health",4858.552451
Compensation of Employees at Current Prices,2007Q3,"Public Admin, Education and Health",796.65275
Compensation of Employees at Current Prices,2007Q3,"Arts, Entertainment and Other Services",501.381445
Compensation of Employees at Current Prices,2007Q3,"Arts, Entertainment and Other Services",435.106444
Compensation of Employees at Current Prices,2007Q3,"Arts, Entertainment and Other Services",66.274
Compensation of Employees at Current Prices,2007Q3,All Sectors,20140.988011
Compensation of Employees at Current Prices,2007Q3,All Sectors,16967.788011
Compensation of Employees at Current Prices,2007Q3,All Sectors,3173.19879
Compensation of Employees at Current Prices,2007Q4,"Agriculture, Forestry and Fishing",155.588425
Compensation of Employees at Current Prices,2007Q4,"Agriculture, Forestry and Fishing",125.857171
Compensation of Employees at Current Prices,2007Q4,"Agriculture, Forestry and Fishing",29.731
Compensation of Employees at Current Prices,2007Q4,Industry (excl. Construction),3018.721
Compensation of Employees at Current Prices,2007Q4,Industry (excl. Construction),2644.117
Compensation of Employees at Current Prices,2007Q4,Industry (excl. Construction),374.604
Compensation of Employees at Current Prices,2007Q4,Industry - of which Manufacturing,2620.504
Compensation of Employees at Current Prices,2007Q4,Industry - of which Manufacturing,2297.268
Compensation of Employees at Current Prices,2007Q4,Industry - of which Manufacturing,323.236254
Compensation of Employees at Current Prices,2007Q4,Construction,2676.514922
Compensation of Employees at Current Prices,2007Q4,Construction,2180.920922
Compensation of Employees at Current Prices,2007Q4,Construction,495.594
Compensation of Employees at Current Prices,2007Q4,"Distribution, Transport, Hotels and Restaurants",4339.014863
Compensation of Employees at Current Prices,2007Q4,"Distribution, Transport, Hotels and Restaurants",3599.499863
Compensation of Employees at Current Prices,2007Q4,"Distribution, Transport, Hotels and Restaurants",739.515
Compensation of Employees at Current Prices,2007Q4,Information and Communication,965.551697
Compensation of Employees at Current Prices,2007Q4,Information and Communication,791.663415
Compensation of Employees at Current Prices,2007Q4,Information and Communication,173.888717
Compensation of Employees at Current Prices,2007Q4,Financial and Insurance Activities,1766.939638
Compensation of Employees at Current Prices,2007Q4,Financial and Insurance Activities,1401.651638
Compensation of Employees at Current Prices,2007Q4,Financial and Insurance Activities,365.287717
Compensation of Employees at Current Prices,2007Q4,Real Estate Activities,97.975102
Compensation of Employees at Current Prices,2007Q4,Real Estate Activities,82.992843
Compensation of Employees at Current Prices,2007Q4,Real Estate Activities,14.98226
Compensation of Employees at Current Prices,2007Q4,"Professional, Admin and Support Services",1687.563082
Compensation of Employees at Current Prices,2007Q4,"Professional, Admin and Support Services",1437.140502
Compensation of Employees at Current Prices,2007Q4,"Professional, Admin and Support Services",250.421255
Compensation of Employees at Current Prices,2007Q4,"Public Admin, Education and Health",5812.937719
Compensation of Employees at Current Prices,2007Q4,"Public Admin, Education and Health",4994.064977
Compensation of Employees at Current Prices,2007Q4,"Public Admin, Education and Health",818.872743
Compensation of Employees at Current Prices,2007Q4,"Arts, Entertainment and Other Services",509.314252
Compensation of Employees at Current Prices,2007Q4,"Arts, Entertainment and Other Services",441.991252
Compensation of Employees at Current Prices,2007Q4,"Arts, Entertainment and Other Services",67.323
Compensation of Employees at Current Prices,2007Q4,All Sectors,21030.1207
Compensation of Employees at Current Prices,2007Q4,All Sectors,17699.899583
Compensation of Employees at Current Prices,2007Q4,All Sectors,3330.219692
Compensation of Employees at Current Prices,2008Q1,"Agriculture, Forestry and Fishing",148.055644
Compensation of Employees at Current Prices,2008Q1,"Agriculture, Forestry and Fishing",119.435392
Compensation of Employees at Current Prices,2008Q1,"Agriculture, Forestry and Fishing",28.621
Compensation of Employees at Current Prices,2008Q1,Industry (excl. Construction),2983.188
Compensation of Employees at Current Prices,2008Q1,Industry (excl. Construction),2545.833
Compensation of Employees at Current Prices,2008Q1,Industry (excl. Construction),437.354752
Compensation of Employees at Current Prices,2008Q1,Industry - of which Manufacturing,2583.991
Compensation of Employees at Current Prices,2008Q1,Industry - of which Manufacturing,2208.407
Compensation of Employees at Current Prices,2008Q1,Industry - of which Manufacturing,375.584748
Compensation of Employees at Current Prices,2008Q1,Construction,2339.430801
Compensation of Employees at Current Prices,2008Q1,Construction,1961.183801
Compensation of Employees at Current Prices,2008Q1,Construction,378.246736
Compensation of Employees at Current Prices,2008Q1,"Distribution, Transport, Hotels and Restaurants",4056.137923
Compensation of Employees at Current Prices,2008Q1,"Distribution, Transport, Hotels and Restaurants",3501.864177
Compensation of Employees at Current Prices,2008Q1,"Distribution, Transport, Hotels and Restaurants",554.274
Compensation of Employees at Current Prices,2008Q1,Information and Communication,987.881428
Compensation of Employees at Current Prices,2008Q1,Information and Communication,815.232428
Compensation of Employees at Current Prices,2008Q1,Information and Communication,172.649
Compensation of Employees at Current Prices,2008Q1,Financial and Insurance Activities,1765.384028
Compensation of Employees at Current Prices,2008Q1,Financial and Insurance Activities,1383.730295
Compensation of Employees at Current Prices,2008Q1,Financial and Insurance Activities,381.654267
Compensation of Employees at Current Prices,2008Q1,Real Estate Activities,88.834438
Compensation of Employees at Current Prices,2008Q1,Real Estate Activities,78.601946
Compensation of Employees at Current Prices,2008Q1,Real Estate Activities,10.233
Compensation of Employees at Current Prices,2008Q1,"Professional, Admin and Support Services",1764.631039
Compensation of Employees at Current Prices,2008Q1,"Professional, Admin and Support Services",1516.561293
Compensation of Employees at Current Prices,2008Q1,"Professional, Admin and Support Services",248.07
Compensation of Employees at Current Prices,2008Q1,"Public Admin, Education and Health",5908.350889
Compensation of Employees at Current Prices,2008Q1,"Public Admin, Education and Health",5059.548649
Compensation of Employees at Current Prices,2008Q1,"Public Admin, Education and Health",848.802
Compensation of Employees at Current Prices,2008Q1,"Arts, Entertainment and Other Services",487.51166
Compensation of Employees at Current Prices,2008Q1,"Arts, Entertainment and Other Services",429.06666
Compensation of Employees at Current Prices,2008Q1,"Arts, Entertainment and Other Services",58.444766
Compensation of Employees at Current Prices,2008Q1,All Sectors,20529.40585
Compensation of Employees at Current Prices,2008Q1,All Sectors,17411.057641
Compensation of Employees at Current Prices,2008Q1,All Sectors,3118.349521
Compensation of Employees at Current Prices,2008Q2,"Agriculture, Forestry and Fishing",158.065085
Compensation of Employees at Current Prices,2008Q2,"Agriculture, Forestry and Fishing",127.509815
Compensation of Employees at Current Prices,2008Q2,"Agriculture, Forestry and Fishing",30.556
Compensation of Employees at Current Prices,2008Q2,Industry (excl. Construction),3015.189
Compensation of Employees at Current Prices,2008Q2,Industry (excl. Construction),2573.143
Compensation of Employees at Current Prices,2008Q2,Industry (excl. Construction),442.04675
Compensation of Employees at Current Prices,2008Q2,Industry - of which Manufacturing,2549.158
Compensation of Employees at Current Prices,2008Q2,Industry - of which Manufacturing,2178.636
Compensation of Employees at Current Prices,2008Q2,Industry - of which Manufacturing,370.521751
Compensation of Employees at Current Prices,2008Q2,Construction,2301.873654
Compensation of Employees at Current Prices,2008Q2,Construction,1929.698654
Compensation of Employees at Current Prices,2008Q2,Construction,372.17474
Compensation of Employees at Current Prices,2008Q2,"Distribution, Transport, Hotels and Restaurants",4027.127751
Compensation of Employees at Current Prices,2008Q2,"Distribution, Transport, Hotels and Restaurants",3476.818003
Compensation of Employees at Current Prices,2008Q2,"Distribution, Transport, Hotels and Restaurants",550.31
Compensation of Employees at Current Prices,2008Q2,Information and Communication,917.916275
Compensation of Employees at Current Prices,2008Q2,Information and Communication,757.494275
Compensation of Employees at Current Prices,2008Q2,Information and Communication,160.422
Compensation of Employees at Current Prices,2008Q2,Financial and Insurance Activities,1743.471839
Compensation of Employees at Current Prices,2008Q2,Financial and Insurance Activities,1366.555103
Compensation of Employees at Current Prices,2008Q2,Financial and Insurance Activities,376.917264
Compensation of Employees at Current Prices,2008Q2,Real Estate Activities,91.931499
Compensation of Employees at Current Prices,2008Q2,Real Estate Activities,81.341975
Compensation of Employees at Current Prices,2008Q2,Real Estate Activities,10.589
Compensation of Employees at Current Prices,2008Q2,"Professional, Admin and Support Services",1786.933961
Compensation of Employees at Current Prices,2008Q2,"Professional, Admin and Support Services",1535.72924
Compensation of Employees at Current Prices,2008Q2,"Professional, Admin and Support Services",251.205
Compensation of Employees at Current Prices,2008Q2,"Public Admin, Education and Health",6103.632767
Compensation of Employees at Current Prices,2008Q2,"Public Admin, Education and Health",5226.77652
Compensation of Employees at Current Prices,2008Q2,"Public Admin, Education and Health",876.857
Compensation of Employees at Current Prices,2008Q2,"Arts, Entertainment and Other Services",506.096799
Compensation of Employees at Current Prices,2008Q2,"Arts, Entertainment and Other Services",445.423799
Compensation of Employees at Current Prices,2008Q2,"Arts, Entertainment and Other Services",60.672758
Compensation of Employees at Current Prices,2008Q2,All Sectors,20652.23863
Compensation of Employees at Current Prices,2008Q2,All Sectors,17520.490384
Compensation of Employees at Current Prices,2008Q2,All Sectors,3131.750512
Compensation of Employees at Current Prices,2008Q3,"Agriculture, Forestry and Fishing",140.018985
Compensation of Employees at Current Prices,2008Q3,"Agriculture, Forestry and Fishing",112.95174
Compensation of Employees at Current Prices,2008Q3,"Agriculture, Forestry and Fishing",27.067
Compensation of Employees at Current Prices,2008Q3,Industry (excl. Construction),3030.963
Compensation of Employees at Current Prices,2008Q3,Industry (excl. Construction),2586.604
Compensation of Employees at Current Prices,2008Q3,Industry (excl. Construction),444.358748
Compensation of Employees at Current Prices,2008Q3,Industry - of which Manufacturing,2548.815
Compensation of Employees at Current Prices,2008Q3,Industry - of which Manufacturing,2178.343
Compensation of Employees at Current Prices,2008Q3,Industry - of which Manufacturing,370.471751
Compensation of Employees at Current Prices,2008Q3,Construction,2154.969873
Compensation of Employees at Current Prices,2008Q3,Construction,1806.546873
Compensation of Employees at Current Prices,2008Q3,Construction,348.422757
Compensation of Employees at Current Prices,2008Q3,"Distribution, Transport, Hotels and Restaurants",4049.130461
Compensation of Employees at Current Prices,2008Q3,"Distribution, Transport, Hotels and Restaurants",3495.814715
Compensation of Employees at Current Prices,2008Q3,"Distribution, Transport, Hotels and Restaurants",553.316
Compensation of Employees at Current Prices,2008Q3,Information and Communication,978.947982
Compensation of Employees at Current Prices,2008Q3,Information and Communication,807.859982
Compensation of Employees at Current Prices,2008Q3,Information and Communication,171.088
Compensation of Employees at Current Prices,2008Q3,Financial and Insurance Activities,1462.50931
Compensation of Employees at Current Prices,2008Q3,Financial and Insurance Activities,1146.332531
Compensation of Employees at Current Prices,2008Q3,Financial and Insurance Activities,316.176222
Compensation of Employees at Current Prices,2008Q3,Real Estate Activities,92.876223
Compensation of Employees at Current Prices,2008Q3,Real Estate Activities,82.177683
Compensation of Employees at Current Prices,2008Q3,Real Estate Activities,10.698
Compensation of Employees at Current Prices,2008Q3,"Professional, Admin and Support Services",1695.428659
Compensation of Employees at Current Prices,2008Q3,"Professional, Admin and Support Services",1457.086876
Compensation of Employees at Current Prices,2008Q3,"Professional, Admin and Support Services",238.342
Compensation of Employees at Current Prices,2008Q3,"Public Admin, Education and Health",6161.021294
Compensation of Employees at Current Prices,2008Q3,"Public Admin, Education and Health",5275.920045
Compensation of Employees at Current Prices,2008Q3,"Public Admin, Education and Health",885.101
Compensation of Employees at Current Prices,2008Q3,"Arts, Entertainment and Other Services",560.711612
Compensation of Employees at Current Prices,2008Q3,"Arts, Entertainment and Other Services",493.491613
Compensation of Employees at Current Prices,2008Q3,"Arts, Entertainment and Other Services",67.219731
Compensation of Employees at Current Prices,2008Q3,All Sectors,20326.577399
Compensation of Employees at Current Prices,2008Q3,All Sectors,17264.786058
Compensation of Employees at Current Prices,2008Q3,All Sectors,3061.789458
Compensation of Employees at Current Prices,2008Q4,"Agriculture, Forestry and Fishing",128.371286
Compensation of Employees at Current Prices,2008Q4,"Agriculture, Forestry and Fishing",103.555053
Compensation of Employees at Current Prices,2008Q4,"Agriculture, Forestry and Fishing",24.815
Compensation of Employees at Current Prices,2008Q4,Industry (excl. Construction),3009.682
Compensation of Employees at Current Prices,2008Q4,Industry (excl. Construction),2568.442
Compensation of Employees at Current Prices,2008Q4,Industry (excl. Construction),441.23875
Compensation of Employees at Current Prices,2008Q4,Industry - of which Manufacturing,2552.68
Compensation of Employees at Current Prices,2008Q4,Industry - of which Manufacturing,2181.647
Compensation of Employees at Current Prices,2008Q4,Industry - of which Manufacturing,371.033751
Compensation of Employees at Current Prices,2008Q4,Construction,2059.710672
Compensation of Employees at Current Prices,2008Q4,Construction,1726.690672
Compensation of Employees at Current Prices,2008Q4,Construction,333.020767
Compensation of Employees at Current Prices,2008Q4,"Distribution, Transport, Hotels and Restaurants",3826.512865
Compensation of Employees at Current Prices,2008Q4,"Distribution, Transport, Hotels and Restaurants",3303.617104
Compensation of Employees at Current Prices,2008Q4,"Distribution, Transport, Hotels and Restaurants",522.895
Compensation of Employees at Current Prices,2008Q4,Information and Communication,918.061315
Compensation of Employees at Current Prices,2008Q4,Information and Communication,757.614315
Compensation of Employees at Current Prices,2008Q4,Information and Communication,160.447
Compensation of Employees at Current Prices,2008Q4,Financial and Insurance Activities,1629.382824
Compensation of Employees at Current Prices,2008Q4,Financial and Insurance Activities,1277.13007
Compensation of Employees at Current Prices,2008Q4,Financial and Insurance Activities,352.252247
Compensation of Employees at Current Prices,2008Q4,Real Estate Activities,76.128841
Compensation of Employees at Current Prices,2008Q4,Real Estate Activities,67.359396
Compensation of Employees at Current Prices,2008Q4,Real Estate Activities,8.769
Compensation of Employees at Current Prices,2008Q4,"Professional, Admin and Support Services",1613.66434
Compensation of Employees at Current Prices,2008Q4,"Professional, Admin and Support Services",1386.817591
Compensation of Employees at Current Prices,2008Q4,"Professional, Admin and Support Services",226.847
Compensation of Employees at Current Prices,2008Q4,"Public Admin, Education and Health",6517.74405
Compensation of Employees at Current Prices,2008Q4,"Public Admin, Education and Health",5581.395786
Compensation of Employees at Current Prices,2008Q4,"Public Admin, Education and Health",936.348
Compensation of Employees at Current Prices,2008Q4,"Arts, Entertainment and Other Services",533.206928
Compensation of Employees at Current Prices,2008Q4,"Arts, Entertainment and Other Services",469.283928
Compensation of Employees at Current Prices,2008Q4,"Arts, Entertainment and Other Services",63.922745
Compensation of Employees at Current Prices,2008Q4,All Sectors,20312.465121
Compensation of Employees at Current Prices,2008Q4,All Sectors,17241.905915
Compensation of Employees at Current Prices,2008Q4,All Sectors,3070.555509
Compensation of Employees at Current Prices,2009Q1,"Agriculture, Forestry and Fishing",127.311739
Compensation of Employees at Current Prices,2009Q1,"Agriculture, Forestry and Fishing",103.015519
Compensation of Employees at Current Prices,2009Q1,"Agriculture, Forestry and Fishing",24.296
Compensation of Employees at Current Prices,2009Q1,Industry (excl. Construction),2784.944742
Compensation of Employees at Current Prices,2009Q1,Industry (excl. Construction),2323.336
Compensation of Employees at Current Prices,2009Q1,Industry (excl. Construction),461.609
Compensation of Employees at Current Prices,2009Q1,Industry - of which Manufacturing,2312.54974
Compensation of Employees at Current Prices,2009Q1,Industry - of which Manufacturing,1939.87826
Compensation of Employees at Current Prices,2009Q1,Industry - of which Manufacturing,372.671
Compensation of Employees at Current Prices,2009Q1,Construction,1657.483828
Compensation of Employees at Current Prices,2009Q1,Construction,1378.152828
Compensation of Employees at Current Prices,2009Q1,Construction,279.331298
Compensation of Employees at Current Prices,2009Q1,"Distribution, Transport, Hotels and Restaurants",3606.002553
Compensation of Employees at Current Prices,2009Q1,"Distribution, Transport, Hotels and Restaurants",3127.263553
Compensation of Employees at Current Prices,2009Q1,"Distribution, Transport, Hotels and Restaurants",478.739
Compensation of Employees at Current Prices,2009Q1,Information and Communication,973.674317
Compensation of Employees at Current Prices,2009Q1,Information and Communication,811.867063
Compensation of Employees at Current Prices,2009Q1,Information and Communication,161.807
Compensation of Employees at Current Prices,2009Q1,Financial and Insurance Activities,1630.187097
Compensation of Employees at Current Prices,2009Q1,Financial and Insurance Activities,1250.334842
Compensation of Employees at Current Prices,2009Q1,Financial and Insurance Activities,379.852
Compensation of Employees at Current Prices,2009Q1,Real Estate Activities,66.08505
Compensation of Employees at Current Prices,2009Q1,Real Estate Activities,58.326055
Compensation of Employees at Current Prices,2009Q1,Real Estate Activities,7.759
Compensation of Employees at Current Prices,2009Q1,"Professional, Admin and Support Services",1631.686615
Compensation of Employees at Current Prices,2009Q1,"Professional, Admin and Support Services",1408.498623
Compensation of Employees at Current Prices,2009Q1,"Professional, Admin and Support Services",223.188
Compensation of Employees at Current Prices,2009Q1,"Public Admin, Education and Health",6165.051889
Compensation of Employees at Current Prices,2009Q1,"Public Admin, Education and Health",5260.401889
Compensation of Employees at Current Prices,2009Q1,"Public Admin, Education and Health",904.649749
Compensation of Employees at Current Prices,2009Q1,"Arts, Entertainment and Other Services",516.569908
Compensation of Employees at Current Prices,2009Q1,"Arts, Entertainment and Other Services",458.689908
Compensation of Employees at Current Prices,2009Q1,"Arts, Entertainment and Other Services",57.88
Compensation of Employees at Current Prices,2009Q1,All Sectors,19158.997738
Compensation of Employees at Current Prices,2009Q1,All Sectors,16179.88628
Compensation of Employees at Current Prices,2009Q1,All Sectors,2979.111047
Compensation of Employees at Current Prices,2009Q2,"Agriculture, Forestry and Fishing",138.546968
Compensation of Employees at Current Prices,2009Q2,"Agriculture, Forestry and Fishing",112.10673
Compensation of Employees at Current Prices,2009Q2,"Agriculture, Forestry and Fishing",26.441
Compensation of Employees at Current Prices,2009Q2,Industry (excl. Construction),2725.588747
Compensation of Employees at Current Prices,2009Q2,Industry (excl. Construction),2273.818
Compensation of Employees at Current Prices,2009Q2,Industry (excl. Construction),451.77
Compensation of Employees at Current Prices,2009Q2,Industry - of which Manufacturing,2241.935748
Compensation of Employees at Current Prices,2009Q2,Industry - of which Manufacturing,1880.644252
Compensation of Employees at Current Prices,2009Q2,Industry - of which Manufacturing,361.292
Compensation of Employees at Current Prices,2009Q2,Construction,1380.045129
Compensation of Employees at Current Prices,2009Q2,Construction,1147.470129
Compensation of Employees at Current Prices,2009Q2,Construction,232.575248
Compensation of Employees at Current Prices,2009Q2,"Distribution, Transport, Hotels and Restaurants",3617.720665
Compensation of Employees at Current Prices,2009Q2,"Distribution, Transport, Hotels and Restaurants",3137.425666
Compensation of Employees at Current Prices,2009Q2,"Distribution, Transport, Hotels and Restaurants",480.295
Compensation of Employees at Current Prices,2009Q2,Information and Communication,950.008817
Compensation of Employees at Current Prices,2009Q2,Information and Communication,792.134568
Compensation of Employees at Current Prices,2009Q2,Information and Communication,157.874
Compensation of Employees at Current Prices,2009Q2,Financial and Insurance Activities,1576.376871
Compensation of Employees at Current Prices,2009Q2,Financial and Insurance Activities,1209.062624
Compensation of Employees at Current Prices,2009Q2,Financial and Insurance Activities,367.314
Compensation of Employees at Current Prices,2009Q2,Real Estate Activities,68.850533
Compensation of Employees at Current Prices,2009Q2,Real Estate Activities,60.76652
Compensation of Employees at Current Prices,2009Q2,Real Estate Activities,8.084
Compensation of Employees at Current Prices,2009Q2,"Professional, Admin and Support Services",1539.496593
Compensation of Employees at Current Prices,2009Q2,"Professional, Admin and Support Services",1328.918596
Compensation of Employees at Current Prices,2009Q2,"Professional, Admin and Support Services",210.578
Compensation of Employees at Current Prices,2009Q2,"Public Admin, Education and Health",6156.490989
Compensation of Employees at Current Prices,2009Q2,"Public Admin, Education and Health",5253.096989
Compensation of Employees at Current Prices,2009Q2,"Public Admin, Education and Health",903.393749
Compensation of Employees at Current Prices,2009Q2,"Arts, Entertainment and Other Services",490.950171
Compensation of Employees at Current Prices,2009Q2,"Arts, Entertainment and Other Services",435.94017
Compensation of Employees at Current Prices,2009Q2,"Arts, Entertainment and Other Services",55.009
Compensation of Employees at Current Prices,2009Q2,All Sectors,18644.075483
Compensation of Employees at Current Prices,2009Q2,All Sectors,15750.739992
Compensation of Employees at Current Prices,2009Q2,All Sectors,2893.333997
Compensation of Employees at Current Prices,2009Q3,"Agriculture, Forestry and Fishing",156.553604
Compensation of Employees at Current Prices,2009Q3,"Agriculture, Forestry and Fishing",126.677339
Compensation of Employees at Current Prices,2009Q3,"Agriculture, Forestry and Fishing",29.877
Compensation of Employees at Current Prices,2009Q3,Industry (excl. Construction),2565.538762
Compensation of Employees at Current Prices,2009Q3,Industry (excl. Construction),2140.297
Compensation of Employees at Current Prices,2009Q3,Industry (excl. Construction),425.242
Compensation of Employees at Current Prices,2009Q3,Industry - of which Manufacturing,2104.857763
Compensation of Employees at Current Prices,2009Q3,Industry - of which Manufacturing,1765.656237
Compensation of Employees at Current Prices,2009Q3,Industry - of which Manufacturing,339.202
Compensation of Employees at Current Prices,2009Q3,Construction,1322.877234
Compensation of Employees at Current Prices,2009Q3,Construction,1099.936234
Compensation of Employees at Current Prices,2009Q3,Construction,222.941238
Compensation of Employees at Current Prices,2009Q3,"Distribution, Transport, Hotels and Restaurants",3528.100084
Compensation of Employees at Current Prices,2009Q3,"Distribution, Transport, Hotels and Restaurants",3059.703084
Compensation of Employees at Current Prices,2009Q3,"Distribution, Transport, Hotels and Restaurants",468.397
Compensation of Employees at Current Prices,2009Q3,Information and Communication,938.629171
Compensation of Employees at Current Prices,2009Q3,Information and Communication,782.645926
Compensation of Employees at Current Prices,2009Q3,Information and Communication,155.983
Compensation of Employees at Current Prices,2009Q3,Financial and Insurance Activities,1536.576567
Compensation of Employees at Current Prices,2009Q3,Financial and Insurance Activities,1178.536327
Compensation of Employees at Current Prices,2009Q3,Financial and Insurance Activities,358.04
Compensation of Employees at Current Prices,2009Q3,Real Estate Activities,73.994859
Compensation of Employees at Current Prices,2009Q3,Real Estate Activities,65.306846
Compensation of Employees at Current Prices,2009Q3,Real Estate Activities,8.688
Compensation of Employees at Current Prices,2009Q3,"Professional, Admin and Support Services",1493.488693
Compensation of Employees at Current Prices,2009Q3,"Professional, Admin and Support Services",1289.203687
Compensation of Employees at Current Prices,2009Q3,"Professional, Admin and Support Services",204.285
Compensation of Employees at Current Prices,2009Q3,"Public Admin, Education and Health",6175.856812
Compensation of Employees at Current Prices,2009Q3,"Public Admin, Education and Health",5269.621812
Compensation of Employees at Current Prices,2009Q3,"Public Admin, Education and Health",906.235749
Compensation of Employees at Current Prices,2009Q3,"Arts, Entertainment and Other Services",502.431393
Compensation of Employees at Current Prices,2009Q3,"Arts, Entertainment and Other Services",446.135393
Compensation of Employees at Current Prices,2009Q3,"Arts, Entertainment and Other Services",56.296
Compensation of Employees at Current Prices,2009Q3,All Sectors,18294.047179
Compensation of Employees at Current Prices,2009Q3,All Sectors,15458.063648
Compensation of Employees at Current Prices,2009Q3,All Sectors,2835.984987
Compensation of Employees at Current Prices,2009Q4,"Agriculture, Forestry and Fishing",156.002689
Compensation of Employees at Current Prices,2009Q4,"Agriculture, Forestry and Fishing",126.230412
Compensation of Employees at Current Prices,2009Q4,"Agriculture, Forestry and Fishing",29.772
Compensation of Employees at Current Prices,2009Q4,Industry (excl. Construction),2704.412749
Compensation of Employees at Current Prices,2009Q4,Industry (excl. Construction),2256.152
Compensation of Employees at Current Prices,2009Q4,Industry (excl. Construction),448.261
Compensation of Employees at Current Prices,2009Q4,Industry - of which Manufacturing,2232.662749
Compensation of Employees at Current Prices,2009Q4,Industry - of which Manufacturing,1872.865251
Compensation of Employees at Current Prices,2009Q4,Industry - of which Manufacturing,359.797
Compensation of Employees at Current Prices,2009Q4,Construction,1206.617809
Compensation of Employees at Current Prices,2009Q4,Construction,1003.269809
Compensation of Employees at Current Prices,2009Q4,Construction,203.348217
Compensation of Employees at Current Prices,2009Q4,"Distribution, Transport, Hotels and Restaurants",3492.131697
Compensation of Employees at Current Prices,2009Q4,"Distribution, Transport, Hotels and Restaurants",3028.509697
Compensation of Employees at Current Prices,2009Q4,"Distribution, Transport, Hotels and Restaurants",463.622
Compensation of Employees at Current Prices,2009Q4,Information and Communication,962.391695
Compensation of Employees at Current Prices,2009Q4,Information and Communication,802.459443
Compensation of Employees at Current Prices,2009Q4,Information and Communication,159.932
Compensation of Employees at Current Prices,2009Q4,Financial and Insurance Activities,1651.128466
Compensation of Employees at Current Prices,2009Q4,Financial and Insurance Activities,1266.396207
Compensation of Employees at Current Prices,2009Q4,Financial and Insurance Activities,384.732
Compensation of Employees at Current Prices,2009Q4,Real Estate Activities,56.488558
Compensation of Employees at Current Prices,2009Q4,Real Estate Activities,49.85658
Compensation of Employees at Current Prices,2009Q4,Real Estate Activities,6.632
Compensation of Employees at Current Prices,2009Q4,"Professional, Admin and Support Services",1483.9921
Compensation of Employees at Current Prices,2009Q4,"Professional, Admin and Support Services",1281.006095
Compensation of Employees at Current Prices,2009Q4,"Professional, Admin and Support Services",202.986
Compensation of Employees at Current Prices,2009Q4,"Public Admin, Education and Health",6075.98631
Compensation of Employees at Current Prices,2009Q4,"Public Admin, Education and Health",5184.40531
Compensation of Employees at Current Prices,2009Q4,"Public Admin, Education and Health",891.580753
Compensation of Employees at Current Prices,2009Q4,"Arts, Entertainment and Other Services",510.612528
Compensation of Employees at Current Prices,2009Q4,"Arts, Entertainment and Other Services",453.400529
Compensation of Employees at Current Prices,2009Q4,"Arts, Entertainment and Other Services",57.213
Compensation of Employees at Current Prices,2009Q4,All Sectors,18299.764601
Compensation of Employees at Current Prices,2009Q4,All Sectors,15451.686082
Compensation of Employees at Current Prices,2009Q4,All Sectors,2848.07897
Compensation of Employees at Current Prices,2010Q1,"Agriculture, Forestry and Fishing",147.787229
Compensation of Employees at Current Prices,2010Q1,"Agriculture, Forestry and Fishing",120.850891
Compensation of Employees at Current Prices,2010Q1,"Agriculture, Forestry and Fishing",26.936339
Compensation of Employees at Current Prices,2010Q1,Industry (excl. Construction),2412.107196
Compensation of Employees at Current Prices,2010Q1,Industry (excl. Construction),2036.251644
Compensation of Employees at Current Prices,2010Q1,Industry (excl. Construction),375.855552
Compensation of Employees at Current Prices,2010Q1,Industry - of which Manufacturing,2059.1456
Compensation of Employees at Current Prices,2010Q1,Industry - of which Manufacturing,1744.620565
Compensation of Employees at Current Prices,2010Q1,Industry - of which Manufacturing,314.525035
Compensation of Employees at Current Prices,2010Q1,Construction,1082.211502
Compensation of Employees at Current Prices,2010Q1,Construction,893.078506
Compensation of Employees at Current Prices,2010Q1,Construction,189.132996
Compensation of Employees at Current Prices,2010Q1,"Distribution, Transport, Hotels and Restaurants",3313.033466
Compensation of Employees at Current Prices,2010Q1,"Distribution, Transport, Hotels and Restaurants",2897.621656
Compensation of Employees at Current Prices,2010Q1,"Distribution, Transport, Hotels and Restaurants",415.411811
Compensation of Employees at Current Prices,2010Q1,Information and Communication,989.435229
Compensation of Employees at Current Prices,2010Q1,Information and Communication,841.276094
Compensation of Employees at Current Prices,2010Q1,Information and Communication,148.159135
Compensation of Employees at Current Prices,2010Q1,Financial and Insurance Activities,1755.138607
Compensation of Employees at Current Prices,2010Q1,Financial and Insurance Activities,1424.922097
Compensation of Employees at Current Prices,2010Q1,Financial and Insurance Activities,330.21651
Compensation of Employees at Current Prices,2010Q1,Real Estate Activities,76.450475
Compensation of Employees at Current Prices,2010Q1,Real Estate Activities,68.28581
Compensation of Employees at Current Prices,2010Q1,Real Estate Activities,8.164665
Compensation of Employees at Current Prices,2010Q1,"Professional, Admin and Support Services",1517.875458
Compensation of Employees at Current Prices,2010Q1,"Professional, Admin and Support Services",1313.517873
Compensation of Employees at Current Prices,2010Q1,"Professional, Admin and Support Services",204.357585
Compensation of Employees at Current Prices,2010Q1,"Public Admin, Education and Health",5696.098715
Compensation of Employees at Current Prices,2010Q1,"Public Admin, Education and Health",4829.824169
Compensation of Employees at Current Prices,2010Q1,"Public Admin, Education and Health",866.274545
Compensation of Employees at Current Prices,2010Q1,"Arts, Entertainment and Other Services",426.513271
Compensation of Employees at Current Prices,2010Q1,"Arts, Entertainment and Other Services",379.521428
Compensation of Employees at Current Prices,2010Q1,"Arts, Entertainment and Other Services",46.991842
Compensation of Employees at Current Prices,2010Q1,All Sectors,17416.651147
Compensation of Employees at Current Prices,2010Q1,All Sectors,14805.150167
Compensation of Employees at Current Prices,2010Q1,All Sectors,2611.50098
Compensation of Employees at Current Prices,2010Q2,"Agriculture, Forestry and Fishing",153.066886
Compensation of Employees at Current Prices,2010Q2,"Agriculture, Forestry and Fishing",126.130547
Compensation of Employees at Current Prices,2010Q2,"Agriculture, Forestry and Fishing",26.936339
Compensation of Employees at Current Prices,2010Q2,Industry (excl. Construction),2451.931566
Compensation of Employees at Current Prices,2010Q2,Industry (excl. Construction),2054.682632
Compensation of Employees at Current Prices,2010Q2,Industry (excl. Construction),397.248934
Compensation of Employees at Current Prices,2010Q2,Industry - of which Manufacturing,2092.200854
Compensation of Employees at Current Prices,2010Q2,Industry - of which Manufacturing,1756.232146
Compensation of Employees at Current Prices,2010Q2,Industry - of which Manufacturing,335.968708
Compensation of Employees at Current Prices,2010Q2,Construction,971.548516
Compensation of Employees at Current Prices,2010Q2,Construction,815.790398
Compensation of Employees at Current Prices,2010Q2,Construction,155.758118
Compensation of Employees at Current Prices,2010Q2,"Distribution, Transport, Hotels and Restaurants",3423.438713
Compensation of Employees at Current Prices,2010Q2,"Distribution, Transport, Hotels and Restaurants",2991.80932
Compensation of Employees at Current Prices,2010Q2,"Distribution, Transport, Hotels and Restaurants",431.629393
Compensation of Employees at Current Prices,2010Q2,Information and Communication,1057.68641
Compensation of Employees at Current Prices,2010Q2,Information and Communication,849.882356
Compensation of Employees at Current Prices,2010Q2,Information and Communication,207.804054
Compensation of Employees at Current Prices,2010Q2,Financial and Insurance Activities,1745.763575
Compensation of Employees at Current Prices,2010Q2,Financial and Insurance Activities,1390.598466
Compensation of Employees at Current Prices,2010Q2,Financial and Insurance Activities,355.165109
Compensation of Employees at Current Prices,2010Q2,Real Estate Activities,69.903983
Compensation of Employees at Current Prices,2010Q2,Real Estate Activities,62.763125
Compensation of Employees at Current Prices,2010Q2,Real Estate Activities,7.140858
Compensation of Employees at Current Prices,2010Q2,"Professional, Admin and Support Services",1461.871805
Compensation of Employees at Current Prices,2010Q2,"Professional, Admin and Support Services",1278.847424
Compensation of Employees at Current Prices,2010Q2,"Professional, Admin and Support Services",183.024381
Compensation of Employees at Current Prices,2010Q2,"Public Admin, Education and Health",5726.50839
Compensation of Employees at Current Prices,2010Q2,"Public Admin, Education and Health",4916.801207
Compensation of Employees at Current Prices,2010Q2,"Public Admin, Education and Health",809.707183
Compensation of Employees at Current Prices,2010Q2,"Arts, Entertainment and Other Services",436.012173
Compensation of Employees at Current Prices,2010Q2,"Arts, Entertainment and Other Services",390.271134
Compensation of Employees at Current Prices,2010Q2,"Arts, Entertainment and Other Services",45.741039
Compensation of Employees at Current Prices,2010Q2,All Sectors,17497.732017
Compensation of Employees at Current Prices,2010Q2,All Sectors,14877.576611
Compensation of Employees at Current Prices,2010Q2,All Sectors,2620.155407
Compensation of Employees at Current Prices,2010Q3,"Agriculture, Forestry and Fishing",156.602493
Compensation of Employees at Current Prices,2010Q3,"Agriculture, Forestry and Fishing",129.666154
Compensation of Employees at Current Prices,2010Q3,"Agriculture, Forestry and Fishing",26.936339
Compensation of Employees at Current Prices,2010Q3,Industry (excl. Construction),2496.610575
Compensation of Employees at Current Prices,2010Q3,Industry (excl. Construction),2080.341223
Compensation of Employees at Current Prices,2010Q3,Industry (excl. Construction),416.269352
Compensation of Employees at Current Prices,2010Q3,Industry - of which Manufacturing,2133.36622
Compensation of Employees at Current Prices,2010Q3,Industry - of which Manufacturing,1778.109033
Compensation of Employees at Current Prices,2010Q3,Industry - of which Manufacturing,355.257186
Compensation of Employees at Current Prices,2010Q3,Construction,838.030339
Compensation of Employees at Current Prices,2010Q3,Construction,718.714889
Compensation of Employees at Current Prices,2010Q3,Construction,119.31545
Compensation of Employees at Current Prices,2010Q3,"Distribution, Transport, Hotels and Restaurants",3422.1232
Compensation of Employees at Current Prices,2010Q3,"Distribution, Transport, Hotels and Restaurants",2995.395491
Compensation of Employees at Current Prices,2010Q3,"Distribution, Transport, Hotels and Restaurants",426.727709
Compensation of Employees at Current Prices,2010Q3,Information and Communication,1053.829204
Compensation of Employees at Current Prices,2010Q3,Information and Communication,889.223139
Compensation of Employees at Current Prices,2010Q3,Information and Communication,164.606066
Compensation of Employees at Current Prices,2010Q3,Financial and Insurance Activities,1575.539672
Compensation of Employees at Current Prices,2010Q3,Financial and Insurance Activities,1286.418029
Compensation of Employees at Current Prices,2010Q3,Financial and Insurance Activities,289.121644
Compensation of Employees at Current Prices,2010Q3,Real Estate Activities,80.725794
Compensation of Employees at Current Prices,2010Q3,Real Estate Activities,72.30819
Compensation of Employees at Current Prices,2010Q3,Real Estate Activities,8.417605
Compensation of Employees at Current Prices,2010Q3,"Professional, Admin and Support Services",1318.001971
Compensation of Employees at Current Prices,2010Q3,"Professional, Admin and Support Services",1149.797688
Compensation of Employees at Current Prices,2010Q3,"Professional, Admin and Support Services",168.204283
Compensation of Employees at Current Prices,2010Q3,"Public Admin, Education and Health",5967.513025
Compensation of Employees at Current Prices,2010Q3,"Public Admin, Education and Health",5118.970331
Compensation of Employees at Current Prices,2010Q3,"Public Admin, Education and Health",848.542694
Compensation of Employees at Current Prices,2010Q3,"Arts, Entertainment and Other Services",472.061598
Compensation of Employees at Current Prices,2010Q3,"Arts, Entertainment and Other Services",422.675119
Compensation of Employees at Current Prices,2010Q3,"Arts, Entertainment and Other Services",49.38648
Compensation of Employees at Current Prices,2010Q3,All Sectors,17381.037873
Compensation of Employees at Current Prices,2010Q3,All Sectors,14863.510252
Compensation of Employees at Current Prices,2010Q3,All Sectors,2517.527622
Compensation of Employees at Current Prices,2010Q4,"Agriculture, Forestry and Fishing",156.277004
Compensation of Employees at Current Prices,2010Q4,"Agriculture, Forestry and Fishing",129.340666
Compensation of Employees at Current Prices,2010Q4,"Agriculture, Forestry and Fishing",26.936339
Compensation of Employees at Current Prices,2010Q4,Industry (excl. Construction),2448.288663
Compensation of Employees at Current Prices,2010Q4,Industry (excl. Construction),2072.641609
Compensation of Employees at Current Prices,2010Q4,Industry (excl. Construction),375.647054
Compensation of Employees at Current Prices,2010Q4,Industry - of which Manufacturing,2112.366542
Compensation of Employees at Current Prices,2010Q4,Industry - of which Manufacturing,1797.635233
Compensation of Employees at Current Prices,2010Q4,Industry - of which Manufacturing,314.731309
Compensation of Employees at Current Prices,2010Q4,Construction,899.529375
Compensation of Employees at Current Prices,2010Q4,Construction,768.660967
Compensation of Employees at Current Prices,2010Q4,Construction,130.868408
Compensation of Employees at Current Prices,2010Q4,"Distribution, Transport, Hotels and Restaurants",3508.101453
Compensation of Employees at Current Prices,2010Q4,"Distribution, Transport, Hotels and Restaurants",3051.650221
Compensation of Employees at Current Prices,2010Q4,"Distribution, Transport, Hotels and Restaurants",456.451232
Compensation of Employees at Current Prices,2010Q4,Information and Communication,970.198006
Compensation of Employees at Current Prices,2010Q4,Information and Communication,809.347189
Compensation of Employees at Current Prices,2010Q4,Information and Communication,160.850816
Compensation of Employees at Current Prices,2010Q4,Financial and Insurance Activities,1663.832389
Compensation of Employees at Current Prices,2010Q4,Financial and Insurance Activities,1328.869928
Compensation of Employees at Current Prices,2010Q4,Financial and Insurance Activities,334.962461
Compensation of Employees at Current Prices,2010Q4,Real Estate Activities,86.02624
Compensation of Employees at Current Prices,2010Q4,Real Estate Activities,76.148795
Compensation of Employees at Current Prices,2010Q4,Real Estate Activities,9.877444
Compensation of Employees at Current Prices,2010Q4,"Professional, Admin and Support Services",1292.071116
Compensation of Employees at Current Prices,2010Q4,"Professional, Admin and Support Services",1130.501081
Compensation of Employees at Current Prices,2010Q4,"Professional, Admin and Support Services",161.570035
Compensation of Employees at Current Prices,2010Q4,"Public Admin, Education and Health",5816.943867
Compensation of Employees at Current Prices,2010Q4,"Public Admin, Education and Health",4969.526381
Compensation of Employees at Current Prices,2010Q4,"Public Admin, Education and Health",847.417486
Compensation of Employees at Current Prices,2010Q4,"Arts, Entertainment and Other Services",507.978241
Compensation of Employees at Current Prices,2010Q4,"Arts, Entertainment and Other Services",448.06743
Compensation of Employees at Current Prices,2010Q4,"Arts, Entertainment and Other Services",59.91081
Compensation of Employees at Current Prices,2010Q4,All Sectors,17349.246353
Compensation of Employees at Current Prices,2010Q4,All Sectors,14784.754267
Compensation of Employees at Current Prices,2010Q4,All Sectors,2564.492086
Compensation of Employees at Current Prices,2011Q1,"Agriculture, Forestry and Fishing",153.259723
Compensation of Employees at Current Prices,2011Q1,"Agriculture, Forestry and Fishing",128.841889
Compensation of Employees at Current Prices,2011Q1,"Agriculture, Forestry and Fishing",24.417833
Compensation of Employees at Current Prices,2011Q1,Industry (excl. Construction),2279.947128
Compensation of Employees at Current Prices,2011Q1,Industry (excl. Construction),1896.450126
Compensation of Employees at Current Prices,2011Q1,Industry (excl. Construction),383.497001
Compensation of Employees at Current Prices,2011Q1,Industry - of which Manufacturing,1964.84133
Compensation of Employees at Current Prices,2011Q1,Industry - of which Manufacturing,1638.870988
Compensation of Employees at Current Prices,2011Q1,Industry - of which Manufacturing,325.970341
Compensation of Employees at Current Prices,2011Q1,Construction,648.566591
Compensation of Employees at Current Prices,2011Q1,Construction,593.914906
Compensation of Employees at Current Prices,2011Q1,Construction,54.651685
Compensation of Employees at Current Prices,2011Q1,"Distribution, Transport, Hotels and Restaurants",3640.506995
Compensation of Employees at Current Prices,2011Q1,"Distribution, Transport, Hotels and Restaurants",3191.600486
Compensation of Employees at Current Prices,2011Q1,"Distribution, Transport, Hotels and Restaurants",448.906509
Compensation of Employees at Current Prices,2011Q1,Information and Communication,938.222187
Compensation of Employees at Current Prices,2011Q1,Information and Communication,802.927487
Compensation of Employees at Current Prices,2011Q1,Information and Communication,135.2947
Compensation of Employees at Current Prices,2011Q1,Financial and Insurance Activities,1778.247042
Compensation of Employees at Current Prices,2011Q1,Financial and Insurance Activities,1431.438025
Compensation of Employees at Current Prices,2011Q1,Financial and Insurance Activities,346.809017
Compensation of Employees at Current Prices,2011Q1,Real Estate Activities,109.246636
Compensation of Employees at Current Prices,2011Q1,Real Estate Activities,97.515719
Compensation of Employees at Current Prices,2011Q1,Real Estate Activities,11.730917
Compensation of Employees at Current Prices,2011Q1,"Professional, Admin and Support Services",1783.411043
Compensation of Employees at Current Prices,2011Q1,"Professional, Admin and Support Services",1558.065713
Compensation of Employees at Current Prices,2011Q1,"Professional, Admin and Support Services",225.345329
Compensation of Employees at Current Prices,2011Q1,"Public Admin, Education and Health",5823.943991
Compensation of Employees at Current Prices,2011Q1,"Public Admin, Education and Health",4906.627047
Compensation of Employees at Current Prices,2011Q1,"Public Admin, Education and Health",917.316944
Compensation of Employees at Current Prices,2011Q1,"Arts, Entertainment and Other Services",414.221107
Compensation of Employees at Current Prices,2011Q1,"Arts, Entertainment and Other Services",365.677952
Compensation of Employees at Current Prices,2011Q1,"Arts, Entertainment and Other Services",48.543155
Compensation of Employees at Current Prices,2011Q1,All Sectors,17569.572443
Compensation of Employees at Current Prices,2011Q1,All Sectors,14973.059351
Compensation of Employees at Current Prices,2011Q1,All Sectors,2596.513092
Compensation of Employees at Current Prices,2011Q2,"Agriculture, Forestry and Fishing",155.726375
Compensation of Employees at Current Prices,2011Q2,"Agriculture, Forestry and Fishing",131.308542
Compensation of Employees at Current Prices,2011Q2,"Agriculture, Forestry and Fishing",24.417833
Compensation of Employees at Current Prices,2011Q2,Industry (excl. Construction),2256.92024
Compensation of Employees at Current Prices,2011Q2,Industry (excl. Construction),1877.727268
Compensation of Employees at Current Prices,2011Q2,Industry (excl. Construction),379.192971
Compensation of Employees at Current Prices,2011Q2,Industry - of which Manufacturing,1947.925426
Compensation of Employees at Current Prices,2011Q2,Industry - of which Manufacturing,1622.23928
Compensation of Employees at Current Prices,2011Q2,Industry - of which Manufacturing,325.686146
Compensation of Employees at Current Prices,2011Q2,Construction,690.512325
Compensation of Employees at Current Prices,2011Q2,Construction,628.121871
Compensation of Employees at Current Prices,2011Q2,Construction,62.390454
Compensation of Employees at Current Prices,2011Q2,"Distribution, Transport, Hotels and Restaurants",3810.937253
Compensation of Employees at Current Prices,2011Q2,"Distribution, Transport, Hotels and Restaurants",3340.055267
Compensation of Employees at Current Prices,2011Q2,"Distribution, Transport, Hotels and Restaurants",470.881985
Compensation of Employees at Current Prices,2011Q2,Information and Communication,980.615255
Compensation of Employees at Current Prices,2011Q2,Information and Communication,839.79704
Compensation of Employees at Current Prices,2011Q2,Information and Communication,140.818215
Compensation of Employees at Current Prices,2011Q2,Financial and Insurance Activities,1764.481323
Compensation of Employees at Current Prices,2011Q2,Financial and Insurance Activities,1404.719779
Compensation of Employees at Current Prices,2011Q2,Financial and Insurance Activities,359.761544
Compensation of Employees at Current Prices,2011Q2,Real Estate Activities,126.242488
Compensation of Employees at Current Prices,2011Q2,Real Estate Activities,113.212142
Compensation of Employees at Current Prices,2011Q2,Real Estate Activities,13.030346
Compensation of Employees at Current Prices,2011Q2,"Professional, Admin and Support Services",1776.461113
Compensation of Employees at Current Prices,2011Q2,"Professional, Admin and Support Services",1568.323948
Compensation of Employees at Current Prices,2011Q2,"Professional, Admin and Support Services",208.137165
Compensation of Employees at Current Prices,2011Q2,"Public Admin, Education and Health",5850.759936
Compensation of Employees at Current Prices,2011Q2,"Public Admin, Education and Health",4912.001032
Compensation of Employees at Current Prices,2011Q2,"Public Admin, Education and Health",938.758904
Compensation of Employees at Current Prices,2011Q2,"Arts, Entertainment and Other Services",441.936707
Compensation of Employees at Current Prices,2011Q2,"Arts, Entertainment and Other Services",386.641886
Compensation of Employees at Current Prices,2011Q2,"Arts, Entertainment and Other Services",55.294822
Compensation of Employees at Current Prices,2011Q2,All Sectors,17854.593015
Compensation of Employees at Current Prices,2011Q2,All Sectors,15201.908775
Compensation of Employees at Current Prices,2011Q2,All Sectors,2652.68424
Compensation of Employees at Current Prices,2011Q3,"Agriculture, Forestry and Fishing",154.336071
Compensation of Employees at Current Prices,2011Q3,"Agriculture, Forestry and Fishing",129.918237
Compensation of Employees at Current Prices,2011Q3,"Agriculture, Forestry and Fishing",24.417833
Compensation of Employees at Current Prices,2011Q3,Industry (excl. Construction),2216.559282
Compensation of Employees at Current Prices,2011Q3,Industry (excl. Construction),1848.248778
Compensation of Employees at Current Prices,2011Q3,Industry (excl. Construction),368.310504
Compensation of Employees at Current Prices,2011Q3,Industry - of which Manufacturing,1880.816385
Compensation of Employees at Current Prices,2011Q3,Industry - of which Manufacturing,1570.198837
Compensation of Employees at Current Prices,2011Q3,Industry - of which Manufacturing,310.617548
Compensation of Employees at Current Prices,2011Q3,Construction,715.23359
Compensation of Employees at Current Prices,2011Q3,Construction,651.381487
Compensation of Employees at Current Prices,2011Q3,Construction,63.852103
Compensation of Employees at Current Prices,2011Q3,"Distribution, Transport, Hotels and Restaurants",3924.122167
Compensation of Employees at Current Prices,2011Q3,"Distribution, Transport, Hotels and Restaurants",3446.62667
Compensation of Employees at Current Prices,2011Q3,"Distribution, Transport, Hotels and Restaurants",477.495497
Compensation of Employees at Current Prices,2011Q3,Information and Communication,1040.53946
Compensation of Employees at Current Prices,2011Q3,Information and Communication,849.463537
Compensation of Employees at Current Prices,2011Q3,Information and Communication,191.075923
Compensation of Employees at Current Prices,2011Q3,Financial and Insurance Activities,1624.205096
Compensation of Employees at Current Prices,2011Q3,Financial and Insurance Activities,1297.739231
Compensation of Employees at Current Prices,2011Q3,Financial and Insurance Activities,326.465865
Compensation of Employees at Current Prices,2011Q3,Real Estate Activities,119.125519
Compensation of Employees at Current Prices,2011Q3,Real Estate Activities,107.901705
Compensation of Employees at Current Prices,2011Q3,Real Estate Activities,11.223814
Compensation of Employees at Current Prices,2011Q3,"Professional, Admin and Support Services",1694.328936
Compensation of Employees at Current Prices,2011Q3,"Professional, Admin and Support Services",1500.688215
Compensation of Employees at Current Prices,2011Q3,"Professional, Admin and Support Services",193.640721
Compensation of Employees at Current Prices,2011Q3,"Public Admin, Education and Health",5848.588148
Compensation of Employees at Current Prices,2011Q3,"Public Admin, Education and Health",4918.592547
Compensation of Employees at Current Prices,2011Q3,"Public Admin, Education and Health",929.995601
Compensation of Employees at Current Prices,2011Q3,"Arts, Entertainment and Other Services",419.829476
Compensation of Employees at Current Prices,2011Q3,"Arts, Entertainment and Other Services",377.382466
Compensation of Employees at Current Prices,2011Q3,"Arts, Entertainment and Other Services",42.44701
Compensation of Employees at Current Prices,2011Q3,All Sectors,17756.867746
Compensation of Employees at Current Prices,2011Q3,All Sectors,15127.942874
Compensation of Employees at Current Prices,2011Q3,All Sectors,2628.924871
Compensation of Employees at Current Prices,2011Q4,"Agriculture, Forestry and Fishing",151.508302
Compensation of Employees at Current Prices,2011Q4,"Agriculture, Forestry and Fishing",127.090469
Compensation of Employees at Current Prices,2011Q4,"Agriculture, Forestry and Fishing",24.417833
Compensation of Employees at Current Prices,2011Q4,Industry (excl. Construction),2392.839509
Compensation of Employees at Current Prices,2011Q4,Industry (excl. Construction),1965.611799
Compensation of Employees at Current Prices,2011Q4,Industry (excl. Construction),427.22771
Compensation of Employees at Current Prices,2011Q4,Industry - of which Manufacturing,2063.834779
Compensation of Employees at Current Prices,2011Q4,Industry - of which Manufacturing,1696.691222
Compensation of Employees at Current Prices,2011Q4,Industry - of which Manufacturing,367.143557
Compensation of Employees at Current Prices,2011Q4,Construction,663.266208
Compensation of Employees at Current Prices,2011Q4,Construction,608.171588
Compensation of Employees at Current Prices,2011Q4,Construction,55.094621
Compensation of Employees at Current Prices,2011Q4,"Distribution, Transport, Hotels and Restaurants",3875.828359
Compensation of Employees at Current Prices,2011Q4,"Distribution, Transport, Hotels and Restaurants",3406.771651
Compensation of Employees at Current Prices,2011Q4,"Distribution, Transport, Hotels and Restaurants",469.056709
Compensation of Employees at Current Prices,2011Q4,Information and Communication,1050.251856
Compensation of Employees at Current Prices,2011Q4,Information and Communication,880.58645
Compensation of Employees at Current Prices,2011Q4,Information and Communication,169.665405
Compensation of Employees at Current Prices,2011Q4,Financial and Insurance Activities,1786.887827
Compensation of Employees at Current Prices,2011Q4,Financial and Insurance Activities,1387.114444
Compensation of Employees at Current Prices,2011Q4,Financial and Insurance Activities,399.773382
Compensation of Employees at Current Prices,2011Q4,Real Estate Activities,148.534615
Compensation of Employees at Current Prices,2011Q4,Real Estate Activities,134.537052
Compensation of Employees at Current Prices,2011Q4,Real Estate Activities,13.997563
Compensation of Employees at Current Prices,2011Q4,"Professional, Admin and Support Services",1738.71449
Compensation of Employees at Current Prices,2011Q4,"Professional, Admin and Support Services",1529.735991
Compensation of Employees at Current Prices,2011Q4,"Professional, Admin and Support Services",208.9785
Compensation of Employees at Current Prices,2011Q4,"Public Admin, Education and Health",6004.811455
Compensation of Employees at Current Prices,2011Q4,"Public Admin, Education and Health",5038.553937
Compensation of Employees at Current Prices,2011Q4,"Public Admin, Education and Health",966.257518
Compensation of Employees at Current Prices,2011Q4,"Arts, Entertainment and Other Services",439.87678
Compensation of Employees at Current Prices,2011Q4,"Arts, Entertainment and Other Services",387.476873
Compensation of Employees at Current Prices,2011Q4,"Arts, Entertainment and Other Services",52.399907
Compensation of Employees at Current Prices,2011Q4,All Sectors,18252.5194
Compensation of Employees at Current Prices,2011Q4,All Sectors,15465.650254
Compensation of Employees at Current Prices,2011Q4,All Sectors,2786.869147
Compensation of Employees at Current Prices,2012Q1,"Agriculture, Forestry and Fishing",151.962226
Compensation of Employees at Current Prices,2012Q1,"Agriculture, Forestry and Fishing",127.543372
Compensation of Employees at Current Prices,2012Q1,"Agriculture, Forestry and Fishing",24.418855
Compensation of Employees at Current Prices,2012Q1,Industry (excl. Construction),2279.009097
Compensation of Employees at Current Prices,2012Q1,Industry (excl. Construction),1904.732635
Compensation of Employees at Current Prices,2012Q1,Industry (excl. Construction),374.276462
Compensation of Employees at Current Prices,2012Q1,Industry - of which Manufacturing,1953.755186
Compensation of Employees at Current Prices,2012Q1,Industry - of which Manufacturing,1636.406528
Compensation of Employees at Current Prices,2012Q1,Industry - of which Manufacturing,317.348658
Compensation of Employees at Current Prices,2012Q1,Construction,593.303131
Compensation of Employees at Current Prices,2012Q1,Construction,545.697604
Compensation of Employees at Current Prices,2012Q1,Construction,47.605527
Compensation of Employees at Current Prices,2012Q1,"Distribution, Transport, Hotels and Restaurants",3792.885414
Compensation of Employees at Current Prices,2012Q1,"Distribution, Transport, Hotels and Restaurants",3329.70018
Compensation of Employees at Current Prices,2012Q1,"Distribution, Transport, Hotels and Restaurants",463.185234
Compensation of Employees at Current Prices,2012Q1,Information and Communication,1080.150083
Compensation of Employees at Current Prices,2012Q1,Information and Communication,914.59122
Compensation of Employees at Current Prices,2012Q1,Information and Communication,165.558863
Compensation of Employees at Current Prices,2012Q1,Financial and Insurance Activities,1771.215923
Compensation of Employees at Current Prices,2012Q1,Financial and Insurance Activities,1418.33576
Compensation of Employees at Current Prices,2012Q1,Financial and Insurance Activities,352.880163
Compensation of Employees at Current Prices,2012Q1,Real Estate Activities,134.201055
Compensation of Employees at Current Prices,2012Q1,Real Estate Activities,121.347634
Compensation of Employees at Current Prices,2012Q1,Real Estate Activities,12.853421
Compensation of Employees at Current Prices,2012Q1,"Professional, Admin and Support Services",1784.936604
Compensation of Employees at Current Prices,2012Q1,"Professional, Admin and Support Services",1577.014465
Compensation of Employees at Current Prices,2012Q1,"Professional, Admin and Support Services",207.922139
Compensation of Employees at Current Prices,2012Q1,"Public Admin, Education and Health",5864.29644
Compensation of Employees at Current Prices,2012Q1,"Public Admin, Education and Health",4873.98019
Compensation of Employees at Current Prices,2012Q1,"Public Admin, Education and Health",990.316249
Compensation of Employees at Current Prices,2012Q1,"Arts, Entertainment and Other Services",457.647521
Compensation of Employees at Current Prices,2012Q1,"Arts, Entertainment and Other Services",392.197905
Compensation of Employees at Current Prices,2012Q1,"Arts, Entertainment and Other Services",65.449616
Compensation of Employees at Current Prices,2012Q1,All Sectors,17909.607495
Compensation of Employees at Current Prices,2012Q1,All Sectors,15205.140966
Compensation of Employees at Current Prices,2012Q1,All Sectors,2704.466529
Compensation of Employees at Current Prices,2012Q2,"Agriculture, Forestry and Fishing",154.844589
Compensation of Employees at Current Prices,2012Q2,"Agriculture, Forestry and Fishing",130.425735
Compensation of Employees at Current Prices,2012Q2,"Agriculture, Forestry and Fishing",24.418855
Compensation of Employees at Current Prices,2012Q2,Industry (excl. Construction),2244.832963
Compensation of Employees at Current Prices,2012Q2,Industry (excl. Construction),1853.881847
Compensation of Employees at Current Prices,2012Q2,Industry (excl. Construction),390.951116
Compensation of Employees at Current Prices,2012Q2,Industry - of which Manufacturing,1895.551671
Compensation of Employees at Current Prices,2012Q2,Industry - of which Manufacturing,1566.425042
Compensation of Employees at Current Prices,2012Q2,Industry - of which Manufacturing,329.126629
Compensation of Employees at Current Prices,2012Q2,Construction,556.892744
Compensation of Employees at Current Prices,2012Q2,Construction,513.672759
Compensation of Employees at Current Prices,2012Q2,Construction,43.219985
Compensation of Employees at Current Prices,2012Q2,"Distribution, Transport, Hotels and Restaurants",3870.324133
Compensation of Employees at Current Prices,2012Q2,"Distribution, Transport, Hotels and Restaurants",3386.742725
Compensation of Employees at Current Prices,2012Q2,"Distribution, Transport, Hotels and Restaurants",483.581408
Compensation of Employees at Current Prices,2012Q2,Information and Communication,1047.753332
Compensation of Employees at Current Prices,2012Q2,Information and Communication,895.471059
Compensation of Employees at Current Prices,2012Q2,Information and Communication,152.282273
Compensation of Employees at Current Prices,2012Q2,Financial and Insurance Activities,1695.168762
Compensation of Employees at Current Prices,2012Q2,Financial and Insurance Activities,1336.263357
Compensation of Employees at Current Prices,2012Q2,Financial and Insurance Activities,358.905405
Compensation of Employees at Current Prices,2012Q2,Real Estate Activities,133.268125
Compensation of Employees at Current Prices,2012Q2,Real Estate Activities,120.523063
Compensation of Employees at Current Prices,2012Q2,Real Estate Activities,12.745062
Compensation of Employees at Current Prices,2012Q2,"Professional, Admin and Support Services",1777.605633
Compensation of Employees at Current Prices,2012Q2,"Professional, Admin and Support Services",1559.037396
Compensation of Employees at Current Prices,2012Q2,"Professional, Admin and Support Services",218.568237
Compensation of Employees at Current Prices,2012Q2,"Public Admin, Education and Health",5911.319874
Compensation of Employees at Current Prices,2012Q2,"Public Admin, Education and Health",4905.775309
Compensation of Employees at Current Prices,2012Q2,"Public Admin, Education and Health",1005.544564
Compensation of Employees at Current Prices,2012Q2,"Arts, Entertainment and Other Services",439.931087
Compensation of Employees at Current Prices,2012Q2,"Arts, Entertainment and Other Services",394.374937
Compensation of Employees at Current Prices,2012Q2,"Arts, Entertainment and Other Services",45.55615
Compensation of Employees at Current Prices,2012Q2,All Sectors,17831.941244
Compensation of Employees at Current Prices,2012Q2,All Sectors,15096.168187
Compensation of Employees at Current Prices,2012Q2,All Sectors,2735.773057
Compensation of Employees at Current Prices,2012Q3,"Agriculture, Forestry and Fishing",155.892154
Compensation of Employees at Current Prices,2012Q3,"Agriculture, Forestry and Fishing",131.4733
Compensation of Employees at Current Prices,2012Q3,"Agriculture, Forestry and Fishing",24.418855
Compensation of Employees at Current Prices,2012Q3,Industry (excl. Construction),2265.10258
Compensation of Employees at Current Prices,2012Q3,Industry (excl. Construction),1844.429437
Compensation of Employees at Current Prices,2012Q3,Industry (excl. Construction),420.673143
Compensation of Employees at Current Prices,2012Q3,Industry - of which Manufacturing,1949.166524
Compensation of Employees at Current Prices,2012Q3,Industry - of which Manufacturing,1583.904385
Compensation of Employees at Current Prices,2012Q3,Industry - of which Manufacturing,365.26214
Compensation of Employees at Current Prices,2012Q3,Construction,639.878887
Compensation of Employees at Current Prices,2012Q3,Construction,579.085679
Compensation of Employees at Current Prices,2012Q3,Construction,60.793208
Compensation of Employees at Current Prices,2012Q3,"Distribution, Transport, Hotels and Restaurants",3944.82773
Compensation of Employees at Current Prices,2012Q3,"Distribution, Transport, Hotels and Restaurants",3477.433295
Compensation of Employees at Current Prices,2012Q3,"Distribution, Transport, Hotels and Restaurants",467.394435
Compensation of Employees at Current Prices,2012Q3,Information and Communication,1045.984974
Compensation of Employees at Current Prices,2012Q3,Information and Communication,885.68425
Compensation of Employees at Current Prices,2012Q3,Information and Communication,160.300723
Compensation of Employees at Current Prices,2012Q3,Financial and Insurance Activities,1794.615373
Compensation of Employees at Current Prices,2012Q3,Financial and Insurance Activities,1419.442326
Compensation of Employees at Current Prices,2012Q3,Financial and Insurance Activities,375.173047
Compensation of Employees at Current Prices,2012Q3,Real Estate Activities,112.364241
Compensation of Employees at Current Prices,2012Q3,Real Estate Activities,102.80859
Compensation of Employees at Current Prices,2012Q3,Real Estate Activities,9.555651
Compensation of Employees at Current Prices,2012Q3,"Professional, Admin and Support Services",1780.317617
Compensation of Employees at Current Prices,2012Q3,"Professional, Admin and Support Services",1567.719266
Compensation of Employees at Current Prices,2012Q3,"Professional, Admin and Support Services",212.59835
Compensation of Employees at Current Prices,2012Q3,"Public Admin, Education and Health",5938.853345
Compensation of Employees at Current Prices,2012Q3,"Public Admin, Education and Health",4923.354019
Compensation of Employees at Current Prices,2012Q3,"Public Admin, Education and Health",1015.499327
Compensation of Employees at Current Prices,2012Q3,"Arts, Entertainment and Other Services",439.262417
Compensation of Employees at Current Prices,2012Q3,"Arts, Entertainment and Other Services",395.878995
Compensation of Employees at Current Prices,2012Q3,"Arts, Entertainment and Other Services",43.383421
Compensation of Employees at Current Prices,2012Q3,All Sectors,18117.099317
Compensation of Employees at Current Prices,2012Q3,All Sectors,15327.309156
Compensation of Employees at Current Prices,2012Q3,All Sectors,2789.790161
Compensation of Employees at Current Prices,2012Q4,"Agriculture, Forestry and Fishing",152.927888
Compensation of Employees at Current Prices,2012Q4,"Agriculture, Forestry and Fishing",128.509034
Compensation of Employees at Current Prices,2012Q4,"Agriculture, Forestry and Fishing",24.418855
Compensation of Employees at Current Prices,2012Q4,Industry (excl. Construction),2339.336747
Compensation of Employees at Current Prices,2012Q4,Industry (excl. Construction),1922.881038
Compensation of Employees at Current Prices,2012Q4,Industry (excl. Construction),416.455709
Compensation of Employees at Current Prices,2012Q4,Industry - of which Manufacturing,2031.311526
Compensation of Employees at Current Prices,2012Q4,Industry - of which Manufacturing,1669.280839
Compensation of Employees at Current Prices,2012Q4,Industry - of which Manufacturing,362.030687
Compensation of Employees at Current Prices,2012Q4,Construction,623.092919
Compensation of Employees at Current Prices,2012Q4,Construction,571.552982
Compensation of Employees at Current Prices,2012Q4,Construction,51.539937
Compensation of Employees at Current Prices,2012Q4,"Distribution, Transport, Hotels and Restaurants",3999.213537
Compensation of Employees at Current Prices,2012Q4,"Distribution, Transport, Hotels and Restaurants",3473.851322
Compensation of Employees at Current Prices,2012Q4,"Distribution, Transport, Hotels and Restaurants",525.362215
Compensation of Employees at Current Prices,2012Q4,Information and Communication,1098.552482
Compensation of Employees at Current Prices,2012Q4,Information and Communication,926.661856
Compensation of Employees at Current Prices,2012Q4,Information and Communication,171.890626
Compensation of Employees at Current Prices,2012Q4,Financial and Insurance Activities,1931.667116
Compensation of Employees at Current Prices,2012Q4,Financial and Insurance Activities,1409.921338
Compensation of Employees at Current Prices,2012Q4,Financial and Insurance Activities,521.745778
Compensation of Employees at Current Prices,2012Q4,Real Estate Activities,126.406739
Compensation of Employees at Current Prices,2012Q4,Real Estate Activities,113.446015
Compensation of Employees at Current Prices,2012Q4,Real Estate Activities,12.960725
Compensation of Employees at Current Prices,2012Q4,"Professional, Admin and Support Services",1832.859299
Compensation of Employees at Current Prices,2012Q4,"Professional, Admin and Support Services",1609.677316
Compensation of Employees at Current Prices,2012Q4,"Professional, Admin and Support Services",223.181982
Compensation of Employees at Current Prices,2012Q4,"Public Admin, Education and Health",5807.313539
Compensation of Employees at Current Prices,2012Q4,"Public Admin, Education and Health",4816.488353
Compensation of Employees at Current Prices,2012Q4,"Public Admin, Education and Health",990.825186
Compensation of Employees at Current Prices,2012Q4,"Arts, Entertainment and Other Services",414.17029
Compensation of Employees at Current Prices,2012Q4,"Arts, Entertainment and Other Services",369.565018
Compensation of Employees at Current Prices,2012Q4,"Arts, Entertainment and Other Services",44.605272
Compensation of Employees at Current Prices,2012Q4,All Sectors,18325.540556
Compensation of Employees at Current Prices,2012Q4,All Sectors,15342.554272
Compensation of Employees at Current Prices,2012Q4,All Sectors,2982.986284
Compensation of Employees at Current Prices,2013Q1,"Agriculture, Forestry and Fishing",154.925648
Compensation of Employees at Current Prices,2013Q1,"Agriculture, Forestry and Fishing",129.756584
Compensation of Employees at Current Prices,2013Q1,"Agriculture, Forestry and Fishing",25.169064
Compensation of Employees at Current Prices,2013Q1,Industry (excl. Construction),2347.184519
Compensation of Employees at Current Prices,2013Q1,Industry (excl. Construction),1905.326025
Compensation of Employees at Current Prices,2013Q1,Industry (excl. Construction),441.858495
Compensation of Employees at Current Prices,2013Q1,Industry - of which Manufacturing,2083.678089
Compensation of Employees at Current Prices,2013Q1,Industry - of which Manufacturing,1687.606597
Compensation of Employees at Current Prices,2013Q1,Industry - of which Manufacturing,396.071492
Compensation of Employees at Current Prices,2013Q1,Construction,498.67688
Compensation of Employees at Current Prices,2013Q1,Construction,454.717986
Compensation of Employees at Current Prices,2013Q1,Construction,43.958894
Compensation of Employees at Current Prices,2013Q1,"Distribution, Transport, Hotels and Restaurants",3751.477937
Compensation of Employees at Current Prices,2013Q1,"Distribution, Transport, Hotels and Restaurants",3316.960847
Compensation of Employees at Current Prices,2013Q1,"Distribution, Transport, Hotels and Restaurants",434.51709
Compensation of Employees at Current Prices,2013Q1,Information and Communication,1169.070628
Compensation of Employees at Current Prices,2013Q1,Information and Communication,962.440101
Compensation of Employees at Current Prices,2013Q1,Information and Communication,206.630528
Compensation of Employees at Current Prices,2013Q1,Financial and Insurance Activities,1823.579931
Compensation of Employees at Current Prices,2013Q1,Financial and Insurance Activities,1437.606721
Compensation of Employees at Current Prices,2013Q1,Financial and Insurance Activities,385.97321
Compensation of Employees at Current Prices,2013Q1,Real Estate Activities,136.363747
Compensation of Employees at Current Prices,2013Q1,Real Estate Activities,123.502348
Compensation of Employees at Current Prices,2013Q1,Real Estate Activities,12.861399
Compensation of Employees at Current Prices,2013Q1,"Professional, Admin and Support Services",1814.428926
Compensation of Employees at Current Prices,2013Q1,"Professional, Admin and Support Services",1602.191022
Compensation of Employees at Current Prices,2013Q1,"Professional, Admin and Support Services",212.237903
Compensation of Employees at Current Prices,2013Q1,"Public Admin, Education and Health",5753.988091
Compensation of Employees at Current Prices,2013Q1,"Public Admin, Education and Health",4843.788115
Compensation of Employees at Current Prices,2013Q1,"Public Admin, Education and Health",910.199976
Compensation of Employees at Current Prices,2013Q1,"Arts, Entertainment and Other Services",469.980024
Compensation of Employees at Current Prices,2013Q1,"Arts, Entertainment and Other Services",396.250834
Compensation of Employees at Current Prices,2013Q1,"Arts, Entertainment and Other Services",73.72919
Compensation of Employees at Current Prices,2013Q1,All Sectors,17919.676331
Compensation of Employees at Current Prices,2013Q1,All Sectors,15172.540582
Compensation of Employees at Current Prices,2013Q1,All Sectors,2747.135748
Compensation of Employees at Current Prices,2013Q2,"Agriculture, Forestry and Fishing",158.021278
Compensation of Employees at Current Prices,2013Q2,"Agriculture, Forestry and Fishing",132.852214
Compensation of Employees at Current Prices,2013Q2,"Agriculture, Forestry and Fishing",25.169064
Compensation of Employees at Current Prices,2013Q2,Industry (excl. Construction),2343.456538
Compensation of Employees at Current Prices,2013Q2,Industry (excl. Construction),1910.939826
Compensation of Employees at Current Prices,2013Q2,Industry (excl. Construction),432.516711
Compensation of Employees at Current Prices,2013Q2,Industry - of which Manufacturing,2014.288022
Compensation of Employees at Current Prices,2013Q2,Industry - of which Manufacturing,1640.256696
Compensation of Employees at Current Prices,2013Q2,Industry - of which Manufacturing,374.031326
Compensation of Employees at Current Prices,2013Q2,Construction,620.791713
Compensation of Employees at Current Prices,2013Q2,Construction,567.358943
Compensation of Employees at Current Prices,2013Q2,Construction,53.43277
Compensation of Employees at Current Prices,2013Q2,"Distribution, Transport, Hotels and Restaurants",3937.299553
Compensation of Employees at Current Prices,2013Q2,"Distribution, Transport, Hotels and Restaurants",3465.269511
Compensation of Employees at Current Prices,2013Q2,"Distribution, Transport, Hotels and Restaurants",472.030042
Compensation of Employees at Current Prices,2013Q2,Information and Communication,1138.660305
Compensation of Employees at Current Prices,2013Q2,Information and Communication,976.726703
Compensation of Employees at Current Prices,2013Q2,Information and Communication,161.933601
Compensation of Employees at Current Prices,2013Q2,Financial and Insurance Activities,1698.67858
Compensation of Employees at Current Prices,2013Q2,Financial and Insurance Activities,1339.471709
Compensation of Employees at Current Prices,2013Q2,Financial and Insurance Activities,359.206871
Compensation of Employees at Current Prices,2013Q2,Real Estate Activities,157.075064
Compensation of Employees at Current Prices,2013Q2,Real Estate Activities,141.56786
Compensation of Employees at Current Prices,2013Q2,Real Estate Activities,15.507204
Compensation of Employees at Current Prices,2013Q2,"Professional, Admin and Support Services",1847.141984
Compensation of Employees at Current Prices,2013Q2,"Professional, Admin and Support Services",1620.804068
Compensation of Employees at Current Prices,2013Q2,"Professional, Admin and Support Services",226.337916
Compensation of Employees at Current Prices,2013Q2,"Public Admin, Education and Health",5853.441438
Compensation of Employees at Current Prices,2013Q2,"Public Admin, Education and Health",4931.608783
Compensation of Employees at Current Prices,2013Q2,"Public Admin, Education and Health",921.832655
Compensation of Employees at Current Prices,2013Q2,"Arts, Entertainment and Other Services",474.896522
Compensation of Employees at Current Prices,2013Q2,"Arts, Entertainment and Other Services",422.881495
Compensation of Employees at Current Prices,2013Q2,"Arts, Entertainment and Other Services",52.015028
Compensation of Employees at Current Prices,2013Q2,All Sectors,18229.462975
Compensation of Employees at Current Prices,2013Q2,All Sectors,15509.481111
Compensation of Employees at Current Prices,2013Q2,All Sectors,2719.981864
Compensation of Employees at Current Prices,2013Q3,"Agriculture, Forestry and Fishing",158.337731
Compensation of Employees at Current Prices,2013Q3,"Agriculture, Forestry and Fishing",133.168667
Compensation of Employees at Current Prices,2013Q3,"Agriculture, Forestry and Fishing",25.169064
Compensation of Employees at Current Prices,2013Q3,Industry (excl. Construction),2370.225154
Compensation of Employees at Current Prices,2013Q3,Industry (excl. Construction),1945.441258
Compensation of Employees at Current Prices,2013Q3,Industry (excl. Construction),424.783896
Compensation of Employees at Current Prices,2013Q3,Industry - of which Manufacturing,2056.890276
Compensation of Employees at Current Prices,2013Q3,Industry - of which Manufacturing,1686.918659
Compensation of Employees at Current Prices,2013Q3,Industry - of which Manufacturing,369.971617
Compensation of Employees at Current Prices,2013Q3,Construction,643.633059
Compensation of Employees at Current Prices,2013Q3,Construction,585.808341
Compensation of Employees at Current Prices,2013Q3,Construction,57.824718
Compensation of Employees at Current Prices,2013Q3,"Distribution, Transport, Hotels and Restaurants",3935.972379
Compensation of Employees at Current Prices,2013Q3,"Distribution, Transport, Hotels and Restaurants",3483.412555
Compensation of Employees at Current Prices,2013Q3,"Distribution, Transport, Hotels and Restaurants",452.559824
Compensation of Employees at Current Prices,2013Q3,Information and Communication,1162.016131
Compensation of Employees at Current Prices,2013Q3,Information and Communication,991.111837
Compensation of Employees at Current Prices,2013Q3,Information and Communication,170.904294
Compensation of Employees at Current Prices,2013Q3,Financial and Insurance Activities,1761.004795
Compensation of Employees at Current Prices,2013Q3,Financial and Insurance Activities,1363.239578
Compensation of Employees at Current Prices,2013Q3,Financial and Insurance Activities,397.765217
Compensation of Employees at Current Prices,2013Q3,Real Estate Activities,103.668691
Compensation of Employees at Current Prices,2013Q3,Real Estate Activities,93.266967
Compensation of Employees at Current Prices,2013Q3,Real Estate Activities,10.401725
Compensation of Employees at Current Prices,2013Q3,"Professional, Admin and Support Services",1959.601594
Compensation of Employees at Current Prices,2013Q3,"Professional, Admin and Support Services",1728.584986
Compensation of Employees at Current Prices,2013Q3,"Professional, Admin and Support Services",231.016609
Compensation of Employees at Current Prices,2013Q3,"Public Admin, Education and Health",5712.970117
Compensation of Employees at Current Prices,2013Q3,"Public Admin, Education and Health",4816.856082
Compensation of Employees at Current Prices,2013Q3,"Public Admin, Education and Health",896.114035
Compensation of Employees at Current Prices,2013Q3,"Arts, Entertainment and Other Services",421.331906
Compensation of Employees at Current Prices,2013Q3,"Arts, Entertainment and Other Services",379.314226
Compensation of Employees at Current Prices,2013Q3,"Arts, Entertainment and Other Services",42.01768
Compensation of Employees at Current Prices,2013Q3,All Sectors,18228.761557
Compensation of Employees at Current Prices,2013Q3,All Sectors,15520.204495
Compensation of Employees at Current Prices,2013Q3,All Sectors,2708.557062
Compensation of Employees at Current Prices,2013Q4,"Agriculture, Forestry and Fishing",159.491557
Compensation of Employees at Current Prices,2013Q4,"Agriculture, Forestry and Fishing",134.322492
Compensation of Employees at Current Prices,2013Q4,"Agriculture, Forestry and Fishing",25.169064
Compensation of Employees at Current Prices,2013Q4,Industry (excl. Construction),2485.131515
Compensation of Employees at Current Prices,2013Q4,Industry (excl. Construction),2008.863063
Compensation of Employees at Current Prices,2013Q4,Industry (excl. Construction),476.268453
Compensation of Employees at Current Prices,2013Q4,Industry - of which Manufacturing,2177.789442
Compensation of Employees at Current Prices,2013Q4,Industry - of which Manufacturing,1754.790031
Compensation of Employees at Current Prices,2013Q4,Industry - of which Manufacturing,422.999411
Compensation of Employees at Current Prices,2013Q4,Construction,636.730836
Compensation of Employees at Current Prices,2013Q4,Construction,580.383952
Compensation of Employees at Current Prices,2013Q4,Construction,56.346884
Compensation of Employees at Current Prices,2013Q4,"Distribution, Transport, Hotels and Restaurants",4077.660805
Compensation of Employees at Current Prices,2013Q4,"Distribution, Transport, Hotels and Restaurants",3573.317821
Compensation of Employees at Current Prices,2013Q4,"Distribution, Transport, Hotels and Restaurants",504.342984
Compensation of Employees at Current Prices,2013Q4,Information and Communication,1332.633648
Compensation of Employees at Current Prices,2013Q4,Information and Communication,999.91847
Compensation of Employees at Current Prices,2013Q4,Information and Communication,332.715178
Compensation of Employees at Current Prices,2013Q4,Financial and Insurance Activities,1762.767645
Compensation of Employees at Current Prices,2013Q4,Financial and Insurance Activities,1330.378237
Compensation of Employees at Current Prices,2013Q4,Financial and Insurance Activities,432.389408
Compensation of Employees at Current Prices,2013Q4,Real Estate Activities,137.070991
Compensation of Employees at Current Prices,2013Q4,Real Estate Activities,123.893257
Compensation of Employees at Current Prices,2013Q4,Real Estate Activities,13.177734
Compensation of Employees at Current Prices,2013Q4,"Professional, Admin and Support Services",2037.230447
Compensation of Employees at Current Prices,2013Q4,"Professional, Admin and Support Services",1782.485318
Compensation of Employees at Current Prices,2013Q4,"Professional, Admin and Support Services",254.745128
Compensation of Employees at Current Prices,2013Q4,"Public Admin, Education and Health",5789.071149
Compensation of Employees at Current Prices,2013Q4,"Public Admin, Education and Health",4873.400105
Compensation of Employees at Current Prices,2013Q4,"Public Admin, Education and Health",915.671045
Compensation of Employees at Current Prices,2013Q4,"Arts, Entertainment and Other Services",442.009474
Compensation of Employees at Current Prices,2013Q4,"Arts, Entertainment and Other Services",390.618786
Compensation of Employees at Current Prices,2013Q4,"Arts, Entertainment and Other Services",51.390688
Compensation of Employees at Current Prices,2013Q4,All Sectors,18859.798068
Compensation of Employees at Current Prices,2013Q4,All Sectors,15797.581501
Compensation of Employees at Current Prices,2013Q4,All Sectors,3062.216567
Compensation of Employees at Current Prices,2014Q1,"Agriculture, Forestry and Fishing",164.078261
Compensation of Employees at Current Prices,2014Q1,"Agriculture, Forestry and Fishing",136.712856
Compensation of Employees at Current Prices,2014Q1,"Agriculture, Forestry and Fishing",27.365405
Compensation of Employees at Current Prices,2014Q1,Industry (excl. Construction),2505.30946
Compensation of Employees at Current Prices,2014Q1,Industry (excl. Construction),2065.270375
Compensation of Employees at Current Prices,2014Q1,Industry (excl. Construction),440.039085
Compensation of Employees at Current Prices,2014Q1,Industry - of which Manufacturing,2192.428075
Compensation of Employees at Current Prices,2014Q1,Industry - of which Manufacturing,1804.459078
Compensation of Employees at Current Prices,2014Q1,Industry - of which Manufacturing,387.968998
Compensation of Employees at Current Prices,2014Q1,Construction,569.740412
Compensation of Employees at Current Prices,2014Q1,Construction,514.399794
Compensation of Employees at Current Prices,2014Q1,Construction,55.340618
Compensation of Employees at Current Prices,2014Q1,"Distribution, Transport, Hotels and Restaurants",3877.840637
Compensation of Employees at Current Prices,2014Q1,"Distribution, Transport, Hotels and Restaurants",3420.878938
Compensation of Employees at Current Prices,2014Q1,"Distribution, Transport, Hotels and Restaurants",456.9617
Compensation of Employees at Current Prices,2014Q1,Information and Communication,1242.450267
Compensation of Employees at Current Prices,2014Q1,Information and Communication,1067.340361
Compensation of Employees at Current Prices,2014Q1,Information and Communication,175.109906
Compensation of Employees at Current Prices,2014Q1,Financial and Insurance Activities,1828.600046
Compensation of Employees at Current Prices,2014Q1,Financial and Insurance Activities,1462.279772
Compensation of Employees at Current Prices,2014Q1,Financial and Insurance Activities,366.320274
Compensation of Employees at Current Prices,2014Q1,Real Estate Activities,146.239563
Compensation of Employees at Current Prices,2014Q1,Real Estate Activities,126.246634
Compensation of Employees at Current Prices,2014Q1,Real Estate Activities,19.992928
Compensation of Employees at Current Prices,2014Q1,"Professional, Admin and Support Services",2162.034279
Compensation of Employees at Current Prices,2014Q1,"Professional, Admin and Support Services",1897.433952
Compensation of Employees at Current Prices,2014Q1,"Professional, Admin and Support Services",264.600327
Compensation of Employees at Current Prices,2014Q1,"Public Admin, Education and Health",5817.254153
Compensation of Employees at Current Prices,2014Q1,"Public Admin, Education and Health",4844.878587
Compensation of Employees at Current Prices,2014Q1,"Public Admin, Education and Health",972.375566
Compensation of Employees at Current Prices,2014Q1,"Arts, Entertainment and Other Services",445.424715
Compensation of Employees at Current Prices,2014Q1,"Arts, Entertainment and Other Services",382.166199
Compensation of Employees at Current Prices,2014Q1,"Arts, Entertainment and Other Services",63.258516
Compensation of Employees at Current Prices,2014Q1,All Sectors,18758.971791
Compensation of Employees at Current Prices,2014Q1,All Sectors,15917.607468
Compensation of Employees at Current Prices,2014Q1,All Sectors,2841.364323
Compensation of Employees at Current Prices,2014Q2,"Agriculture, Forestry and Fishing",165.559032
Compensation of Employees at Current Prices,2014Q2,"Agriculture, Forestry and Fishing",138.193628
Compensation of Employees at Current Prices,2014Q2,"Agriculture, Forestry and Fishing",27.365405
Compensation of Employees at Current Prices,2014Q2,Industry (excl. Construction),2486.376832
Compensation of Employees at Current Prices,2014Q2,Industry (excl. Construction),2041.163479
Compensation of Employees at Current Prices,2014Q2,Industry (excl. Construction),445.213353
Compensation of Employees at Current Prices,2014Q2,Industry - of which Manufacturing,2126.154356
Compensation of Employees at Current Prices,2014Q2,Industry - of which Manufacturing,1743.854942
Compensation of Employees at Current Prices,2014Q2,Industry - of which Manufacturing,382.299415
Compensation of Employees at Current Prices,2014Q2,Construction,648.717164
Compensation of Employees at Current Prices,2014Q2,Construction,582.696747
Compensation of Employees at Current Prices,2014Q2,Construction,66.020417
Compensation of Employees at Current Prices,2014Q2,"Distribution, Transport, Hotels and Restaurants",4097.916277
Compensation of Employees at Current Prices,2014Q2,"Distribution, Transport, Hotels and Restaurants",3585.745512
Compensation of Employees at Current Prices,2014Q2,"Distribution, Transport, Hotels and Restaurants",512.170765
Compensation of Employees at Current Prices,2014Q2,Information and Communication,1281.422929
Compensation of Employees at Current Prices,2014Q2,Information and Communication,1086.473298
Compensation of Employees at Current Prices,2014Q2,Information and Communication,194.94963
Compensation of Employees at Current Prices,2014Q2,Financial and Insurance Activities,1631.768064
Compensation of Employees at Current Prices,2014Q2,Financial and Insurance Activities,1286.445821
Compensation of Employees at Current Prices,2014Q2,Financial and Insurance Activities,345.322243
Compensation of Employees at Current Prices,2014Q2,Real Estate Activities,132.223273
Compensation of Employees at Current Prices,2014Q2,Real Estate Activities,118.228603
Compensation of Employees at Current Prices,2014Q2,Real Estate Activities,13.99467
Compensation of Employees at Current Prices,2014Q2,"Professional, Admin and Support Services",2039.56901
Compensation of Employees at Current Prices,2014Q2,"Professional, Admin and Support Services",1793.612338
Compensation of Employees at Current Prices,2014Q2,"Professional, Admin and Support Services",245.956671
Compensation of Employees at Current Prices,2014Q2,"Public Admin, Education and Health",5908.767023
Compensation of Employees at Current Prices,2014Q2,"Public Admin, Education and Health",4924.329669
Compensation of Employees at Current Prices,2014Q2,"Public Admin, Education and Health",984.437354
Compensation of Employees at Current Prices,2014Q2,"Arts, Entertainment and Other Services",455.591807
Compensation of Employees at Current Prices,2014Q2,"Arts, Entertainment and Other Services",400.096062
Compensation of Employees at Current Prices,2014Q2,"Arts, Entertainment and Other Services",55.495745
Compensation of Employees at Current Prices,2014Q2,All Sectors,18847.91141
Compensation of Employees at Current Prices,2014Q2,All Sectors,15956.985157
Compensation of Employees at Current Prices,2014Q2,All Sectors,2890.926253
Compensation of Employees at Current Prices,2014Q3,"Agriculture, Forestry and Fishing",164.915932
Compensation of Employees at Current Prices,2014Q3,"Agriculture, Forestry and Fishing",137.550528
Compensation of Employees at Current Prices,2014Q3,"Agriculture, Forestry and Fishing",27.365405
Compensation of Employees at Current Prices,2014Q3,Industry (excl. Construction),2514.307484
Compensation of Employees at Current Prices,2014Q3,Industry (excl. Construction),2046.946395
Compensation of Employees at Current Prices,2014Q3,Industry (excl. Construction),467.36109
Compensation of Employees at Current Prices,2014Q3,Industry - of which Manufacturing,2198.708503
Compensation of Employees at Current Prices,2014Q3,Industry - of which Manufacturing,1786.756242
Compensation of Employees at Current Prices,2014Q3,Industry - of which Manufacturing,411.952261
Compensation of Employees at Current Prices,2014Q3,Construction,660.18628
Compensation of Employees at Current Prices,2014Q3,Construction,597.246752
Compensation of Employees at Current Prices,2014Q3,Construction,62.939528
Compensation of Employees at Current Prices,2014Q3,"Distribution, Transport, Hotels and Restaurants",4059.1971
Compensation of Employees at Current Prices,2014Q3,"Distribution, Transport, Hotels and Restaurants",3586.54249
Compensation of Employees at Current Prices,2014Q3,"Distribution, Transport, Hotels and Restaurants",472.65461
Compensation of Employees at Current Prices,2014Q3,Information and Communication,1232.471728
Compensation of Employees at Current Prices,2014Q3,Information and Communication,1055.342335
Compensation of Employees at Current Prices,2014Q3,Information and Communication,177.129393
Compensation of Employees at Current Prices,2014Q3,Financial and Insurance Activities,1706.198525
Compensation of Employees at Current Prices,2014Q3,Financial and Insurance Activities,1311.395259
Compensation of Employees at Current Prices,2014Q3,Financial and Insurance Activities,394.803266
Compensation of Employees at Current Prices,2014Q3,Real Estate Activities,144.023507
Compensation of Employees at Current Prices,2014Q3,Real Estate Activities,127.081797
Compensation of Employees at Current Prices,2014Q3,Real Estate Activities,16.94171
Compensation of Employees at Current Prices,2014Q3,"Professional, Admin and Support Services",2045.352449
Compensation of Employees at Current Prices,2014Q3,"Professional, Admin and Support Services",1813.123696
Compensation of Employees at Current Prices,2014Q3,"Professional, Admin and Support Services",232.228753
Compensation of Employees at Current Prices,2014Q3,"Public Admin, Education and Health",5818.291164
Compensation of Employees at Current Prices,2014Q3,"Public Admin, Education and Health",4852.423864
Compensation of Employees at Current Prices,2014Q3,"Public Admin, Education and Health",965.8673
Compensation of Employees at Current Prices,2014Q3,"Arts, Entertainment and Other Services",451.741113
Compensation of Employees at Current Prices,2014Q3,"Arts, Entertainment and Other Services",401.479032
Compensation of Employees at Current Prices,2014Q3,"Arts, Entertainment and Other Services",50.262081
Compensation of Employees at Current Prices,2014Q3,All Sectors,18796.685283
Compensation of Employees at Current Prices,2014Q3,All Sectors,15929.132147
Compensation of Employees at Current Prices,2014Q3,All Sectors,2867.553136
Compensation of Employees at Current Prices,2014Q4,"Agriculture, Forestry and Fishing",163.903594
Compensation of Employees at Current Prices,2014Q4,"Agriculture, Forestry and Fishing",136.53819
Compensation of Employees at Current Prices,2014Q4,"Agriculture, Forestry and Fishing",27.365405
Compensation of Employees at Current Prices,2014Q4,Industry (excl. Construction),2661.439991
Compensation of Employees at Current Prices,2014Q4,Industry (excl. Construction),2150.21424
Compensation of Employees at Current Prices,2014Q4,Industry (excl. Construction),511.225751
Compensation of Employees at Current Prices,2014Q4,Industry - of which Manufacturing,2369.164457
Compensation of Employees at Current Prices,2014Q4,Industry - of which Manufacturing,1910.125126
Compensation of Employees at Current Prices,2014Q4,Industry - of which Manufacturing,459.039331
Compensation of Employees at Current Prices,2014Q4,Construction,730.143475
Compensation of Employees at Current Prices,2014Q4,Construction,653.538065
Compensation of Employees at Current Prices,2014Q4,Construction,76.605411
Compensation of Employees at Current Prices,2014Q4,"Distribution, Transport, Hotels and Restaurants",4232.139894
Compensation of Employees at Current Prices,2014Q4,"Distribution, Transport, Hotels and Restaurants",3718.388534
Compensation of Employees at Current Prices,2014Q4,"Distribution, Transport, Hotels and Restaurants",513.75136
Compensation of Employees at Current Prices,2014Q4,Information and Communication,1355.943417
Compensation of Employees at Current Prices,2014Q4,Information and Communication,1145.213631
Compensation of Employees at Current Prices,2014Q4,Information and Communication,210.729785
Compensation of Employees at Current Prices,2014Q4,Financial and Insurance Activities,1827.763588
Compensation of Employees at Current Prices,2014Q4,Financial and Insurance Activities,1440.868606
Compensation of Employees at Current Prices,2014Q4,Financial and Insurance Activities,386.894983
Compensation of Employees at Current Prices,2014Q4,Real Estate Activities,192.351618
Compensation of Employees at Current Prices,2014Q4,Real Estate Activities,171.719991
Compensation of Employees at Current Prices,2014Q4,Real Estate Activities,20.631628
Compensation of Employees at Current Prices,2014Q4,"Professional, Admin and Support Services",2162.610092
Compensation of Employees at Current Prices,2014Q4,"Professional, Admin and Support Services",1905.550438
Compensation of Employees at Current Prices,2014Q4,"Professional, Admin and Support Services",257.059654
Compensation of Employees at Current Prices,2014Q4,"Public Admin, Education and Health",5980.120829
Compensation of Employees at Current Prices,2014Q4,"Public Admin, Education and Health",4980.023577
Compensation of Employees at Current Prices,2014Q4,"Public Admin, Education and Health",1000.097253
Compensation of Employees at Current Prices,2014Q4,"Arts, Entertainment and Other Services",472.657134
Compensation of Employees at Current Prices,2014Q4,"Arts, Entertainment and Other Services",418.890485
Compensation of Employees at Current Prices,2014Q4,"Arts, Entertainment and Other Services",53.766649
Compensation of Employees at Current Prices,2014Q4,All Sectors,19779.073633
Compensation of Employees at Current Prices,2014Q4,All Sectors,16720.945756
Compensation of Employees at Current Prices,2014Q4,All Sectors,3058.127877
Compensation of Employees at Current Prices,2015Q1,"Agriculture, Forestry and Fishing",167.174688
Compensation of Employees at Current Prices,2015Q1,"Agriculture, Forestry and Fishing",138.040315
Compensation of Employees at Current Prices,2015Q1,"Agriculture, Forestry and Fishing",29.134373
Compensation of Employees at Current Prices,2015Q1,Industry (excl. Construction),2782.196557
Compensation of Employees at Current Prices,2015Q1,Industry (excl. Construction),2249.827511
Compensation of Employees at Current Prices,2015Q1,Industry (excl. Construction),532.369046
Compensation of Employees at Current Prices,2015Q1,Industry - of which Manufacturing,2449.793367
Compensation of Employees at Current Prices,2015Q1,Industry - of which Manufacturing,1981.814926
Compensation of Employees at Current Prices,2015Q1,Industry - of which Manufacturing,467.978441
Compensation of Employees at Current Prices,2015Q1,Construction,670.887917
Compensation of Employees at Current Prices,2015Q1,Construction,603.352694
Compensation of Employees at Current Prices,2015Q1,Construction,67.535223
Compensation of Employees at Current Prices,2015Q1,"Distribution, Transport, Hotels and Restaurants",4075.531612
Compensation of Employees at Current Prices,2015Q1,"Distribution, Transport, Hotels and Restaurants",3538.819998
Compensation of Employees at Current Prices,2015Q1,"Distribution, Transport, Hotels and Restaurants",536.711614
Compensation of Employees at Current Prices,2015Q1,Information and Communication,1436.655116
Compensation of Employees at Current Prices,2015Q1,Information and Communication,1230.470342
Compensation of Employees at Current Prices,2015Q1,Information and Communication,206.184774
Compensation of Employees at Current Prices,2015Q1,Financial and Insurance Activities,1985.38924
Compensation of Employees at Current Prices,2015Q1,Financial and Insurance Activities,1531.719584
Compensation of Employees at Current Prices,2015Q1,Financial and Insurance Activities,453.669656
Compensation of Employees at Current Prices,2015Q1,Real Estate Activities,174.834611
Compensation of Employees at Current Prices,2015Q1,Real Estate Activities,153.628231
Compensation of Employees at Current Prices,2015Q1,Real Estate Activities,21.20638
Compensation of Employees at Current Prices,2015Q1,"Professional, Admin and Support Services",2142.164946
Compensation of Employees at Current Prices,2015Q1,"Professional, Admin and Support Services",1877.837875
Compensation of Employees at Current Prices,2015Q1,"Professional, Admin and Support Services",264.327071
Compensation of Employees at Current Prices,2015Q1,"Public Admin, Education and Health",5915.620224
Compensation of Employees at Current Prices,2015Q1,"Public Admin, Education and Health",4930.973286
Compensation of Employees at Current Prices,2015Q1,"Public Admin, Education and Health",984.646938
Compensation of Employees at Current Prices,2015Q1,"Arts, Entertainment and Other Services",493.434136
Compensation of Employees at Current Prices,2015Q1,"Arts, Entertainment and Other Services",417.037446
Compensation of Employees at Current Prices,2015Q1,"Arts, Entertainment and Other Services",76.396691
Compensation of Employees at Current Prices,2015Q1,All Sectors,19843.889048
Compensation of Employees at Current Prices,2015Q1,All Sectors,16671.707282
Compensation of Employees at Current Prices,2015Q1,All Sectors,3172.181766
Compensation of Employees at Current Prices,2015Q2,"Agriculture, Forestry and Fishing",168.858288
Compensation of Employees at Current Prices,2015Q2,"Agriculture, Forestry and Fishing",139.723914
Compensation of Employees at Current Prices,2015Q2,"Agriculture, Forestry and Fishing",29.134373
Compensation of Employees at Current Prices,2015Q2,Industry (excl. Construction),2745.029432
Compensation of Employees at Current Prices,2015Q2,Industry (excl. Construction),2208.634708
Compensation of Employees at Current Prices,2015Q2,Industry (excl. Construction),536.394724
Compensation of Employees at Current Prices,2015Q2,Industry - of which Manufacturing,2398.166251
Compensation of Employees at Current Prices,2015Q2,Industry - of which Manufacturing,1928.62939
Compensation of Employees at Current Prices,2015Q2,Industry - of which Manufacturing,469.53686
Compensation of Employees at Current Prices,2015Q2,Construction,701.188793
Compensation of Employees at Current Prices,2015Q2,Construction,630.009525
Compensation of Employees at Current Prices,2015Q2,Construction,71.179268
Compensation of Employees at Current Prices,2015Q2,"Distribution, Transport, Hotels and Restaurants",4238.514928
Compensation of Employees at Current Prices,2015Q2,"Distribution, Transport, Hotels and Restaurants",3669.00302
Compensation of Employees at Current Prices,2015Q2,"Distribution, Transport, Hotels and Restaurants",569.511908
Compensation of Employees at Current Prices,2015Q2,Information and Communication,1444.774908
Compensation of Employees at Current Prices,2015Q2,Information and Communication,1199.566046
Compensation of Employees at Current Prices,2015Q2,Information and Communication,245.208862
Compensation of Employees at Current Prices,2015Q2,Financial and Insurance Activities,1792.908273
Compensation of Employees at Current Prices,2015Q2,Financial and Insurance Activities,1382.711122
Compensation of Employees at Current Prices,2015Q2,Financial and Insurance Activities,410.197151
Compensation of Employees at Current Prices,2015Q2,Real Estate Activities,183.762988
Compensation of Employees at Current Prices,2015Q2,Real Estate Activities,160.124435
Compensation of Employees at Current Prices,2015Q2,Real Estate Activities,23.638553
Compensation of Employees at Current Prices,2015Q2,"Professional, Admin and Support Services",2290.832281
Compensation of Employees at Current Prices,2015Q2,"Professional, Admin and Support Services",1991.585848
Compensation of Employees at Current Prices,2015Q2,"Professional, Admin and Support Services",299.246433
Compensation of Employees at Current Prices,2015Q2,"Public Admin, Education and Health",5969.733768
Compensation of Employees at Current Prices,2015Q2,"Public Admin, Education and Health",4973.492175
Compensation of Employees at Current Prices,2015Q2,"Public Admin, Education and Health",996.241593
Compensation of Employees at Current Prices,2015Q2,"Arts, Entertainment and Other Services",486.965551
Compensation of Employees at Current Prices,2015Q2,"Arts, Entertainment and Other Services",430.680222
Compensation of Employees at Current Prices,2015Q2,"Arts, Entertainment and Other Services",56.285329
Compensation of Employees at Current Prices,2015Q2,All Sectors,20022.569211
Compensation of Employees at Current Prices,2015Q2,All Sectors,16785.531016
Compensation of Employees at Current Prices,2015Q2,All Sectors,3237.038195
Compensation of Employees at Current Prices,2015Q3,"Agriculture, Forestry and Fishing",167.660633
Compensation of Employees at Current Prices,2015Q3,"Agriculture, Forestry and Fishing",138.526259
Compensation of Employees at Current Prices,2015Q3,"Agriculture, Forestry and Fishing",29.134373
Compensation of Employees at Current Prices,2015Q3,Industry (excl. Construction),2763.240048
Compensation of Employees at Current Prices,2015Q3,Industry (excl. Construction),2236.052308
Compensation of Employees at Current Prices,2015Q3,Industry (excl. Construction),527.187739
Compensation of Employees at Current Prices,2015Q3,Industry - of which Manufacturing,2406.822951
Compensation of Employees at Current Prices,2015Q3,Industry - of which Manufacturing,1947.452726
Compensation of Employees at Current Prices,2015Q3,Industry - of which Manufacturing,459.370225
Compensation of Employees at Current Prices,2015Q3,Construction,717.606128
Compensation of Employees at Current Prices,2015Q3,Construction,644.573975
Compensation of Employees at Current Prices,2015Q3,Construction,73.032154
Compensation of Employees at Current Prices,2015Q3,"Distribution, Transport, Hotels and Restaurants",4247.695499
Compensation of Employees at Current Prices,2015Q3,"Distribution, Transport, Hotels and Restaurants",3674.398776
Compensation of Employees at Current Prices,2015Q3,"Distribution, Transport, Hotels and Restaurants",573.296723
Compensation of Employees at Current Prices,2015Q3,Information and Communication,1464.068427
Compensation of Employees at Current Prices,2015Q3,Information and Communication,1226.829997
Compensation of Employees at Current Prices,2015Q3,Information and Communication,237.238431
Compensation of Employees at Current Prices,2015Q3,Financial and Insurance Activities,1764.524819
Compensation of Employees at Current Prices,2015Q3,Financial and Insurance Activities,1354.706381
Compensation of Employees at Current Prices,2015Q3,Financial and Insurance Activities,409.818438
Compensation of Employees at Current Prices,2015Q3,Real Estate Activities,160.510079
Compensation of Employees at Current Prices,2015Q3,Real Estate Activities,141.519952
Compensation of Employees at Current Prices,2015Q3,Real Estate Activities,18.990127
Compensation of Employees at Current Prices,2015Q3,"Professional, Admin and Support Services",2464.614449
Compensation of Employees at Current Prices,2015Q3,"Professional, Admin and Support Services",2161.674235
Compensation of Employees at Current Prices,2015Q3,"Professional, Admin and Support Services",302.940214
Compensation of Employees at Current Prices,2015Q3,"Public Admin, Education and Health",5977.276166
Compensation of Employees at Current Prices,2015Q3,"Public Admin, Education and Health",4981.875295
Compensation of Employees at Current Prices,2015Q3,"Public Admin, Education and Health",995.400871
Compensation of Employees at Current Prices,2015Q3,"Arts, Entertainment and Other Services",483.740433
Compensation of Employees at Current Prices,2015Q3,"Arts, Entertainment and Other Services",426.331452
Compensation of Employees at Current Prices,2015Q3,"Arts, Entertainment and Other Services",57.408981
Compensation of Employees at Current Prices,2015Q3,All Sectors,20210.936681
Compensation of Employees at Current Prices,2015Q3,All Sectors,16986.488631
Compensation of Employees at Current Prices,2015Q3,All Sectors,3224.44805
Compensation of Employees at Current Prices,2015Q4,"Agriculture, Forestry and Fishing",165.410219
Compensation of Employees at Current Prices,2015Q4,"Agriculture, Forestry and Fishing",136.275846
Compensation of Employees at Current Prices,2015Q4,"Agriculture, Forestry and Fishing",29.134373
Compensation of Employees at Current Prices,2015Q4,Industry (excl. Construction),2884.118216
Compensation of Employees at Current Prices,2015Q4,Industry (excl. Construction),2311.637385
Compensation of Employees at Current Prices,2015Q4,Industry (excl. Construction),572.480832
Compensation of Employees at Current Prices,2015Q4,Industry - of which Manufacturing,2553.847271
Compensation of Employees at Current Prices,2015Q4,Industry - of which Manufacturing,2052.548606
Compensation of Employees at Current Prices,2015Q4,Industry - of which Manufacturing,501.298665
Compensation of Employees at Current Prices,2015Q4,Construction,768.827898
Compensation of Employees at Current Prices,2015Q4,Construction,690.464848
Compensation of Employees at Current Prices,2015Q4,Construction,78.363049
Compensation of Employees at Current Prices,2015Q4,"Distribution, Transport, Hotels and Restaurants",4498.9393
Compensation of Employees at Current Prices,2015Q4,"Distribution, Transport, Hotels and Restaurants",3884.627379
Compensation of Employees at Current Prices,2015Q4,"Distribution, Transport, Hotels and Restaurants",614.311921
Compensation of Employees at Current Prices,2015Q4,Information and Communication,1478.820778
Compensation of Employees at Current Prices,2015Q4,Information and Communication,1242.845397
Compensation of Employees at Current Prices,2015Q4,Information and Communication,235.975381
Compensation of Employees at Current Prices,2015Q4,Financial and Insurance Activities,1818.67688
Compensation of Employees at Current Prices,2015Q4,Financial and Insurance Activities,1407.824138
Compensation of Employees at Current Prices,2015Q4,Financial and Insurance Activities,410.852742
Compensation of Employees at Current Prices,2015Q4,Real Estate Activities,167.641139
Compensation of Employees at Current Prices,2015Q4,Real Estate Activities,148.352346
Compensation of Employees at Current Prices,2015Q4,Real Estate Activities,19.288793
Compensation of Employees at Current Prices,2015Q4,"Professional, Admin and Support Services",2479.187798
Compensation of Employees at Current Prices,2015Q4,"Professional, Admin and Support Services",2160.650011
Compensation of Employees at Current Prices,2015Q4,"Professional, Admin and Support Services",318.537787
Compensation of Employees at Current Prices,2015Q4,"Public Admin, Education and Health",6166.663289
Compensation of Employees at Current Prices,2015Q4,"Public Admin, Education and Health",5141.690141
Compensation of Employees at Current Prices,2015Q4,"Public Admin, Education and Health",1024.973148
Compensation of Employees at Current Prices,2015Q4,"Arts, Entertainment and Other Services",465.874415
Compensation of Employees at Current Prices,2015Q4,"Arts, Entertainment and Other Services",412.458064
Compensation of Employees at Current Prices,2015Q4,"Arts, Entertainment and Other Services",53.416352
Compensation of Employees at Current Prices,2015Q4,All Sectors,20894.159933
Compensation of Employees at Current Prices,2015Q4,All Sectors,17536.825555
Compensation of Employees at Current Prices,2015Q4,All Sectors,3357.334378
Compensation of Employees at Current Prices,2016Q1,"Agriculture, Forestry and Fishing",173.062895
Compensation of Employees at Current Prices,2016Q1,"Agriculture, Forestry and Fishing",143.051243
Compensation of Employees at Current Prices,2016Q1,"Agriculture, Forestry and Fishing",30.011652
Compensation of Employees at Current Prices,2016Q1,Industry (excl. Construction),2882.906568
Compensation of Employees at Current Prices,2016Q1,Industry (excl. Construction),2340.285771
Compensation of Employees at Current Prices,2016Q1,Industry (excl. Construction),542.620798
Compensation of Employees at Current Prices,2016Q1,Industry - of which Manufacturing,2537.270691
Compensation of Employees at Current Prices,2016Q1,Industry - of which Manufacturing,2060.240211
Compensation of Employees at Current Prices,2016Q1,Industry - of which Manufacturing,477.030479
Compensation of Employees at Current Prices,2016Q1,Construction,765.15031
Compensation of Employees at Current Prices,2016Q1,Construction,686.954136
Compensation of Employees at Current Prices,2016Q1,Construction,78.196174
Compensation of Employees at Current Prices,2016Q1,"Distribution, Transport, Hotels and Restaurants",4342.607117
Compensation of Employees at Current Prices,2016Q1,"Distribution, Transport, Hotels and Restaurants",3775.533427
Compensation of Employees at Current Prices,2016Q1,"Distribution, Transport, Hotels and Restaurants",567.07369
Compensation of Employees at Current Prices,2016Q1,Information and Communication,1627.823559
Compensation of Employees at Current Prices,2016Q1,Information and Communication,1409.239893
Compensation of Employees at Current Prices,2016Q1,Information and Communication,218.583666
Compensation of Employees at Current Prices,2016Q1,Financial and Insurance Activities,2029.663004
Compensation of Employees at Current Prices,2016Q1,Financial and Insurance Activities,1600.980227
Compensation of Employees at Current Prices,2016Q1,Financial and Insurance Activities,428.682777
Compensation of Employees at Current Prices,2016Q1,Real Estate Activities,188.576776
Compensation of Employees at Current Prices,2016Q1,Real Estate Activities,165.243387
Compensation of Employees at Current Prices,2016Q1,Real Estate Activities,23.333389
Compensation of Employees at Current Prices,2016Q1,"Professional, Admin and Support Services",2507.200737
Compensation of Employees at Current Prices,2016Q1,"Professional, Admin and Support Services",2201.072834
Compensation of Employees at Current Prices,2016Q1,"Professional, Admin and Support Services",306.127904
Compensation of Employees at Current Prices,2016Q1,"Public Admin, Education and Health",6063.015686
Compensation of Employees at Current Prices,2016Q1,"Public Admin, Education and Health",4996.158337
Compensation of Employees at Current Prices,2016Q1,"Public Admin, Education and Health",1066.857349
Compensation of Employees at Current Prices,2016Q1,"Arts, Entertainment and Other Services",502.70839
Compensation of Employees at Current Prices,2016Q1,"Arts, Entertainment and Other Services",437.941165
Compensation of Employees at Current Prices,2016Q1,"Arts, Entertainment and Other Services",64.767226
Compensation of Employees at Current Prices,2016Q1,All Sectors,21082.715043
Compensation of Employees at Current Prices,2016Q1,All Sectors,17756.460419
Compensation of Employees at Current Prices,2016Q1,All Sectors,3326.254624
Compensation of Employees at Current Prices,2016Q2,"Agriculture, Forestry and Fishing",175.089147
Compensation of Employees at Current Prices,2016Q2,"Agriculture, Forestry and Fishing",145.077496
Compensation of Employees at Current Prices,2016Q2,"Agriculture, Forestry and Fishing",30.011652
Compensation of Employees at Current Prices,2016Q2,Industry (excl. Construction),2840.294816
Compensation of Employees at Current Prices,2016Q2,Industry (excl. Construction),2304.721647
Compensation of Employees at Current Prices,2016Q2,Industry (excl. Construction),535.573168
Compensation of Employees at Current Prices,2016Q2,Industry - of which Manufacturing,2520.867715
Compensation of Employees at Current Prices,2016Q2,Industry - of which Manufacturing,2042.568769
Compensation of Employees at Current Prices,2016Q2,Industry - of which Manufacturing,478.298945
Compensation of Employees at Current Prices,2016Q2,Construction,869.852317
Compensation of Employees at Current Prices,2016Q2,Construction,782.121006
Compensation of Employees at Current Prices,2016Q2,Construction,87.731311
Compensation of Employees at Current Prices,2016Q2,"Distribution, Transport, Hotels and Restaurants",4538.007322
Compensation of Employees at Current Prices,2016Q2,"Distribution, Transport, Hotels and Restaurants",3931.873287
Compensation of Employees at Current Prices,2016Q2,"Distribution, Transport, Hotels and Restaurants",606.134034
Compensation of Employees at Current Prices,2016Q2,Information and Communication,1588.481551
Compensation of Employees at Current Prices,2016Q2,Information and Communication,1322.840566
Compensation of Employees at Current Prices,2016Q2,Information and Communication,265.640985
Compensation of Employees at Current Prices,2016Q2,Financial and Insurance Activities,1820.522692
Compensation of Employees at Current Prices,2016Q2,Financial and Insurance Activities,1428.456464
Compensation of Employees at Current Prices,2016Q2,Financial and Insurance Activities,392.066228
Compensation of Employees at Current Prices,2016Q2,Real Estate Activities,200.42178
Compensation of Employees at Current Prices,2016Q2,Real Estate Activities,171.93518
Compensation of Employees at Current Prices,2016Q2,Real Estate Activities,28.4866
Compensation of Employees at Current Prices,2016Q2,"Professional, Admin and Support Services",2577.457801
Compensation of Employees at Current Prices,2016Q2,"Professional, Admin and Support Services",2262.437213
Compensation of Employees at Current Prices,2016Q2,"Professional, Admin and Support Services",315.020588
Compensation of Employees at Current Prices,2016Q2,"Public Admin, Education and Health",6210.968202
Compensation of Employees at Current Prices,2016Q2,"Public Admin, Education and Health",5113.019275
Compensation of Employees at Current Prices,2016Q2,"Public Admin, Education and Health",1097.948927
Compensation of Employees at Current Prices,2016Q2,"Arts, Entertainment and Other Services",501.004631
Compensation of Employees at Current Prices,2016Q2,"Arts, Entertainment and Other Services",440.497795
Compensation of Employees at Current Prices,2016Q2,"Arts, Entertainment and Other Services",60.506836
Compensation of Employees at Current Prices,2016Q2,All Sectors,21322.100259
Compensation of Employees at Current Prices,2016Q2,All Sectors,17902.979929
Compensation of Employees at Current Prices,2016Q2,All Sectors,3419.12033
Compensation of Employees at Current Prices,2016Q3,"Agriculture, Forestry and Fishing",175.486524
Compensation of Employees at Current Prices,2016Q3,"Agriculture, Forestry and Fishing",145.474872
Compensation of Employees at Current Prices,2016Q3,"Agriculture, Forestry and Fishing",30.011652
Compensation of Employees at Current Prices,2016Q3,Industry (excl. Construction),2976.008076
Compensation of Employees at Current Prices,2016Q3,Industry (excl. Construction),2385.484364
Compensation of Employees at Current Prices,2016Q3,Industry (excl. Construction),590.523712
Compensation of Employees at Current Prices,2016Q3,Industry - of which Manufacturing,2612.998006
Compensation of Employees at Current Prices,2016Q3,Industry - of which Manufacturing,2093.558558
Compensation of Employees at Current Prices,2016Q3,Industry - of which Manufacturing,519.439448
Compensation of Employees at Current Prices,2016Q3,Construction,855.033392
Compensation of Employees at Current Prices,2016Q3,Construction,770.257568
Compensation of Employees at Current Prices,2016Q3,Construction,84.775824
Compensation of Employees at Current Prices,2016Q3,"Distribution, Transport, Hotels and Restaurants",4669.533345
Compensation of Employees at Current Prices,2016Q3,"Distribution, Transport, Hotels and Restaurants",4047.72851
Compensation of Employees at Current Prices,2016Q3,"Distribution, Transport, Hotels and Restaurants",621.804835
Compensation of Employees at Current Prices,2016Q3,Information and Communication,1629.814613
Compensation of Employees at Current Prices,2016Q3,Information and Communication,1373.314117
Compensation of Employees at Current Prices,2016Q3,Information and Communication,256.500496
Compensation of Employees at Current Prices,2016Q3,Financial and Insurance Activities,1797.308297
Compensation of Employees at Current Prices,2016Q3,Financial and Insurance Activities,1392.226923
Compensation of Employees at Current Prices,2016Q3,Financial and Insurance Activities,405.081374
Compensation of Employees at Current Prices,2016Q3,Real Estate Activities,172.204681
Compensation of Employees at Current Prices,2016Q3,Real Estate Activities,149.34004
Compensation of Employees at Current Prices,2016Q3,Real Estate Activities,22.864641
Compensation of Employees at Current Prices,2016Q3,"Professional, Admin and Support Services",2651.044346
Compensation of Employees at Current Prices,2016Q3,"Professional, Admin and Support Services",2327.240931
Compensation of Employees at Current Prices,2016Q3,"Professional, Admin and Support Services",323.803415
Compensation of Employees at Current Prices,2016Q3,"Public Admin, Education and Health",6195.887987
Compensation of Employees at Current Prices,2016Q3,"Public Admin, Education and Health",5106.779557
Compensation of Employees at Current Prices,2016Q3,"Public Admin, Education and Health",1089.10843
Compensation of Employees at Current Prices,2016Q3,"Arts, Entertainment and Other Services",522.516097
Compensation of Employees at Current Prices,2016Q3,"Arts, Entertainment and Other Services",456.95262
Compensation of Employees at Current Prices,2016Q3,"Arts, Entertainment and Other Services",65.563477
Compensation of Employees at Current Prices,2016Q3,All Sectors,21644.837358
Compensation of Employees at Current Prices,2016Q3,All Sectors,18154.799502
Compensation of Employees at Current Prices,2016Q3,All Sectors,3490.037855
Compensation of Employees at Current Prices,2016Q4,"Agriculture, Forestry and Fishing",172.891398
Compensation of Employees at Current Prices,2016Q4,"Agriculture, Forestry and Fishing",142.879746
Compensation of Employees at Current Prices,2016Q4,"Agriculture, Forestry and Fishing",30.011652
Compensation of Employees at Current Prices,2016Q4,Industry (excl. Construction),2993.973565
Compensation of Employees at Current Prices,2016Q4,Industry (excl. Construction),2396.867654
Compensation of Employees at Current Prices,2016Q4,Industry (excl. Construction),597.105911
Compensation of Employees at Current Prices,2016Q4,Industry - of which Manufacturing,2642.417131
Compensation of Employees at Current Prices,2016Q4,Industry - of which Manufacturing,2107.802386
Compensation of Employees at Current Prices,2016Q4,Industry - of which Manufacturing,534.614745
Compensation of Employees at Current Prices,2016Q4,Construction,899.085504
Compensation of Employees at Current Prices,2016Q4,Construction,809.434882
Compensation of Employees at Current Prices,2016Q4,Construction,89.650622
Compensation of Employees at Current Prices,2016Q4,"Distribution, Transport, Hotels and Restaurants",4842.417733
Compensation of Employees at Current Prices,2016Q4,"Distribution, Transport, Hotels and Restaurants",4200.918858
Compensation of Employees at Current Prices,2016Q4,"Distribution, Transport, Hotels and Restaurants",641.498875
Compensation of Employees at Current Prices,2016Q4,Information and Communication,1667.10482
Compensation of Employees at Current Prices,2016Q4,Information and Communication,1391.244022
Compensation of Employees at Current Prices,2016Q4,Information and Communication,275.860799
Compensation of Employees at Current Prices,2016Q4,Financial and Insurance Activities,1840.483038
Compensation of Employees at Current Prices,2016Q4,Financial and Insurance Activities,1422.123317
Compensation of Employees at Current Prices,2016Q4,Financial and Insurance Activities,418.359721
Compensation of Employees at Current Prices,2016Q4,Real Estate Activities,205.518478
Compensation of Employees at Current Prices,2016Q4,Real Estate Activities,180.118205
Compensation of Employees at Current Prices,2016Q4,Real Estate Activities,25.400273
Compensation of Employees at Current Prices,2016Q4,"Professional, Admin and Support Services",2789.75805
Compensation of Employees at Current Prices,2016Q4,"Professional, Admin and Support Services",2436.477112
Compensation of Employees at Current Prices,2016Q4,"Professional, Admin and Support Services",353.280938
Compensation of Employees at Current Prices,2016Q4,"Public Admin, Education and Health",6386.422564
Compensation of Employees at Current Prices,2016Q4,"Public Admin, Education and Health",5262.393149
Compensation of Employees at Current Prices,2016Q4,"Public Admin, Education and Health",1124.029415
Compensation of Employees at Current Prices,2016Q4,"Arts, Entertainment and Other Services",522.498196
Compensation of Employees at Current Prices,2016Q4,"Arts, Entertainment and Other Services",468.045418
Compensation of Employees at Current Prices,2016Q4,"Arts, Entertainment and Other Services",54.452778
Compensation of Employees at Current Prices,2016Q4,All Sectors,22320.153346
Compensation of Employees at Current Prices,2016Q4,All Sectors,18710.502363
Compensation of Employees at Current Prices,2016Q4,All Sectors,3609.650983
Compensation of Employees at Current Prices,2017Q1,"Agriculture, Forestry and Fishing",181.811995
Compensation of Employees at Current Prices,2017Q1,"Agriculture, Forestry and Fishing",149.636971
Compensation of Employees at Current Prices,2017Q1,"Agriculture, Forestry and Fishing",32.175024
Compensation of Employees at Current Prices,2017Q1,Industry (excl. Construction),3131.880146
Compensation of Employees at Current Prices,2017Q1,Industry (excl. Construction),2551.419405
Compensation of Employees at Current Prices,2017Q1,Industry (excl. Construction),580.460742
Compensation of Employees at Current Prices,2017Q1,Industry - of which Manufacturing,2754.434657
Compensation of Employees at Current Prices,2017Q1,Industry - of which Manufacturing,2244.214033
Compensation of Employees at Current Prices,2017Q1,Industry - of which Manufacturing,510.220624
Compensation of Employees at Current Prices,2017Q1,Construction,1019.546958
Compensation of Employees at Current Prices,2017Q1,Construction,919.496067
Compensation of Employees at Current Prices,2017Q1,Construction,100.050891
Compensation of Employees at Current Prices,2017Q1,"Distribution, Transport, Hotels and Restaurants",4603.660622
Compensation of Employees at Current Prices,2017Q1,"Distribution, Transport, Hotels and Restaurants",4014.365886
Compensation of Employees at Current Prices,2017Q1,"Distribution, Transport, Hotels and Restaurants",589.294737
Compensation of Employees at Current Prices,2017Q1,Information and Communication,1748.638037
Compensation of Employees at Current Prices,2017Q1,Information and Communication,1511.426034
Compensation of Employees at Current Prices,2017Q1,Information and Communication,237.212003
Compensation of Employees at Current Prices,2017Q1,Financial and Insurance Activities,2130.629322
Compensation of Employees at Current Prices,2017Q1,Financial and Insurance Activities,1649.813491
Compensation of Employees at Current Prices,2017Q1,Financial and Insurance Activities,480.815831
Compensation of Employees at Current Prices,2017Q1,Real Estate Activities,239.664443
Compensation of Employees at Current Prices,2017Q1,Real Estate Activities,205.277823
Compensation of Employees at Current Prices,2017Q1,Real Estate Activities,34.386619
Compensation of Employees at Current Prices,2017Q1,"Professional, Admin and Support Services",2848.117659
Compensation of Employees at Current Prices,2017Q1,"Professional, Admin and Support Services",2498.933144
Compensation of Employees at Current Prices,2017Q1,"Professional, Admin and Support Services",349.184515
Compensation of Employees at Current Prices,2017Q1,"Public Admin, Education and Health",6306.183315
Compensation of Employees at Current Prices,2017Q1,"Public Admin, Education and Health",5192.994628
Compensation of Employees at Current Prices,2017Q1,"Public Admin, Education and Health",1113.188687
Compensation of Employees at Current Prices,2017Q1,"Arts, Entertainment and Other Services",515.105179
Compensation of Employees at Current Prices,2017Q1,"Arts, Entertainment and Other Services",451.279123
Compensation of Employees at Current Prices,2017Q1,"Arts, Entertainment and Other Services",63.826056
Compensation of Employees at Current Prices,2017Q1,All Sectors,22725.237677
Compensation of Employees at Current Prices,2017Q1,All Sectors,19144.642571
Compensation of Employees at Current Prices,2017Q1,All Sectors,3580.595106
Compensation of Employees at Current Prices,2017Q2,"Agriculture, Forestry and Fishing",184.722372
Compensation of Employees at Current Prices,2017Q2,"Agriculture, Forestry and Fishing",152.547347
Compensation of Employees at Current Prices,2017Q2,"Agriculture, Forestry and Fishing",32.175024
Compensation of Employees at Current Prices,2017Q2,Industry (excl. Construction),3020.698643
Compensation of Employees at Current Prices,2017Q2,Industry (excl. Construction),2427.512207
Compensation of Employees at Current Prices,2017Q2,Industry (excl. Construction),593.186436
Compensation of Employees at Current Prices,2017Q2,Industry - of which Manufacturing,2663.653833
Compensation of Employees at Current Prices,2017Q2,Industry - of which Manufacturing,2135.531691
Compensation of Employees at Current Prices,2017Q2,Industry - of which Manufacturing,528.122142
Compensation of Employees at Current Prices,2017Q2,Construction,986.474856
Compensation of Employees at Current Prices,2017Q2,Construction,887.125047
Compensation of Employees at Current Prices,2017Q2,Construction,99.34981
Compensation of Employees at Current Prices,2017Q2,"Distribution, Transport, Hotels and Restaurants",4829.729916
Compensation of Employees at Current Prices,2017Q2,"Distribution, Transport, Hotels and Restaurants",4187.21176
Compensation of Employees at Current Prices,2017Q2,"Distribution, Transport, Hotels and Restaurants",642.518156
Compensation of Employees at Current Prices,2017Q2,Information and Communication,1743.69354
Compensation of Employees at Current Prices,2017Q2,Information and Communication,1473.987384
Compensation of Employees at Current Prices,2017Q2,Information and Communication,269.706156
Compensation of Employees at Current Prices,2017Q2,Financial and Insurance Activities,1893.85486
Compensation of Employees at Current Prices,2017Q2,Financial and Insurance Activities,1458.835048
Compensation of Employees at Current Prices,2017Q2,Financial and Insurance Activities,435.019812
Compensation of Employees at Current Prices,2017Q2,Real Estate Activities,201.714108
Compensation of Employees at Current Prices,2017Q2,Real Estate Activities,174.350252
Compensation of Employees at Current Prices,2017Q2,Real Estate Activities,27.363855
Compensation of Employees at Current Prices,2017Q2,"Professional, Admin and Support Services",2941.357988
Compensation of Employees at Current Prices,2017Q2,"Professional, Admin and Support Services",2549.356368
Compensation of Employees at Current Prices,2017Q2,"Professional, Admin and Support Services",392.00162
Compensation of Employees at Current Prices,2017Q2,"Public Admin, Education and Health",6528.143854
Compensation of Employees at Current Prices,2017Q2,"Public Admin, Education and Health",5368.923557
Compensation of Employees at Current Prices,2017Q2,"Public Admin, Education and Health",1159.220297
Compensation of Employees at Current Prices,2017Q2,"Arts, Entertainment and Other Services",531.937002
Compensation of Employees at Current Prices,2017Q2,"Arts, Entertainment and Other Services",468.66465
Compensation of Employees at Current Prices,2017Q2,"Arts, Entertainment and Other Services",63.272352
Compensation of Employees at Current Prices,2017Q2,All Sectors,22862.327138
Compensation of Employees at Current Prices,2017Q2,All Sectors,19148.513621
Compensation of Employees at Current Prices,2017Q2,All Sectors,3713.813517
Compensation of Employees at Current Prices,2017Q3,"Agriculture, Forestry and Fishing",181.329623
Compensation of Employees at Current Prices,2017Q3,"Agriculture, Forestry and Fishing",149.154599
Compensation of Employees at Current Prices,2017Q3,"Agriculture, Forestry and Fishing",32.175024
Compensation of Employees at Current Prices,2017Q3,Industry (excl. Construction),3106.079026
Compensation of Employees at Current Prices,2017Q3,Industry (excl. Construction),2529.61957
Compensation of Employees at Current Prices,2017Q3,Industry (excl. Construction),576.459456
Compensation of Employees at Current Prices,2017Q3,Industry - of which Manufacturing,2739.020397
Compensation of Employees at Current Prices,2017Q3,Industry - of which Manufacturing,2231.341524
Compensation of Employees at Current Prices,2017Q3,Industry - of which Manufacturing,507.678873
Compensation of Employees at Current Prices,2017Q3,Construction,976.293258
Compensation of Employees at Current Prices,2017Q3,Construction,882.307042
Compensation of Employees at Current Prices,2017Q3,Construction,93.986216
Compensation of Employees at Current Prices,2017Q3,"Distribution, Transport, Hotels and Restaurants",4806.002774
Compensation of Employees at Current Prices,2017Q3,"Distribution, Transport, Hotels and Restaurants",4168.676093
Compensation of Employees at Current Prices,2017Q3,"Distribution, Transport, Hotels and Restaurants",637.326681
Compensation of Employees at Current Prices,2017Q3,Information and Communication,1866.46331
Compensation of Employees at Current Prices,2017Q3,Information and Communication,1570.494736
Compensation of Employees at Current Prices,2017Q3,Information and Communication,295.968573
Compensation of Employees at Current Prices,2017Q3,Financial and Insurance Activities,1874.482509
Compensation of Employees at Current Prices,2017Q3,Financial and Insurance Activities,1433.208048
Compensation of Employees at Current Prices,2017Q3,Financial and Insurance Activities,441.274461
Compensation of Employees at Current Prices,2017Q3,Real Estate Activities,193.214349
Compensation of Employees at Current Prices,2017Q3,Real Estate Activities,170.210073
Compensation of Employees at Current Prices,2017Q3,Real Estate Activities,23.004276
Compensation of Employees at Current Prices,2017Q3,"Professional, Admin and Support Services",2910.248444
Compensation of Employees at Current Prices,2017Q3,"Professional, Admin and Support Services",2555.231031
Compensation of Employees at Current Prices,2017Q3,"Professional, Admin and Support Services",355.017413
Compensation of Employees at Current Prices,2017Q3,"Public Admin, Education and Health",6562.262486
Compensation of Employees at Current Prices,2017Q3,"Public Admin, Education and Health",5400.722502
Compensation of Employees at Current Prices,2017Q3,"Public Admin, Education and Health",1161.539983
Compensation of Employees at Current Prices,2017Q3,"Arts, Entertainment and Other Services",528.814921
Compensation of Employees at Current Prices,2017Q3,"Arts, Entertainment and Other Services",470.972697
Compensation of Employees at Current Prices,2017Q3,"Arts, Entertainment and Other Services",57.842224
Compensation of Employees at Current Prices,2017Q3,All Sectors,23005.190699
Compensation of Employees at Current Prices,2017Q3,All Sectors,19330.596391
Compensation of Employees at Current Prices,2017Q3,All Sectors,3674.594308
Compensation of Employees at Current Prices,2017Q4,"Agriculture, Forestry and Fishing",180.199843
Compensation of Employees at Current Prices,2017Q4,"Agriculture, Forestry and Fishing",148.024818
Compensation of Employees at Current Prices,2017Q4,"Agriculture, Forestry and Fishing",32.175024
Compensation of Employees at Current Prices,2017Q4,Industry (excl. Construction),3171.034207
Compensation of Employees at Current Prices,2017Q4,Industry (excl. Construction),2561.840543
Compensation of Employees at Current Prices,2017Q4,Industry (excl. Construction),609.193665
Compensation of Employees at Current Prices,2017Q4,Industry - of which Manufacturing,2804.052041
Compensation of Employees at Current Prices,2017Q4,Industry - of which Manufacturing,2264.693373
Compensation of Employees at Current Prices,2017Q4,Industry - of which Manufacturing,539.358668
Compensation of Employees at Current Prices,2017Q4,Construction,1040.853093
Compensation of Employees at Current Prices,2017Q4,Construction,941.113469
Compensation of Employees at Current Prices,2017Q4,Construction,99.739624
Compensation of Employees at Current Prices,2017Q4,"Distribution, Transport, Hotels and Restaurants",5125.561676
Compensation of Employees at Current Prices,2017Q4,"Distribution, Transport, Hotels and Restaurants",4404.902819
Compensation of Employees at Current Prices,2017Q4,"Distribution, Transport, Hotels and Restaurants",720.658856
Compensation of Employees at Current Prices,2017Q4,Information and Communication,1892.789591
Compensation of Employees at Current Prices,2017Q4,Information and Communication,1592.737717
Compensation of Employees at Current Prices,2017Q4,Information and Communication,300.051875
Compensation of Employees at Current Prices,2017Q4,Financial and Insurance Activities,1878.47097
Compensation of Employees at Current Prices,2017Q4,Financial and Insurance Activities,1421.332346
Compensation of Employees at Current Prices,2017Q4,Financial and Insurance Activities,457.138624
Compensation of Employees at Current Prices,2017Q4,Real Estate Activities,201.647501
Compensation of Employees at Current Prices,2017Q4,Real Estate Activities,176.66878
Compensation of Employees at Current Prices,2017Q4,Real Estate Activities,24.978721
Compensation of Employees at Current Prices,2017Q4,"Professional, Admin and Support Services",2962.424669
Compensation of Employees at Current Prices,2017Q4,"Professional, Admin and Support Services",2585.069997
Compensation of Employees at Current Prices,2017Q4,"Professional, Admin and Support Services",377.354672
Compensation of Employees at Current Prices,2017Q4,"Public Admin, Education and Health",6788.806276
Compensation of Employees at Current Prices,2017Q4,"Public Admin, Education and Health",5581.490173
Compensation of Employees at Current Prices,2017Q4,"Public Admin, Education and Health",1207.316103
Compensation of Employees at Current Prices,2017Q4,"Arts, Entertainment and Other Services",555.005184
Compensation of Employees at Current Prices,2017Q4,"Arts, Entertainment and Other Services",486.741837
Compensation of Employees at Current Prices,2017Q4,"Arts, Entertainment and Other Services",68.263347
Compensation of Employees at Current Prices,2017Q4,All Sectors,23796.793011
Compensation of Employees at Current Prices,2017Q4,All Sectors,19899.9225
Compensation of Employees at Current Prices,2017Q4,All Sectors,3896.870511
Compensation of Employees at Current Prices,2018Q1,"Agriculture, Forestry and Fishing",185.773139
Compensation of Employees at Current Prices,2018Q1,"Agriculture, Forestry and Fishing",151.404804
Compensation of Employees at Current Prices,2018Q1,"Agriculture, Forestry and Fishing",34.368334
Compensation of Employees at Current Prices,2018Q1,Industry (excl. Construction),3430.714147
Compensation of Employees at Current Prices,2018Q1,Industry (excl. Construction),2810.375598
Compensation of Employees at Current Prices,2018Q1,Industry (excl. Construction),620.338549
Compensation of Employees at Current Prices,2018Q1,Industry - of which Manufacturing,3057.578712
Compensation of Employees at Current Prices,2018Q1,Industry - of which Manufacturing,2508.634518
Compensation of Employees at Current Prices,2018Q1,Industry - of which Manufacturing,548.944194
Compensation of Employees at Current Prices,2018Q1,Construction,1005.365733
Compensation of Employees at Current Prices,2018Q1,Construction,901.843753
Compensation of Employees at Current Prices,2018Q1,Construction,103.52198
Compensation of Employees at Current Prices,2018Q1,"Distribution, Transport, Hotels and Restaurants",4675.979727
Compensation of Employees at Current Prices,2018Q1,"Distribution, Transport, Hotels and Restaurants",4044.8783
Compensation of Employees at Current Prices,2018Q1,"Distribution, Transport, Hotels and Restaurants",631.101427
Compensation of Employees at Current Prices,2018Q1,Information and Communication,1926.799853
Compensation of Employees at Current Prices,2018Q1,Information and Communication,1674.172702
Compensation of Employees at Current Prices,2018Q1,Information and Communication,252.627151
Compensation of Employees at Current Prices,2018Q1,Financial and Insurance Activities,2167.128912
Compensation of Employees at Current Prices,2018Q1,Financial and Insurance Activities,1718.182909
Compensation of Employees at Current Prices,2018Q1,Financial and Insurance Activities,448.946003
Compensation of Employees at Current Prices,2018Q1,Real Estate Activities,206.838291
Compensation of Employees at Current Prices,2018Q1,Real Estate Activities,182.618768
Compensation of Employees at Current Prices,2018Q1,Real Estate Activities,24.219523
Compensation of Employees at Current Prices,2018Q1,"Professional, Admin and Support Services",3057.410526
Compensation of Employees at Current Prices,2018Q1,"Professional, Admin and Support Services",2696.856661
Compensation of Employees at Current Prices,2018Q1,"Professional, Admin and Support Services",360.553865
Compensation of Employees at Current Prices,2018Q1,"Public Admin, Education and Health",6648.213669
Compensation of Employees at Current Prices,2018Q1,"Public Admin, Education and Health",5504.244822
Compensation of Employees at Current Prices,2018Q1,"Public Admin, Education and Health",1143.968847
Compensation of Employees at Current Prices,2018Q1,"Arts, Entertainment and Other Services",556.119805
Compensation of Employees at Current Prices,2018Q1,"Arts, Entertainment and Other Services",487.109896
Compensation of Employees at Current Prices,2018Q1,"Arts, Entertainment and Other Services",69.009909
Compensation of Employees at Current Prices,2018Q1,All Sectors,23860.343801
Compensation of Employees at Current Prices,2018Q1,All Sectors,20171.688214
Compensation of Employees at Current Prices,2018Q1,All Sectors,3688.655587
Compensation of Employees at Current Prices,2018Q2,"Agriculture, Forestry and Fishing",189.442751
Compensation of Employees at Current Prices,2018Q2,"Agriculture, Forestry and Fishing",155.074417
Compensation of Employees at Current Prices,2018Q2,"Agriculture, Forestry and Fishing",34.368334
Compensation of Employees at Current Prices,2018Q2,Industry (excl. Construction),3290.815965
Compensation of Employees at Current Prices,2018Q2,Industry (excl. Construction),2686.877976
Compensation of Employees at Current Prices,2018Q2,Industry (excl. Construction),603.937989
Compensation of Employees at Current Prices,2018Q2,Industry - of which Manufacturing,2902.888064
Compensation of Employees at Current Prices,2018Q2,Industry - of which Manufacturing,2373.452663
Compensation of Employees at Current Prices,2018Q2,Industry - of which Manufacturing,529.435401
Compensation of Employees at Current Prices,2018Q2,Construction,1113.971909
Compensation of Employees at Current Prices,2018Q2,Construction,999.534272
Compensation of Employees at Current Prices,2018Q2,Construction,114.437637
Compensation of Employees at Current Prices,2018Q2,"Distribution, Transport, Hotels and Restaurants",4982.470737
Compensation of Employees at Current Prices,2018Q2,"Distribution, Transport, Hotels and Restaurants",4311.921959
Compensation of Employees at Current Prices,2018Q2,"Distribution, Transport, Hotels and Restaurants",670.548779
Compensation of Employees at Current Prices,2018Q2,Information and Communication,1981.501759
Compensation of Employees at Current Prices,2018Q2,Information and Communication,1684.773848
Compensation of Employees at Current Prices,2018Q2,Information and Communication,296.727911
Compensation of Employees at Current Prices,2018Q2,Financial and Insurance Activities,2033.97035
Compensation of Employees at Current Prices,2018Q2,Financial and Insurance Activities,1585.979981
Compensation of Employees at Current Prices,2018Q2,Financial and Insurance Activities,447.990369
Compensation of Employees at Current Prices,2018Q2,Real Estate Activities,249.329102
Compensation of Employees at Current Prices,2018Q2,Real Estate Activities,215.848024
Compensation of Employees at Current Prices,2018Q2,Real Estate Activities,33.481078
Compensation of Employees at Current Prices,2018Q2,"Professional, Admin and Support Services",3212.604792
Compensation of Employees at Current Prices,2018Q2,"Professional, Admin and Support Services",2827.596423
Compensation of Employees at Current Prices,2018Q2,"Professional, Admin and Support Services",385.008369
Compensation of Employees at Current Prices,2018Q2,"Public Admin, Education and Health",6852.022416
Compensation of Employees at Current Prices,2018Q2,"Public Admin, Education and Health",5676.751284
Compensation of Employees at Current Prices,2018Q2,"Public Admin, Education and Health",1175.271132
Compensation of Employees at Current Prices,2018Q2,"Arts, Entertainment and Other Services",543.663307
Compensation of Employees at Current Prices,2018Q2,"Arts, Entertainment and Other Services",478.089614
Compensation of Employees at Current Prices,2018Q2,"Arts, Entertainment and Other Services",65.573693
Compensation of Employees at Current Prices,2018Q2,All Sectors,24449.793088
Compensation of Employees at Current Prices,2018Q2,All Sectors,20622.447797
Compensation of Employees at Current Prices,2018Q2,All Sectors,3827.345291
Compensation of Employees at Current Prices,2018Q3,"Agriculture, Forestry and Fishing",188.141473
Compensation of Employees at Current Prices,2018Q3,"Agriculture, Forestry and Fishing",153.773139
Compensation of Employees at Current Prices,2018Q3,"Agriculture, Forestry and Fishing",34.368334
Compensation of Employees at Current Prices,2018Q3,Industry (excl. Construction),3376.877577
Compensation of Employees at Current Prices,2018Q3,Industry (excl. Construction),2798.945915
Compensation of Employees at Current Prices,2018Q3,Industry (excl. Construction),577.931663
Compensation of Employees at Current Prices,2018Q3,Industry - of which Manufacturing,2992.136918
Compensation of Employees at Current Prices,2018Q3,Industry - of which Manufacturing,2486.518032
Compensation of Employees at Current Prices,2018Q3,Industry - of which Manufacturing,505.618887
Compensation of Employees at Current Prices,2018Q3,Construction,1183.328705
Compensation of Employees at Current Prices,2018Q3,Construction,1066.907824
Compensation of Employees at Current Prices,2018Q3,Construction,116.420881
Compensation of Employees at Current Prices,2018Q3,"Distribution, Transport, Hotels and Restaurants",5041.122192
Compensation of Employees at Current Prices,2018Q3,"Distribution, Transport, Hotels and Restaurants",4394.01669
Compensation of Employees at Current Prices,2018Q3,"Distribution, Transport, Hotels and Restaurants",647.105502
Compensation of Employees at Current Prices,2018Q3,Information and Communication,2159.822462
Compensation of Employees at Current Prices,2018Q3,Information and Communication,1812.38668
Compensation of Employees at Current Prices,2018Q3,Information and Communication,347.435782
Compensation of Employees at Current Prices,2018Q3,Financial and Insurance Activities,1837.532567
Compensation of Employees at Current Prices,2018Q3,Financial and Insurance Activities,1421.652658
Compensation of Employees at Current Prices,2018Q3,Financial and Insurance Activities,415.879909
Compensation of Employees at Current Prices,2018Q3,Real Estate Activities,193.437106
Compensation of Employees at Current Prices,2018Q3,Real Estate Activities,170.190058
Compensation of Employees at Current Prices,2018Q3,Real Estate Activities,23.247048
Compensation of Employees at Current Prices,2018Q3,"Professional, Admin and Support Services",3188.134898
Compensation of Employees at Current Prices,2018Q3,"Professional, Admin and Support Services",2809.88822
Compensation of Employees at Current Prices,2018Q3,"Professional, Admin and Support Services",378.246678
Compensation of Employees at Current Prices,2018Q3,"Public Admin, Education and Health",6860.887356
Compensation of Employees at Current Prices,2018Q3,"Public Admin, Education and Health",5677.026401
Compensation of Employees at Current Prices,2018Q3,"Public Admin, Education and Health",1183.860955
Compensation of Employees at Current Prices,2018Q3,"Arts, Entertainment and Other Services",595.777733
Compensation of Employees at Current Prices,2018Q3,"Arts, Entertainment and Other Services",526.480816
Compensation of Employees at Current Prices,2018Q3,"Arts, Entertainment and Other Services",69.296917
Compensation of Employees at Current Prices,2018Q3,All Sectors,24625.06207
Compensation of Employees at Current Prices,2018Q3,All Sectors,20831.268401
Compensation of Employees at Current Prices,2018Q3,All Sectors,3793.793669
Compensation of Employees at Current Prices,2018Q4,"Agriculture, Forestry and Fishing",187.976611
Compensation of Employees at Current Prices,2018Q4,"Agriculture, Forestry and Fishing",153.608276
Compensation of Employees at Current Prices,2018Q4,"Agriculture, Forestry and Fishing",34.368334
Compensation of Employees at Current Prices,2018Q4,Industry (excl. Construction),3420.905717
Compensation of Employees at Current Prices,2018Q4,Industry (excl. Construction),2812.353734
Compensation of Employees at Current Prices,2018Q4,Industry (excl. Construction),608.551984
Compensation of Employees at Current Prices,2018Q4,Industry - of which Manufacturing,3039.328489
Compensation of Employees at Current Prices,2018Q4,Industry - of which Manufacturing,2500.987369
Compensation of Employees at Current Prices,2018Q4,Industry - of which Manufacturing,538.34112
Compensation of Employees at Current Prices,2018Q4,Construction,1158.643226
Compensation of Employees at Current Prices,2018Q4,Construction,1042.078999
Compensation of Employees at Current Prices,2018Q4,Construction,116.564227
Compensation of Employees at Current Prices,2018Q4,"Distribution, Transport, Hotels and Restaurants",5294.421045
Compensation of Employees at Current Prices,2018Q4,"Distribution, Transport, Hotels and Restaurants",4582.653384
Compensation of Employees at Current Prices,2018Q4,"Distribution, Transport, Hotels and Restaurants",711.76766
Compensation of Employees at Current Prices,2018Q4,Information and Communication,1972.034457
Compensation of Employees at Current Prices,2018Q4,Information and Communication,1692.357607
Compensation of Employees at Current Prices,2018Q4,Information and Communication,279.67685
Compensation of Employees at Current Prices,2018Q4,Financial and Insurance Activities,1986.949127
Compensation of Employees at Current Prices,2018Q4,Financial and Insurance Activities,1530.009619
Compensation of Employees at Current Prices,2018Q4,Financial and Insurance Activities,456.939508
Compensation of Employees at Current Prices,2018Q4,Real Estate Activities,259.993853
Compensation of Employees at Current Prices,2018Q4,Real Estate Activities,225.694139
Compensation of Employees at Current Prices,2018Q4,Real Estate Activities,34.299715
Compensation of Employees at Current Prices,2018Q4,"Professional, Admin and Support Services",3355.816554
Compensation of Employees at Current Prices,2018Q4,"Professional, Admin and Support Services",2945.852806
Compensation of Employees at Current Prices,2018Q4,"Professional, Admin and Support Services",409.963748
Compensation of Employees at Current Prices,2018Q4,"Public Admin, Education and Health",7152.084454
Compensation of Employees at Current Prices,2018Q4,"Public Admin, Education and Health",5917.658016
Compensation of Employees at Current Prices,2018Q4,"Public Admin, Education and Health",1234.426438
Compensation of Employees at Current Prices,2018Q4,"Arts, Entertainment and Other Services",567.779229
Compensation of Employees at Current Prices,2018Q4,"Arts, Entertainment and Other Services",497.154555
Compensation of Employees at Current Prices,2018Q4,"Arts, Entertainment and Other Services",70.624674
Compensation of Employees at Current Prices,2018Q4,All Sectors,25356.604273
Compensation of Employees at Current Prices,2018Q4,All Sectors,21399.421135
Compensation of Employees at Current Prices,2018Q4,All Sectors,3957.183138
Compensation of Employees at Current Prices,2019Q1,"Agriculture, Forestry and Fishing",237.105594
Compensation of Employees at Current Prices,2019Q1,"Agriculture, Forestry and Fishing",199.072489
Compensation of Employees at Current Prices,2019Q1,"Agriculture, Forestry and Fishing",38.033105
Compensation of Employees at Current Prices,2019Q1,Industry (excl. Construction),3651.614159
Compensation of Employees at Current Prices,2019Q1,Industry (excl. Construction),2971.931825
Compensation of Employees at Current Prices,2019Q1,Industry (excl. Construction),679.682334
Compensation of Employees at Current Prices,2019Q1,Industry - of which Manufacturing,3257.582831
Compensation of Employees at Current Prices,2019Q1,Industry - of which Manufacturing,2650.029914
Compensation of Employees at Current Prices,2019Q1,Industry - of which Manufacturing,607.552917
Compensation of Employees at Current Prices,2019Q1,Construction,1092.559298
Compensation of Employees at Current Prices,2019Q1,Construction,974.333024
Compensation of Employees at Current Prices,2019Q1,Construction,118.226274
Compensation of Employees at Current Prices,2019Q1,"Distribution, Transport, Hotels and Restaurants",5024.368193
Compensation of Employees at Current Prices,2019Q1,"Distribution, Transport, Hotels and Restaurants",4354.9113
Compensation of Employees at Current Prices,2019Q1,"Distribution, Transport, Hotels and Restaurants",669.456893
Compensation of Employees at Current Prices,2019Q1,Information and Communication,2188.298772
Compensation of Employees at Current Prices,2019Q1,Information and Communication,1870.607728
Compensation of Employees at Current Prices,2019Q1,Information and Communication,317.691044
Compensation of Employees at Current Prices,2019Q1,Financial and Insurance Activities,2325.232758
Compensation of Employees at Current Prices,2019Q1,Financial and Insurance Activities,1814.305698
Compensation of Employees at Current Prices,2019Q1,Financial and Insurance Activities,510.927061
Compensation of Employees at Current Prices,2019Q1,Real Estate Activities,246.252616
Compensation of Employees at Current Prices,2019Q1,Real Estate Activities,215.985366
Compensation of Employees at Current Prices,2019Q1,Real Estate Activities,30.267249
Compensation of Employees at Current Prices,2019Q1,"Professional, Admin and Support Services",3603.557198
Compensation of Employees at Current Prices,2019Q1,"Professional, Admin and Support Services",3174.952977
Compensation of Employees at Current Prices,2019Q1,"Professional, Admin and Support Services",428.604221
Compensation of Employees at Current Prices,2019Q1,"Public Admin, Education and Health",7140.569004
Compensation of Employees at Current Prices,2019Q1,"Public Admin, Education and Health",5826.929807
Compensation of Employees at Current Prices,2019Q1,"Public Admin, Education and Health",1313.639197
Compensation of Employees at Current Prices,2019Q1,"Arts, Entertainment and Other Services",561.901583
Compensation of Employees at Current Prices,2019Q1,"Arts, Entertainment and Other Services",490.715382
Compensation of Employees at Current Prices,2019Q1,"Arts, Entertainment and Other Services",71.186201
Compensation of Employees at Current Prices,2019Q1,All Sectors,26071.459176
Compensation of Employees at Current Prices,2019Q1,All Sectors,21893.745597
Compensation of Employees at Current Prices,2019Q1,All Sectors,4177.713579
Compensation of Employees at Current Prices,2019Q2,"Agriculture, Forestry and Fishing",226.036252
Compensation of Employees at Current Prices,2019Q2,"Agriculture, Forestry and Fishing",187.681817
Compensation of Employees at Current Prices,2019Q2,"Agriculture, Forestry and Fishing",38.354434
Compensation of Employees at Current Prices,2019Q2,Industry (excl. Construction),3635.079602
Compensation of Employees at Current Prices,2019Q2,Industry (excl. Construction),2966.067172
Compensation of Employees at Current Prices,2019Q2,Industry (excl. Construction),669.01243
Compensation of Employees at Current Prices,2019Q2,Industry - of which Manufacturing,3244.530256
Compensation of Employees at Current Prices,2019Q2,Industry - of which Manufacturing,2646.313796
Compensation of Employees at Current Prices,2019Q2,Industry - of which Manufacturing,598.216461
Compensation of Employees at Current Prices,2019Q2,Construction,1187.217654
Compensation of Employees at Current Prices,2019Q2,Construction,1058.445307
Compensation of Employees at Current Prices,2019Q2,Construction,128.772347
Compensation of Employees at Current Prices,2019Q2,"Distribution, Transport, Hotels and Restaurants",5215.659877
Compensation of Employees at Current Prices,2019Q2,"Distribution, Transport, Hotels and Restaurants",4537.548074
Compensation of Employees at Current Prices,2019Q2,"Distribution, Transport, Hotels and Restaurants",678.111803
Compensation of Employees at Current Prices,2019Q2,Information and Communication,2161.487215
Compensation of Employees at Current Prices,2019Q2,Information and Communication,1854.084306
Compensation of Employees at Current Prices,2019Q2,Information and Communication,307.402909
Compensation of Employees at Current Prices,2019Q2,Financial and Insurance Activities,2096.129231
Compensation of Employees at Current Prices,2019Q2,Financial and Insurance Activities,1635.095647
Compensation of Employees at Current Prices,2019Q2,Financial and Insurance Activities,461.033584
Compensation of Employees at Current Prices,2019Q2,Real Estate Activities,258.41611
Compensation of Employees at Current Prices,2019Q2,Real Estate Activities,227.247396
Compensation of Employees at Current Prices,2019Q2,Real Estate Activities,31.168714
Compensation of Employees at Current Prices,2019Q2,"Professional, Admin and Support Services",3673.91886
Compensation of Employees at Current Prices,2019Q2,"Professional, Admin and Support Services",3244.52083
Compensation of Employees at Current Prices,2019Q2,"Professional, Admin and Support Services",429.39803
Compensation of Employees at Current Prices,2019Q2,"Public Admin, Education and Health",7409.225625
Compensation of Employees at Current Prices,2019Q2,"Public Admin, Education and Health",6098.94138
Compensation of Employees at Current Prices,2019Q2,"Public Admin, Education and Health",1310.284246
Compensation of Employees at Current Prices,2019Q2,"Arts, Entertainment and Other Services",583.505919
Compensation of Employees at Current Prices,2019Q2,"Arts, Entertainment and Other Services",510.541708
Compensation of Employees at Current Prices,2019Q2,"Arts, Entertainment and Other Services",72.964211
Compensation of Employees at Current Prices,2019Q2,All Sectors,26446.676344
Compensation of Employees at Current Prices,2019Q2,All Sectors,22320.173635
Compensation of Employees at Current Prices,2019Q2,All Sectors,4126.502708
Compensation of Employees at Current Prices,2019Q3,"Agriculture, Forestry and Fishing",218.819659
Compensation of Employees at Current Prices,2019Q3,"Agriculture, Forestry and Fishing",180.827202
Compensation of Employees at Current Prices,2019Q3,"Agriculture, Forestry and Fishing",37.992458
Compensation of Employees at Current Prices,2019Q3,Industry (excl. Construction),3493.132516
Compensation of Employees at Current Prices,2019Q3,Industry (excl. Construction),2842.832654
Compensation of Employees at Current Prices,2019Q3,Industry (excl. Construction),650.299862
Compensation of Employees at Current Prices,2019Q3,Industry - of which Manufacturing,3085.558852
Compensation of Employees at Current Prices,2019Q3,Industry - of which Manufacturing,2510.522435
Compensation of Employees at Current Prices,2019Q3,Industry - of which Manufacturing,575.036416
Compensation of Employees at Current Prices,2019Q3,Construction,1213.368876
Compensation of Employees at Current Prices,2019Q3,Construction,1081.461841
Compensation of Employees at Current Prices,2019Q3,Construction,131.907035
Compensation of Employees at Current Prices,2019Q3,"Distribution, Transport, Hotels and Restaurants",5252.834096
Compensation of Employees at Current Prices,2019Q3,"Distribution, Transport, Hotels and Restaurants",4568.83712
Compensation of Employees at Current Prices,2019Q3,"Distribution, Transport, Hotels and Restaurants",683.996976
Compensation of Employees at Current Prices,2019Q3,Information and Communication,2287.177748
Compensation of Employees at Current Prices,2019Q3,Information and Communication,1957.13149
Compensation of Employees at Current Prices,2019Q3,Information and Communication,330.046258
Compensation of Employees at Current Prices,2019Q3,Financial and Insurance Activities,1981.515195
Compensation of Employees at Current Prices,2019Q3,Financial and Insurance Activities,1537.341901
Compensation of Employees at Current Prices,2019Q3,Financial and Insurance Activities,444.173294
Compensation of Employees at Current Prices,2019Q3,Real Estate Activities,241.912663
Compensation of Employees at Current Prices,2019Q3,Real Estate Activities,212.381102
Compensation of Employees at Current Prices,2019Q3,Real Estate Activities,29.531562
Compensation of Employees at Current Prices,2019Q3,"Professional, Admin and Support Services",3637.712416
Compensation of Employees at Current Prices,2019Q3,"Professional, Admin and Support Services",3208.006061
Compensation of Employees at Current Prices,2019Q3,"Professional, Admin and Support Services",429.706355
Compensation of Employees at Current Prices,2019Q3,"Public Admin, Education and Health",7221.936843
Compensation of Employees at Current Prices,2019Q3,"Public Admin, Education and Health",5908.108763
Compensation of Employees at Current Prices,2019Q3,"Public Admin, Education and Health",1313.828081
Compensation of Employees at Current Prices,2019Q3,"Arts, Entertainment and Other Services",592.824882
Compensation of Employees at Current Prices,2019Q3,"Arts, Entertainment and Other Services",518.493223
Compensation of Employees at Current Prices,2019Q3,"Arts, Entertainment and Other Services",74.331659
Compensation of Employees at Current Prices,2019Q3,All Sectors,26141.234895
Compensation of Employees at Current Prices,2019Q3,All Sectors,22015.421356
Compensation of Employees at Current Prices,2019Q3,All Sectors,4125.813539
Compensation of Employees at Current Prices,2019Q4,"Agriculture, Forestry and Fishing",235.519197
Compensation of Employees at Current Prices,2019Q4,"Agriculture, Forestry and Fishing",196.567918
Compensation of Employees at Current Prices,2019Q4,"Agriculture, Forestry and Fishing",38.951279
Compensation of Employees at Current Prices,2019Q4,Industry (excl. Construction),3767.652887
Compensation of Employees at Current Prices,2019Q4,Industry (excl. Construction),3086.195038
Compensation of Employees at Current Prices,2019Q4,Industry (excl. Construction),681.457849
Compensation of Employees at Current Prices,2019Q4,Industry - of which Manufacturing,3378.312325
Compensation of Employees at Current Prices,2019Q4,Industry - of which Manufacturing,2766.329523
Compensation of Employees at Current Prices,2019Q4,Industry - of which Manufacturing,611.982802
Compensation of Employees at Current Prices,2019Q4,Construction,1292.270091
Compensation of Employees at Current Prices,2019Q4,Construction,1155.182287
Compensation of Employees at Current Prices,2019Q4,Construction,137.087804
Compensation of Employees at Current Prices,2019Q4,"Distribution, Transport, Hotels and Restaurants",5431.497881
Compensation of Employees at Current Prices,2019Q4,"Distribution, Transport, Hotels and Restaurants",4736.865984
Compensation of Employees at Current Prices,2019Q4,"Distribution, Transport, Hotels and Restaurants",694.631897
Compensation of Employees at Current Prices,2019Q4,Information and Communication,2314.197639
Compensation of Employees at Current Prices,2019Q4,Information and Communication,1993.246087
Compensation of Employees at Current Prices,2019Q4,Information and Communication,320.951552
Compensation of Employees at Current Prices,2019Q4,Financial and Insurance Activities,2150.163681
Compensation of Employees at Current Prices,2019Q4,Financial and Insurance Activities,1689.130378
Compensation of Employees at Current Prices,2019Q4,Financial and Insurance Activities,461.033303
Compensation of Employees at Current Prices,2019Q4,Real Estate Activities,259.614417
Compensation of Employees at Current Prices,2019Q4,Real Estate Activities,228.868853
Compensation of Employees at Current Prices,2019Q4,Real Estate Activities,30.745564
Compensation of Employees at Current Prices,2019Q4,"Professional, Admin and Support Services",3953.799609
Compensation of Employees at Current Prices,2019Q4,"Professional, Admin and Support Services",3500.611114
Compensation of Employees at Current Prices,2019Q4,"Professional, Admin and Support Services",453.188495
Compensation of Employees at Current Prices,2019Q4,"Public Admin, Education and Health",7584.987021
Compensation of Employees at Current Prices,2019Q4,"Public Admin, Education and Health",6253.273638
Compensation of Employees at Current Prices,2019Q4,"Public Admin, Education and Health",1331.713383
Compensation of Employees at Current Prices,2019Q4,"Arts, Entertainment and Other Services",614.565285
Compensation of Employees at Current Prices,2019Q4,"Arts, Entertainment and Other Services",539.573003
Compensation of Employees at Current Prices,2019Q4,"Arts, Entertainment and Other Services",74.992282
Compensation of Employees at Current Prices,2019Q4,All Sectors,27604.267707
Compensation of Employees at Current Prices,2019Q4,All Sectors,23379.5143
Compensation of Employees at Current Prices,2019Q4,All Sectors,4224.753407
Compensation of Employees at Current Prices,2020Q1,"Agriculture, Forestry and Fishing",260.345615
Compensation of Employees at Current Prices,2020Q1,"Agriculture, Forestry and Fishing",220.170973
Compensation of Employees at Current Prices,2020Q1,"Agriculture, Forestry and Fishing",40.174642
Compensation of Employees at Current Prices,2020Q1,Industry (excl. Construction),3799.644177
Compensation of Employees at Current Prices,2020Q1,Industry (excl. Construction),3175.426141
Compensation of Employees at Current Prices,2020Q1,Industry (excl. Construction),624.218036
Compensation of Employees at Current Prices,2020Q1,Industry - of which Manufacturing,3388.862536
Compensation of Employees at Current Prices,2020Q1,Industry - of which Manufacturing,2833.985464
Compensation of Employees at Current Prices,2020Q1,Industry - of which Manufacturing,554.877072
Compensation of Employees at Current Prices,2020Q1,Construction,1207.733028
Compensation of Employees at Current Prices,2020Q1,Construction,1079.238473
Compensation of Employees at Current Prices,2020Q1,Construction,128.494554
Compensation of Employees at Current Prices,2020Q1,"Distribution, Transport, Hotels and Restaurants",5220.575496
Compensation of Employees at Current Prices,2020Q1,"Distribution, Transport, Hotels and Restaurants",4537.197147
Compensation of Employees at Current Prices,2020Q1,"Distribution, Transport, Hotels and Restaurants",683.378349
Compensation of Employees at Current Prices,2020Q1,Information and Communication,2472.645661
Compensation of Employees at Current Prices,2020Q1,Information and Communication,2126.558471
Compensation of Employees at Current Prices,2020Q1,Information and Communication,346.08719
Compensation of Employees at Current Prices,2020Q1,Financial and Insurance Activities,2434.739018
Compensation of Employees at Current Prices,2020Q1,Financial and Insurance Activities,1933.299569
Compensation of Employees at Current Prices,2020Q1,Financial and Insurance Activities,501.439449
Compensation of Employees at Current Prices,2020Q1,Real Estate Activities,269.930351
Compensation of Employees at Current Prices,2020Q1,Real Estate Activities,236.715524
Compensation of Employees at Current Prices,2020Q1,Real Estate Activities,33.214827
Compensation of Employees at Current Prices,2020Q1,"Professional, Admin and Support Services",3974.890834
Compensation of Employees at Current Prices,2020Q1,"Professional, Admin and Support Services",3482.421343
Compensation of Employees at Current Prices,2020Q1,"Professional, Admin and Support Services",492.469491
Compensation of Employees at Current Prices,2020Q1,"Public Admin, Education and Health",7524.408627
Compensation of Employees at Current Prices,2020Q1,"Public Admin, Education and Health",6118.48994
Compensation of Employees at Current Prices,2020Q1,"Public Admin, Education and Health",1405.918687
Compensation of Employees at Current Prices,2020Q1,"Arts, Entertainment and Other Services",586.394082
Compensation of Employees at Current Prices,2020Q1,"Arts, Entertainment and Other Services",509.218748
Compensation of Employees at Current Prices,2020Q1,"Arts, Entertainment and Other Services",77.175334
Compensation of Employees at Current Prices,2020Q1,All Sectors,27751.306889
Compensation of Employees at Current Prices,2020Q1,All Sectors,23418.73633
Compensation of Employees at Current Prices,2020Q1,All Sectors,4332.570558
Compensation of Employees at Current Prices,2020Q2,"Agriculture, Forestry and Fishing",255.694589
Compensation of Employees at Current Prices,2020Q2,"Agriculture, Forestry and Fishing",217.795647
Compensation of Employees at Current Prices,2020Q2,"Agriculture, Forestry and Fishing",37.898941
Compensation of Employees at Current Prices,2020Q2,Industry (excl. Construction),3457.286152
Compensation of Employees at Current Prices,2020Q2,Industry (excl. Construction),2892.466472
Compensation of Employees at Current Prices,2020Q2,Industry (excl. Construction),564.81968
Compensation of Employees at Current Prices,2020Q2,Industry - of which Manufacturing,3093.105728
Compensation of Employees at Current Prices,2020Q2,Industry - of which Manufacturing,2590.817128
Compensation of Employees at Current Prices,2020Q2,Industry - of which Manufacturing,502.2886
Compensation of Employees at Current Prices,2020Q2,Construction,813.467258
Compensation of Employees at Current Prices,2020Q2,Construction,747.984502
Compensation of Employees at Current Prices,2020Q2,Construction,65.482756
Compensation of Employees at Current Prices,2020Q2,"Distribution, Transport, Hotels and Restaurants",3812.594631
Compensation of Employees at Current Prices,2020Q2,"Distribution, Transport, Hotels and Restaurants",3365.743883
Compensation of Employees at Current Prices,2020Q2,"Distribution, Transport, Hotels and Restaurants",446.850749
Compensation of Employees at Current Prices,2020Q2,Information and Communication,2254.027123
Compensation of Employees at Current Prices,2020Q2,Information and Communication,1940.959237
Compensation of Employees at Current Prices,2020Q2,Information and Communication,313.067886
Compensation of Employees at Current Prices,2020Q2,Financial and Insurance Activities,2133.827633
Compensation of Employees at Current Prices,2020Q2,Financial and Insurance Activities,1669.337038
Compensation of Employees at Current Prices,2020Q2,Financial and Insurance Activities,464.490595
Compensation of Employees at Current Prices,2020Q2,Real Estate Activities,210.364565
Compensation of Employees at Current Prices,2020Q2,Real Estate Activities,188.937145
Compensation of Employees at Current Prices,2020Q2,Real Estate Activities,21.427419
Compensation of Employees at Current Prices,2020Q2,"Professional, Admin and Support Services",3328.174858
Compensation of Employees at Current Prices,2020Q2,"Professional, Admin and Support Services",2950.112948
Compensation of Employees at Current Prices,2020Q2,"Professional, Admin and Support Services",378.06191
Compensation of Employees at Current Prices,2020Q2,"Public Admin, Education and Health",7496.746293
Compensation of Employees at Current Prices,2020Q2,"Public Admin, Education and Health",6118.980109
Compensation of Employees at Current Prices,2020Q2,"Public Admin, Education and Health",1377.766184
Compensation of Employees at Current Prices,2020Q2,"Arts, Entertainment and Other Services",379.029967
Compensation of Employees at Current Prices,2020Q2,"Arts, Entertainment and Other Services",336.07603
Compensation of Employees at Current Prices,2020Q2,"Arts, Entertainment and Other Services",42.953937
Compensation of Employees at Current Prices,2020Q2,All Sectors,24141.213068
Compensation of Employees at Current Prices,2020Q2,All Sectors,20428.393011
Compensation of Employees at Current Prices,2020Q2,All Sectors,3712.820057
Compensation of Employees at Current Prices,2020Q3,"Agriculture, Forestry and Fishing",245.341798
Compensation of Employees at Current Prices,2020Q3,"Agriculture, Forestry and Fishing",205.929791
Compensation of Employees at Current Prices,2020Q3,"Agriculture, Forestry and Fishing",39.412007
Compensation of Employees at Current Prices,2020Q3,Industry (excl. Construction),3475.819436
Compensation of Employees at Current Prices,2020Q3,Industry (excl. Construction),2893.329636
Compensation of Employees at Current Prices,2020Q3,Industry (excl. Construction),582.4898
Compensation of Employees at Current Prices,2020Q3,Industry - of which Manufacturing,3071.544908
Compensation of Employees at Current Prices,2020Q3,Industry - of which Manufacturing,2558.833618
Compensation of Employees at Current Prices,2020Q3,Industry - of which Manufacturing,512.71129
Compensation of Employees at Current Prices,2020Q3,Construction,1224.557566
Compensation of Employees at Current Prices,2020Q3,Construction,1101.366348
Compensation of Employees at Current Prices,2020Q3,Construction,123.191217
Compensation of Employees at Current Prices,2020Q3,"Distribution, Transport, Hotels and Restaurants",4643.458789
Compensation of Employees at Current Prices,2020Q3,"Distribution, Transport, Hotels and Restaurants",4078.134844
Compensation of Employees at Current Prices,2020Q3,"Distribution, Transport, Hotels and Restaurants",565.323946
Compensation of Employees at Current Prices,2020Q3,Information and Communication,2404.44403
Compensation of Employees at Current Prices,2020Q3,Information and Communication,2067.885962
Compensation of Employees at Current Prices,2020Q3,Information and Communication,336.558068
Compensation of Employees at Current Prices,2020Q3,Financial and Insurance Activities,2018.066886
Compensation of Employees at Current Prices,2020Q3,Financial and Insurance Activities,1578.899893
Compensation of Employees at Current Prices,2020Q3,Financial and Insurance Activities,439.166993
Compensation of Employees at Current Prices,2020Q3,Real Estate Activities,227.960555
Compensation of Employees at Current Prices,2020Q3,Real Estate Activities,202.703506
Compensation of Employees at Current Prices,2020Q3,Real Estate Activities,25.257048
Compensation of Employees at Current Prices,2020Q3,"Professional, Admin and Support Services",3509.672302
Compensation of Employees at Current Prices,2020Q3,"Professional, Admin and Support Services",3093.676663
Compensation of Employees at Current Prices,2020Q3,"Professional, Admin and Support Services",415.995639
Compensation of Employees at Current Prices,2020Q3,"Public Admin, Education and Health",7403.605117
Compensation of Employees at Current Prices,2020Q3,"Public Admin, Education and Health",6009.457688
Compensation of Employees at Current Prices,2020Q3,"Public Admin, Education and Health",1394.147429
Compensation of Employees at Current Prices,2020Q3,"Arts, Entertainment and Other Services",506.515935
Compensation of Employees at Current Prices,2020Q3,"Arts, Entertainment and Other Services",448.590472
Compensation of Employees at Current Prices,2020Q3,"Arts, Entertainment and Other Services",57.925463
Compensation of Employees at Current Prices,2020Q3,All Sectors,25659.442413
Compensation of Employees at Current Prices,2020Q3,All Sectors,21679.974803
Compensation of Employees at Current Prices,2020Q3,All Sectors,3979.46761
Compensation of Employees at Current Prices,2020Q4,"Agriculture, Forestry and Fishing",262.234128
Compensation of Employees at Current Prices,2020Q4,"Agriculture, Forestry and Fishing",220.72047
Compensation of Employees at Current Prices,2020Q4,"Agriculture, Forestry and Fishing",41.513659
Compensation of Employees at Current Prices,2020Q4,Industry (excl. Construction),3963.948235
Compensation of Employees at Current Prices,2020Q4,Industry (excl. Construction),3316.027607
Compensation of Employees at Current Prices,2020Q4,Industry (excl. Construction),647.920629
Compensation of Employees at Current Prices,2020Q4,Industry - of which Manufacturing,3555.186817
Compensation of Employees at Current Prices,2020Q4,Industry - of which Manufacturing,2974.131305
Compensation of Employees at Current Prices,2020Q4,Industry - of which Manufacturing,581.055512
Compensation of Employees at Current Prices,2020Q4,Construction,1405.708494
Compensation of Employees at Current Prices,2020Q4,Construction,1255.374782
Compensation of Employees at Current Prices,2020Q4,Construction,150.333712
Compensation of Employees at Current Prices,2020Q4,"Distribution, Transport, Hotels and Restaurants",5008.696612
Compensation of Employees at Current Prices,2020Q4,"Distribution, Transport, Hotels and Restaurants",4340.143797
Compensation of Employees at Current Prices,2020Q4,"Distribution, Transport, Hotels and Restaurants",668.552816
Compensation of Employees at Current Prices,2020Q4,Information and Communication,2540.930979
Compensation of Employees at Current Prices,2020Q4,Information and Communication,2202.202781
Compensation of Employees at Current Prices,2020Q4,Information and Communication,338.728198
Compensation of Employees at Current Prices,2020Q4,Financial and Insurance Activities,2218.141704
Compensation of Employees at Current Prices,2020Q4,Financial and Insurance Activities,1762.326665
Compensation of Employees at Current Prices,2020Q4,Financial and Insurance Activities,455.815039
Compensation of Employees at Current Prices,2020Q4,Real Estate Activities,255.075826
Compensation of Employees at Current Prices,2020Q4,Real Estate Activities,225.579138
Compensation of Employees at Current Prices,2020Q4,Real Estate Activities,29.496688
Compensation of Employees at Current Prices,2020Q4,"Professional, Admin and Support Services",4168.31907
Compensation of Employees at Current Prices,2020Q4,"Professional, Admin and Support Services",3670.666598
Compensation of Employees at Current Prices,2020Q4,"Professional, Admin and Support Services",497.652472
Compensation of Employees at Current Prices,2020Q4,"Public Admin, Education and Health",8204.150556
Compensation of Employees at Current Prices,2020Q4,"Public Admin, Education and Health",6761.397178
Compensation of Employees at Current Prices,2020Q4,"Public Admin, Education and Health",1442.753378
Compensation of Employees at Current Prices,2020Q4,"Arts, Entertainment and Other Services",523.837379
Compensation of Employees at Current Prices,2020Q4,"Arts, Entertainment and Other Services",456.118863
Compensation of Employees at Current Prices,2020Q4,"Arts, Entertainment and Other Services",67.718515
Compensation of Employees at Current Prices,2020Q4,All Sectors,28551.042984
Compensation of Employees at Current Prices,2020Q4,All Sectors,24210.557877
Compensation of Employees at Current Prices,2020Q4,All Sectors,4340.485107
Compensation of Employees at Current Prices,2021Q1,"Agriculture, Forestry and Fishing",258.237251
Compensation of Employees at Current Prices,2021Q1,"Agriculture, Forestry and Fishing",219.53064
Compensation of Employees at Current Prices,2021Q1,"Agriculture, Forestry and Fishing",38.706612
Compensation of Employees at Current Prices,2021Q1,Industry (excl. Construction),3946.428974
Compensation of Employees at Current Prices,2021Q1,Industry (excl. Construction),3230.426349
Compensation of Employees at Current Prices,2021Q1,Industry (excl. Construction),716.002625
Compensation of Employees at Current Prices,2021Q1,Industry - of which Manufacturing,3531.36845
Compensation of Employees at Current Prices,2021Q1,Industry - of which Manufacturing,2888.730807
Compensation of Employees at Current Prices,2021Q1,Industry - of which Manufacturing,642.637643
Compensation of Employees at Current Prices,2021Q1,Construction,1168.765665
Compensation of Employees at Current Prices,2021Q1,Construction,1036.89759
Compensation of Employees at Current Prices,2021Q1,Construction,131.868075
Compensation of Employees at Current Prices,2021Q1,"Distribution, Transport, Hotels and Restaurants",4708.716888
Compensation of Employees at Current Prices,2021Q1,"Distribution, Transport, Hotels and Restaurants",4076.021753
Compensation of Employees at Current Prices,2021Q1,"Distribution, Transport, Hotels and Restaurants",632.695136
Compensation of Employees at Current Prices,2021Q1,Information and Communication,2844.012875
Compensation of Employees at Current Prices,2021Q1,Information and Communication,2440.294016
Compensation of Employees at Current Prices,2021Q1,Information and Communication,403.718859
Compensation of Employees at Current Prices,2021Q1,Financial and Insurance Activities,2562.499721
Compensation of Employees at Current Prices,2021Q1,Financial and Insurance Activities,1981.592888
Compensation of Employees at Current Prices,2021Q1,Financial and Insurance Activities,580.906833
Compensation of Employees at Current Prices,2021Q1,Real Estate Activities,233.334327
Compensation of Employees at Current Prices,2021Q1,Real Estate Activities,207.027154
Compensation of Employees at Current Prices,2021Q1,Real Estate Activities,26.307173
Compensation of Employees at Current Prices,2021Q1,"Professional, Admin and Support Services",3929.571172
Compensation of Employees at Current Prices,2021Q1,"Professional, Admin and Support Services",3452.625126
Compensation of Employees at Current Prices,2021Q1,"Professional, Admin and Support Services",476.946046
Compensation of Employees at Current Prices,2021Q1,"Public Admin, Education and Health",7869.29298
Compensation of Employees at Current Prices,2021Q1,"Public Admin, Education and Health",6156.042929
Compensation of Employees at Current Prices,2021Q1,"Public Admin, Education and Health",1713.250052
Compensation of Employees at Current Prices,2021Q1,"Arts, Entertainment and Other Services",460.033272
Compensation of Employees at Current Prices,2021Q1,"Arts, Entertainment and Other Services",391.187221
Compensation of Employees at Current Prices,2021Q1,"Arts, Entertainment and Other Services",68.846051
Compensation of Employees at Current Prices,2021Q1,All Sectors,27980.893127
Compensation of Employees at Current Prices,2021Q1,All Sectors,23191.645665
Compensation of Employees at Current Prices,2021Q1,All Sectors,4789.247462
Compensation of Employees at Current Prices,2021Q2,"Agriculture, Forestry and Fishing",280.588355
Compensation of Employees at Current Prices,2021Q2,"Agriculture, Forestry and Fishing",238.639909
Compensation of Employees at Current Prices,2021Q2,"Agriculture, Forestry and Fishing",41.948446
Compensation of Employees at Current Prices,2021Q2,Industry (excl. Construction),4015.145413
Compensation of Employees at Current Prices,2021Q2,Industry (excl. Construction),3298.520463
Compensation of Employees at Current Prices,2021Q2,Industry (excl. Construction),716.62495
Compensation of Employees at Current Prices,2021Q2,Industry - of which Manufacturing,3596.209378
Compensation of Employees at Current Prices,2021Q2,Industry - of which Manufacturing,2952.630481
Compensation of Employees at Current Prices,2021Q2,Industry - of which Manufacturing,643.578897
Compensation of Employees at Current Prices,2021Q2,Construction,1352.152344
Compensation of Employees at Current Prices,2021Q2,Construction,1198.019147
Compensation of Employees at Current Prices,2021Q2,Construction,154.133198
Compensation of Employees at Current Prices,2021Q2,"Distribution, Transport, Hotels and Restaurants",5063.709847
Compensation of Employees at Current Prices,2021Q2,"Distribution, Transport, Hotels and Restaurants",4398.812371
Compensation of Employees at Current Prices,2021Q2,"Distribution, Transport, Hotels and Restaurants",664.897477
Compensation of Employees at Current Prices,2021Q2,Information and Communication,2809.880207
Compensation of Employees at Current Prices,2021Q2,Information and Communication,2422.086984
Compensation of Employees at Current Prices,2021Q2,Information and Communication,387.793222
Compensation of Employees at Current Prices,2021Q2,Financial and Insurance Activities,2344.314376
Compensation of Employees at Current Prices,2021Q2,Financial and Insurance Activities,1797.746696
Compensation of Employees at Current Prices,2021Q2,Financial and Insurance Activities,546.56768
Compensation of Employees at Current Prices,2021Q2,Real Estate Activities,236.705417
Compensation of Employees at Current Prices,2021Q2,Real Estate Activities,210.769223
Compensation of Employees at Current Prices,2021Q2,Real Estate Activities,25.936194
Compensation of Employees at Current Prices,2021Q2,"Professional, Admin and Support Services",4185.364002
Compensation of Employees at Current Prices,2021Q2,"Professional, Admin and Support Services",3692.048922
Compensation of Employees at Current Prices,2021Q2,"Professional, Admin and Support Services",493.31508
Compensation of Employees at Current Prices,2021Q2,"Public Admin, Education and Health",8411.955877
Compensation of Employees at Current Prices,2021Q2,"Public Admin, Education and Health",6686.534905
Compensation of Employees at Current Prices,2021Q2,"Public Admin, Education and Health",1725.420973
Compensation of Employees at Current Prices,2021Q2,"Arts, Entertainment and Other Services",522.168148
Compensation of Employees at Current Prices,2021Q2,"Arts, Entertainment and Other Services",449.966101
Compensation of Employees at Current Prices,2021Q2,"Arts, Entertainment and Other Services",72.202048
Compensation of Employees at Current Prices,2021Q2,All Sectors,29221.983986
Compensation of Employees at Current Prices,2021Q2,All Sectors,24393.14472
Compensation of Employees at Current Prices,2021Q2,All Sectors,4828.839266
Compensation of Employees at Current Prices,2021Q3,"Agriculture, Forestry and Fishing",282.603112
Compensation of Employees at Current Prices,2021Q3,"Agriculture, Forestry and Fishing",239.882536
Compensation of Employees at Current Prices,2021Q3,"Agriculture, Forestry and Fishing",42.720575
Compensation of Employees at Current Prices,2021Q3,Industry (excl. Construction),3943.519054
Compensation of Employees at Current Prices,2021Q3,Industry (excl. Construction),3221.697395
Compensation of Employees at Current Prices,2021Q3,Industry (excl. Construction),721.821659
Compensation of Employees at Current Prices,2021Q3,Industry - of which Manufacturing,3526.846489
Compensation of Employees at Current Prices,2021Q3,Industry - of which Manufacturing,2877.911461
Compensation of Employees at Current Prices,2021Q3,Industry - of which Manufacturing,648.935028
Compensation of Employees at Current Prices,2021Q3,Construction,1544.764108
Compensation of Employees at Current Prices,2021Q3,Construction,1374.301313
Compensation of Employees at Current Prices,2021Q3,Construction,170.462795
Compensation of Employees at Current Prices,2021Q3,"Distribution, Transport, Hotels and Restaurants",5698.863793
Compensation of Employees at Current Prices,2021Q3,"Distribution, Transport, Hotels and Restaurants",4974.877462
Compensation of Employees at Current Prices,2021Q3,"Distribution, Transport, Hotels and Restaurants",723.986331
Compensation of Employees at Current Prices,2021Q3,Information and Communication,2976.919644
Compensation of Employees at Current Prices,2021Q3,Information and Communication,2571.151497
Compensation of Employees at Current Prices,2021Q3,Information and Communication,405.768147
Compensation of Employees at Current Prices,2021Q3,Financial and Insurance Activities,2168.804387
Compensation of Employees at Current Prices,2021Q3,Financial and Insurance Activities,1639.065627
Compensation of Employees at Current Prices,2021Q3,Financial and Insurance Activities,529.73876
Compensation of Employees at Current Prices,2021Q3,Real Estate Activities,250.591106
Compensation of Employees at Current Prices,2021Q3,Real Estate Activities,223.208103
Compensation of Employees at Current Prices,2021Q3,Real Estate Activities,27.383003
Compensation of Employees at Current Prices,2021Q3,"Professional, Admin and Support Services",4157.811333
Compensation of Employees at Current Prices,2021Q3,"Professional, Admin and Support Services",3656.173939
Compensation of Employees at Current Prices,2021Q3,"Professional, Admin and Support Services",501.637393
Compensation of Employees at Current Prices,2021Q3,"Public Admin, Education and Health",8612.563861
Compensation of Employees at Current Prices,2021Q3,"Public Admin, Education and Health",6880.727918
Compensation of Employees at Current Prices,2021Q3,"Public Admin, Education and Health",1731.835942
Compensation of Employees at Current Prices,2021Q3,"Arts, Entertainment and Other Services",627.537874
Compensation of Employees at Current Prices,2021Q3,"Arts, Entertainment and Other Services",545.034374
Compensation of Employees at Current Prices,2021Q3,"Arts, Entertainment and Other Services",82.5035
Compensation of Employees at Current Prices,2021Q3,All Sectors,30263.978272
Compensation of Employees at Current Prices,2021Q3,All Sectors,25326.120165
Compensation of Employees at Current Prices,2021Q3,All Sectors,4937.858107
Compensation of Employees at Current Prices,2021Q4,"Agriculture, Forestry and Fishing",288.228132
Compensation of Employees at Current Prices,2021Q4,"Agriculture, Forestry and Fishing",245.159255
Compensation of Employees at Current Prices,2021Q4,"Agriculture, Forestry and Fishing",43.068877
Compensation of Employees at Current Prices,2021Q4,Industry (excl. Construction),4322.701735
Compensation of Employees at Current Prices,2021Q4,Industry (excl. Construction),3560.362602
Compensation of Employees at Current Prices,2021Q4,Industry (excl. Construction),762.339134
Compensation of Employees at Current Prices,2021Q4,Industry - of which Manufacturing,3890.680466
Compensation of Employees at Current Prices,2021Q4,Industry - of which Manufacturing,3203.118209
Compensation of Employees at Current Prices,2021Q4,Industry - of which Manufacturing,687.562257
Compensation of Employees at Current Prices,2021Q4,Construction,1586.343323
Compensation of Employees at Current Prices,2021Q4,Construction,1409.094158
Compensation of Employees at Current Prices,2021Q4,Construction,177.249165
Compensation of Employees at Current Prices,2021Q4,"Distribution, Transport, Hotels and Restaurants",6034.561349
Compensation of Employees at Current Prices,2021Q4,"Distribution, Transport, Hotels and Restaurants",5272.444775
Compensation of Employees at Current Prices,2021Q4,"Distribution, Transport, Hotels and Restaurants",762.116574
Compensation of Employees at Current Prices,2021Q4,Information and Communication,3100.996536
Compensation of Employees at Current Prices,2021Q4,Information and Communication,2690.554463
Compensation of Employees at Current Prices,2021Q4,Information and Communication,410.442073
Compensation of Employees at Current Prices,2021Q4,Financial and Insurance Activities,2419.212245
Compensation of Employees at Current Prices,2021Q4,Financial and Insurance Activities,1863.023273
Compensation of Employees at Current Prices,2021Q4,Financial and Insurance Activities,556.188971
Compensation of Employees at Current Prices,2021Q4,Real Estate Activities,275.935249
Compensation of Employees at Current Prices,2021Q4,Real Estate Activities,246.592506
Compensation of Employees at Current Prices,2021Q4,Real Estate Activities,29.342743
Compensation of Employees at Current Prices,2021Q4,"Professional, Admin and Support Services",4660.663881
Compensation of Employees at Current Prices,2021Q4,"Professional, Admin and Support Services",4118.417205
Compensation of Employees at Current Prices,2021Q4,"Professional, Admin and Support Services",542.246676
Compensation of Employees at Current Prices,2021Q4,"Public Admin, Education and Health",8668.275887
Compensation of Employees at Current Prices,2021Q4,"Public Admin, Education and Health",6912.691946
Compensation of Employees at Current Prices,2021Q4,"Public Admin, Education and Health",1755.583941
Compensation of Employees at Current Prices,2021Q4,"Arts, Entertainment and Other Services",674.268475
Compensation of Employees at Current Prices,2021Q4,"Arts, Entertainment and Other Services",587.233948
Compensation of Employees at Current Prices,2021Q4,"Arts, Entertainment and Other Services",87.034527
Compensation of Employees at Current Prices,2021Q4,All Sectors,32031.186812
Compensation of Employees at Current Prices,2021Q4,All Sectors,26905.574131
Compensation of Employees at Current Prices,2021Q4,All Sectors,5125.612681
Compensation of Employees at Current Prices,2022Q1,"Agriculture, Forestry and Fishing",280.533283
Compensation of Employees at Current Prices,2022Q1,"Agriculture, Forestry and Fishing",239.340696
Compensation of Employees at Current Prices,2022Q1,"Agriculture, Forestry and Fishing",41.192587
Compensation of Employees at Current Prices,2022Q1,Industry (excl. Construction),4435.405393
Compensation of Employees at Current Prices,2022Q1,Industry (excl. Construction),3653.084552
Compensation of Employees at Current Prices,2022Q1,Industry (excl. Construction),782.320841
Compensation of Employees at Current Prices,2022Q1,Industry - of which Manufacturing,3993.819074
Compensation of Employees at Current Prices,2022Q1,Industry - of which Manufacturing,3297.668734
Compensation of Employees at Current Prices,2022Q1,Industry - of which Manufacturing,696.15034
Compensation of Employees at Current Prices,2022Q1,Construction,1486.476092
Compensation of Employees at Current Prices,2022Q1,Construction,1298.383425
Compensation of Employees at Current Prices,2022Q1,Construction,188.092667
Compensation of Employees at Current Prices,2022Q1,"Distribution, Transport, Hotels and Restaurants",5792.640694
Compensation of Employees at Current Prices,2022Q1,"Distribution, Transport, Hotels and Restaurants",5027.189136
Compensation of Employees at Current Prices,2022Q1,"Distribution, Transport, Hotels and Restaurants",765.451558
Compensation of Employees at Current Prices,2022Q1,Information and Communication,3209.975505
Compensation of Employees at Current Prices,2022Q1,Information and Communication,2768.99147
Compensation of Employees at Current Prices,2022Q1,Information and Communication,440.984035
Compensation of Employees at Current Prices,2022Q1,Financial and Insurance Activities,2672.760234
Compensation of Employees at Current Prices,2022Q1,Financial and Insurance Activities,2143.326457
Compensation of Employees at Current Prices,2022Q1,Financial and Insurance Activities,529.433777
Compensation of Employees at Current Prices,2022Q1,Real Estate Activities,287.058406
Compensation of Employees at Current Prices,2022Q1,Real Estate Activities,252.043366
Compensation of Employees at Current Prices,2022Q1,Real Estate Activities,35.015041
Compensation of Employees at Current Prices,2022Q1,"Professional, Admin and Support Services",4755.581355
Compensation of Employees at Current Prices,2022Q1,"Professional, Admin and Support Services",4179.016454
Compensation of Employees at Current Prices,2022Q1,"Professional, Admin and Support Services",576.564901
Compensation of Employees at Current Prices,2022Q1,"Public Admin, Education and Health",8726.443654
Compensation of Employees at Current Prices,2022Q1,"Public Admin, Education and Health",6699.969767
Compensation of Employees at Current Prices,2022Q1,"Public Admin, Education and Health",2026.473887
Compensation of Employees at Current Prices,2022Q1,"Arts, Entertainment and Other Services",674.183108
Compensation of Employees at Current Prices,2022Q1,"Arts, Entertainment and Other Services",584.176029
Compensation of Employees at Current Prices,2022Q1,"Arts, Entertainment and Other Services",90.007079
Compensation of Employees at Current Prices,2022Q1,All Sectors,32321.057725
Compensation of Employees at Current Prices,2022Q1,All Sectors,26845.521352
Compensation of Employees at Current Prices,2022Q1,All Sectors,5475.536373
Compensation of Employees at Current Prices,2022Q2,"Agriculture, Forestry and Fishing",301.392225
Compensation of Employees at Current Prices,2022Q2,"Agriculture, Forestry and Fishing",256.994104
Compensation of Employees at Current Prices,2022Q2,"Agriculture, Forestry and Fishing",44.398122
Compensation of Employees at Current Prices,2022Q2,Industry (excl. Construction),4473.329699
Compensation of Employees at Current Prices,2022Q2,Industry (excl. Construction),3710.092961
Compensation of Employees at Current Prices,2022Q2,Industry (excl. Construction),763.236738
Compensation of Employees at Current Prices,2022Q2,Industry - of which Manufacturing,4010.496443
Compensation of Employees at Current Prices,2022Q2,Industry - of which Manufacturing,3333.946971
Compensation of Employees at Current Prices,2022Q2,Industry - of which Manufacturing,676.549472
Compensation of Employees at Current Prices,2022Q2,Construction,1632.726357
Compensation of Employees at Current Prices,2022Q2,Construction,1434.804891
Compensation of Employees at Current Prices,2022Q2,Construction,197.921466
Compensation of Employees at Current Prices,2022Q2,"Distribution, Transport, Hotels and Restaurants",6226.782886
Compensation of Employees at Current Prices,2022Q2,"Distribution, Transport, Hotels and Restaurants",5447.519692
Compensation of Employees at Current Prices,2022Q2,"Distribution, Transport, Hotels and Restaurants",779.263194
Compensation of Employees at Current Prices,2022Q2,Information and Communication,3190.269658
Compensation of Employees at Current Prices,2022Q2,Information and Communication,2762.236847
Compensation of Employees at Current Prices,2022Q2,Information and Communication,428.032811
Compensation of Employees at Current Prices,2022Q2,Financial and Insurance Activities,2361.325047
Compensation of Employees at Current Prices,2022Q2,Financial and Insurance Activities,1870.795231
Compensation of Employees at Current Prices,2022Q2,Financial and Insurance Activities,490.529816
Compensation of Employees at Current Prices,2022Q2,Real Estate Activities,283.499025
Compensation of Employees at Current Prices,2022Q2,Real Estate Activities,250.015906
Compensation of Employees at Current Prices,2022Q2,Real Estate Activities,33.48312
Compensation of Employees at Current Prices,2022Q2,"Professional, Admin and Support Services",4812.811526
Compensation of Employees at Current Prices,2022Q2,"Professional, Admin and Support Services",4245.862193
Compensation of Employees at Current Prices,2022Q2,"Professional, Admin and Support Services",566.949333
Compensation of Employees at Current Prices,2022Q2,"Public Admin, Education and Health",8969.069117
Compensation of Employees at Current Prices,2022Q2,"Public Admin, Education and Health",6943.421447
Compensation of Employees at Current Prices,2022Q2,"Public Admin, Education and Health",2025.64767
Compensation of Employees at Current Prices,2022Q2,"Arts, Entertainment and Other Services",680.938051
Compensation of Employees at Current Prices,2022Q2,"Arts, Entertainment and Other Services",593.103584
Compensation of Employees at Current Prices,2022Q2,"Arts, Entertainment and Other Services",87.834467
Compensation of Employees at Current Prices,2022Q2,All Sectors,32932.143591
Compensation of Employees at Current Prices,2022Q2,All Sectors,27514.846855
Compensation of Employees at Current Prices,2022Q2,All Sectors,5417.296735
Compensation of Employees at Current Prices,2022Q3,"Agriculture, Forestry and Fishing",303.678417
Compensation of Employees at Current Prices,2022Q3,"Agriculture, Forestry and Fishing",258.409798
Compensation of Employees at Current Prices,2022Q3,"Agriculture, Forestry and Fishing",45.268618
Compensation of Employees at Current Prices,2022Q3,Industry (excl. Construction),4315.816871
Compensation of Employees at Current Prices,2022Q3,Industry (excl. Construction),3561.971419
Compensation of Employees at Current Prices,2022Q3,Industry (excl. Construction),753.845452
Compensation of Employees at Current Prices,2022Q3,Industry - of which Manufacturing,3850.862016
Compensation of Employees at Current Prices,2022Q3,Industry - of which Manufacturing,3182.87263
Compensation of Employees at Current Prices,2022Q3,Industry - of which Manufacturing,667.989385
Compensation of Employees at Current Prices,2022Q3,Construction,1737.350379
Compensation of Employees at Current Prices,2022Q3,Construction,1533.122907
Compensation of Employees at Current Prices,2022Q3,Construction,204.227472
Compensation of Employees at Current Prices,2022Q3,"Distribution, Transport, Hotels and Restaurants",6454.033225
Compensation of Employees at Current Prices,2022Q3,"Distribution, Transport, Hotels and Restaurants",5660.744338
Compensation of Employees at Current Prices,2022Q3,"Distribution, Transport, Hotels and Restaurants",793.288887
Compensation of Employees at Current Prices,2022Q3,Information and Communication,3299.010598
Compensation of Employees at Current Prices,2022Q3,Information and Communication,2857.407182
Compensation of Employees at Current Prices,2022Q3,Information and Communication,441.603416
Compensation of Employees at Current Prices,2022Q3,Financial and Insurance Activities,2256.249834
Compensation of Employees at Current Prices,2022Q3,Financial and Insurance Activities,1771.466111
Compensation of Employees at Current Prices,2022Q3,Financial and Insurance Activities,484.783723
Compensation of Employees at Current Prices,2022Q3,Real Estate Activities,286.079436
Compensation of Employees at Current Prices,2022Q3,Real Estate Activities,252.276264
Compensation of Employees at Current Prices,2022Q3,Real Estate Activities,33.803172
Compensation of Employees at Current Prices,2022Q3,"Professional, Admin and Support Services",4791.570249
Compensation of Employees at Current Prices,2022Q3,"Professional, Admin and Support Services",4221.355096
Compensation of Employees at Current Prices,2022Q3,"Professional, Admin and Support Services",570.215153
Compensation of Employees at Current Prices,2022Q3,"Public Admin, Education and Health",8965.09835
Compensation of Employees at Current Prices,2022Q3,"Public Admin, Education and Health",6937.149439
Compensation of Employees at Current Prices,2022Q3,"Public Admin, Education and Health",2027.948911
Compensation of Employees at Current Prices,2022Q3,"Arts, Entertainment and Other Services",723.443708
Compensation of Employees at Current Prices,2022Q3,"Arts, Entertainment and Other Services",632.901775
Compensation of Employees at Current Prices,2022Q3,"Arts, Entertainment and Other Services",90.541933
Compensation of Employees at Current Prices,2022Q3,All Sectors,33132.331068
Compensation of Employees at Current Prices,2022Q3,All Sectors,27686.804329
Compensation of Employees at Current Prices,2022Q3,All Sectors,5445.526738
Compensation of Employees at Current Prices,2022Q4,"Agriculture, Forestry and Fishing",306.189976
Compensation of Employees at Current Prices,2022Q4,"Agriculture, Forestry and Fishing",261.356968
Compensation of Employees at Current Prices,2022Q4,"Agriculture, Forestry and Fishing",44.833008
Compensation of Employees at Current Prices,2022Q4,Industry (excl. Construction),4585.65519
Compensation of Employees at Current Prices,2022Q4,Industry (excl. Construction),3806.19888
Compensation of Employees at Current Prices,2022Q4,Industry (excl. Construction),779.45631
Compensation of Employees at Current Prices,2022Q4,Industry - of which Manufacturing,4111.033967
Compensation of Employees at Current Prices,2022Q4,Industry - of which Manufacturing,3418.918296
Compensation of Employees at Current Prices,2022Q4,Industry - of which Manufacturing,692.115671
Compensation of Employees at Current Prices,2022Q4,Construction,1753.541169
Compensation of Employees at Current Prices,2022Q4,Construction,1547.961942
Compensation of Employees at Current Prices,2022Q4,Construction,205.579227
Compensation of Employees at Current Prices,2022Q4,"Distribution, Transport, Hotels and Restaurants",6460.679282
Compensation of Employees at Current Prices,2022Q4,"Distribution, Transport, Hotels and Restaurants",5668.975211
Compensation of Employees at Current Prices,2022Q4,"Distribution, Transport, Hotels and Restaurants",791.704072
Compensation of Employees at Current Prices,2022Q4,Information and Communication,3369.728053
Compensation of Employees at Current Prices,2022Q4,Information and Communication,2923.777563
Compensation of Employees at Current Prices,2022Q4,Information and Communication,445.950491
Compensation of Employees at Current Prices,2022Q4,Financial and Insurance Activities,2431.61862
Compensation of Employees at Current Prices,2022Q4,Financial and Insurance Activities,1928.78505
Compensation of Employees at Current Prices,2022Q4,Financial and Insurance Activities,502.83357
Compensation of Employees at Current Prices,2022Q4,Real Estate Activities,310.779858
Compensation of Employees at Current Prices,2022Q4,Real Estate Activities,275.383291
Compensation of Employees at Current Prices,2022Q4,Real Estate Activities,35.396567
Compensation of Employees at Current Prices,2022Q4,"Professional, Admin and Support Services",5088.761762
Compensation of Employees at Current Prices,2022Q4,"Professional, Admin and Support Services",4499.11791
Compensation of Employees at Current Prices,2022Q4,"Professional, Admin and Support Services",589.643852
Compensation of Employees at Current Prices,2022Q4,"Public Admin, Education and Health",9732.195217
Compensation of Employees at Current Prices,2022Q4,"Public Admin, Education and Health",7683.719969
Compensation of Employees at Current Prices,2022Q4,"Public Admin, Education and Health",2048.475248
Compensation of Employees at Current Prices,2022Q4,"Arts, Entertainment and Other Services",719.649358
Compensation of Employees at Current Prices,2022Q4,"Arts, Entertainment and Other Services",629.571127
Compensation of Employees at Current Prices,2022Q4,"Arts, Entertainment and Other Services",90.078232
Compensation of Employees at Current Prices,2022Q4,All Sectors,34758.798487
Compensation of Employees at Current Prices,2022Q4,All Sectors,29224.847909
Compensation of Employees at Current Prices,2022Q4,All Sectors,5533.950577
Compensation of Employees at Current Prices,2023Q1,"Agriculture, Forestry and Fishing",293.164168
Compensation of Employees at Current Prices,2023Q1,"Agriculture, Forestry and Fishing",247.945622
Compensation of Employees at Current Prices,2023Q1,"Agriculture, Forestry and Fishing",45.218546
Compensation of Employees at Current Prices,2023Q1,Industry (excl. Construction),4777.864674
Compensation of Employees at Current Prices,2023Q1,Industry (excl. Construction),3971.630365
Compensation of Employees at Current Prices,2023Q1,Industry (excl. Construction),806.234309
Compensation of Employees at Current Prices,2023Q1,Industry - of which Manufacturing,4283.909108
Compensation of Employees at Current Prices,2023Q1,Industry - of which Manufacturing,3570.063334
Compensation of Employees at Current Prices,2023Q1,Industry - of which Manufacturing,713.845774
Compensation of Employees at Current Prices,2023Q1,Construction,1618.885763
Compensation of Employees at Current Prices,2023Q1,Construction,1400.357531
Compensation of Employees at Current Prices,2023Q1,Construction,218.528232
Compensation of Employees at Current Prices,2023Q1,"Distribution, Transport, Hotels and Restaurants",6288.71977
Compensation of Employees at Current Prices,2023Q1,"Distribution, Transport, Hotels and Restaurants",5465.235657
Compensation of Employees at Current Prices,2023Q1,"Distribution, Transport, Hotels and Restaurants",823.484113
Compensation of Employees at Current Prices,2023Q1,Information and Communication,3539.292268
Compensation of Employees at Current Prices,2023Q1,Information and Communication,3014.284814
Compensation of Employees at Current Prices,2023Q1,Information and Communication,525.007454
Compensation of Employees at Current Prices,2023Q1,Financial and Insurance Activities,2924.126208
Compensation of Employees at Current Prices,2023Q1,Financial and Insurance Activities,2323.882136
Compensation of Employees at Current Prices,2023Q1,Financial and Insurance Activities,600.244072
Compensation of Employees at Current Prices,2023Q1,Real Estate Activities,303.793301
Compensation of Employees at Current Prices,2023Q1,Real Estate Activities,267.581006
Compensation of Employees at Current Prices,2023Q1,Real Estate Activities,36.212295
Compensation of Employees at Current Prices,2023Q1,"Professional, Admin and Support Services",5175.106123
Compensation of Employees at Current Prices,2023Q1,"Professional, Admin and Support Services",4500.44732
Compensation of Employees at Current Prices,2023Q1,"Professional, Admin and Support Services",674.658804
Compensation of Employees at Current Prices,2023Q1,"Public Admin, Education and Health",9169.664802
Compensation of Employees at Current Prices,2023Q1,"Public Admin, Education and Health",7206.721671
Compensation of Employees at Current Prices,2023Q1,"Public Admin, Education and Health",1962.943131
Compensation of Employees at Current Prices,2023Q1,"Arts, Entertainment and Other Services",688.460481
Compensation of Employees at Current Prices,2023Q1,"Arts, Entertainment and Other Services",599.318204
Compensation of Employees at Current Prices,2023Q1,"Arts, Entertainment and Other Services",89.142277
Compensation of Employees at Current Prices,2023Q1,All Sectors,34779.077558
Compensation of Employees at Current Prices,2023Q1,All Sectors,28997.404325
Compensation of Employees at Current Prices,2023Q1,All Sectors,5781.673233
Compensation of Employees at Current Prices,2023Q2,"Agriculture, Forestry and Fishing",313.84547
Compensation of Employees at Current Prices,2023Q2,"Agriculture, Forestry and Fishing",265.654087
Compensation of Employees at Current Prices,2023Q2,"Agriculture, Forestry and Fishing",48.191383
Compensation of Employees at Current Prices,2023Q2,Industry (excl. Construction),4818.379463
Compensation of Employees at Current Prices,2023Q2,Industry (excl. Construction),3999.33468
Compensation of Employees at Current Prices,2023Q2,Industry (excl. Construction),819.044783
Compensation of Employees at Current Prices,2023Q2,Industry - of which Manufacturing,4305.581301
Compensation of Employees at Current Prices,2023Q2,Industry - of which Manufacturing,3580.862295
Compensation of Employees at Current Prices,2023Q2,Industry - of which Manufacturing,724.719006
Compensation of Employees at Current Prices,2023Q2,Construction,1778.594687
Compensation of Employees at Current Prices,2023Q2,Construction,1541.498022
Compensation of Employees at Current Prices,2023Q2,Construction,237.096664
Compensation of Employees at Current Prices,2023Q2,"Distribution, Transport, Hotels and Restaurants",6796.377704
Compensation of Employees at Current Prices,2023Q2,"Distribution, Transport, Hotels and Restaurants",5901.144107
Compensation of Employees at Current Prices,2023Q2,"Distribution, Transport, Hotels and Restaurants",895.233596
Compensation of Employees at Current Prices,2023Q2,Information and Communication,3620.99913
Compensation of Employees at Current Prices,2023Q2,Information and Communication,3101.33315
Compensation of Employees at Current Prices,2023Q2,Information and Communication,519.66598
Compensation of Employees at Current Prices,2023Q2,Financial and Insurance Activities,2589.660626
Compensation of Employees at Current Prices,2023Q2,Financial and Insurance Activities,2030.754584
Compensation of Employees at Current Prices,2023Q2,Financial and Insurance Activities,558.906042
Compensation of Employees at Current Prices,2023Q2,Real Estate Activities,315.33277
Compensation of Employees at Current Prices,2023Q2,Real Estate Activities,276.755476
Compensation of Employees at Current Prices,2023Q2,Real Estate Activities,38.577294
Compensation of Employees at Current Prices,2023Q2,"Professional, Admin and Support Services",5314.855957
Compensation of Employees at Current Prices,2023Q2,"Professional, Admin and Support Services",4622.155237
Compensation of Employees at Current Prices,2023Q2,"Professional, Admin and Support Services",692.700721
Compensation of Employees at Current Prices,2023Q2,"Public Admin, Education and Health",9794.276432
Compensation of Employees at Current Prices,2023Q2,"Public Admin, Education and Health",7809.245162
Compensation of Employees at Current Prices,2023Q2,"Public Admin, Education and Health",1985.03127
Compensation of Employees at Current Prices,2023Q2,"Arts, Entertainment and Other Services",729.129328
Compensation of Employees at Current Prices,2023Q2,"Arts, Entertainment and Other Services",635.529639
Compensation of Employees at Current Prices,2023Q2,"Arts, Entertainment and Other Services",93.599689
Compensation of Employees at Current Prices,2023Q2,All Sectors,36071.451568
Compensation of Employees at Current Prices,2023Q2,All Sectors,30183.404144
Compensation of Employees at Current Prices,2023Q2,All Sectors,5888.047424
Compensation of Employees at Current Prices,2023Q3,"Agriculture, Forestry and Fishing",316.707481
Compensation of Employees at Current Prices,2023Q3,"Agriculture, Forestry and Fishing",266.630832
Compensation of Employees at Current Prices,2023Q3,"Agriculture, Forestry and Fishing",50.076648
Compensation of Employees at Current Prices,2023Q3,Industry (excl. Construction),4573.945255
Compensation of Employees at Current Prices,2023Q3,Industry (excl. Construction),3730.695288
Compensation of Employees at Current Prices,2023Q3,Industry (excl. Construction),843.249967
Compensation of Employees at Current Prices,2023Q3,Industry - of which Manufacturing,4078.763117
Compensation of Employees at Current Prices,2023Q3,Industry - of which Manufacturing,3332.719469
Compensation of Employees at Current Prices,2023Q3,Industry - of which Manufacturing,746.043647
Compensation of Employees at Current Prices,2023Q3,Construction,1845.835074
Compensation of Employees at Current Prices,2023Q3,Construction,1590.860721
Compensation of Employees at Current Prices,2023Q3,Construction,254.974353
Compensation of Employees at Current Prices,2023Q3,"Distribution, Transport, Hotels and Restaurants",6790.82394
Compensation of Employees at Current Prices,2023Q3,"Distribution, Transport, Hotels and Restaurants",5853.293204
Compensation of Employees at Current Prices,2023Q3,"Distribution, Transport, Hotels and Restaurants",937.530736
Compensation of Employees at Current Prices,2023Q3,Information and Communication,3623.305842
Compensation of Employees at Current Prices,2023Q3,Information and Communication,3086.374311
Compensation of Employees at Current Prices,2023Q3,Information and Communication,536.931531
Compensation of Employees at Current Prices,2023Q3,Financial and Insurance Activities,2442.770327
Compensation of Employees at Current Prices,2023Q3,Financial and Insurance Activities,1880.47411
Compensation of Employees at Current Prices,2023Q3,Financial and Insurance Activities,562.296216
Compensation of Employees at Current Prices,2023Q3,Real Estate Activities,304.299739
Compensation of Employees at Current Prices,2023Q3,Real Estate Activities,266.643045
Compensation of Employees at Current Prices,2023Q3,Real Estate Activities,37.656694
Compensation of Employees at Current Prices,2023Q3,"Professional, Admin and Support Services",5126.87543
Compensation of Employees at Current Prices,2023Q3,"Professional, Admin and Support Services",4425.230095
Compensation of Employees at Current Prices,2023Q3,"Professional, Admin and Support Services",701.645335
Compensation of Employees at Current Prices,2023Q3,"Public Admin, Education and Health",9890.918886
Compensation of Employees at Current Prices,2023Q3,"Public Admin, Education and Health",7882.028258
Compensation of Employees at Current Prices,2023Q3,"Public Admin, Education and Health",2008.890628
Compensation of Employees at Current Prices,2023Q3,"Arts, Entertainment and Other Services",750.739279
Compensation of Employees at Current Prices,2023Q3,"Arts, Entertainment and Other Services",653.862767
Compensation of Employees at Current Prices,2023Q3,"Arts, Entertainment and Other Services",96.876511
Compensation of Employees at Current Prices,2023Q3,All Sectors,35666.221253
Compensation of Employees at Current Prices,2023Q3,All Sectors,29636.092632
Compensation of Employees at Current Prices,2023Q3,All Sectors,6030.128621
Compensation of Employees at Current Prices,2023Q4,"Agriculture, Forestry and Fishing",328.297692
Compensation of Employees at Current Prices,2023Q4,"Agriculture, Forestry and Fishing",276.965545
Compensation of Employees at Current Prices,2023Q4,"Agriculture, Forestry and Fishing",51.332147
Compensation of Employees at Current Prices,2023Q4,Industry (excl. Construction),4967.825737
Compensation of Employees at Current Prices,2023Q4,Industry (excl. Construction),4082.476237
Compensation of Employees at Current Prices,2023Q4,Industry (excl. Construction),885.3495
Compensation of Employees at Current Prices,2023Q4,Industry - of which Manufacturing,4458.402304
Compensation of Employees at Current Prices,2023Q4,Industry - of which Manufacturing,3671.505856
Compensation of Employees at Current Prices,2023Q4,Industry - of which Manufacturing,786.896447
Compensation of Employees at Current Prices,2023Q4,Construction,1973.045499
Compensation of Employees at Current Prices,2023Q4,Construction,1680.543544
Compensation of Employees at Current Prices,2023Q4,Construction,292.501955
Compensation of Employees at Current Prices,2023Q4,"Distribution, Transport, Hotels and Restaurants",7027.310263
Compensation of Employees at Current Prices,2023Q4,"Distribution, Transport, Hotels and Restaurants",6025.607823
Compensation of Employees at Current Prices,2023Q4,"Distribution, Transport, Hotels and Restaurants",1001.702441
Compensation of Employees at Current Prices,2023Q4,Information and Communication,3640.90813
Compensation of Employees at Current Prices,2023Q4,Information and Communication,3098.793253
Compensation of Employees at Current Prices,2023Q4,Information and Communication,542.114876
Compensation of Employees at Current Prices,2023Q4,Financial and Insurance Activities,2663.134876
Compensation of Employees at Current Prices,2023Q4,Financial and Insurance Activities,2059.524603
Compensation of Employees at Current Prices,2023Q4,Financial and Insurance Activities,603.610273
Compensation of Employees at Current Prices,2023Q4,Real Estate Activities,337.541528
Compensation of Employees at Current Prices,2023Q4,Real Estate Activities,290.396101
Compensation of Employees at Current Prices,2023Q4,Real Estate Activities,47.145428
Compensation of Employees at Current Prices,2023Q4,"Professional, Admin and Support Services",5536.704216
Compensation of Employees at Current Prices,2023Q4,"Professional, Admin and Support Services",4754.702409
Compensation of Employees at Current Prices,2023Q4,"Professional, Admin and Support Services",782.001807
Compensation of Employees at Current Prices,2023Q4,"Public Admin, Education and Health",10223.467724
Compensation of Employees at Current Prices,2023Q4,"Public Admin, Education and Health",8172.954178
Compensation of Employees at Current Prices,2023Q4,"Public Admin, Education and Health",2050.513546
Compensation of Employees at Current Prices,2023Q4,"Arts, Entertainment and Other Services",783.579191
Compensation of Employees at Current Prices,2023Q4,"Arts, Entertainment and Other Services",678.069333
Compensation of Employees at Current Prices,2023Q4,"Arts, Entertainment and Other Services",105.509858
Compensation of Employees at Current Prices,2023Q4,All Sectors,37481.814857
Compensation of Employees at Current Prices,2023Q4,All Sectors,31120.033025
Compensation of Employees at Current Prices,2023Q4,All Sectors,6361.781831
Compensation of Employees at Current Prices,2024Q1,"Agriculture, Forestry and Fishing",329.268865
Compensation of Employees at Current Prices,2024Q1,"Agriculture, Forestry and Fishing",277.435399
Compensation of Employees at Current Prices,2024Q1,"Agriculture, Forestry and Fishing",51.833466
Compensation of Employees at Current Prices,2024Q1,Industry (excl. Construction),5395.514046
Compensation of Employees at Current Prices,2024Q1,Industry (excl. Construction),4469.216086
Compensation of Employees at Current Prices,2024Q1,Industry (excl. Construction),926.29796
Compensation of Employees at Current Prices,2024Q1,Industry - of which Manufacturing,4839.249246
Compensation of Employees at Current Prices,2024Q1,Industry - of which Manufacturing,4021.659171
Compensation of Employees at Current Prices,2024Q1,Industry - of which Manufacturing,817.590075
Compensation of Employees at Current Prices,2024Q1,Construction,1817.301009
Compensation of Employees at Current Prices,2024Q1,Construction,1575.917416
Compensation of Employees at Current Prices,2024Q1,Construction,241.383593
Compensation of Employees at Current Prices,2024Q1,"Distribution, Transport, Hotels and Restaurants",7100.033714
Compensation of Employees at Current Prices,2024Q1,"Distribution, Transport, Hotels and Restaurants",6135.439204
Compensation of Employees at Current Prices,2024Q1,"Distribution, Transport, Hotels and Restaurants",964.59451
Compensation of Employees at Current Prices,2024Q1,Information and Communication,3994.539339
Compensation of Employees at Current Prices,2024Q1,Information and Communication,3421.092627
Compensation of Employees at Current Prices,2024Q1,Information and Communication,573.446711
Compensation of Employees at Current Prices,2024Q1,Financial and Insurance Activities,3104.034296
Compensation of Employees at Current Prices,2024Q1,Financial and Insurance Activities,2499.217359
Compensation of Employees at Current Prices,2024Q1,Financial and Insurance Activities,604.816938
Compensation of Employees at Current Prices,2024Q1,Real Estate Activities,337.712815
Compensation of Employees at Current Prices,2024Q1,Real Estate Activities,292.935752
Compensation of Employees at Current Prices,2024Q1,Real Estate Activities,44.777063
Compensation of Employees at Current Prices,2024Q1,"Professional, Admin and Support Services",5781.843625
Compensation of Employees at Current Prices,2024Q1,"Professional, Admin and Support Services",4976.014837
Compensation of Employees at Current Prices,2024Q1,"Professional, Admin and Support Services",805.828788
Compensation of Employees at Current Prices,2024Q1,"Public Admin, Education and Health",10488.907707
Compensation of Employees at Current Prices,2024Q1,"Public Admin, Education and Health",8391.399719
Compensation of Employees at Current Prices,2024Q1,"Public Admin, Education and Health",2097.507988
Compensation of Employees at Current Prices,2024Q1,"Arts, Entertainment and Other Services",801.506546
Compensation of Employees at Current Prices,2024Q1,"Arts, Entertainment and Other Services",689.464406
Compensation of Employees at Current Prices,2024Q1,"Arts, Entertainment and Other Services",112.04214
Compensation of Employees at Current Prices,2024Q1,All Sectors,39150.661962
Compensation of Employees at Current Prices,2024Q1,All Sectors,32728.132805
Compensation of Employees at Current Prices,2024Q1,All Sectors,6422.529157
Compensation of Employees at Current Prices,2024Q2,"Agriculture, Forestry and Fishing",350.490739
Compensation of Employees at Current Prices,2024Q2,"Agriculture, Forestry and Fishing",297.300959
Compensation of Employees at Current Prices,2024Q2,"Agriculture, Forestry and Fishing",53.18978
Compensation of Employees at Current Prices,2024Q2,Industry (excl. Construction),5123.584429
Compensation of Employees at Current Prices,2024Q2,Industry (excl. Construction),4227.112288
Compensation of Employees at Current Prices,2024Q2,Industry (excl. Construction),896.472141
Compensation of Employees at Current Prices,2024Q2,Industry - of which Manufacturing,4570.627161
Compensation of Employees at Current Prices,2024Q2,Industry - of which Manufacturing,3783.012936
Compensation of Employees at Current Prices,2024Q2,Industry - of which Manufacturing,787.614225
Compensation of Employees at Current Prices,2024Q2,Construction,1971.937277
Compensation of Employees at Current Prices,2024Q2,Construction,1716.589156
Compensation of Employees at Current Prices,2024Q2,Construction,255.348121
Compensation of Employees at Current Prices,2024Q2,"Distribution, Transport, Hotels and Restaurants",7295.415086
Compensation of Employees at Current Prices,2024Q2,"Distribution, Transport, Hotels and Restaurants",6322.15172
Compensation of Employees at Current Prices,2024Q2,"Distribution, Transport, Hotels and Restaurants",973.263366
Compensation of Employees at Current Prices,2024Q2,Information and Communication,3854.483125
Compensation of Employees at Current Prices,2024Q2,Information and Communication,3312.392771
Compensation of Employees at Current Prices,2024Q2,Information and Communication,542.090354
Compensation of Employees at Current Prices,2024Q2,Financial and Insurance Activities,2734.655297
Compensation of Employees at Current Prices,2024Q2,Financial and Insurance Activities,2178.461865
Compensation of Employees at Current Prices,2024Q2,Financial and Insurance Activities,556.193432
Compensation of Employees at Current Prices,2024Q2,Real Estate Activities,327.921633
Compensation of Employees at Current Prices,2024Q2,Real Estate Activities,286.173738
Compensation of Employees at Current Prices,2024Q2,Real Estate Activities,41.747894
Compensation of Employees at Current Prices,2024Q2,"Professional, Admin and Support Services",5699.429482
Compensation of Employees at Current Prices,2024Q2,"Professional, Admin and Support Services",4922.81136
Compensation of Employees at Current Prices,2024Q2,"Professional, Admin and Support Services",776.618121
Compensation of Employees at Current Prices,2024Q2,"Public Admin, Education and Health",10885.768372
Compensation of Employees at Current Prices,2024Q2,"Public Admin, Education and Health",8786.156066
Compensation of Employees at Current Prices,2024Q2,"Public Admin, Education and Health",2099.612306
Compensation of Employees at Current Prices,2024Q2,"Arts, Entertainment and Other Services",798.788375
Compensation of Employees at Current Prices,2024Q2,"Arts, Entertainment and Other Services",690.646749
Compensation of Employees at Current Prices,2024Q2,"Arts, Entertainment and Other Services",108.141626
Compensation of Employees at Current Prices,2024Q2,All Sectors,39042.473813
Compensation of Employees at Current Prices,2024Q2,All Sectors,32739.796672
Compensation of Employees at Current Prices,2024Q2,All Sectors,6302.677141
Compensation of Employees at Current Prices,2024Q3,"Agriculture, Forestry and Fishing",355.014914
Compensation of Employees at Current Prices,2024Q3,"Agriculture, Forestry and Fishing",298.552594
Compensation of Employees at Current Prices,2024Q3,"Agriculture, Forestry and Fishing",56.46232
Compensation of Employees at Current Prices,2024Q3,Industry (excl. Construction),4979.19273
Compensation of Employees at Current Prices,2024Q3,Industry (excl. Construction),4056.742444
Compensation of Employees at Current Prices,2024Q3,Industry (excl. Construction),922.450286
Compensation of Employees at Current Prices,2024Q3,Industry - of which Manufacturing,4428.234365
Compensation of Employees at Current Prices,2024Q3,Industry - of which Manufacturing,3619.840142
Compensation of Employees at Current Prices,2024Q3,Industry - of which Manufacturing,808.394224
Compensation of Employees at Current Prices,2024Q3,Construction,2050.148148
Compensation of Employees at Current Prices,2024Q3,Construction,1766.610113
Compensation of Employees at Current Prices,2024Q3,Construction,283.538035
Compensation of Employees at Current Prices,2024Q3,"Distribution, Transport, Hotels and Restaurants",7281.032413
Compensation of Employees at Current Prices,2024Q3,"Distribution, Transport, Hotels and Restaurants",6243.155656
Compensation of Employees at Current Prices,2024Q3,"Distribution, Transport, Hotels and Restaurants",1037.876758
Compensation of Employees at Current Prices,2024Q3,Information and Communication,3701.313205
Compensation of Employees at Current Prices,2024Q3,Information and Communication,3160.993604
Compensation of Employees at Current Prices,2024Q3,Information and Communication,540.319601
Compensation of Employees at Current Prices,2024Q3,Financial and Insurance Activities,2543.66282
Compensation of Employees at Current Prices,2024Q3,Financial and Insurance Activities,1986.922118
Compensation of Employees at Current Prices,2024Q3,Financial and Insurance Activities,556.740702
Compensation of Employees at Current Prices,2024Q3,Real Estate Activities,324.668656
Compensation of Employees at Current Prices,2024Q3,Real Estate Activities,277.724518
Compensation of Employees at Current Prices,2024Q3,Real Estate Activities,46.944138
Compensation of Employees at Current Prices,2024Q3,"Professional, Admin and Support Services",5505.887034
Compensation of Employees at Current Prices,2024Q3,"Professional, Admin and Support Services",4708.28508
Compensation of Employees at Current Prices,2024Q3,"Professional, Admin and Support Services",797.601954
Compensation of Employees at Current Prices,2024Q3,"Public Admin, Education and Health",10869.771135
Compensation of Employees at Current Prices,2024Q3,"Public Admin, Education and Health",8743.228804
Compensation of Employees at Current Prices,2024Q3,"Public Admin, Education and Health",2126.542331
Compensation of Employees at Current Prices,2024Q3,"Arts, Entertainment and Other Services",818.687923
Compensation of Employees at Current Prices,2024Q3,"Arts, Entertainment and Other Services",707.950847
Compensation of Employees at Current Prices,2024Q3,"Arts, Entertainment and Other Services",110.737077
Compensation of Employees at Current Prices,2024Q3,All Sectors,38429.37898
Compensation of Employees at Current Prices,2024Q3,All Sectors,31950.165777
Compensation of Employees at Current Prices,2024Q3,All Sectors,6479.213203
Compensation of Employees at Current Prices,2024Q4,"Agriculture, Forestry and Fishing",374.574086
Compensation of Employees at Current Prices,2024Q4,"Agriculture, Forestry and Fishing",304.64897
Compensation of Employees at Current Prices,2024Q4,"Agriculture, Forestry and Fishing",69.925116
Compensation of Employees at Current Prices,2024Q4,Industry (excl. Construction),5613.922218
Compensation of Employees at Current Prices,2024Q4,Industry (excl. Construction),4474.986014
Compensation of Employees at Current Prices,2024Q4,Industry (excl. Construction),1138.936204
Compensation of Employees at Current Prices,2024Q4,Industry - of which Manufacturing,5026.799864
Compensation of Employees at Current Prices,2024Q4,Industry - of which Manufacturing,4019.865599
Compensation of Employees at Current Prices,2024Q4,Industry - of which Manufacturing,1006.934264
Compensation of Employees at Current Prices,2024Q4,Construction,2300.998497
Compensation of Employees at Current Prices,2024Q4,Construction,1848.501852
Compensation of Employees at Current Prices,2024Q4,Construction,452.496645
Compensation of Employees at Current Prices,2024Q4,"Distribution, Transport, Hotels and Restaurants",7875.590034
Compensation of Employees at Current Prices,2024Q4,"Distribution, Transport, Hotels and Restaurants",6431.001827
Compensation of Employees at Current Prices,2024Q4,"Distribution, Transport, Hotels and Restaurants",1444.588207
Compensation of Employees at Current Prices,2024Q4,Information and Communication,4060.394863
Compensation of Employees at Current Prices,2024Q4,Information and Communication,3426.952308
Compensation of Employees at Current Prices,2024Q4,Information and Communication,633.442555
Compensation of Employees at Current Prices,2024Q4,Financial and Insurance Activities,2879.765321
Compensation of Employees at Current Prices,2024Q4,Financial and Insurance Activities,2179.301922
Compensation of Employees at Current Prices,2024Q4,Financial and Insurance Activities,700.463399
Compensation of Employees at Current Prices,2024Q4,Real Estate Activities,389.821025
Compensation of Employees at Current Prices,2024Q4,Real Estate Activities,311.398189
Compensation of Employees at Current Prices,2024Q4,Real Estate Activities,78.422835
Compensation of Employees at Current Prices,2024Q4,"Professional, Admin and Support Services",6150.577449
Compensation of Employees at Current Prices,2024Q4,"Professional, Admin and Support Services",5055.707735
Compensation of Employees at Current Prices,2024Q4,"Professional, Admin and Support Services",1094.869714
Compensation of Employees at Current Prices,2024Q4,"Public Admin, Education and Health",11117.598946
Compensation of Employees at Current Prices,2024Q4,"Public Admin, Education and Health",8880.537163
Compensation of Employees at Current Prices,2024Q4,"Public Admin, Education and Health",2237.061783
Compensation of Employees at Current Prices,2024Q4,"Arts, Entertainment and Other Services",882.909843
Compensation of Employees at Current Prices,2024Q4,"Arts, Entertainment and Other Services",744.136142
Compensation of Employees at Current Prices,2024Q4,"Arts, Entertainment and Other Services",138.773701
Compensation of Employees at Current Prices,2024Q4,All Sectors,41646.152282
Compensation of Employees at Current Prices,2024Q4,All Sectors,33657.172122
Compensation of Employees at Current Prices,2024Q4,All Sectors,7988.980159
Compensation of Employees at Current Prices,2025Q1,"Agriculture, Forestry and Fishing",370.881839
Compensation of Employees at Current Prices,2025Q1,"Agriculture, Forestry and Fishing",317.725412
Compensation of Employees at Current Prices,2025Q1,"Agriculture, Forestry and Fishing",53.156427
Compensation of Employees at Current Prices,2025Q1,Industry (excl. Construction),5793.097223
Compensation of Employees at Current Prices,2025Q1,Industry (excl. Construction),4831.456746
Compensation of Employees at Current Prices,2025Q1,Industry (excl. Construction),961.640477
Compensation of Employees at Current Prices,2025Q1,Industry - of which Manufacturing,5147.403208
Compensation of Employees at Current Prices,2025Q1,Industry - of which Manufacturing,4303.245321
Compensation of Employees at Current Prices,2025Q1,Industry - of which Manufacturing,844.157887
Compensation of Employees at Current Prices,2025Q1,Construction,1980.949435
Compensation of Employees at Current Prices,2025Q1,Construction,1755.373005
Compensation of Employees at Current Prices,2025Q1,Construction,225.57643
Compensation of Employees at Current Prices,2025Q1,"Distribution, Transport, Hotels and Restaurants",7346.92456
Compensation of Employees at Current Prices,2025Q1,"Distribution, Transport, Hotels and Restaurants",6408.722633
Compensation of Employees at Current Prices,2025Q1,"Distribution, Transport, Hotels and Restaurants",938.201927
Compensation of Employees at Current Prices,2025Q1,Information and Communication,4121.976373
Compensation of Employees at Current Prices,2025Q1,Information and Communication,3547.608763
Compensation of Employees at Current Prices,2025Q1,Information and Communication,574.367609
Compensation of Employees at Current Prices,2025Q1,Financial and Insurance Activities,3361.455635
Compensation of Employees at Current Prices,2025Q1,Financial and Insurance Activities,2741.801686
Compensation of Employees at Current Prices,2025Q1,Financial and Insurance Activities,619.653949
Compensation of Employees at Current Prices,2025Q1,Real Estate Activities,359.744603
Compensation of Employees at Current Prices,2025Q1,Real Estate Activities,319.476647
Compensation of Employees at Current Prices,2025Q1,Real Estate Activities,40.267956
Compensation of Employees at Current Prices,2025Q1,"Professional, Admin and Support Services",6090.853969
Compensation of Employees at Current Prices,2025Q1,"Professional, Admin and Support Services",5302.699944
Compensation of Employees at Current Prices,2025Q1,"Professional, Admin and Support Services",788.154025
Compensation of Employees at Current Prices,2025Q1,"Public Admin, Education and Health",11224.789433
Compensation of Employees at Current Prices,2025Q1,"Public Admin, Education and Health",9144.937303
Compensation of Employees at Current Prices,2025Q1,"Public Admin, Education and Health",2079.852131
Compensation of Employees at Current Prices,2025Q1,"Arts, Entertainment and Other Services",850.07464
Compensation of Employees at Current Prices,2025Q1,"Arts, Entertainment and Other Services",738.981924
Compensation of Employees at Current Prices,2025Q1,"Arts, Entertainment and Other Services",111.092716
Compensation of Employees at Current Prices,2025Q1,All Sectors,41500.747709
Compensation of Employees at Current Prices,2025Q1,All Sectors,35108.784061
Compensation of Employees at Current Prices,2025Q1,All Sectors,6391.963648
Compensation of Employees at Current Prices,2025Q2,"Agriculture, Forestry and Fishing",396.509627
Compensation of Employees at Current Prices,2025Q2,"Agriculture, Forestry and Fishing",339.035271
Compensation of Employees at Current Prices,2025Q2,"Agriculture, Forestry and Fishing",57.474356
Compensation of Employees at Current Prices,2025Q2,Industry (excl. Construction),5474.220154
Compensation of Employees at Current Prices,2025Q2,Industry (excl. Construction),4557.967388
Compensation of Employees at Current Prices,2025Q2,Industry (excl. Construction),916.252766
Compensation of Employees at Current Prices,2025Q2,Industry - of which Manufacturing,4859.264121
Compensation of Employees at Current Prices,2025Q2,Industry - of which Manufacturing,4057.119778
Compensation of Employees at Current Prices,2025Q2,Industry - of which Manufacturing,802.144343
Compensation of Employees at Current Prices,2025Q2,Construction,2108.379225
Compensation of Employees at Current Prices,2025Q2,Construction,1867.190285
Compensation of Employees at Current Prices,2025Q2,Construction,241.18894
Compensation of Employees at Current Prices,2025Q2,"Distribution, Transport, Hotels and Restaurants",7571.662358
Compensation of Employees at Current Prices,2025Q2,"Distribution, Transport, Hotels and Restaurants",6619.929947
Compensation of Employees at Current Prices,2025Q2,"Distribution, Transport, Hotels and Restaurants",951.732412
Compensation of Employees at Current Prices,2025Q2,Information and Communication,3895.138419
Compensation of Employees at Current Prices,2025Q2,Information and Communication,3357.665022
Compensation of Employees at Current Prices,2025Q2,Information and Communication,537.473397
Compensation of Employees at Current Prices,2025Q2,Financial and Insurance Activities,2879.722683
Compensation of Employees at Current Prices,2025Q2,Financial and Insurance Activities,2322.375613
Compensation of Employees at Current Prices,2025Q2,Financial and Insurance Activities,557.34707
Compensation of Employees at Current Prices,2025Q2,Real Estate Activities,347.502332
Compensation of Employees at Current Prices,2025Q2,Real Estate Activities,308.947793
Compensation of Employees at Current Prices,2025Q2,Real Estate Activities,38.554539
Compensation of Employees at Current Prices,2025Q2,"Professional, Admin and Support Services",6078.254683
Compensation of Employees at Current Prices,2025Q2,"Professional, Admin and Support Services",5313.547616
Compensation of Employees at Current Prices,2025Q2,"Professional, Admin and Support Services",764.707067
Compensation of Employees at Current Prices,2025Q2,"Public Admin, Education and Health",11400.229122
Compensation of Employees at Current Prices,2025Q2,"Public Admin, Education and Health",9323.988943
Compensation of Employees at Current Prices,2025Q2,"Public Admin, Education and Health",2076.240178
Compensation of Employees at Current Prices,2025Q2,"Arts, Entertainment and Other Services",842.120367
Compensation of Employees at Current Prices,2025Q2,"Arts, Entertainment and Other Services",737.092783
Compensation of Employees at Current Prices,2025Q2,"Arts, Entertainment and Other Services",105.027584
Compensation of Employees at Current Prices,2025Q2,All Sectors,40993.73897
Compensation of Employees at Current Prices,2025Q2,All Sectors,34747.740661
Compensation of Employees at Current Prices,2025Q2,All Sectors,6245.998309
Compensation of Employees at Current Prices,2025Q3,"Agriculture, Forestry and Fishing",399.869071
Compensation of Employees at Current Prices,2025Q3,"Agriculture, Forestry and Fishing",341.858511
Compensation of Employees at Current Prices,2025Q3,"Agriculture, Forestry and Fishing",58.01056
Compensation of Employees at Current Prices,2025Q3,Industry (excl. Construction),5180.621677
Compensation of Employees at Current Prices,2025Q3,Industry (excl. Construction),4285.895841
Compensation of Employees at Current Prices,2025Q3,Industry (excl. Construction),894.725835
Compensation of Employees at Current Prices,2025Q3,Industry - of which Manufacturing,4585.033891
Compensation of Employees at Current Prices,2025Q3,Industry - of which Manufacturing,3801.769459
Compensation of Employees at Current Prices,2025Q3,Industry - of which Manufacturing,783.264432
Compensation of Employees at Current Prices,2025Q3,Construction,2162.60237
Compensation of Employees at Current Prices,2025Q3,Construction,1918.617706
Compensation of Employees at Current Prices,2025Q3,Construction,243.984664
Compensation of Employees at Current Prices,2025Q3,"Distribution, Transport, Hotels and Restaurants",7509.389144
Compensation of Employees at Current Prices,2025Q3,"Distribution, Transport, Hotels and Restaurants",6569.199331
Compensation of Employees at Current Prices,2025Q3,"Distribution, Transport, Hotels and Restaurants",940.189814
Compensation of Employees at Current Prices,2025Q3,Information and Communication,3926.379718
Compensation of Employees at Current Prices,2025Q3,Information and Communication,3381.274457
Compensation of Employees at Current Prices,2025Q3,Information and Communication,545.105261
Compensation of Employees at Current Prices,2025Q3,Financial and Insurance Activities,2665.967367
Compensation of Employees at Current Prices,2025Q3,Financial and Insurance Activities,2127.41438
Compensation of Employees at Current Prices,2025Q3,Financial and Insurance Activities,538.552987
Compensation of Employees at Current Prices,2025Q3,Real Estate Activities,342.490649
Compensation of Employees at Current Prices,2025Q3,Real Estate Activities,304.430106
Compensation of Employees at Current Prices,2025Q3,Real Estate Activities,38.060543
Compensation of Employees at Current Prices,2025Q3,"Professional, Admin and Support Services",5784.995665
Compensation of Employees at Current Prices,2025Q3,"Professional, Admin and Support Services",5035.538163
Compensation of Employees at Current Prices,2025Q3,"Professional, Admin and Support Services",749.457502
Compensation of Employees at Current Prices,2025Q3,"Public Admin, Education and Health",11478.538151
Compensation of Employees at Current Prices,2025Q3,"Public Admin, Education and Health",9389.343441
Compensation of Employees at Current Prices,2025Q3,"Public Admin, Education and Health",2089.19471
Compensation of Employees at Current Prices,2025Q3,"Arts, Entertainment and Other Services",870.340785
Compensation of Employees at Current Prices,2025Q3,"Arts, Entertainment and Other Services",762.059142
Compensation of Employees at Current Prices,2025Q3,"Arts, Entertainment and Other Services",108.281643
Compensation of Employees at Current Prices,2025Q3,All Sectors,40321.194596
Compensation of Employees at Current Prices,2025Q3,All Sectors,34115.631078
Compensation of Employees at Current Prices,2025Q3,All Sectors,6205.563518
Compensation of Employees at Current Prices,2025Q4,"Agriculture, Forestry and Fishing",407.032884
Compensation of Employees at Current Prices,2025Q4,"Agriculture, Forestry and Fishing",347.903164
Compensation of Employees at Current Prices,2025Q4,"Agriculture, Forestry and Fishing",59.12972
Compensation of Employees at Current Prices,2025Q4,Industry (excl. Construction),5571.831278
Compensation of Employees at Current Prices,2025Q4,Industry (excl. Construction),4627.863003
Compensation of Employees at Current Prices,2025Q4,Industry (excl. Construction),943.968274
Compensation of Employees at Current Prices,2025Q4,Industry - of which Manufacturing,4937.959117
Compensation of Employees at Current Prices,2025Q4,Industry - of which Manufacturing,4111.269389
Compensation of Employees at Current Prices,2025Q4,Industry - of which Manufacturing,826.689728
Compensation of Employees at Current Prices,2025Q4,Construction,2315.159719
Compensation of Employees at Current Prices,2025Q4,Construction,2062.07493
Compensation of Employees at Current Prices,2025Q4,Construction,253.084789
Compensation of Employees at Current Prices,2025Q4,"Distribution, Transport, Hotels and Restaurants",7852.057998
Compensation of Employees at Current Prices,2025Q4,"Distribution, Transport, Hotels and Restaurants",6874.339478
Compensation of Employees at Current Prices,2025Q4,"Distribution, Transport, Hotels and Restaurants",977.71852
Compensation of Employees at Current Prices,2025Q4,Information and Communication,4139.368174
Compensation of Employees at Current Prices,2025Q4,Information and Communication,3580.606221
Compensation of Employees at Current Prices,2025Q4,Information and Communication,558.761953
Compensation of Employees at Current Prices,2025Q4,Financial and Insurance Activities,2914.458495
Compensation of Employees at Current Prices,2025Q4,Financial and Insurance Activities,2353.085593
Compensation of Employees at Current Prices,2025Q4,Financial and Insurance Activities,561.372902
Compensation of Employees at Current Prices,2025Q4,Real Estate Activities,371.950044
Compensation of Employees at Current Prices,2025Q4,Real Estate Activities,331.617111
Compensation of Employees at Current Prices,2025Q4,Real Estate Activities,40.332933
Compensation of Employees at Current Prices,2025Q4,"Professional, Admin and Support Services",6152.682155
Compensation of Employees at Current Prices,2025Q4,"Professional, Admin and Support Services",5376.790665
Compensation of Employees at Current Prices,2025Q4,"Professional, Admin and Support Services",775.89149
Compensation of Employees at Current Prices,2025Q4,"Public Admin, Education and Health",11722.528822
Compensation of Employees at Current Prices,2025Q4,"Public Admin, Education and Health",9598.178145
Compensation of Employees at Current Prices,2025Q4,"Public Admin, Education and Health",2124.350677
Compensation of Employees at Current Prices,2025Q4,"Arts, Entertainment and Other Services",895.683558
Compensation of Employees at Current Prices,2025Q4,"Arts, Entertainment and Other Services",784.913238
Compensation of Employees at Current Prices,2025Q4,"Arts, Entertainment and Other Services",110.77032
Compensation of Employees at Current Prices,2025Q4,All Sectors,42342.753126
Compensation of Employees at Current Prices,2025Q4,All Sectors,35937.371547
Compensation of Employees at Current Prices,2025Q4,All Sectors,6405.381579
Compensation of Employees at Current Prices,2026Q1,"Agriculture, Forestry and Fishing",369.276754
Compensation of Employees at Current Prices,2026Q1,"Agriculture, Forestry and Fishing",314.340092
Compensation of Employees at Current Prices,2026Q1,"Agriculture, Forestry and Fishing",54.936663
Compensation of Employees at Current Prices,2026Q1,Industry (excl. Construction),5994.402758
Compensation of Employees at Current Prices,2026Q1,Industry (excl. Construction),5028.349108
Compensation of Employees at Current Prices,2026Q1,Industry (excl. Construction),966.053651
Compensation of Employees at Current Prices,2026Q1,Industry - of which Manufacturing,5327.315689
Compensation of Employees at Current Prices,2026Q1,Industry - of which Manufacturing,4474.883681
Compensation of Employees at Current Prices,2026Q1,Industry - of which Manufacturing,852.432009
Compensation of Employees at Current Prices,2026Q1,Construction,2180.3998
Compensation of Employees at Current Prices,2026Q1,Construction,1922.641004
Compensation of Employees at Current Prices,2026Q1,Construction,257.758795
Compensation of Employees at Current Prices,2026Q1,"Distribution, Transport, Hotels and Restaurants",7708.576612
Compensation of Employees at Current Prices,2026Q1,"Distribution, Transport, Hotels and Restaurants",6755.400778
Compensation of Employees at Current Prices,2026Q1,"Distribution, Transport, Hotels and Restaurants",953.175834
Compensation of Employees at Current Prices,2026Q1,Information and Communication,4292.870889
Compensation of Employees at Current Prices,2026Q1,Information and Communication,3677.739071
Compensation of Employees at Current Prices,2026Q1,Information and Communication,615.131818
Compensation of Employees at Current Prices,2026Q1,Financial and Insurance Activities,3631.653359
Compensation of Employees at Current Prices,2026Q1,Financial and Insurance Activities,2975.203147
Compensation of Employees at Current Prices,2026Q1,Financial and Insurance Activities,656.450212
Compensation of Employees at Current Prices,2026Q1,Real Estate Activities,351.016741
Compensation of Employees at Current Prices,2026Q1,Real Estate Activities,310.867528
Compensation of Employees at Current Prices,2026Q1,Real Estate Activities,40.149213
Compensation of Employees at Current Prices,2026Q1,"Professional, Admin and Support Services",6404.483223
Compensation of Employees at Current Prices,2026Q1,"Professional, Admin and Support Services",5619.597289
Compensation of Employees at Current Prices,2026Q1,"Professional, Admin and Support Services",784.885934
Compensation of Employees at Current Prices,2026Q1,"Public Admin, Education and Health",11901.294326
Compensation of Employees at Current Prices,2026Q1,"Public Admin, Education and Health",9787.704946
Compensation of Employees at Current Prices,2026Q1,"Public Admin, Education and Health",2113.58938
Compensation of Employees at Current Prices,2026Q1,"Arts, Entertainment and Other Services",888.940022
Compensation of Employees at Current Prices,2026Q1,"Arts, Entertainment and Other Services",773.662445
Compensation of Employees at Current Prices,2026Q1,"Arts, Entertainment and Other Services",115.277577
Compensation of Employees at Current Prices,2026Q1,All Sectors,43722.914485
Compensation of Employees at Current Prices,2026Q1,All Sectors,37165.505408
Compensation of Employees at Current Prices,2026Q1,All Sectors,6557.409076
Compensation of Employees at Current Prices,2026Q2,"Agriculture, Forestry and Fishing",400.57796
Compensation of Employees at Current Prices,2026Q2,"Agriculture, Forestry and Fishing",340.721936
Compensation of Employees at Current Prices,2026Q2,"Agriculture, Forestry and Fishing",59.856025
Compensation of Employees at Current Prices,2026Q2,Industry (excl. Construction),5962.876342
Compensation of Employees at Current Prices,2026Q2,Industry (excl. Construction),5017.092474
Compensation of Employees at Current Prices,2026Q2,Industry (excl. Construction),945.783868
Compensation of Employees at Current Prices,2026Q2,Industry - of which Manufacturing,5306.296503
Compensation of Employees at Current Prices,2026Q2,Industry - of which Manufacturing,4471.33817
Compensation of Employees at Current Prices,2026Q2,Industry - of which Manufacturing,834.958333
Compensation of Employees at Current Prices,2026Q2,Construction,2393.301784
Compensation of Employees at Current Prices,2026Q2,Construction,2113.304271
Compensation of Employees at Current Prices,2026Q2,Construction,279.997512
Compensation of Employees at Current Prices,2026Q2,"Distribution, Transport, Hotels and Restaurants",7966.208042
Compensation of Employees at Current Prices,2026Q2,"Distribution, Transport, Hotels and Restaurants",6987.440966
Compensation of Employees at Current Prices,2026Q2,"Distribution, Transport, Hotels and Restaurants",978.767076
Compensation of Employees at Current Prices,2026Q2,Information and Communication,4100.561992
Compensation of Employees at Current Prices,2026Q2,Information and Communication,3518.210442
Compensation of Employees at Current Prices,2026Q2,Information and Communication,582.35155
Compensation of Employees at Current Prices,2026Q2,Financial and Insurance Activities,3065.518206
Compensation of Employees at Current Prices,2026Q2,Financial and Insurance Activities,2476.29661
Compensation of Employees at Current Prices,2026Q2,Financial and Insurance Activities,589.221596
Compensation of Employees at Current Prices,2026Q2,Real Estate Activities,353.748827
Compensation of Employees at Current Prices,2026Q2,Real Estate Activities,314.176547
Compensation of Employees at Current Prices,2026Q2,Real Estate Activities,39.57228
Compensation of Employees at Current Prices,2026Q2,"Professional, Admin and Support Services",6409.118477
Compensation of Employees at Current Prices,2026Q2,"Professional, Admin and Support Services",5629.500032
Compensation of Employees at Current Prices,2026Q2,"Professional, Admin and Support Services",779.618445
Compensation of Employees at Current Prices,2026Q2,"Public Admin, Education and Health",12061.778605
Compensation of Employees at Current Prices,2026Q2,"Public Admin, Education and Health",9939.859311
Compensation of Employees at Current Prices,2026Q2,"Public Admin, Education and Health",2121.919294
Compensation of Employees at Current Prices,2026Q2,"Arts, Entertainment and Other Services",894.996576
Compensation of Employees at Current Prices,2026Q2,"Arts, Entertainment and Other Services",782.241003
Compensation of Employees at Current Prices,2026Q2,"Arts, Entertainment and Other Services",112.755573
Compensation of Employees at Current Prices,2026Q2,All Sectors,43608.686811
Compensation of Employees at Current Prices,2026Q2,All Sectors,37118.843592
Compensation of Employees at Current Prices,2026Q2,All Sectors,6489.843219
Compensation of Employees at Current Prices (Seasonally Adjusted),1998Q1,"Agriculture, Forestry and Fishing",110.764
Compensation of Employees at Current Prices (Seasonally Adjusted),1998Q1,"Agriculture, Forestry and Fishing",89.611
Compensation of Employees at Current Prices (Seasonally Adjusted),1998Q1,"Agriculture, Forestry and Fishing",21.153
Compensation of Employees at Current Prices (Seasonally Adjusted),1998Q1,Industry (excl. Construction),1808.106
Compensation of Employees at Current Prices (Seasonally Adjusted),1998Q1,Industry (excl. Construction),1504.715
Compensation of Employees at Current Prices (Seasonally Adjusted),1998Q1,Industry (excl. Construction),303.391
Compensation of Employees at Current Prices (Seasonally Adjusted),1998Q1,Industry - of which Manufacturing,1581.211
Compensation of Employees at Current Prices (Seasonally Adjusted),1998Q1,Industry - of which Manufacturing,1315.766
Compensation of Employees at Current Prices (Seasonally Adjusted),1998Q1,Industry - of which Manufacturing,265.445
Compensation of Employees at Current Prices (Seasonally Adjusted),1998Q1,Construction,616.399
Compensation of Employees at Current Prices (Seasonally Adjusted),1998Q1,Construction,500.578
Compensation of Employees at Current Prices (Seasonally Adjusted),1998Q1,Construction,115.821
Compensation of Employees at Current Prices (Seasonally Adjusted),1998Q1,"Distribution, Transport, Hotels and Restaurants",1509.664
Compensation of Employees at Current Prices (Seasonally Adjusted),1998Q1,"Distribution, Transport, Hotels and Restaurants",1294.971
Compensation of Employees at Current Prices (Seasonally Adjusted),1998Q1,"Distribution, Transport, Hotels and Restaurants",214.693
Compensation of Employees at Current Prices (Seasonally Adjusted),1998Q1,Information and Communication,405.034
Compensation of Employees at Current Prices (Seasonally Adjusted),1998Q1,Information and Communication,340.696
Compensation of Employees at Current Prices (Seasonally Adjusted),1998Q1,Information and Communication,64.338
Compensation of Employees at Current Prices (Seasonally Adjusted),1998Q1,Financial and Insurance Activities,485.53
Compensation of Employees at Current Prices (Seasonally Adjusted),1998Q1,Financial and Insurance Activities,400.293
Compensation of Employees at Current Prices (Seasonally Adjusted),1998Q1,Financial and Insurance Activities,85.237
Compensation of Employees at Current Prices (Seasonally Adjusted),1998Q1,Real Estate Activities,27.884
Compensation of Employees at Current Prices (Seasonally Adjusted),1998Q1,Real Estate Activities,24.547
Compensation of Employees at Current Prices (Seasonally Adjusted),1998Q1,Real Estate Activities,3.337
Compensation of Employees at Current Prices (Seasonally Adjusted),1998Q1,"Professional, Admin and Support Services",528.668
Compensation of Employees at Current Prices (Seasonally Adjusted),1998Q1,"Professional, Admin and Support Services",457.916
Compensation of Employees at Current Prices (Seasonally Adjusted),1998Q1,"Professional, Admin and Support Services",70.752
Compensation of Employees at Current Prices (Seasonally Adjusted),1998Q1,"Public Admin, Education and Health",2080.191
Compensation of Employees at Current Prices (Seasonally Adjusted),1998Q1,"Public Admin, Education and Health",1850.538
Compensation of Employees at Current Prices (Seasonally Adjusted),1998Q1,"Public Admin, Education and Health",229.653
Compensation of Employees at Current Prices (Seasonally Adjusted),1998Q1,"Arts, Entertainment and Other Services",183.762
Compensation of Employees at Current Prices (Seasonally Adjusted),1998Q1,"Arts, Entertainment and Other Services",165.835
Compensation of Employees at Current Prices (Seasonally Adjusted),1998Q1,"Arts, Entertainment and Other Services",17.927
Compensation of Employees at Current Prices (Seasonally Adjusted),1998Q1,All Sectors,7756.003
Compensation of Employees at Current Prices (Seasonally Adjusted),1998Q1,All Sectors,6629.701
Compensation of Employees at Current Prices (Seasonally Adjusted),1998Q1,All Sectors,1126.302
Compensation of Employees at Current Prices (Seasonally Adjusted),1998Q2,"Agriculture, Forestry and Fishing",113.203
Compensation of Employees at Current Prices (Seasonally Adjusted),1998Q2,"Agriculture, Forestry and Fishing",91.629
Compensation of Employees at Current Prices (Seasonally Adjusted),1998Q2,"Agriculture, Forestry and Fishing",21.573
Compensation of Employees at Current Prices (Seasonally Adjusted),1998Q2,Industry (excl. Construction),1866.395
Compensation of Employees at Current Prices (Seasonally Adjusted),1998Q2,Industry (excl. Construction),1551.078
Compensation of Employees at Current Prices (Seasonally Adjusted),1998Q2,Industry (excl. Construction),315.317
Compensation of Employees at Current Prices (Seasonally Adjusted),1998Q2,Industry - of which Manufacturing,1646.775
Compensation of Employees at Current Prices (Seasonally Adjusted),1998Q2,Industry - of which Manufacturing,1369.897
Compensation of Employees at Current Prices (Seasonally Adjusted),1998Q2,Industry - of which Manufacturing,276.878
Compensation of Employees at Current Prices (Seasonally Adjusted),1998Q2,Construction,672.471
Compensation of Employees at Current Prices (Seasonally Adjusted),1998Q2,Construction,546.801
Compensation of Employees at Current Prices (Seasonally Adjusted),1998Q2,Construction,125.67
Compensation of Employees at Current Prices (Seasonally Adjusted),1998Q2,"Distribution, Transport, Hotels and Restaurants",1591.925
Compensation of Employees at Current Prices (Seasonally Adjusted),1998Q2,"Distribution, Transport, Hotels and Restaurants",1364.824
Compensation of Employees at Current Prices (Seasonally Adjusted),1998Q2,"Distribution, Transport, Hotels and Restaurants",227.101
Compensation of Employees at Current Prices (Seasonally Adjusted),1998Q2,Information and Communication,427.803
Compensation of Employees at Current Prices (Seasonally Adjusted),1998Q2,Information and Communication,359.848
Compensation of Employees at Current Prices (Seasonally Adjusted),1998Q2,Information and Communication,67.955
Compensation of Employees at Current Prices (Seasonally Adjusted),1998Q2,Financial and Insurance Activities,495.589
Compensation of Employees at Current Prices (Seasonally Adjusted),1998Q2,Financial and Insurance Activities,408.285
Compensation of Employees at Current Prices (Seasonally Adjusted),1998Q2,Financial and Insurance Activities,87.304
Compensation of Employees at Current Prices (Seasonally Adjusted),1998Q2,Real Estate Activities,31.822
Compensation of Employees at Current Prices (Seasonally Adjusted),1998Q2,Real Estate Activities,28.014
Compensation of Employees at Current Prices (Seasonally Adjusted),1998Q2,Real Estate Activities,3.808
Compensation of Employees at Current Prices (Seasonally Adjusted),1998Q2,"Professional, Admin and Support Services",550.454
Compensation of Employees at Current Prices (Seasonally Adjusted),1998Q2,"Professional, Admin and Support Services",476.787
Compensation of Employees at Current Prices (Seasonally Adjusted),1998Q2,"Professional, Admin and Support Services",73.667
Compensation of Employees at Current Prices (Seasonally Adjusted),1998Q2,"Public Admin, Education and Health",2107.062
Compensation of Employees at Current Prices (Seasonally Adjusted),1998Q2,"Public Admin, Education and Health",1871.999
Compensation of Employees at Current Prices (Seasonally Adjusted),1998Q2,"Public Admin, Education and Health",235.062
Compensation of Employees at Current Prices (Seasonally Adjusted),1998Q2,"Arts, Entertainment and Other Services",189.369
Compensation of Employees at Current Prices (Seasonally Adjusted),1998Q2,"Arts, Entertainment and Other Services",170.759
Compensation of Employees at Current Prices (Seasonally Adjusted),1998Q2,"Arts, Entertainment and Other Services",18.61
Compensation of Employees at Current Prices (Seasonally Adjusted),1998Q2,All Sectors,8046.092
Compensation of Employees at Current Prices (Seasonally Adjusted),1998Q2,All Sectors,6870.025
Compensation of Employees at Current Prices (Seasonally Adjusted),1998Q2,All Sectors,1176.067
Compensation of Employees at Current Prices (Seasonally Adjusted),1998Q3,"Agriculture, Forestry and Fishing",120.311
Compensation of Employees at Current Prices (Seasonally Adjusted),1998Q3,"Agriculture, Forestry and Fishing",97.297
Compensation of Employees at Current Prices (Seasonally Adjusted),1998Q3,"Agriculture, Forestry and Fishing",23.014
Compensation of Employees at Current Prices (Seasonally Adjusted),1998Q3,Industry (excl. Construction),1922.717
Compensation of Employees at Current Prices (Seasonally Adjusted),1998Q3,Industry (excl. Construction),1598.746
Compensation of Employees at Current Prices (Seasonally Adjusted),1998Q3,Industry (excl. Construction),323.971
Compensation of Employees at Current Prices (Seasonally Adjusted),1998Q3,Industry - of which Manufacturing,1704.301
Compensation of Employees at Current Prices (Seasonally Adjusted),1998Q3,Industry - of which Manufacturing,1418.681
Compensation of Employees at Current Prices (Seasonally Adjusted),1998Q3,Industry - of which Manufacturing,285.62
Compensation of Employees at Current Prices (Seasonally Adjusted),1998Q3,Construction,707.316
Compensation of Employees at Current Prices (Seasonally Adjusted),1998Q3,Construction,575.285
Compensation of Employees at Current Prices (Seasonally Adjusted),1998Q3,Construction,132.03
Compensation of Employees at Current Prices (Seasonally Adjusted),1998Q3,"Distribution, Transport, Hotels and Restaurants",1686.993
Compensation of Employees at Current Prices (Seasonally Adjusted),1998Q3,"Distribution, Transport, Hotels and Restaurants",1445.223
Compensation of Employees at Current Prices (Seasonally Adjusted),1998Q3,"Distribution, Transport, Hotels and Restaurants",241.77
Compensation of Employees at Current Prices (Seasonally Adjusted),1998Q3,Information and Communication,462.359
Compensation of Employees at Current Prices (Seasonally Adjusted),1998Q3,Information and Communication,388.915
Compensation of Employees at Current Prices (Seasonally Adjusted),1998Q3,Information and Communication,73.444
Compensation of Employees at Current Prices (Seasonally Adjusted),1998Q3,Financial and Insurance Activities,523.925
Compensation of Employees at Current Prices (Seasonally Adjusted),1998Q3,Financial and Insurance Activities,432.62
Compensation of Employees at Current Prices (Seasonally Adjusted),1998Q3,Financial and Insurance Activities,91.305
Compensation of Employees at Current Prices (Seasonally Adjusted),1998Q3,Real Estate Activities,35.213
Compensation of Employees at Current Prices (Seasonally Adjusted),1998Q3,Real Estate Activities,30.999
Compensation of Employees at Current Prices (Seasonally Adjusted),1998Q3,Real Estate Activities,4.214
Compensation of Employees at Current Prices (Seasonally Adjusted),1998Q3,"Professional, Admin and Support Services",577.286
Compensation of Employees at Current Prices (Seasonally Adjusted),1998Q3,"Professional, Admin and Support Services",500.028
Compensation of Employees at Current Prices (Seasonally Adjusted),1998Q3,"Professional, Admin and Support Services",77.258
Compensation of Employees at Current Prices (Seasonally Adjusted),1998Q3,"Public Admin, Education and Health",2166.108
Compensation of Employees at Current Prices (Seasonally Adjusted),1998Q3,"Public Admin, Education and Health",1923.416
Compensation of Employees at Current Prices (Seasonally Adjusted),1998Q3,"Public Admin, Education and Health",242.691
Compensation of Employees at Current Prices (Seasonally Adjusted),1998Q3,"Arts, Entertainment and Other Services",198.044
Compensation of Employees at Current Prices (Seasonally Adjusted),1998Q3,"Arts, Entertainment and Other Services",177.943
Compensation of Employees at Current Prices (Seasonally Adjusted),1998Q3,"Arts, Entertainment and Other Services",20.101
Compensation of Employees at Current Prices (Seasonally Adjusted),1998Q3,All Sectors,8400.272
Compensation of Employees at Current Prices (Seasonally Adjusted),1998Q3,All Sectors,7170.474
Compensation of Employees at Current Prices (Seasonally Adjusted),1998Q3,All Sectors,1229.798
Compensation of Employees at Current Prices (Seasonally Adjusted),1998Q4,"Agriculture, Forestry and Fishing",118.342
Compensation of Employees at Current Prices (Seasonally Adjusted),1998Q4,"Agriculture, Forestry and Fishing",96.164
Compensation of Employees at Current Prices (Seasonally Adjusted),1998Q4,"Agriculture, Forestry and Fishing",22.178
Compensation of Employees at Current Prices (Seasonally Adjusted),1998Q4,Industry (excl. Construction),1902.909
Compensation of Employees at Current Prices (Seasonally Adjusted),1998Q4,Industry (excl. Construction),1581.738
Compensation of Employees at Current Prices (Seasonally Adjusted),1998Q4,Industry (excl. Construction),321.171
Compensation of Employees at Current Prices (Seasonally Adjusted),1998Q4,Industry - of which Manufacturing,1712.981
Compensation of Employees at Current Prices (Seasonally Adjusted),1998Q4,Industry - of which Manufacturing,1430.304
Compensation of Employees at Current Prices (Seasonally Adjusted),1998Q4,Industry - of which Manufacturing,282.676
Compensation of Employees at Current Prices (Seasonally Adjusted),1998Q4,Construction,736.942
Compensation of Employees at Current Prices (Seasonally Adjusted),1998Q4,Construction,599.495
Compensation of Employees at Current Prices (Seasonally Adjusted),1998Q4,Construction,137.447
Compensation of Employees at Current Prices (Seasonally Adjusted),1998Q4,"Distribution, Transport, Hotels and Restaurants",1730.645
Compensation of Employees at Current Prices (Seasonally Adjusted),1998Q4,"Distribution, Transport, Hotels and Restaurants",1484.297
Compensation of Employees at Current Prices (Seasonally Adjusted),1998Q4,"Distribution, Transport, Hotels and Restaurants",246.348
Compensation of Employees at Current Prices (Seasonally Adjusted),1998Q4,Information and Communication,456.521
Compensation of Employees at Current Prices (Seasonally Adjusted),1998Q4,Information and Communication,384.004
Compensation of Employees at Current Prices (Seasonally Adjusted),1998Q4,Information and Communication,72.517
Compensation of Employees at Current Prices (Seasonally Adjusted),1998Q4,Financial and Insurance Activities,549.112
Compensation of Employees at Current Prices (Seasonally Adjusted),1998Q4,Financial and Insurance Activities,452.882
Compensation of Employees at Current Prices (Seasonally Adjusted),1998Q4,Financial and Insurance Activities,96.229
Compensation of Employees at Current Prices (Seasonally Adjusted),1998Q4,Real Estate Activities,30.617
Compensation of Employees at Current Prices (Seasonally Adjusted),1998Q4,Real Estate Activities,26.953
Compensation of Employees at Current Prices (Seasonally Adjusted),1998Q4,Real Estate Activities,3.664
Compensation of Employees at Current Prices (Seasonally Adjusted),1998Q4,"Professional, Admin and Support Services",603.438
Compensation of Employees at Current Prices (Seasonally Adjusted),1998Q4,"Professional, Admin and Support Services",522.68
Compensation of Employees at Current Prices (Seasonally Adjusted),1998Q4,"Professional, Admin and Support Services",80.758
Compensation of Employees at Current Prices (Seasonally Adjusted),1998Q4,"Public Admin, Education and Health",2189.92
Compensation of Employees at Current Prices (Seasonally Adjusted),1998Q4,"Public Admin, Education and Health",1939.231
Compensation of Employees at Current Prices (Seasonally Adjusted),1998Q4,"Public Admin, Education and Health",250.689
Compensation of Employees at Current Prices (Seasonally Adjusted),1998Q4,"Arts, Entertainment and Other Services",197.984
Compensation of Employees at Current Prices (Seasonally Adjusted),1998Q4,"Arts, Entertainment and Other Services",178.669
Compensation of Employees at Current Prices (Seasonally Adjusted),1998Q4,"Arts, Entertainment and Other Services",19.315
Compensation of Employees at Current Prices (Seasonally Adjusted),1998Q4,All Sectors,8516.431
Compensation of Employees at Current Prices (Seasonally Adjusted),1998Q4,All Sectors,7266.114
Compensation of Employees at Current Prices (Seasonally Adjusted),1998Q4,All Sectors,1250.317
Compensation of Employees at Current Prices (Seasonally Adjusted),1999Q1,"Agriculture, Forestry and Fishing",123.345
Compensation of Employees at Current Prices (Seasonally Adjusted),1999Q1,"Agriculture, Forestry and Fishing",99.844
Compensation of Employees at Current Prices (Seasonally Adjusted),1999Q1,"Agriculture, Forestry and Fishing",23.502
Compensation of Employees at Current Prices (Seasonally Adjusted),1999Q1,Industry (excl. Construction),1911.378
Compensation of Employees at Current Prices (Seasonally Adjusted),1999Q1,Industry (excl. Construction),1622.718
Compensation of Employees at Current Prices (Seasonally Adjusted),1999Q1,Industry (excl. Construction),288.66
Compensation of Employees at Current Prices (Seasonally Adjusted),1999Q1,Industry - of which Manufacturing,1684.68
Compensation of Employees at Current Prices (Seasonally Adjusted),1999Q1,Industry - of which Manufacturing,1435.796
Compensation of Employees at Current Prices (Seasonally Adjusted),1999Q1,Industry - of which Manufacturing,248.885
Compensation of Employees at Current Prices (Seasonally Adjusted),1999Q1,Construction,746.595
Compensation of Employees at Current Prices (Seasonally Adjusted),1999Q1,Construction,606.785
Compensation of Employees at Current Prices (Seasonally Adjusted),1999Q1,Construction,139.81
Compensation of Employees at Current Prices (Seasonally Adjusted),1999Q1,"Distribution, Transport, Hotels and Restaurants",1745.768
Compensation of Employees at Current Prices (Seasonally Adjusted),1999Q1,"Distribution, Transport, Hotels and Restaurants",1494.636
Compensation of Employees at Current Prices (Seasonally Adjusted),1999Q1,"Distribution, Transport, Hotels and Restaurants",251.132
Compensation of Employees at Current Prices (Seasonally Adjusted),1999Q1,Information and Communication,486.958
Compensation of Employees at Current Prices (Seasonally Adjusted),1999Q1,Information and Communication,408.708
Compensation of Employees at Current Prices (Seasonally Adjusted),1999Q1,Information and Communication,78.25
Compensation of Employees at Current Prices (Seasonally Adjusted),1999Q1,Financial and Insurance Activities,557.913
Compensation of Employees at Current Prices (Seasonally Adjusted),1999Q1,Financial and Insurance Activities,458.059
Compensation of Employees at Current Prices (Seasonally Adjusted),1999Q1,Financial and Insurance Activities,99.854
Compensation of Employees at Current Prices (Seasonally Adjusted),1999Q1,Real Estate Activities,34.936
Compensation of Employees at Current Prices (Seasonally Adjusted),1999Q1,Real Estate Activities,30.751
Compensation of Employees at Current Prices (Seasonally Adjusted),1999Q1,Real Estate Activities,4.185
Compensation of Employees at Current Prices (Seasonally Adjusted),1999Q1,"Professional, Admin and Support Services",614.112
Compensation of Employees at Current Prices (Seasonally Adjusted),1999Q1,"Professional, Admin and Support Services",525.905
Compensation of Employees at Current Prices (Seasonally Adjusted),1999Q1,"Professional, Admin and Support Services",88.206
Compensation of Employees at Current Prices (Seasonally Adjusted),1999Q1,"Public Admin, Education and Health",2257.984
Compensation of Employees at Current Prices (Seasonally Adjusted),1999Q1,"Public Admin, Education and Health",1991.289
Compensation of Employees at Current Prices (Seasonally Adjusted),1999Q1,"Public Admin, Education and Health",266.695
Compensation of Employees at Current Prices (Seasonally Adjusted),1999Q1,"Arts, Entertainment and Other Services",207.376
Compensation of Employees at Current Prices (Seasonally Adjusted),1999Q1,"Arts, Entertainment and Other Services",185.732
Compensation of Employees at Current Prices (Seasonally Adjusted),1999Q1,"Arts, Entertainment and Other Services",21.644
Compensation of Employees at Current Prices (Seasonally Adjusted),1999Q1,All Sectors,8686.366
Compensation of Employees at Current Prices (Seasonally Adjusted),1999Q1,All Sectors,7424.427
Compensation of Employees at Current Prices (Seasonally Adjusted),1999Q1,All Sectors,1261.938
Compensation of Employees at Current Prices (Seasonally Adjusted),1999Q2,"Agriculture, Forestry and Fishing",123.579
Compensation of Employees at Current Prices (Seasonally Adjusted),1999Q2,"Agriculture, Forestry and Fishing",100.086
Compensation of Employees at Current Prices (Seasonally Adjusted),1999Q2,"Agriculture, Forestry and Fishing",23.494
Compensation of Employees at Current Prices (Seasonally Adjusted),1999Q2,Industry (excl. Construction),1974.896
Compensation of Employees at Current Prices (Seasonally Adjusted),1999Q2,Industry (excl. Construction),1674.921
Compensation of Employees at Current Prices (Seasonally Adjusted),1999Q2,Industry (excl. Construction),299.975
Compensation of Employees at Current Prices (Seasonally Adjusted),1999Q2,Industry - of which Manufacturing,1739.966
Compensation of Employees at Current Prices (Seasonally Adjusted),1999Q2,Industry - of which Manufacturing,1481.124
Compensation of Employees at Current Prices (Seasonally Adjusted),1999Q2,Industry - of which Manufacturing,258.842
Compensation of Employees at Current Prices (Seasonally Adjusted),1999Q2,Construction,799.816
Compensation of Employees at Current Prices (Seasonally Adjusted),1999Q2,Construction,650.338
Compensation of Employees at Current Prices (Seasonally Adjusted),1999Q2,Construction,149.478
Compensation of Employees at Current Prices (Seasonally Adjusted),1999Q2,"Distribution, Transport, Hotels and Restaurants",1854.362
Compensation of Employees at Current Prices (Seasonally Adjusted),1999Q2,"Distribution, Transport, Hotels and Restaurants",1589.061
Compensation of Employees at Current Prices (Seasonally Adjusted),1999Q2,"Distribution, Transport, Hotels and Restaurants",265.301
Compensation of Employees at Current Prices (Seasonally Adjusted),1999Q2,Information and Communication,521.99
Compensation of Employees at Current Prices (Seasonally Adjusted),1999Q2,Information and Communication,438.111
Compensation of Employees at Current Prices (Seasonally Adjusted),1999Q2,Information and Communication,83.879
Compensation of Employees at Current Prices (Seasonally Adjusted),1999Q2,Financial and Insurance Activities,551.162
Compensation of Employees at Current Prices (Seasonally Adjusted),1999Q2,Financial and Insurance Activities,452.012
Compensation of Employees at Current Prices (Seasonally Adjusted),1999Q2,Financial and Insurance Activities,99.149
Compensation of Employees at Current Prices (Seasonally Adjusted),1999Q2,Real Estate Activities,34.759
Compensation of Employees at Current Prices (Seasonally Adjusted),1999Q2,Real Estate Activities,30.595
Compensation of Employees at Current Prices (Seasonally Adjusted),1999Q2,Real Estate Activities,4.164
Compensation of Employees at Current Prices (Seasonally Adjusted),1999Q2,"Professional, Admin and Support Services",659.471
Compensation of Employees at Current Prices (Seasonally Adjusted),1999Q2,"Professional, Admin and Support Services",564.75
Compensation of Employees at Current Prices (Seasonally Adjusted),1999Q2,"Professional, Admin and Support Services",94.721
Compensation of Employees at Current Prices (Seasonally Adjusted),1999Q2,"Public Admin, Education and Health",2304.074
Compensation of Employees at Current Prices (Seasonally Adjusted),1999Q2,"Public Admin, Education and Health",2028.804
Compensation of Employees at Current Prices (Seasonally Adjusted),1999Q2,"Public Admin, Education and Health",275.27
Compensation of Employees at Current Prices (Seasonally Adjusted),1999Q2,"Arts, Entertainment and Other Services",221.461
Compensation of Employees at Current Prices (Seasonally Adjusted),1999Q2,"Arts, Entertainment and Other Services",198.108
Compensation of Employees at Current Prices (Seasonally Adjusted),1999Q2,"Arts, Entertainment and Other Services",23.353
Compensation of Employees at Current Prices (Seasonally Adjusted),1999Q2,All Sectors,9045.571
Compensation of Employees at Current Prices (Seasonally Adjusted),1999Q2,All Sectors,7726.787
Compensation of Employees at Current Prices (Seasonally Adjusted),1999Q2,All Sectors,1318.785
Compensation of Employees at Current Prices (Seasonally Adjusted),1999Q3,"Agriculture, Forestry and Fishing",121.712
Compensation of Employees at Current Prices (Seasonally Adjusted),1999Q3,"Agriculture, Forestry and Fishing",98.46
Compensation of Employees at Current Prices (Seasonally Adjusted),1999Q3,"Agriculture, Forestry and Fishing",23.252
Compensation of Employees at Current Prices (Seasonally Adjusted),1999Q3,Industry (excl. Construction),2022.626
Compensation of Employees at Current Prices (Seasonally Adjusted),1999Q3,Industry (excl. Construction),1711.645
Compensation of Employees at Current Prices (Seasonally Adjusted),1999Q3,Industry (excl. Construction),310.981
Compensation of Employees at Current Prices (Seasonally Adjusted),1999Q3,Industry - of which Manufacturing,1793.072
Compensation of Employees at Current Prices (Seasonally Adjusted),1999Q3,Industry - of which Manufacturing,1525.821
Compensation of Employees at Current Prices (Seasonally Adjusted),1999Q3,Industry - of which Manufacturing,267.252
Compensation of Employees at Current Prices (Seasonally Adjusted),1999Q3,Construction,901.282
Compensation of Employees at Current Prices (Seasonally Adjusted),1999Q3,Construction,733.114
Compensation of Employees at Current Prices (Seasonally Adjusted),1999Q3,Construction,168.168
Compensation of Employees at Current Prices (Seasonally Adjusted),1999Q3,"Distribution, Transport, Hotels and Restaurants",1950.961
Compensation of Employees at Current Prices (Seasonally Adjusted),1999Q3,"Distribution, Transport, Hotels and Restaurants",1671.314
Compensation of Employees at Current Prices (Seasonally Adjusted),1999Q3,"Distribution, Transport, Hotels and Restaurants",279.647
Compensation of Employees at Current Prices (Seasonally Adjusted),1999Q3,Information and Communication,562.685
Compensation of Employees at Current Prices (Seasonally Adjusted),1999Q3,Information and Communication,472.267
Compensation of Employees at Current Prices (Seasonally Adjusted),1999Q3,Information and Communication,90.418
Compensation of Employees at Current Prices (Seasonally Adjusted),1999Q3,Financial and Insurance Activities,557.81
Compensation of Employees at Current Prices (Seasonally Adjusted),1999Q3,Financial and Insurance Activities,458.175
Compensation of Employees at Current Prices (Seasonally Adjusted),1999Q3,Financial and Insurance Activities,99.635
Compensation of Employees at Current Prices (Seasonally Adjusted),1999Q3,Real Estate Activities,30.93
Compensation of Employees at Current Prices (Seasonally Adjusted),1999Q3,Real Estate Activities,27.225
Compensation of Employees at Current Prices (Seasonally Adjusted),1999Q3,Real Estate Activities,3.705
Compensation of Employees at Current Prices (Seasonally Adjusted),1999Q3,"Professional, Admin and Support Services",689.137
Compensation of Employees at Current Prices (Seasonally Adjusted),1999Q3,"Professional, Admin and Support Services",590.155
Compensation of Employees at Current Prices (Seasonally Adjusted),1999Q3,"Professional, Admin and Support Services",98.982
Compensation of Employees at Current Prices (Seasonally Adjusted),1999Q3,"Public Admin, Education and Health",2342.171
Compensation of Employees at Current Prices (Seasonally Adjusted),1999Q3,"Public Admin, Education and Health",2059.123
Compensation of Employees at Current Prices (Seasonally Adjusted),1999Q3,"Public Admin, Education and Health",283.048
Compensation of Employees at Current Prices (Seasonally Adjusted),1999Q3,"Arts, Entertainment and Other Services",234.264
Compensation of Employees at Current Prices (Seasonally Adjusted),1999Q3,"Arts, Entertainment and Other Services",208.687
Compensation of Employees at Current Prices (Seasonally Adjusted),1999Q3,"Arts, Entertainment and Other Services",25.577
Compensation of Employees at Current Prices (Seasonally Adjusted),1999Q3,All Sectors,9413.578
Compensation of Employees at Current Prices (Seasonally Adjusted),1999Q3,All Sectors,8030.164
Compensation of Employees at Current Prices (Seasonally Adjusted),1999Q3,All Sectors,1383.414
Compensation of Employees at Current Prices (Seasonally Adjusted),1999Q4,"Agriculture, Forestry and Fishing",120.583
Compensation of Employees at Current Prices (Seasonally Adjusted),1999Q4,"Agriculture, Forestry and Fishing",98.102
Compensation of Employees at Current Prices (Seasonally Adjusted),1999Q4,"Agriculture, Forestry and Fishing",22.481
Compensation of Employees at Current Prices (Seasonally Adjusted),1999Q4,Industry (excl. Construction),2065.616
Compensation of Employees at Current Prices (Seasonally Adjusted),1999Q4,Industry (excl. Construction),1754.229
Compensation of Employees at Current Prices (Seasonally Adjusted),1999Q4,Industry (excl. Construction),311.387
Compensation of Employees at Current Prices (Seasonally Adjusted),1999Q4,Industry - of which Manufacturing,1840.14
Compensation of Employees at Current Prices (Seasonally Adjusted),1999Q4,Industry - of which Manufacturing,1569.318
Compensation of Employees at Current Prices (Seasonally Adjusted),1999Q4,Industry - of which Manufacturing,270.822
Compensation of Employees at Current Prices (Seasonally Adjusted),1999Q4,Construction,949.503
Compensation of Employees at Current Prices (Seasonally Adjusted),1999Q4,Construction,772.601
Compensation of Employees at Current Prices (Seasonally Adjusted),1999Q4,Construction,176.902
Compensation of Employees at Current Prices (Seasonally Adjusted),1999Q4,"Distribution, Transport, Hotels and Restaurants",2003.352
Compensation of Employees at Current Prices (Seasonally Adjusted),1999Q4,"Distribution, Transport, Hotels and Restaurants",1713.003
Compensation of Employees at Current Prices (Seasonally Adjusted),1999Q4,"Distribution, Transport, Hotels and Restaurants",290.35
Compensation of Employees at Current Prices (Seasonally Adjusted),1999Q4,Information and Communication,643.325
Compensation of Employees at Current Prices (Seasonally Adjusted),1999Q4,Information and Communication,539.948
Compensation of Employees at Current Prices (Seasonally Adjusted),1999Q4,Information and Communication,103.377
Compensation of Employees at Current Prices (Seasonally Adjusted),1999Q4,Financial and Insurance Activities,549.787
Compensation of Employees at Current Prices (Seasonally Adjusted),1999Q4,Financial and Insurance Activities,450.839
Compensation of Employees at Current Prices (Seasonally Adjusted),1999Q4,Financial and Insurance Activities,98.948
Compensation of Employees at Current Prices (Seasonally Adjusted),1999Q4,Real Estate Activities,23.254
Compensation of Employees at Current Prices (Seasonally Adjusted),1999Q4,Real Estate Activities,20.468
Compensation of Employees at Current Prices (Seasonally Adjusted),1999Q4,Real Estate Activities,2.786
Compensation of Employees at Current Prices (Seasonally Adjusted),1999Q4,"Professional, Admin and Support Services",734.489
Compensation of Employees at Current Prices (Seasonally Adjusted),1999Q4,"Professional, Admin and Support Services",628.993
Compensation of Employees at Current Prices (Seasonally Adjusted),1999Q4,"Professional, Admin and Support Services",105.496
Compensation of Employees at Current Prices (Seasonally Adjusted),1999Q4,"Public Admin, Education and Health",2376.98
Compensation of Employees at Current Prices (Seasonally Adjusted),1999Q4,"Public Admin, Education and Health",2086.778
Compensation of Employees at Current Prices (Seasonally Adjusted),1999Q4,"Public Admin, Education and Health",290.201
Compensation of Employees at Current Prices (Seasonally Adjusted),1999Q4,"Arts, Entertainment and Other Services",245.259
Compensation of Employees at Current Prices (Seasonally Adjusted),1999Q4,"Arts, Entertainment and Other Services",219.524
Compensation of Employees at Current Prices (Seasonally Adjusted),1999Q4,"Arts, Entertainment and Other Services",25.735
Compensation of Employees at Current Prices (Seasonally Adjusted),1999Q4,All Sectors,9712.148
Compensation of Employees at Current Prices (Seasonally Adjusted),1999Q4,All Sectors,8284.484
Compensation of Employees at Current Prices (Seasonally Adjusted),1999Q4,All Sectors,1427.663
Compensation of Employees at Current Prices (Seasonally Adjusted),2000Q1,"Agriculture, Forestry and Fishing",122.902
Compensation of Employees at Current Prices (Seasonally Adjusted),2000Q1,"Agriculture, Forestry and Fishing",99.836
Compensation of Employees at Current Prices (Seasonally Adjusted),2000Q1,"Agriculture, Forestry and Fishing",23.066
Compensation of Employees at Current Prices (Seasonally Adjusted),2000Q1,Industry (excl. Construction),2049.812
Compensation of Employees at Current Prices (Seasonally Adjusted),2000Q1,Industry (excl. Construction),1742.851
Compensation of Employees at Current Prices (Seasonally Adjusted),2000Q1,Industry (excl. Construction),306.96
Compensation of Employees at Current Prices (Seasonally Adjusted),2000Q1,Industry - of which Manufacturing,1837.22
Compensation of Employees at Current Prices (Seasonally Adjusted),2000Q1,Industry - of which Manufacturing,1572.74
Compensation of Employees at Current Prices (Seasonally Adjusted),2000Q1,Industry - of which Manufacturing,264.48
Compensation of Employees at Current Prices (Seasonally Adjusted),2000Q1,Construction,997.202
Compensation of Employees at Current Prices (Seasonally Adjusted),2000Q1,Construction,810.619
Compensation of Employees at Current Prices (Seasonally Adjusted),2000Q1,Construction,186.583
Compensation of Employees at Current Prices (Seasonally Adjusted),2000Q1,"Distribution, Transport, Hotels and Restaurants",1998.109
Compensation of Employees at Current Prices (Seasonally Adjusted),2000Q1,"Distribution, Transport, Hotels and Restaurants",1716.412
Compensation of Employees at Current Prices (Seasonally Adjusted),2000Q1,"Distribution, Transport, Hotels and Restaurants",281.697
Compensation of Employees at Current Prices (Seasonally Adjusted),2000Q1,Information and Communication,553.35
Compensation of Employees at Current Prices (Seasonally Adjusted),2000Q1,Information and Communication,465.107
Compensation of Employees at Current Prices (Seasonally Adjusted),2000Q1,Information and Communication,88.243
Compensation of Employees at Current Prices (Seasonally Adjusted),2000Q1,Financial and Insurance Activities,575.474
Compensation of Employees at Current Prices (Seasonally Adjusted),2000Q1,Financial and Insurance Activities,470.397
Compensation of Employees at Current Prices (Seasonally Adjusted),2000Q1,Financial and Insurance Activities,105.077
Compensation of Employees at Current Prices (Seasonally Adjusted),2000Q1,Real Estate Activities,28.01
Compensation of Employees at Current Prices (Seasonally Adjusted),2000Q1,Real Estate Activities,24.798
Compensation of Employees at Current Prices (Seasonally Adjusted),2000Q1,Real Estate Activities,3.212
Compensation of Employees at Current Prices (Seasonally Adjusted),2000Q1,"Professional, Admin and Support Services",754.354
Compensation of Employees at Current Prices (Seasonally Adjusted),2000Q1,"Professional, Admin and Support Services",643.962
Compensation of Employees at Current Prices (Seasonally Adjusted),2000Q1,"Professional, Admin and Support Services",110.392
Compensation of Employees at Current Prices (Seasonally Adjusted),2000Q1,"Public Admin, Education and Health",2410.638
Compensation of Employees at Current Prices (Seasonally Adjusted),2000Q1,"Public Admin, Education and Health",2105.961
Compensation of Employees at Current Prices (Seasonally Adjusted),2000Q1,"Public Admin, Education and Health",304.678
Compensation of Employees at Current Prices (Seasonally Adjusted),2000Q1,"Arts, Entertainment and Other Services",250.811
Compensation of Employees at Current Prices (Seasonally Adjusted),2000Q1,"Arts, Entertainment and Other Services",223.358
Compensation of Employees at Current Prices (Seasonally Adjusted),2000Q1,"Arts, Entertainment and Other Services",27.453
Compensation of Employees at Current Prices (Seasonally Adjusted),2000Q1,All Sectors,9740.662
Compensation of Employees at Current Prices (Seasonally Adjusted),2000Q1,All Sectors,8303.302
Compensation of Employees at Current Prices (Seasonally Adjusted),2000Q1,All Sectors,1437.36
Compensation of Employees at Current Prices (Seasonally Adjusted),2000Q2,"Agriculture, Forestry and Fishing",125.702
Compensation of Employees at Current Prices (Seasonally Adjusted),2000Q2,"Agriculture, Forestry and Fishing",101.958
Compensation of Employees at Current Prices (Seasonally Adjusted),2000Q2,"Agriculture, Forestry and Fishing",23.744
Compensation of Employees at Current Prices (Seasonally Adjusted),2000Q2,Industry (excl. Construction),2128.416
Compensation of Employees at Current Prices (Seasonally Adjusted),2000Q2,Industry (excl. Construction),1813.356
Compensation of Employees at Current Prices (Seasonally Adjusted),2000Q2,Industry (excl. Construction),315.059
Compensation of Employees at Current Prices (Seasonally Adjusted),2000Q2,Industry - of which Manufacturing,1879.709
Compensation of Employees at Current Prices (Seasonally Adjusted),2000Q2,Industry - of which Manufacturing,1606.446
Compensation of Employees at Current Prices (Seasonally Adjusted),2000Q2,Industry - of which Manufacturing,273.263
Compensation of Employees at Current Prices (Seasonally Adjusted),2000Q2,Construction,1053.585
Compensation of Employees at Current Prices (Seasonally Adjusted),2000Q2,Construction,856.507
Compensation of Employees at Current Prices (Seasonally Adjusted),2000Q2,Construction,197.079
Compensation of Employees at Current Prices (Seasonally Adjusted),2000Q2,"Distribution, Transport, Hotels and Restaurants",2110.191
Compensation of Employees at Current Prices (Seasonally Adjusted),2000Q2,"Distribution, Transport, Hotels and Restaurants",1809.631
Compensation of Employees at Current Prices (Seasonally Adjusted),2000Q2,"Distribution, Transport, Hotels and Restaurants",300.561
Compensation of Employees at Current Prices (Seasonally Adjusted),2000Q2,Information and Communication,563.395
Compensation of Employees at Current Prices (Seasonally Adjusted),2000Q2,Information and Communication,473.55
Compensation of Employees at Current Prices (Seasonally Adjusted),2000Q2,Information and Communication,89.845
Compensation of Employees at Current Prices (Seasonally Adjusted),2000Q2,Financial and Insurance Activities,628.889
Compensation of Employees at Current Prices (Seasonally Adjusted),2000Q2,Financial and Insurance Activities,513.277
Compensation of Employees at Current Prices (Seasonally Adjusted),2000Q2,Financial and Insurance Activities,115.612
Compensation of Employees at Current Prices (Seasonally Adjusted),2000Q2,Real Estate Activities,38.504
Compensation of Employees at Current Prices (Seasonally Adjusted),2000Q2,Real Estate Activities,34.088
Compensation of Employees at Current Prices (Seasonally Adjusted),2000Q2,Real Estate Activities,4.416
Compensation of Employees at Current Prices (Seasonally Adjusted),2000Q2,"Professional, Admin and Support Services",776.971
Compensation of Employees at Current Prices (Seasonally Adjusted),2000Q2,"Professional, Admin and Support Services",663.269
Compensation of Employees at Current Prices (Seasonally Adjusted),2000Q2,"Professional, Admin and Support Services",113.702
Compensation of Employees at Current Prices (Seasonally Adjusted),2000Q2,"Public Admin, Education and Health",2568.901
Compensation of Employees at Current Prices (Seasonally Adjusted),2000Q2,"Public Admin, Education and Health",2241.712
Compensation of Employees at Current Prices (Seasonally Adjusted),2000Q2,"Public Admin, Education and Health",327.188
Compensation of Employees at Current Prices (Seasonally Adjusted),2000Q2,"Arts, Entertainment and Other Services",245.939
Compensation of Employees at Current Prices (Seasonally Adjusted),2000Q2,"Arts, Entertainment and Other Services",218.619
Compensation of Employees at Current Prices (Seasonally Adjusted),2000Q2,"Arts, Entertainment and Other Services",27.32
Compensation of Employees at Current Prices (Seasonally Adjusted),2000Q2,All Sectors,10240.492
Compensation of Employees at Current Prices (Seasonally Adjusted),2000Q2,All Sectors,8725.967
Compensation of Employees at Current Prices (Seasonally Adjusted),2000Q2,All Sectors,1514.525
Compensation of Employees at Current Prices (Seasonally Adjusted),2000Q3,"Agriculture, Forestry and Fishing",123.058
Compensation of Employees at Current Prices (Seasonally Adjusted),2000Q3,"Agriculture, Forestry and Fishing",99.752
Compensation of Employees at Current Prices (Seasonally Adjusted),2000Q3,"Agriculture, Forestry and Fishing",23.306
Compensation of Employees at Current Prices (Seasonally Adjusted),2000Q3,Industry (excl. Construction),2200.382
Compensation of Employees at Current Prices (Seasonally Adjusted),2000Q3,Industry (excl. Construction),1872.912
Compensation of Employees at Current Prices (Seasonally Adjusted),2000Q3,Industry (excl. Construction),327.47
Compensation of Employees at Current Prices (Seasonally Adjusted),2000Q3,Industry - of which Manufacturing,1941.971
Compensation of Employees at Current Prices (Seasonally Adjusted),2000Q3,Industry - of which Manufacturing,1657.695
Compensation of Employees at Current Prices (Seasonally Adjusted),2000Q3,Industry - of which Manufacturing,284.276
Compensation of Employees at Current Prices (Seasonally Adjusted),2000Q3,Construction,1099.115
Compensation of Employees at Current Prices (Seasonally Adjusted),2000Q3,Construction,893.672
Compensation of Employees at Current Prices (Seasonally Adjusted),2000Q3,Construction,205.443
Compensation of Employees at Current Prices (Seasonally Adjusted),2000Q3,"Distribution, Transport, Hotels and Restaurants",2191.049
Compensation of Employees at Current Prices (Seasonally Adjusted),2000Q3,"Distribution, Transport, Hotels and Restaurants",1875.6
Compensation of Employees at Current Prices (Seasonally Adjusted),2000Q3,"Distribution, Transport, Hotels and Restaurants",315.449
Compensation of Employees at Current Prices (Seasonally Adjusted),2000Q3,Information and Communication,601.016
Compensation of Employees at Current Prices (Seasonally Adjusted),2000Q3,Information and Communication,505.172
Compensation of Employees at Current Prices (Seasonally Adjusted),2000Q3,Information and Communication,95.844
Compensation of Employees at Current Prices (Seasonally Adjusted),2000Q3,Financial and Insurance Activities,683.433
Compensation of Employees at Current Prices (Seasonally Adjusted),2000Q3,Financial and Insurance Activities,558.137
Compensation of Employees at Current Prices (Seasonally Adjusted),2000Q3,Financial and Insurance Activities,125.296
Compensation of Employees at Current Prices (Seasonally Adjusted),2000Q3,Real Estate Activities,43.517
Compensation of Employees at Current Prices (Seasonally Adjusted),2000Q3,Real Estate Activities,38.526
Compensation of Employees at Current Prices (Seasonally Adjusted),2000Q3,Real Estate Activities,4.991
Compensation of Employees at Current Prices (Seasonally Adjusted),2000Q3,"Professional, Admin and Support Services",817.416
Compensation of Employees at Current Prices (Seasonally Adjusted),2000Q3,"Professional, Admin and Support Services",697.795
Compensation of Employees at Current Prices (Seasonally Adjusted),2000Q3,"Professional, Admin and Support Services",119.621
Compensation of Employees at Current Prices (Seasonally Adjusted),2000Q3,"Public Admin, Education and Health",2682.775
Compensation of Employees at Current Prices (Seasonally Adjusted),2000Q3,"Public Admin, Education and Health",2339.961
Compensation of Employees at Current Prices (Seasonally Adjusted),2000Q3,"Public Admin, Education and Health",342.813
Compensation of Employees at Current Prices (Seasonally Adjusted),2000Q3,"Arts, Entertainment and Other Services",254.999
Compensation of Employees at Current Prices (Seasonally Adjusted),2000Q3,"Arts, Entertainment and Other Services",225.743
Compensation of Employees at Current Prices (Seasonally Adjusted),2000Q3,"Arts, Entertainment and Other Services",29.257
Compensation of Employees at Current Prices (Seasonally Adjusted),2000Q3,All Sectors,10696.761
Compensation of Employees at Current Prices (Seasonally Adjusted),2000Q3,All Sectors,9107.271
Compensation of Employees at Current Prices (Seasonally Adjusted),2000Q3,All Sectors,1589.49
Compensation of Employees at Current Prices (Seasonally Adjusted),2000Q4,"Agriculture, Forestry and Fishing",121.067
Compensation of Employees at Current Prices (Seasonally Adjusted),2000Q4,"Agriculture, Forestry and Fishing",98.835
Compensation of Employees at Current Prices (Seasonally Adjusted),2000Q4,"Agriculture, Forestry and Fishing",22.231
Compensation of Employees at Current Prices (Seasonally Adjusted),2000Q4,Industry (excl. Construction),2242.964
Compensation of Employees at Current Prices (Seasonally Adjusted),2000Q4,Industry (excl. Construction),1913.152
Compensation of Employees at Current Prices (Seasonally Adjusted),2000Q4,Industry (excl. Construction),329.812
Compensation of Employees at Current Prices (Seasonally Adjusted),2000Q4,Industry - of which Manufacturing,1980.608
Compensation of Employees at Current Prices (Seasonally Adjusted),2000Q4,Industry - of which Manufacturing,1694.111
Compensation of Employees at Current Prices (Seasonally Adjusted),2000Q4,Industry - of which Manufacturing,286.497
Compensation of Employees at Current Prices (Seasonally Adjusted),2000Q4,Construction,1203.471
Compensation of Employees at Current Prices (Seasonally Adjusted),2000Q4,Construction,979.497
Compensation of Employees at Current Prices (Seasonally Adjusted),2000Q4,Construction,223.974
Compensation of Employees at Current Prices (Seasonally Adjusted),2000Q4,"Distribution, Transport, Hotels and Restaurants",2239.505
Compensation of Employees at Current Prices (Seasonally Adjusted),2000Q4,"Distribution, Transport, Hotels and Restaurants",1920.541
Compensation of Employees at Current Prices (Seasonally Adjusted),2000Q4,"Distribution, Transport, Hotels and Restaurants",318.964
Compensation of Employees at Current Prices (Seasonally Adjusted),2000Q4,Information and Communication,670.736
Compensation of Employees at Current Prices (Seasonally Adjusted),2000Q4,Information and Communication,563.773
Compensation of Employees at Current Prices (Seasonally Adjusted),2000Q4,Information and Communication,106.963
Compensation of Employees at Current Prices (Seasonally Adjusted),2000Q4,Financial and Insurance Activities,727.778
Compensation of Employees at Current Prices (Seasonally Adjusted),2000Q4,Financial and Insurance Activities,593.374
Compensation of Employees at Current Prices (Seasonally Adjusted),2000Q4,Financial and Insurance Activities,134.404
Compensation of Employees at Current Prices (Seasonally Adjusted),2000Q4,Real Estate Activities,47.485
Compensation of Employees at Current Prices (Seasonally Adjusted),2000Q4,Real Estate Activities,42.04
Compensation of Employees at Current Prices (Seasonally Adjusted),2000Q4,Real Estate Activities,5.446
Compensation of Employees at Current Prices (Seasonally Adjusted),2000Q4,"Professional, Admin and Support Services",825.718
Compensation of Employees at Current Prices (Seasonally Adjusted),2000Q4,"Professional, Admin and Support Services",704.882
Compensation of Employees at Current Prices (Seasonally Adjusted),2000Q4,"Professional, Admin and Support Services",120.836
Compensation of Employees at Current Prices (Seasonally Adjusted),2000Q4,"Public Admin, Education and Health",2853.869
Compensation of Employees at Current Prices (Seasonally Adjusted),2000Q4,"Public Admin, Education and Health",2485.957
Compensation of Employees at Current Prices (Seasonally Adjusted),2000Q4,"Public Admin, Education and Health",367.913
Compensation of Employees at Current Prices (Seasonally Adjusted),2000Q4,"Arts, Entertainment and Other Services",252.869
Compensation of Employees at Current Prices (Seasonally Adjusted),2000Q4,"Arts, Entertainment and Other Services",224.877
Compensation of Employees at Current Prices (Seasonally Adjusted),2000Q4,"Arts, Entertainment and Other Services",27.992
Compensation of Employees at Current Prices (Seasonally Adjusted),2000Q4,All Sectors,11185.462
Compensation of Employees at Current Prices (Seasonally Adjusted),2000Q4,All Sectors,9526.927
Compensation of Employees at Current Prices (Seasonally Adjusted),2000Q4,All Sectors,1658.535
Compensation of Employees at Current Prices (Seasonally Adjusted),2001Q1,"Agriculture, Forestry and Fishing",120.531
Compensation of Employees at Current Prices (Seasonally Adjusted),2001Q1,"Agriculture, Forestry and Fishing",98.081
Compensation of Employees at Current Prices (Seasonally Adjusted),2001Q1,"Agriculture, Forestry and Fishing",22.45
Compensation of Employees at Current Prices (Seasonally Adjusted),2001Q1,Industry (excl. Construction),2244.786
Compensation of Employees at Current Prices (Seasonally Adjusted),2001Q1,Industry (excl. Construction),1919.158
Compensation of Employees at Current Prices (Seasonally Adjusted),2001Q1,Industry (excl. Construction),325.628
Compensation of Employees at Current Prices (Seasonally Adjusted),2001Q1,Industry - of which Manufacturing,2001.659
Compensation of Employees at Current Prices (Seasonally Adjusted),2001Q1,Industry - of which Manufacturing,1723.321
Compensation of Employees at Current Prices (Seasonally Adjusted),2001Q1,Industry - of which Manufacturing,278.338
Compensation of Employees at Current Prices (Seasonally Adjusted),2001Q1,Construction,1201.792
Compensation of Employees at Current Prices (Seasonally Adjusted),2001Q1,Construction,975.341
Compensation of Employees at Current Prices (Seasonally Adjusted),2001Q1,Construction,226.451
Compensation of Employees at Current Prices (Seasonally Adjusted),2001Q1,"Distribution, Transport, Hotels and Restaurants",2262.584
Compensation of Employees at Current Prices (Seasonally Adjusted),2001Q1,"Distribution, Transport, Hotels and Restaurants",1932.811
Compensation of Employees at Current Prices (Seasonally Adjusted),2001Q1,"Distribution, Transport, Hotels and Restaurants",329.773
Compensation of Employees at Current Prices (Seasonally Adjusted),2001Q1,Information and Communication,625.922
Compensation of Employees at Current Prices (Seasonally Adjusted),2001Q1,Information and Communication,521.841
Compensation of Employees at Current Prices (Seasonally Adjusted),2001Q1,Information and Communication,104.081
Compensation of Employees at Current Prices (Seasonally Adjusted),2001Q1,Financial and Insurance Activities,721.793
Compensation of Employees at Current Prices (Seasonally Adjusted),2001Q1,Financial and Insurance Activities,582.761
Compensation of Employees at Current Prices (Seasonally Adjusted),2001Q1,Financial and Insurance Activities,139.032
Compensation of Employees at Current Prices (Seasonally Adjusted),2001Q1,Real Estate Activities,42.997
Compensation of Employees at Current Prices (Seasonally Adjusted),2001Q1,Real Estate Activities,37.602
Compensation of Employees at Current Prices (Seasonally Adjusted),2001Q1,Real Estate Activities,5.394
Compensation of Employees at Current Prices (Seasonally Adjusted),2001Q1,"Professional, Admin and Support Services",848.957
Compensation of Employees at Current Prices (Seasonally Adjusted),2001Q1,"Professional, Admin and Support Services",715.817
Compensation of Employees at Current Prices (Seasonally Adjusted),2001Q1,"Professional, Admin and Support Services",133.14
Compensation of Employees at Current Prices (Seasonally Adjusted),2001Q1,"Public Admin, Education and Health",2901.537
Compensation of Employees at Current Prices (Seasonally Adjusted),2001Q1,"Public Admin, Education and Health",2518.736
Compensation of Employees at Current Prices (Seasonally Adjusted),2001Q1,"Public Admin, Education and Health",382.802
Compensation of Employees at Current Prices (Seasonally Adjusted),2001Q1,"Arts, Entertainment and Other Services",258.88
Compensation of Employees at Current Prices (Seasonally Adjusted),2001Q1,"Arts, Entertainment and Other Services",227.938
Compensation of Employees at Current Prices (Seasonally Adjusted),2001Q1,"Arts, Entertainment and Other Services",30.942
Compensation of Employees at Current Prices (Seasonally Adjusted),2001Q1,All Sectors,11229.78
Compensation of Employees at Current Prices (Seasonally Adjusted),2001Q1,All Sectors,9530.087
Compensation of Employees at Current Prices (Seasonally Adjusted),2001Q1,All Sectors,1699.693
Compensation of Employees at Current Prices (Seasonally Adjusted),2001Q2,"Agriculture, Forestry and Fishing",120.059
Compensation of Employees at Current Prices (Seasonally Adjusted),2001Q2,"Agriculture, Forestry and Fishing",97.469
Compensation of Employees at Current Prices (Seasonally Adjusted),2001Q2,"Agriculture, Forestry and Fishing",22.589
Compensation of Employees at Current Prices (Seasonally Adjusted),2001Q2,Industry (excl. Construction),2349.207
Compensation of Employees at Current Prices (Seasonally Adjusted),2001Q2,Industry (excl. Construction),2008.56
Compensation of Employees at Current Prices (Seasonally Adjusted),2001Q2,Industry (excl. Construction),340.647
Compensation of Employees at Current Prices (Seasonally Adjusted),2001Q2,Industry - of which Manufacturing,2081.659
Compensation of Employees at Current Prices (Seasonally Adjusted),2001Q2,Industry - of which Manufacturing,1788.744
Compensation of Employees at Current Prices (Seasonally Adjusted),2001Q2,Industry - of which Manufacturing,292.915
Compensation of Employees at Current Prices (Seasonally Adjusted),2001Q2,Construction,1234.785
Compensation of Employees at Current Prices (Seasonally Adjusted),2001Q2,Construction,1002.253
Compensation of Employees at Current Prices (Seasonally Adjusted),2001Q2,Construction,232.533
Compensation of Employees at Current Prices (Seasonally Adjusted),2001Q2,"Distribution, Transport, Hotels and Restaurants",2257.157
Compensation of Employees at Current Prices (Seasonally Adjusted),2001Q2,"Distribution, Transport, Hotels and Restaurants",1929.39
Compensation of Employees at Current Prices (Seasonally Adjusted),2001Q2,"Distribution, Transport, Hotels and Restaurants",327.767
Compensation of Employees at Current Prices (Seasonally Adjusted),2001Q2,Information and Communication,671.591
Compensation of Employees at Current Prices (Seasonally Adjusted),2001Q2,Information and Communication,559.916
Compensation of Employees at Current Prices (Seasonally Adjusted),2001Q2,Information and Communication,111.675
Compensation of Employees at Current Prices (Seasonally Adjusted),2001Q2,Financial and Insurance Activities,732.172
Compensation of Employees at Current Prices (Seasonally Adjusted),2001Q2,Financial and Insurance Activities,590.225
Compensation of Employees at Current Prices (Seasonally Adjusted),2001Q2,Financial and Insurance Activities,141.947
Compensation of Employees at Current Prices (Seasonally Adjusted),2001Q2,Real Estate Activities,40.597
Compensation of Employees at Current Prices (Seasonally Adjusted),2001Q2,Real Estate Activities,35.504
Compensation of Employees at Current Prices (Seasonally Adjusted),2001Q2,Real Estate Activities,5.093
Compensation of Employees at Current Prices (Seasonally Adjusted),2001Q2,"Professional, Admin and Support Services",890.202
Compensation of Employees at Current Prices (Seasonally Adjusted),2001Q2,"Professional, Admin and Support Services",750.593
Compensation of Employees at Current Prices (Seasonally Adjusted),2001Q2,"Professional, Admin and Support Services",139.608
Compensation of Employees at Current Prices (Seasonally Adjusted),2001Q2,"Public Admin, Education and Health",2991.993
Compensation of Employees at Current Prices (Seasonally Adjusted),2001Q2,"Public Admin, Education and Health",2595.373
Compensation of Employees at Current Prices (Seasonally Adjusted),2001Q2,"Public Admin, Education and Health",396.62
Compensation of Employees at Current Prices (Seasonally Adjusted),2001Q2,"Arts, Entertainment and Other Services",266.446
Compensation of Employees at Current Prices (Seasonally Adjusted),2001Q2,"Arts, Entertainment and Other Services",234.004
Compensation of Employees at Current Prices (Seasonally Adjusted),2001Q2,"Arts, Entertainment and Other Services",32.442
Compensation of Employees at Current Prices (Seasonally Adjusted),2001Q2,All Sectors,11554.209
Compensation of Employees at Current Prices (Seasonally Adjusted),2001Q2,All Sectors,9803.287
Compensation of Employees at Current Prices (Seasonally Adjusted),2001Q2,All Sectors,1750.922
Compensation of Employees at Current Prices (Seasonally Adjusted),2001Q3,"Agriculture, Forestry and Fishing",126.329
Compensation of Employees at Current Prices (Seasonally Adjusted),2001Q3,"Agriculture, Forestry and Fishing",102.461
Compensation of Employees at Current Prices (Seasonally Adjusted),2001Q3,"Agriculture, Forestry and Fishing",23.868
Compensation of Employees at Current Prices (Seasonally Adjusted),2001Q3,Industry (excl. Construction),2430.353
Compensation of Employees at Current Prices (Seasonally Adjusted),2001Q3,Industry (excl. Construction),2073.913
Compensation of Employees at Current Prices (Seasonally Adjusted),2001Q3,Industry (excl. Construction),356.44
Compensation of Employees at Current Prices (Seasonally Adjusted),2001Q3,Industry - of which Manufacturing,2112.419
Compensation of Employees at Current Prices (Seasonally Adjusted),2001Q3,Industry - of which Manufacturing,1813.15
Compensation of Employees at Current Prices (Seasonally Adjusted),2001Q3,Industry - of which Manufacturing,299.269
Compensation of Employees at Current Prices (Seasonally Adjusted),2001Q3,Construction,1277.046
Compensation of Employees at Current Prices (Seasonally Adjusted),2001Q3,Construction,1036.675
Compensation of Employees at Current Prices (Seasonally Adjusted),2001Q3,Construction,240.371
Compensation of Employees at Current Prices (Seasonally Adjusted),2001Q3,"Distribution, Transport, Hotels and Restaurants",2213.469
Compensation of Employees at Current Prices (Seasonally Adjusted),2001Q3,"Distribution, Transport, Hotels and Restaurants",1893.546
Compensation of Employees at Current Prices (Seasonally Adjusted),2001Q3,"Distribution, Transport, Hotels and Restaurants",319.923
Compensation of Employees at Current Prices (Seasonally Adjusted),2001Q3,Information and Communication,780.493
Compensation of Employees at Current Prices (Seasonally Adjusted),2001Q3,Information and Communication,650.709
Compensation of Employees at Current Prices (Seasonally Adjusted),2001Q3,Information and Communication,129.784
Compensation of Employees at Current Prices (Seasonally Adjusted),2001Q3,Financial and Insurance Activities,768.465
Compensation of Employees at Current Prices (Seasonally Adjusted),2001Q3,Financial and Insurance Activities,619.318
Compensation of Employees at Current Prices (Seasonally Adjusted),2001Q3,Financial and Insurance Activities,149.147
Compensation of Employees at Current Prices (Seasonally Adjusted),2001Q3,Real Estate Activities,36.627
Compensation of Employees at Current Prices (Seasonally Adjusted),2001Q3,Real Estate Activities,32.031
Compensation of Employees at Current Prices (Seasonally Adjusted),2001Q3,Real Estate Activities,4.595
Compensation of Employees at Current Prices (Seasonally Adjusted),2001Q3,"Professional, Admin and Support Services",972.342
Compensation of Employees at Current Prices (Seasonally Adjusted),2001Q3,"Professional, Admin and Support Services",819.851
Compensation of Employees at Current Prices (Seasonally Adjusted),2001Q3,"Professional, Admin and Support Services",152.49
Compensation of Employees at Current Prices (Seasonally Adjusted),2001Q3,"Public Admin, Education and Health",3118.169
Compensation of Employees at Current Prices (Seasonally Adjusted),2001Q3,"Public Admin, Education and Health",2702.633
Compensation of Employees at Current Prices (Seasonally Adjusted),2001Q3,"Public Admin, Education and Health",415.536
Compensation of Employees at Current Prices (Seasonally Adjusted),2001Q3,"Arts, Entertainment and Other Services",273.094
Compensation of Employees at Current Prices (Seasonally Adjusted),2001Q3,"Arts, Entertainment and Other Services",238.899
Compensation of Employees at Current Prices (Seasonally Adjusted),2001Q3,"Arts, Entertainment and Other Services",34.195
Compensation of Employees at Current Prices (Seasonally Adjusted),2001Q3,All Sectors,11996.386
Compensation of Employees at Current Prices (Seasonally Adjusted),2001Q3,All Sectors,10170.037
Compensation of Employees at Current Prices (Seasonally Adjusted),2001Q3,All Sectors,1826.349
Compensation of Employees at Current Prices (Seasonally Adjusted),2001Q4,"Agriculture, Forestry and Fishing",128.661
Compensation of Employees at Current Prices (Seasonally Adjusted),2001Q4,"Agriculture, Forestry and Fishing",105.193
Compensation of Employees at Current Prices (Seasonally Adjusted),2001Q4,"Agriculture, Forestry and Fishing",23.468
Compensation of Employees at Current Prices (Seasonally Adjusted),2001Q4,Industry (excl. Construction),2455.401
Compensation of Employees at Current Prices (Seasonally Adjusted),2001Q4,Industry (excl. Construction),2099.898
Compensation of Employees at Current Prices (Seasonally Adjusted),2001Q4,Industry (excl. Construction),355.503
Compensation of Employees at Current Prices (Seasonally Adjusted),2001Q4,Industry - of which Manufacturing,2117.359
Compensation of Employees at Current Prices (Seasonally Adjusted),2001Q4,Industry - of which Manufacturing,1820.137
Compensation of Employees at Current Prices (Seasonally Adjusted),2001Q4,Industry - of which Manufacturing,297.222
Compensation of Employees at Current Prices (Seasonally Adjusted),2001Q4,Construction,1318.244
Compensation of Employees at Current Prices (Seasonally Adjusted),2001Q4,Construction,1071.251
Compensation of Employees at Current Prices (Seasonally Adjusted),2001Q4,Construction,246.993
Compensation of Employees at Current Prices (Seasonally Adjusted),2001Q4,"Distribution, Transport, Hotels and Restaurants",2181.938
Compensation of Employees at Current Prices (Seasonally Adjusted),2001Q4,"Distribution, Transport, Hotels and Restaurants",1868.247
Compensation of Employees at Current Prices (Seasonally Adjusted),2001Q4,"Distribution, Transport, Hotels and Restaurants",313.691
Compensation of Employees at Current Prices (Seasonally Adjusted),2001Q4,Information and Communication,824.216
Compensation of Employees at Current Prices (Seasonally Adjusted),2001Q4,Information and Communication,687.162
Compensation of Employees at Current Prices (Seasonally Adjusted),2001Q4,Information and Communication,137.054
Compensation of Employees at Current Prices (Seasonally Adjusted),2001Q4,Financial and Insurance Activities,741.502
Compensation of Employees at Current Prices (Seasonally Adjusted),2001Q4,Financial and Insurance Activities,596.725
Compensation of Employees at Current Prices (Seasonally Adjusted),2001Q4,Financial and Insurance Activities,144.777
Compensation of Employees at Current Prices (Seasonally Adjusted),2001Q4,Real Estate Activities,29.483
Compensation of Employees at Current Prices (Seasonally Adjusted),2001Q4,Real Estate Activities,25.783
Compensation of Employees at Current Prices (Seasonally Adjusted),2001Q4,Real Estate Activities,3.699
Compensation of Employees at Current Prices (Seasonally Adjusted),2001Q4,"Professional, Admin and Support Services",947.696
Compensation of Employees at Current Prices (Seasonally Adjusted),2001Q4,"Professional, Admin and Support Services",799.071
Compensation of Employees at Current Prices (Seasonally Adjusted),2001Q4,"Professional, Admin and Support Services",148.625
Compensation of Employees at Current Prices (Seasonally Adjusted),2001Q4,"Public Admin, Education and Health",3232.53
Compensation of Employees at Current Prices (Seasonally Adjusted),2001Q4,"Public Admin, Education and Health",2797.837
Compensation of Employees at Current Prices (Seasonally Adjusted),2001Q4,"Public Admin, Education and Health",434.694
Compensation of Employees at Current Prices (Seasonally Adjusted),2001Q4,"Arts, Entertainment and Other Services",279.415
Compensation of Employees at Current Prices (Seasonally Adjusted),2001Q4,"Arts, Entertainment and Other Services",245.459
Compensation of Employees at Current Prices (Seasonally Adjusted),2001Q4,"Arts, Entertainment and Other Services",33.956
Compensation of Employees at Current Prices (Seasonally Adjusted),2001Q4,All Sectors,12139.087
Compensation of Employees at Current Prices (Seasonally Adjusted),2001Q4,All Sectors,10296.628
Compensation of Employees at Current Prices (Seasonally Adjusted),2001Q4,All Sectors,1842.459
Compensation of Employees at Current Prices (Seasonally Adjusted),2002Q1,"Agriculture, Forestry and Fishing",126.098
Compensation of Employees at Current Prices (Seasonally Adjusted),2002Q1,"Agriculture, Forestry and Fishing",104.344
Compensation of Employees at Current Prices (Seasonally Adjusted),2002Q1,"Agriculture, Forestry and Fishing",21.754
Compensation of Employees at Current Prices (Seasonally Adjusted),2002Q1,Industry (excl. Construction),2370.691
Compensation of Employees at Current Prices (Seasonally Adjusted),2002Q1,Industry (excl. Construction),2091.708
Compensation of Employees at Current Prices (Seasonally Adjusted),2002Q1,Industry (excl. Construction),278.983
Compensation of Employees at Current Prices (Seasonally Adjusted),2002Q1,Industry - of which Manufacturing,2046.0
Compensation of Employees at Current Prices (Seasonally Adjusted),2002Q1,Industry - of which Manufacturing,1804.081
Compensation of Employees at Current Prices (Seasonally Adjusted),2002Q1,Industry - of which Manufacturing,241.919
Compensation of Employees at Current Prices (Seasonally Adjusted),2002Q1,Construction,1359.806
Compensation of Employees at Current Prices (Seasonally Adjusted),2002Q1,Construction,1107.063
Compensation of Employees at Current Prices (Seasonally Adjusted),2002Q1,Construction,252.743
Compensation of Employees at Current Prices (Seasonally Adjusted),2002Q1,"Distribution, Transport, Hotels and Restaurants",2230.353
Compensation of Employees at Current Prices (Seasonally Adjusted),2002Q1,"Distribution, Transport, Hotels and Restaurants",1902.629
Compensation of Employees at Current Prices (Seasonally Adjusted),2002Q1,"Distribution, Transport, Hotels and Restaurants",327.724
Compensation of Employees at Current Prices (Seasonally Adjusted),2002Q1,Information and Communication,716.46
Compensation of Employees at Current Prices (Seasonally Adjusted),2002Q1,Information and Communication,590.866
Compensation of Employees at Current Prices (Seasonally Adjusted),2002Q1,Information and Communication,125.594
Compensation of Employees at Current Prices (Seasonally Adjusted),2002Q1,Financial and Insurance Activities,794.223
Compensation of Employees at Current Prices (Seasonally Adjusted),2002Q1,Financial and Insurance Activities,640.048
Compensation of Employees at Current Prices (Seasonally Adjusted),2002Q1,Financial and Insurance Activities,154.174
Compensation of Employees at Current Prices (Seasonally Adjusted),2002Q1,Real Estate Activities,37.832
Compensation of Employees at Current Prices (Seasonally Adjusted),2002Q1,Real Estate Activities,32.616
Compensation of Employees at Current Prices (Seasonally Adjusted),2002Q1,Real Estate Activities,5.216
Compensation of Employees at Current Prices (Seasonally Adjusted),2002Q1,"Professional, Admin and Support Services",930.067
Compensation of Employees at Current Prices (Seasonally Adjusted),2002Q1,"Professional, Admin and Support Services",776.838
Compensation of Employees at Current Prices (Seasonally Adjusted),2002Q1,"Professional, Admin and Support Services",153.229
Compensation of Employees at Current Prices (Seasonally Adjusted),2002Q1,"Public Admin, Education and Health",3345.338
Compensation of Employees at Current Prices (Seasonally Adjusted),2002Q1,"Public Admin, Education and Health",2890.226
Compensation of Employees at Current Prices (Seasonally Adjusted),2002Q1,"Public Admin, Education and Health",455.112
Compensation of Employees at Current Prices (Seasonally Adjusted),2002Q1,"Arts, Entertainment and Other Services",291.686
Compensation of Employees at Current Prices (Seasonally Adjusted),2002Q1,"Arts, Entertainment and Other Services",256.302
Compensation of Employees at Current Prices (Seasonally Adjusted),2002Q1,"Arts, Entertainment and Other Services",35.383
Compensation of Employees at Current Prices (Seasonally Adjusted),2002Q1,All Sectors,12202.553
Compensation of Employees at Current Prices (Seasonally Adjusted),2002Q1,All Sectors,10392.64
Compensation of Employees at Current Prices (Seasonally Adjusted),2002Q1,All Sectors,1809.912
Compensation of Employees at Current Prices (Seasonally Adjusted),2002Q2,"Agriculture, Forestry and Fishing",128.35
Compensation of Employees at Current Prices (Seasonally Adjusted),2002Q2,"Agriculture, Forestry and Fishing",105.65
Compensation of Employees at Current Prices (Seasonally Adjusted),2002Q2,"Agriculture, Forestry and Fishing",22.7
Compensation of Employees at Current Prices (Seasonally Adjusted),2002Q2,Industry (excl. Construction),2342.821
Compensation of Employees at Current Prices (Seasonally Adjusted),2002Q2,Industry (excl. Construction),2064.905
Compensation of Employees at Current Prices (Seasonally Adjusted),2002Q2,Industry (excl. Construction),277.916
Compensation of Employees at Current Prices (Seasonally Adjusted),2002Q2,Industry - of which Manufacturing,2048.373
Compensation of Employees at Current Prices (Seasonally Adjusted),2002Q2,Industry - of which Manufacturing,1808.231
Compensation of Employees at Current Prices (Seasonally Adjusted),2002Q2,Industry - of which Manufacturing,240.142
Compensation of Employees at Current Prices (Seasonally Adjusted),2002Q2,Construction,1380.967
Compensation of Employees at Current Prices (Seasonally Adjusted),2002Q2,Construction,1124.453
Compensation of Employees at Current Prices (Seasonally Adjusted),2002Q2,Construction,256.515
Compensation of Employees at Current Prices (Seasonally Adjusted),2002Q2,"Distribution, Transport, Hotels and Restaurants",2297.16
Compensation of Employees at Current Prices (Seasonally Adjusted),2002Q2,"Distribution, Transport, Hotels and Restaurants",1960.478
Compensation of Employees at Current Prices (Seasonally Adjusted),2002Q2,"Distribution, Transport, Hotels and Restaurants",336.681
Compensation of Employees at Current Prices (Seasonally Adjusted),2002Q2,Information and Communication,701.508
Compensation of Employees at Current Prices (Seasonally Adjusted),2002Q2,Information and Communication,578.534
Compensation of Employees at Current Prices (Seasonally Adjusted),2002Q2,Information and Communication,122.973
Compensation of Employees at Current Prices (Seasonally Adjusted),2002Q2,Financial and Insurance Activities,805.911
Compensation of Employees at Current Prices (Seasonally Adjusted),2002Q2,Financial and Insurance Activities,648.508
Compensation of Employees at Current Prices (Seasonally Adjusted),2002Q2,Financial and Insurance Activities,157.403
Compensation of Employees at Current Prices (Seasonally Adjusted),2002Q2,Real Estate Activities,46.312
Compensation of Employees at Current Prices (Seasonally Adjusted),2002Q2,Real Estate Activities,39.927
Compensation of Employees at Current Prices (Seasonally Adjusted),2002Q2,Real Estate Activities,6.385
Compensation of Employees at Current Prices (Seasonally Adjusted),2002Q2,"Professional, Admin and Support Services",952.381
Compensation of Employees at Current Prices (Seasonally Adjusted),2002Q2,"Professional, Admin and Support Services",795.476
Compensation of Employees at Current Prices (Seasonally Adjusted),2002Q2,"Professional, Admin and Support Services",156.905
Compensation of Employees at Current Prices (Seasonally Adjusted),2002Q2,"Public Admin, Education and Health",3430.022
Compensation of Employees at Current Prices (Seasonally Adjusted),2002Q2,"Public Admin, Education and Health",2962.018
Compensation of Employees at Current Prices (Seasonally Adjusted),2002Q2,"Public Admin, Education and Health",468.004
Compensation of Employees at Current Prices (Seasonally Adjusted),2002Q2,"Arts, Entertainment and Other Services",310.583
Compensation of Employees at Current Prices (Seasonally Adjusted),2002Q2,"Arts, Entertainment and Other Services",272.137
Compensation of Employees at Current Prices (Seasonally Adjusted),2002Q2,"Arts, Entertainment and Other Services",38.445
Compensation of Employees at Current Prices (Seasonally Adjusted),2002Q2,All Sectors,12396.014
Compensation of Employees at Current Prices (Seasonally Adjusted),2002Q2,All Sectors,10552.087
Compensation of Employees at Current Prices (Seasonally Adjusted),2002Q2,All Sectors,1843.927
Compensation of Employees at Current Prices (Seasonally Adjusted),2002Q3,"Agriculture, Forestry and Fishing",122.977
Compensation of Employees at Current Prices (Seasonally Adjusted),2002Q3,"Agriculture, Forestry and Fishing",101.189
Compensation of Employees at Current Prices (Seasonally Adjusted),2002Q3,"Agriculture, Forestry and Fishing",21.788
Compensation of Employees at Current Prices (Seasonally Adjusted),2002Q3,Industry (excl. Construction),2372.745
Compensation of Employees at Current Prices (Seasonally Adjusted),2002Q3,Industry (excl. Construction),2089.576
Compensation of Employees at Current Prices (Seasonally Adjusted),2002Q3,Industry (excl. Construction),283.169
Compensation of Employees at Current Prices (Seasonally Adjusted),2002Q3,Industry - of which Manufacturing,2083.136
Compensation of Employees at Current Prices (Seasonally Adjusted),2002Q3,Industry - of which Manufacturing,1834.99
Compensation of Employees at Current Prices (Seasonally Adjusted),2002Q3,Industry - of which Manufacturing,248.146
Compensation of Employees at Current Prices (Seasonally Adjusted),2002Q3,Construction,1419.044
Compensation of Employees at Current Prices (Seasonally Adjusted),2002Q3,Construction,1155.488
Compensation of Employees at Current Prices (Seasonally Adjusted),2002Q3,Construction,263.555
Compensation of Employees at Current Prices (Seasonally Adjusted),2002Q3,"Distribution, Transport, Hotels and Restaurants",2386.91
Compensation of Employees at Current Prices (Seasonally Adjusted),2002Q3,"Distribution, Transport, Hotels and Restaurants",2038.253
Compensation of Employees at Current Prices (Seasonally Adjusted),2002Q3,"Distribution, Transport, Hotels and Restaurants",348.658
Compensation of Employees at Current Prices (Seasonally Adjusted),2002Q3,Information and Communication,683.976
Compensation of Employees at Current Prices (Seasonally Adjusted),2002Q3,Information and Communication,564.076
Compensation of Employees at Current Prices (Seasonally Adjusted),2002Q3,Information and Communication,119.9
Compensation of Employees at Current Prices (Seasonally Adjusted),2002Q3,Financial and Insurance Activities,807.069
Compensation of Employees at Current Prices (Seasonally Adjusted),2002Q3,Financial and Insurance Activities,649.039
Compensation of Employees at Current Prices (Seasonally Adjusted),2002Q3,Financial and Insurance Activities,158.03
Compensation of Employees at Current Prices (Seasonally Adjusted),2002Q3,Real Estate Activities,56.395
Compensation of Employees at Current Prices (Seasonally Adjusted),2002Q3,Real Estate Activities,48.62
Compensation of Employees at Current Prices (Seasonally Adjusted),2002Q3,Real Estate Activities,7.775
Compensation of Employees at Current Prices (Seasonally Adjusted),2002Q3,"Professional, Admin and Support Services",997.743
Compensation of Employees at Current Prices (Seasonally Adjusted),2002Q3,"Professional, Admin and Support Services",833.365
Compensation of Employees at Current Prices (Seasonally Adjusted),2002Q3,"Professional, Admin and Support Services",164.378
Compensation of Employees at Current Prices (Seasonally Adjusted),2002Q3,"Public Admin, Education and Health",3548.657
Compensation of Employees at Current Prices (Seasonally Adjusted),2002Q3,"Public Admin, Education and Health",3062.116
Compensation of Employees at Current Prices (Seasonally Adjusted),2002Q3,"Public Admin, Education and Health",486.54
Compensation of Employees at Current Prices (Seasonally Adjusted),2002Q3,"Arts, Entertainment and Other Services",319.622
Compensation of Employees at Current Prices (Seasonally Adjusted),2002Q3,"Arts, Entertainment and Other Services",279.072
Compensation of Employees at Current Prices (Seasonally Adjusted),2002Q3,"Arts, Entertainment and Other Services",40.55
Compensation of Employees at Current Prices (Seasonally Adjusted),2002Q3,All Sectors,12715.14
Compensation of Employees at Current Prices (Seasonally Adjusted),2002Q3,All Sectors,10820.795
Compensation of Employees at Current Prices (Seasonally Adjusted),2002Q3,All Sectors,1894.344
Compensation of Employees at Current Prices (Seasonally Adjusted),2002Q4,"Agriculture, Forestry and Fishing",115.722
Compensation of Employees at Current Prices (Seasonally Adjusted),2002Q4,"Agriculture, Forestry and Fishing",96.096
Compensation of Employees at Current Prices (Seasonally Adjusted),2002Q4,"Agriculture, Forestry and Fishing",19.626
Compensation of Employees at Current Prices (Seasonally Adjusted),2002Q4,Industry (excl. Construction),2367.461
Compensation of Employees at Current Prices (Seasonally Adjusted),2002Q4,Industry (excl. Construction),2087.62
Compensation of Employees at Current Prices (Seasonally Adjusted),2002Q4,Industry (excl. Construction),279.841
Compensation of Employees at Current Prices (Seasonally Adjusted),2002Q4,Industry - of which Manufacturing,2094.288
Compensation of Employees at Current Prices (Seasonally Adjusted),2002Q4,Industry - of which Manufacturing,1846.556
Compensation of Employees at Current Prices (Seasonally Adjusted),2002Q4,Industry - of which Manufacturing,247.732
Compensation of Employees at Current Prices (Seasonally Adjusted),2002Q4,Construction,1371.946
Compensation of Employees at Current Prices (Seasonally Adjusted),2002Q4,Construction,1118.233
Compensation of Employees at Current Prices (Seasonally Adjusted),2002Q4,Construction,253.713
Compensation of Employees at Current Prices (Seasonally Adjusted),2002Q4,"Distribution, Transport, Hotels and Restaurants",2491.133
Compensation of Employees at Current Prices (Seasonally Adjusted),2002Q4,"Distribution, Transport, Hotels and Restaurants",2121.312
Compensation of Employees at Current Prices (Seasonally Adjusted),2002Q4,"Distribution, Transport, Hotels and Restaurants",369.821
Compensation of Employees at Current Prices (Seasonally Adjusted),2002Q4,Information and Communication,696.85
Compensation of Employees at Current Prices (Seasonally Adjusted),2002Q4,Information and Communication,574.693
Compensation of Employees at Current Prices (Seasonally Adjusted),2002Q4,Information and Communication,122.156
Compensation of Employees at Current Prices (Seasonally Adjusted),2002Q4,Financial and Insurance Activities,819.484
Compensation of Employees at Current Prices (Seasonally Adjusted),2002Q4,Financial and Insurance Activities,658.453
Compensation of Employees at Current Prices (Seasonally Adjusted),2002Q4,Financial and Insurance Activities,161.031
Compensation of Employees at Current Prices (Seasonally Adjusted),2002Q4,Real Estate Activities,64.908
Compensation of Employees at Current Prices (Seasonally Adjusted),2002Q4,Real Estate Activities,55.959
Compensation of Employees at Current Prices (Seasonally Adjusted),2002Q4,Real Estate Activities,8.949
Compensation of Employees at Current Prices (Seasonally Adjusted),2002Q4,"Professional, Admin and Support Services",1016.639
Compensation of Employees at Current Prices (Seasonally Adjusted),2002Q4,"Professional, Admin and Support Services",849.148
Compensation of Employees at Current Prices (Seasonally Adjusted),2002Q4,"Professional, Admin and Support Services",167.491
Compensation of Employees at Current Prices (Seasonally Adjusted),2002Q4,"Public Admin, Education and Health",3724.072
Compensation of Employees at Current Prices (Seasonally Adjusted),2002Q4,"Public Admin, Education and Health",3211.498
Compensation of Employees at Current Prices (Seasonally Adjusted),2002Q4,"Public Admin, Education and Health",512.574
Compensation of Employees at Current Prices (Seasonally Adjusted),2002Q4,"Arts, Entertainment and Other Services",323.752
Compensation of Employees at Current Prices (Seasonally Adjusted),2002Q4,"Arts, Entertainment and Other Services",283.573
Compensation of Employees at Current Prices (Seasonally Adjusted),2002Q4,"Arts, Entertainment and Other Services",40.178
Compensation of Employees at Current Prices (Seasonally Adjusted),2002Q4,All Sectors,12991.966
Compensation of Employees at Current Prices (Seasonally Adjusted),2002Q4,All Sectors,11056.585
Compensation of Employees at Current Prices (Seasonally Adjusted),2002Q4,All Sectors,1935.381
Compensation of Employees at Current Prices (Seasonally Adjusted),2003Q1,"Agriculture, Forestry and Fishing",122.08
Compensation of Employees at Current Prices (Seasonally Adjusted),2003Q1,"Agriculture, Forestry and Fishing",100.042
Compensation of Employees at Current Prices (Seasonally Adjusted),2003Q1,"Agriculture, Forestry and Fishing",22.038
Compensation of Employees at Current Prices (Seasonally Adjusted),2003Q1,Industry (excl. Construction),2420.329
Compensation of Employees at Current Prices (Seasonally Adjusted),2003Q1,Industry (excl. Construction),2117.7
Compensation of Employees at Current Prices (Seasonally Adjusted),2003Q1,Industry (excl. Construction),302.629
Compensation of Employees at Current Prices (Seasonally Adjusted),2003Q1,Industry - of which Manufacturing,2148.343
Compensation of Employees at Current Prices (Seasonally Adjusted),2003Q1,Industry - of which Manufacturing,1878.795
Compensation of Employees at Current Prices (Seasonally Adjusted),2003Q1,Industry - of which Manufacturing,269.548
Compensation of Employees at Current Prices (Seasonally Adjusted),2003Q1,Construction,1437.529
Compensation of Employees at Current Prices (Seasonally Adjusted),2003Q1,Construction,1167.717
Compensation of Employees at Current Prices (Seasonally Adjusted),2003Q1,Construction,269.811
Compensation of Employees at Current Prices (Seasonally Adjusted),2003Q1,"Distribution, Transport, Hotels and Restaurants",2517.247
Compensation of Employees at Current Prices (Seasonally Adjusted),2003Q1,"Distribution, Transport, Hotels and Restaurants",2154.716
Compensation of Employees at Current Prices (Seasonally Adjusted),2003Q1,"Distribution, Transport, Hotels and Restaurants",362.53
Compensation of Employees at Current Prices (Seasonally Adjusted),2003Q1,Information and Communication,622.907
Compensation of Employees at Current Prices (Seasonally Adjusted),2003Q1,Information and Communication,512.623
Compensation of Employees at Current Prices (Seasonally Adjusted),2003Q1,Information and Communication,110.284
Compensation of Employees at Current Prices (Seasonally Adjusted),2003Q1,Financial and Insurance Activities,835.454
Compensation of Employees at Current Prices (Seasonally Adjusted),2003Q1,Financial and Insurance Activities,666.839
Compensation of Employees at Current Prices (Seasonally Adjusted),2003Q1,Financial and Insurance Activities,168.615
Compensation of Employees at Current Prices (Seasonally Adjusted),2003Q1,Real Estate Activities,61.411
Compensation of Employees at Current Prices (Seasonally Adjusted),2003Q1,Real Estate Activities,53.03
Compensation of Employees at Current Prices (Seasonally Adjusted),2003Q1,Real Estate Activities,8.381
Compensation of Employees at Current Prices (Seasonally Adjusted),2003Q1,"Professional, Admin and Support Services",1038.502
Compensation of Employees at Current Prices (Seasonally Adjusted),2003Q1,"Professional, Admin and Support Services",870.134
Compensation of Employees at Current Prices (Seasonally Adjusted),2003Q1,"Professional, Admin and Support Services",168.368
Compensation of Employees at Current Prices (Seasonally Adjusted),2003Q1,"Public Admin, Education and Health",3817.133
Compensation of Employees at Current Prices (Seasonally Adjusted),2003Q1,"Public Admin, Education and Health",3301.869
Compensation of Employees at Current Prices (Seasonally Adjusted),2003Q1,"Public Admin, Education and Health",515.264
Compensation of Employees at Current Prices (Seasonally Adjusted),2003Q1,"Arts, Entertainment and Other Services",326.581
Compensation of Employees at Current Prices (Seasonally Adjusted),2003Q1,"Arts, Entertainment and Other Services",288.383
Compensation of Employees at Current Prices (Seasonally Adjusted),2003Q1,"Arts, Entertainment and Other Services",38.198
Compensation of Employees at Current Prices (Seasonally Adjusted),2003Q1,All Sectors,13199.172
Compensation of Employees at Current Prices (Seasonally Adjusted),2003Q1,All Sectors,11233.054
Compensation of Employees at Current Prices (Seasonally Adjusted),2003Q1,All Sectors,1966.119
Compensation of Employees at Current Prices (Seasonally Adjusted),2003Q2,"Agriculture, Forestry and Fishing",123.288
Compensation of Employees at Current Prices (Seasonally Adjusted),2003Q2,"Agriculture, Forestry and Fishing",100.404
Compensation of Employees at Current Prices (Seasonally Adjusted),2003Q2,"Agriculture, Forestry and Fishing",22.884
Compensation of Employees at Current Prices (Seasonally Adjusted),2003Q2,Industry (excl. Construction),2492.22
Compensation of Employees at Current Prices (Seasonally Adjusted),2003Q2,Industry (excl. Construction),2177.759
Compensation of Employees at Current Prices (Seasonally Adjusted),2003Q2,Industry (excl. Construction),314.461
Compensation of Employees at Current Prices (Seasonally Adjusted),2003Q2,Industry - of which Manufacturing,2191.757
Compensation of Employees at Current Prices (Seasonally Adjusted),2003Q2,Industry - of which Manufacturing,1914.591
Compensation of Employees at Current Prices (Seasonally Adjusted),2003Q2,Industry - of which Manufacturing,277.166
Compensation of Employees at Current Prices (Seasonally Adjusted),2003Q2,Construction,1489.195
Compensation of Employees at Current Prices (Seasonally Adjusted),2003Q2,Construction,1209.841
Compensation of Employees at Current Prices (Seasonally Adjusted),2003Q2,Construction,279.355
Compensation of Employees at Current Prices (Seasonally Adjusted),2003Q2,"Distribution, Transport, Hotels and Restaurants",2550.451
Compensation of Employees at Current Prices (Seasonally Adjusted),2003Q2,"Distribution, Transport, Hotels and Restaurants",2180.257
Compensation of Employees at Current Prices (Seasonally Adjusted),2003Q2,"Distribution, Transport, Hotels and Restaurants",370.193
Compensation of Employees at Current Prices (Seasonally Adjusted),2003Q2,Information and Communication,653.863
Compensation of Employees at Current Prices (Seasonally Adjusted),2003Q2,Information and Communication,538.099
Compensation of Employees at Current Prices (Seasonally Adjusted),2003Q2,Information and Communication,115.764
Compensation of Employees at Current Prices (Seasonally Adjusted),2003Q2,Financial and Insurance Activities,864.25
Compensation of Employees at Current Prices (Seasonally Adjusted),2003Q2,Financial and Insurance Activities,689.039
Compensation of Employees at Current Prices (Seasonally Adjusted),2003Q2,Financial and Insurance Activities,175.211
Compensation of Employees at Current Prices (Seasonally Adjusted),2003Q2,Real Estate Activities,51.343
Compensation of Employees at Current Prices (Seasonally Adjusted),2003Q2,Real Estate Activities,44.336
Compensation of Employees at Current Prices (Seasonally Adjusted),2003Q2,Real Estate Activities,7.007
Compensation of Employees at Current Prices (Seasonally Adjusted),2003Q2,"Professional, Admin and Support Services",1057.253
Compensation of Employees at Current Prices (Seasonally Adjusted),2003Q2,"Professional, Admin and Support Services",885.845
Compensation of Employees at Current Prices (Seasonally Adjusted),2003Q2,"Professional, Admin and Support Services",171.408
Compensation of Employees at Current Prices (Seasonally Adjusted),2003Q2,"Public Admin, Education and Health",3926.986
Compensation of Employees at Current Prices (Seasonally Adjusted),2003Q2,"Public Admin, Education and Health",3394.635
Compensation of Employees at Current Prices (Seasonally Adjusted),2003Q2,"Public Admin, Education and Health",532.352
Compensation of Employees at Current Prices (Seasonally Adjusted),2003Q2,"Arts, Entertainment and Other Services",327.36
Compensation of Employees at Current Prices (Seasonally Adjusted),2003Q2,"Arts, Entertainment and Other Services",288.227
Compensation of Employees at Current Prices (Seasonally Adjusted),2003Q2,"Arts, Entertainment and Other Services",39.133
Compensation of Employees at Current Prices (Seasonally Adjusted),2003Q2,All Sectors,13536.209
Compensation of Employees at Current Prices (Seasonally Adjusted),2003Q2,All Sectors,11508.441
Compensation of Employees at Current Prices (Seasonally Adjusted),2003Q2,All Sectors,2027.768
Compensation of Employees at Current Prices (Seasonally Adjusted),2003Q3,"Agriculture, Forestry and Fishing",124.579
Compensation of Employees at Current Prices (Seasonally Adjusted),2003Q3,"Agriculture, Forestry and Fishing",101.469
Compensation of Employees at Current Prices (Seasonally Adjusted),2003Q3,"Agriculture, Forestry and Fishing",23.11
Compensation of Employees at Current Prices (Seasonally Adjusted),2003Q3,Industry (excl. Construction),2489.269
Compensation of Employees at Current Prices (Seasonally Adjusted),2003Q3,Industry (excl. Construction),2173.253
Compensation of Employees at Current Prices (Seasonally Adjusted),2003Q3,Industry (excl. Construction),316.016
Compensation of Employees at Current Prices (Seasonally Adjusted),2003Q3,Industry - of which Manufacturing,2197.586
Compensation of Employees at Current Prices (Seasonally Adjusted),2003Q3,Industry - of which Manufacturing,1918.591
Compensation of Employees at Current Prices (Seasonally Adjusted),2003Q3,Industry - of which Manufacturing,278.995
Compensation of Employees at Current Prices (Seasonally Adjusted),2003Q3,Construction,1533.98
Compensation of Employees at Current Prices (Seasonally Adjusted),2003Q3,Construction,1246.285
Compensation of Employees at Current Prices (Seasonally Adjusted),2003Q3,Construction,287.695
Compensation of Employees at Current Prices (Seasonally Adjusted),2003Q3,"Distribution, Transport, Hotels and Restaurants",2578.422
Compensation of Employees at Current Prices (Seasonally Adjusted),2003Q3,"Distribution, Transport, Hotels and Restaurants",2200.274
Compensation of Employees at Current Prices (Seasonally Adjusted),2003Q3,"Distribution, Transport, Hotels and Restaurants",378.148
Compensation of Employees at Current Prices (Seasonally Adjusted),2003Q3,Information and Communication,657.702
Compensation of Employees at Current Prices (Seasonally Adjusted),2003Q3,Information and Communication,541.258
Compensation of Employees at Current Prices (Seasonally Adjusted),2003Q3,Information and Communication,116.444
Compensation of Employees at Current Prices (Seasonally Adjusted),2003Q3,Financial and Insurance Activities,902.473
Compensation of Employees at Current Prices (Seasonally Adjusted),2003Q3,Financial and Insurance Activities,719.078
Compensation of Employees at Current Prices (Seasonally Adjusted),2003Q3,Financial and Insurance Activities,183.396
Compensation of Employees at Current Prices (Seasonally Adjusted),2003Q3,Real Estate Activities,41.538
Compensation of Employees at Current Prices (Seasonally Adjusted),2003Q3,Real Estate Activities,35.869
Compensation of Employees at Current Prices (Seasonally Adjusted),2003Q3,Real Estate Activities,5.669
Compensation of Employees at Current Prices (Seasonally Adjusted),2003Q3,"Professional, Admin and Support Services",1103.189
Compensation of Employees at Current Prices (Seasonally Adjusted),2003Q3,"Professional, Admin and Support Services",924.333
Compensation of Employees at Current Prices (Seasonally Adjusted),2003Q3,"Professional, Admin and Support Services",178.856
Compensation of Employees at Current Prices (Seasonally Adjusted),2003Q3,"Public Admin, Education and Health",4011.702
Compensation of Employees at Current Prices (Seasonally Adjusted),2003Q3,"Public Admin, Education and Health",3466.107
Compensation of Employees at Current Prices (Seasonally Adjusted),2003Q3,"Public Admin, Education and Health",545.594
Compensation of Employees at Current Prices (Seasonally Adjusted),2003Q3,"Arts, Entertainment and Other Services",331.446
Compensation of Employees at Current Prices (Seasonally Adjusted),2003Q3,"Arts, Entertainment and Other Services",290.811
Compensation of Employees at Current Prices (Seasonally Adjusted),2003Q3,"Arts, Entertainment and Other Services",40.635
Compensation of Employees at Current Prices (Seasonally Adjusted),2003Q3,All Sectors,13774.301
Compensation of Employees at Current Prices (Seasonally Adjusted),2003Q3,All Sectors,11698.738
Compensation of Employees at Current Prices (Seasonally Adjusted),2003Q3,All Sectors,2075.562
Compensation of Employees at Current Prices (Seasonally Adjusted),2003Q4,"Agriculture, Forestry and Fishing",147.534
Compensation of Employees at Current Prices (Seasonally Adjusted),2003Q4,"Agriculture, Forestry and Fishing",121.185
Compensation of Employees at Current Prices (Seasonally Adjusted),2003Q4,"Agriculture, Forestry and Fishing",26.349
Compensation of Employees at Current Prices (Seasonally Adjusted),2003Q4,Industry (excl. Construction),2544.616
Compensation of Employees at Current Prices (Seasonally Adjusted),2003Q4,Industry (excl. Construction),2224.763
Compensation of Employees at Current Prices (Seasonally Adjusted),2003Q4,Industry (excl. Construction),319.853
Compensation of Employees at Current Prices (Seasonally Adjusted),2003Q4,Industry - of which Manufacturing,2221.415
Compensation of Employees at Current Prices (Seasonally Adjusted),2003Q4,Industry - of which Manufacturing,1939.717
Compensation of Employees at Current Prices (Seasonally Adjusted),2003Q4,Industry - of which Manufacturing,281.699
Compensation of Employees at Current Prices (Seasonally Adjusted),2003Q4,Construction,1603.114
Compensation of Employees at Current Prices (Seasonally Adjusted),2003Q4,Construction,1303.464
Compensation of Employees at Current Prices (Seasonally Adjusted),2003Q4,Construction,299.65
Compensation of Employees at Current Prices (Seasonally Adjusted),2003Q4,"Distribution, Transport, Hotels and Restaurants",2603.944
Compensation of Employees at Current Prices (Seasonally Adjusted),2003Q4,"Distribution, Transport, Hotels and Restaurants",2215.59
Compensation of Employees at Current Prices (Seasonally Adjusted),2003Q4,"Distribution, Transport, Hotels and Restaurants",388.355
Compensation of Employees at Current Prices (Seasonally Adjusted),2003Q4,Information and Communication,763.199
Compensation of Employees at Current Prices (Seasonally Adjusted),2003Q4,Information and Communication,628.077
Compensation of Employees at Current Prices (Seasonally Adjusted),2003Q4,Information and Communication,135.122
Compensation of Employees at Current Prices (Seasonally Adjusted),2003Q4,Financial and Insurance Activities,966.82
Compensation of Employees at Current Prices (Seasonally Adjusted),2003Q4,Financial and Insurance Activities,770.384
Compensation of Employees at Current Prices (Seasonally Adjusted),2003Q4,Financial and Insurance Activities,196.436
Compensation of Employees at Current Prices (Seasonally Adjusted),2003Q4,Real Estate Activities,33.886
Compensation of Employees at Current Prices (Seasonally Adjusted),2003Q4,Real Estate Activities,29.261
Compensation of Employees at Current Prices (Seasonally Adjusted),2003Q4,Real Estate Activities,4.625
Compensation of Employees at Current Prices (Seasonally Adjusted),2003Q4,"Professional, Admin and Support Services",1117.601
Compensation of Employees at Current Prices (Seasonally Adjusted),2003Q4,"Professional, Admin and Support Services",936.409
Compensation of Employees at Current Prices (Seasonally Adjusted),2003Q4,"Professional, Admin and Support Services",181.192
Compensation of Employees at Current Prices (Seasonally Adjusted),2003Q4,"Public Admin, Education and Health",4063.808
Compensation of Employees at Current Prices (Seasonally Adjusted),2003Q4,"Public Admin, Education and Health",3514.369
Compensation of Employees at Current Prices (Seasonally Adjusted),2003Q4,"Public Admin, Education and Health",549.439
Compensation of Employees at Current Prices (Seasonally Adjusted),2003Q4,"Arts, Entertainment and Other Services",347.808
Compensation of Employees at Current Prices (Seasonally Adjusted),2003Q4,"Arts, Entertainment and Other Services",305.895
Compensation of Employees at Current Prices (Seasonally Adjusted),2003Q4,"Arts, Entertainment and Other Services",41.913
Compensation of Employees at Current Prices (Seasonally Adjusted),2003Q4,All Sectors,14192.331
Compensation of Employees at Current Prices (Seasonally Adjusted),2003Q4,All Sectors,12049.398
Compensation of Employees at Current Prices (Seasonally Adjusted),2003Q4,All Sectors,2142.934
Compensation of Employees at Current Prices (Seasonally Adjusted),2004Q1,"Agriculture, Forestry and Fishing",121.334
Compensation of Employees at Current Prices (Seasonally Adjusted),2004Q1,"Agriculture, Forestry and Fishing",99.331
Compensation of Employees at Current Prices (Seasonally Adjusted),2004Q1,"Agriculture, Forestry and Fishing",22.003
Compensation of Employees at Current Prices (Seasonally Adjusted),2004Q1,Industry (excl. Construction),2555.481
Compensation of Employees at Current Prices (Seasonally Adjusted),2004Q1,Industry (excl. Construction),2225.47
Compensation of Employees at Current Prices (Seasonally Adjusted),2004Q1,Industry (excl. Construction),330.011
Compensation of Employees at Current Prices (Seasonally Adjusted),2004Q1,Industry - of which Manufacturing,2224.8
Compensation of Employees at Current Prices (Seasonally Adjusted),2004Q1,Industry - of which Manufacturing,1938.647
Compensation of Employees at Current Prices (Seasonally Adjusted),2004Q1,Industry - of which Manufacturing,286.153
Compensation of Employees at Current Prices (Seasonally Adjusted),2004Q1,Construction,1630.839
Compensation of Employees at Current Prices (Seasonally Adjusted),2004Q1,Construction,1324.835
Compensation of Employees at Current Prices (Seasonally Adjusted),2004Q1,Construction,306.005
Compensation of Employees at Current Prices (Seasonally Adjusted),2004Q1,"Distribution, Transport, Hotels and Restaurants",2657.453
Compensation of Employees at Current Prices (Seasonally Adjusted),2004Q1,"Distribution, Transport, Hotels and Restaurants",2278.147
Compensation of Employees at Current Prices (Seasonally Adjusted),2004Q1,"Distribution, Transport, Hotels and Restaurants",379.305
Compensation of Employees at Current Prices (Seasonally Adjusted),2004Q1,Information and Communication,654.334
Compensation of Employees at Current Prices (Seasonally Adjusted),2004Q1,Information and Communication,535.957
Compensation of Employees at Current Prices (Seasonally Adjusted),2004Q1,Information and Communication,118.377
Compensation of Employees at Current Prices (Seasonally Adjusted),2004Q1,Financial and Insurance Activities,981.917
Compensation of Employees at Current Prices (Seasonally Adjusted),2004Q1,Financial and Insurance Activities,781.061
Compensation of Employees at Current Prices (Seasonally Adjusted),2004Q1,Financial and Insurance Activities,200.856
Compensation of Employees at Current Prices (Seasonally Adjusted),2004Q1,Real Estate Activities,34.112
Compensation of Employees at Current Prices (Seasonally Adjusted),2004Q1,Real Estate Activities,29.447
Compensation of Employees at Current Prices (Seasonally Adjusted),2004Q1,Real Estate Activities,4.665
Compensation of Employees at Current Prices (Seasonally Adjusted),2004Q1,"Professional, Admin and Support Services",1171.191
Compensation of Employees at Current Prices (Seasonally Adjusted),2004Q1,"Professional, Admin and Support Services",981.246
Compensation of Employees at Current Prices (Seasonally Adjusted),2004Q1,"Professional, Admin and Support Services",189.945
Compensation of Employees at Current Prices (Seasonally Adjusted),2004Q1,"Public Admin, Education and Health",4163.63
Compensation of Employees at Current Prices (Seasonally Adjusted),2004Q1,"Public Admin, Education and Health",3606.589
Compensation of Employees at Current Prices (Seasonally Adjusted),2004Q1,"Public Admin, Education and Health",557.041
Compensation of Employees at Current Prices (Seasonally Adjusted),2004Q1,"Arts, Entertainment and Other Services",368.504
Compensation of Employees at Current Prices (Seasonally Adjusted),2004Q1,"Arts, Entertainment and Other Services",325.455
Compensation of Employees at Current Prices (Seasonally Adjusted),2004Q1,"Arts, Entertainment and Other Services",43.049
Compensation of Employees at Current Prices (Seasonally Adjusted),2004Q1,All Sectors,14338.795
Compensation of Employees at Current Prices (Seasonally Adjusted),2004Q1,All Sectors,12187.538
Compensation of Employees at Current Prices (Seasonally Adjusted),2004Q1,All Sectors,2151.257
Compensation of Employees at Current Prices (Seasonally Adjusted),2004Q2,"Agriculture, Forestry and Fishing",136.123
Compensation of Employees at Current Prices (Seasonally Adjusted),2004Q2,"Agriculture, Forestry and Fishing",110.725
Compensation of Employees at Current Prices (Seasonally Adjusted),2004Q2,"Agriculture, Forestry and Fishing",25.398
Compensation of Employees at Current Prices (Seasonally Adjusted),2004Q2,Industry (excl. Construction),2524.673
Compensation of Employees at Current Prices (Seasonally Adjusted),2004Q2,Industry (excl. Construction),2197.099
Compensation of Employees at Current Prices (Seasonally Adjusted),2004Q2,Industry (excl. Construction),327.574
Compensation of Employees at Current Prices (Seasonally Adjusted),2004Q2,Industry - of which Manufacturing,2198.232
Compensation of Employees at Current Prices (Seasonally Adjusted),2004Q2,Industry - of which Manufacturing,1914.275
Compensation of Employees at Current Prices (Seasonally Adjusted),2004Q2,Industry - of which Manufacturing,283.957
Compensation of Employees at Current Prices (Seasonally Adjusted),2004Q2,Construction,1724.245
Compensation of Employees at Current Prices (Seasonally Adjusted),2004Q2,Construction,1401.009
Compensation of Employees at Current Prices (Seasonally Adjusted),2004Q2,Construction,323.235
Compensation of Employees at Current Prices (Seasonally Adjusted),2004Q2,"Distribution, Transport, Hotels and Restaurants",2673.524
Compensation of Employees at Current Prices (Seasonally Adjusted),2004Q2,"Distribution, Transport, Hotels and Restaurants",2285.706
Compensation of Employees at Current Prices (Seasonally Adjusted),2004Q2,"Distribution, Transport, Hotels and Restaurants",387.818
Compensation of Employees at Current Prices (Seasonally Adjusted),2004Q2,Information and Communication,718.832
Compensation of Employees at Current Prices (Seasonally Adjusted),2004Q2,Information and Communication,588.786
Compensation of Employees at Current Prices (Seasonally Adjusted),2004Q2,Information and Communication,130.046
Compensation of Employees at Current Prices (Seasonally Adjusted),2004Q2,Financial and Insurance Activities,1034.641
Compensation of Employees at Current Prices (Seasonally Adjusted),2004Q2,Financial and Insurance Activities,822.611
Compensation of Employees at Current Prices (Seasonally Adjusted),2004Q2,Financial and Insurance Activities,212.03
Compensation of Employees at Current Prices (Seasonally Adjusted),2004Q2,Real Estate Activities,34.014
Compensation of Employees at Current Prices (Seasonally Adjusted),2004Q2,Real Estate Activities,29.362
Compensation of Employees at Current Prices (Seasonally Adjusted),2004Q2,Real Estate Activities,4.652
Compensation of Employees at Current Prices (Seasonally Adjusted),2004Q2,"Professional, Admin and Support Services",1187.537
Compensation of Employees at Current Prices (Seasonally Adjusted),2004Q2,"Professional, Admin and Support Services",994.941
Compensation of Employees at Current Prices (Seasonally Adjusted),2004Q2,"Professional, Admin and Support Services",192.596
Compensation of Employees at Current Prices (Seasonally Adjusted),2004Q2,"Public Admin, Education and Health",4310.849
Compensation of Employees at Current Prices (Seasonally Adjusted),2004Q2,"Public Admin, Education and Health",3730.917
Compensation of Employees at Current Prices (Seasonally Adjusted),2004Q2,"Public Admin, Education and Health",579.932
Compensation of Employees at Current Prices (Seasonally Adjusted),2004Q2,"Arts, Entertainment and Other Services",394.716
Compensation of Employees at Current Prices (Seasonally Adjusted),2004Q2,"Arts, Entertainment and Other Services",347.518
Compensation of Employees at Current Prices (Seasonally Adjusted),2004Q2,"Arts, Entertainment and Other Services",47.198
Compensation of Employees at Current Prices (Seasonally Adjusted),2004Q2,All Sectors,14739.153
Compensation of Employees at Current Prices (Seasonally Adjusted),2004Q2,All Sectors,12508.673
Compensation of Employees at Current Prices (Seasonally Adjusted),2004Q2,All Sectors,2230.48
Compensation of Employees at Current Prices (Seasonally Adjusted),2004Q3,"Agriculture, Forestry and Fishing",138.574
Compensation of Employees at Current Prices (Seasonally Adjusted),2004Q3,"Agriculture, Forestry and Fishing",112.738
Compensation of Employees at Current Prices (Seasonally Adjusted),2004Q3,"Agriculture, Forestry and Fishing",25.836
Compensation of Employees at Current Prices (Seasonally Adjusted),2004Q3,Industry (excl. Construction),2484.427
Compensation of Employees at Current Prices (Seasonally Adjusted),2004Q3,Industry (excl. Construction),2159.533
Compensation of Employees at Current Prices (Seasonally Adjusted),2004Q3,Industry (excl. Construction),324.894
Compensation of Employees at Current Prices (Seasonally Adjusted),2004Q3,Industry - of which Manufacturing,2178.479
Compensation of Employees at Current Prices (Seasonally Adjusted),2004Q3,Industry - of which Manufacturing,1896.067
Compensation of Employees at Current Prices (Seasonally Adjusted),2004Q3,Industry - of which Manufacturing,282.412
Compensation of Employees at Current Prices (Seasonally Adjusted),2004Q3,Construction,1847.301
Compensation of Employees at Current Prices (Seasonally Adjusted),2004Q3,Construction,1501.006
Compensation of Employees at Current Prices (Seasonally Adjusted),2004Q3,Construction,346.295
Compensation of Employees at Current Prices (Seasonally Adjusted),2004Q3,"Distribution, Transport, Hotels and Restaurants",2757.266
Compensation of Employees at Current Prices (Seasonally Adjusted),2004Q3,"Distribution, Transport, Hotels and Restaurants",2355.309
Compensation of Employees at Current Prices (Seasonally Adjusted),2004Q3,"Distribution, Transport, Hotels and Restaurants",401.957
Compensation of Employees at Current Prices (Seasonally Adjusted),2004Q3,Information and Communication,651.953
Compensation of Employees at Current Prices (Seasonally Adjusted),2004Q3,Information and Communication,534.007
Compensation of Employees at Current Prices (Seasonally Adjusted),2004Q3,Information and Communication,117.946
Compensation of Employees at Current Prices (Seasonally Adjusted),2004Q3,Financial and Insurance Activities,1088.972
Compensation of Employees at Current Prices (Seasonally Adjusted),2004Q3,Financial and Insurance Activities,865.734
Compensation of Employees at Current Prices (Seasonally Adjusted),2004Q3,Financial and Insurance Activities,223.238
Compensation of Employees at Current Prices (Seasonally Adjusted),2004Q3,Real Estate Activities,44.202
Compensation of Employees at Current Prices (Seasonally Adjusted),2004Q3,Real Estate Activities,38.157
Compensation of Employees at Current Prices (Seasonally Adjusted),2004Q3,Real Estate Activities,6.045
Compensation of Employees at Current Prices (Seasonally Adjusted),2004Q3,"Professional, Admin and Support Services",1237.046
Compensation of Employees at Current Prices (Seasonally Adjusted),2004Q3,"Professional, Admin and Support Services",1036.42
Compensation of Employees at Current Prices (Seasonally Adjusted),2004Q3,"Professional, Admin and Support Services",200.626
Compensation of Employees at Current Prices (Seasonally Adjusted),2004Q3,"Public Admin, Education and Health",4394.093
Compensation of Employees at Current Prices (Seasonally Adjusted),2004Q3,"Public Admin, Education and Health",3800.286
Compensation of Employees at Current Prices (Seasonally Adjusted),2004Q3,"Public Admin, Education and Health",593.807
Compensation of Employees at Current Prices (Seasonally Adjusted),2004Q3,"Arts, Entertainment and Other Services",400.637
Compensation of Employees at Current Prices (Seasonally Adjusted),2004Q3,"Arts, Entertainment and Other Services",351.425
Compensation of Employees at Current Prices (Seasonally Adjusted),2004Q3,"Arts, Entertainment and Other Services",49.212
Compensation of Employees at Current Prices (Seasonally Adjusted),2004Q3,All Sectors,15044.47
Compensation of Employees at Current Prices (Seasonally Adjusted),2004Q3,All Sectors,12754.615
Compensation of Employees at Current Prices (Seasonally Adjusted),2004Q3,All Sectors,2289.856
Compensation of Employees at Current Prices (Seasonally Adjusted),2004Q4,"Agriculture, Forestry and Fishing",133.373
Compensation of Employees at Current Prices (Seasonally Adjusted),2004Q4,"Agriculture, Forestry and Fishing",109.316
Compensation of Employees at Current Prices (Seasonally Adjusted),2004Q4,"Agriculture, Forestry and Fishing",24.057
Compensation of Employees at Current Prices (Seasonally Adjusted),2004Q4,Industry (excl. Construction),2485.439
Compensation of Employees at Current Prices (Seasonally Adjusted),2004Q4,Industry (excl. Construction),2160.083
Compensation of Employees at Current Prices (Seasonally Adjusted),2004Q4,Industry (excl. Construction),325.356
Compensation of Employees at Current Prices (Seasonally Adjusted),2004Q4,Industry - of which Manufacturing,2170.149
Compensation of Employees at Current Prices (Seasonally Adjusted),2004Q4,Industry - of which Manufacturing,1887.744
Compensation of Employees at Current Prices (Seasonally Adjusted),2004Q4,Industry - of which Manufacturing,282.405
Compensation of Employees at Current Prices (Seasonally Adjusted),2004Q4,Construction,1858.638
Compensation of Employees at Current Prices (Seasonally Adjusted),2004Q4,Construction,1511.544
Compensation of Employees at Current Prices (Seasonally Adjusted),2004Q4,Construction,347.094
Compensation of Employees at Current Prices (Seasonally Adjusted),2004Q4,"Distribution, Transport, Hotels and Restaurants",2796.235
Compensation of Employees at Current Prices (Seasonally Adjusted),2004Q4,"Distribution, Transport, Hotels and Restaurants",2385.816
Compensation of Employees at Current Prices (Seasonally Adjusted),2004Q4,"Distribution, Transport, Hotels and Restaurants",410.419
Compensation of Employees at Current Prices (Seasonally Adjusted),2004Q4,Information and Communication,671.191
Compensation of Employees at Current Prices (Seasonally Adjusted),2004Q4,Information and Communication,549.764
Compensation of Employees at Current Prices (Seasonally Adjusted),2004Q4,Information and Communication,121.427
Compensation of Employees at Current Prices (Seasonally Adjusted),2004Q4,Financial and Insurance Activities,1104.748
Compensation of Employees at Current Prices (Seasonally Adjusted),2004Q4,Financial and Insurance Activities,878.598
Compensation of Employees at Current Prices (Seasonally Adjusted),2004Q4,Financial and Insurance Activities,226.15
Compensation of Employees at Current Prices (Seasonally Adjusted),2004Q4,Real Estate Activities,52.321
Compensation of Employees at Current Prices (Seasonally Adjusted),2004Q4,Real Estate Activities,45.165
Compensation of Employees at Current Prices (Seasonally Adjusted),2004Q4,Real Estate Activities,7.156
Compensation of Employees at Current Prices (Seasonally Adjusted),2004Q4,"Professional, Admin and Support Services",1252.453
Compensation of Employees at Current Prices (Seasonally Adjusted),2004Q4,"Professional, Admin and Support Services",1049.328
Compensation of Employees at Current Prices (Seasonally Adjusted),2004Q4,"Professional, Admin and Support Services",203.125
Compensation of Employees at Current Prices (Seasonally Adjusted),2004Q4,"Public Admin, Education and Health",4486.591
Compensation of Employees at Current Prices (Seasonally Adjusted),2004Q4,"Public Admin, Education and Health",3876.337
Compensation of Employees at Current Prices (Seasonally Adjusted),2004Q4,"Public Admin, Education and Health",610.254
Compensation of Employees at Current Prices (Seasonally Adjusted),2004Q4,"Arts, Entertainment and Other Services",409.52
Compensation of Employees at Current Prices (Seasonally Adjusted),2004Q4,"Arts, Entertainment and Other Services",359.844
Compensation of Employees at Current Prices (Seasonally Adjusted),2004Q4,"Arts, Entertainment and Other Services",49.676
Compensation of Employees at Current Prices (Seasonally Adjusted),2004Q4,All Sectors,15250.509
Compensation of Employees at Current Prices (Seasonally Adjusted),2004Q4,All Sectors,12925.795
Compensation of Employees at Current Prices (Seasonally Adjusted),2004Q4,All Sectors,2324.714
Compensation of Employees at Current Prices (Seasonally Adjusted),2005Q1,"Agriculture, Forestry and Fishing",132.016
Compensation of Employees at Current Prices (Seasonally Adjusted),2005Q1,"Agriculture, Forestry and Fishing",107.731
Compensation of Employees at Current Prices (Seasonally Adjusted),2005Q1,"Agriculture, Forestry and Fishing",24.285
Compensation of Employees at Current Prices (Seasonally Adjusted),2005Q1,Industry (excl. Construction),2580.385
Compensation of Employees at Current Prices (Seasonally Adjusted),2005Q1,Industry (excl. Construction),2241.215
Compensation of Employees at Current Prices (Seasonally Adjusted),2005Q1,Industry (excl. Construction),339.171
Compensation of Employees at Current Prices (Seasonally Adjusted),2005Q1,Industry - of which Manufacturing,2234.156
Compensation of Employees at Current Prices (Seasonally Adjusted),2005Q1,Industry - of which Manufacturing,1938.166
Compensation of Employees at Current Prices (Seasonally Adjusted),2005Q1,Industry - of which Manufacturing,295.99
Compensation of Employees at Current Prices (Seasonally Adjusted),2005Q1,Construction,2092.375
Compensation of Employees at Current Prices (Seasonally Adjusted),2005Q1,Construction,1701.521
Compensation of Employees at Current Prices (Seasonally Adjusted),2005Q1,Construction,390.854
Compensation of Employees at Current Prices (Seasonally Adjusted),2005Q1,"Distribution, Transport, Hotels and Restaurants",2893.572
Compensation of Employees at Current Prices (Seasonally Adjusted),2005Q1,"Distribution, Transport, Hotels and Restaurants",2453.967
Compensation of Employees at Current Prices (Seasonally Adjusted),2005Q1,"Distribution, Transport, Hotels and Restaurants",439.605
Compensation of Employees at Current Prices (Seasonally Adjusted),2005Q1,Information and Communication,657.809
Compensation of Employees at Current Prices (Seasonally Adjusted),2005Q1,Information and Communication,543.116
Compensation of Employees at Current Prices (Seasonally Adjusted),2005Q1,Information and Communication,114.693
Compensation of Employees at Current Prices (Seasonally Adjusted),2005Q1,Financial and Insurance Activities,1111.717
Compensation of Employees at Current Prices (Seasonally Adjusted),2005Q1,Financial and Insurance Activities,891.664
Compensation of Employees at Current Prices (Seasonally Adjusted),2005Q1,Financial and Insurance Activities,220.053
Compensation of Employees at Current Prices (Seasonally Adjusted),2005Q1,Real Estate Activities,44.876
Compensation of Employees at Current Prices (Seasonally Adjusted),2005Q1,Real Estate Activities,38.697
Compensation of Employees at Current Prices (Seasonally Adjusted),2005Q1,Real Estate Activities,6.179
Compensation of Employees at Current Prices (Seasonally Adjusted),2005Q1,"Professional, Admin and Support Services",1304.171
Compensation of Employees at Current Prices (Seasonally Adjusted),2005Q1,"Professional, Admin and Support Services",1107.117
Compensation of Employees at Current Prices (Seasonally Adjusted),2005Q1,"Professional, Admin and Support Services",197.054
Compensation of Employees at Current Prices (Seasonally Adjusted),2005Q1,"Public Admin, Education and Health",4560.868
Compensation of Employees at Current Prices (Seasonally Adjusted),2005Q1,"Public Admin, Education and Health",3949.692
Compensation of Employees at Current Prices (Seasonally Adjusted),2005Q1,"Public Admin, Education and Health",611.176
Compensation of Employees at Current Prices (Seasonally Adjusted),2005Q1,"Arts, Entertainment and Other Services",410.897
Compensation of Employees at Current Prices (Seasonally Adjusted),2005Q1,"Arts, Entertainment and Other Services",363.32
Compensation of Employees at Current Prices (Seasonally Adjusted),2005Q1,"Arts, Entertainment and Other Services",47.577
Compensation of Employees at Current Prices (Seasonally Adjusted),2005Q1,All Sectors,15788.687
Compensation of Employees at Current Prices (Seasonally Adjusted),2005Q1,All Sectors,13398.041
Compensation of Employees at Current Prices (Seasonally Adjusted),2005Q1,All Sectors,2390.647
Compensation of Employees at Current Prices (Seasonally Adjusted),2005Q2,"Agriculture, Forestry and Fishing",124.825
Compensation of Employees at Current Prices (Seasonally Adjusted),2005Q2,"Agriculture, Forestry and Fishing",101.563
Compensation of Employees at Current Prices (Seasonally Adjusted),2005Q2,"Agriculture, Forestry and Fishing",23.262
Compensation of Employees at Current Prices (Seasonally Adjusted),2005Q2,Industry (excl. Construction),2606.251
Compensation of Employees at Current Prices (Seasonally Adjusted),2005Q2,Industry (excl. Construction),2265.088
Compensation of Employees at Current Prices (Seasonally Adjusted),2005Q2,Industry (excl. Construction),341.163
Compensation of Employees at Current Prices (Seasonally Adjusted),2005Q2,Industry - of which Manufacturing,2297.752
Compensation of Employees at Current Prices (Seasonally Adjusted),2005Q2,Industry - of which Manufacturing,1998.937
Compensation of Employees at Current Prices (Seasonally Adjusted),2005Q2,Industry - of which Manufacturing,298.815
Compensation of Employees at Current Prices (Seasonally Adjusted),2005Q2,Construction,2179.058
Compensation of Employees at Current Prices (Seasonally Adjusted),2005Q2,Construction,1772.484
Compensation of Employees at Current Prices (Seasonally Adjusted),2005Q2,Construction,406.575
Compensation of Employees at Current Prices (Seasonally Adjusted),2005Q2,"Distribution, Transport, Hotels and Restaurants",3010.834
Compensation of Employees at Current Prices (Seasonally Adjusted),2005Q2,"Distribution, Transport, Hotels and Restaurants",2548.288
Compensation of Employees at Current Prices (Seasonally Adjusted),2005Q2,"Distribution, Transport, Hotels and Restaurants",462.546
Compensation of Employees at Current Prices (Seasonally Adjusted),2005Q2,Information and Communication,748.59
Compensation of Employees at Current Prices (Seasonally Adjusted),2005Q2,Information and Communication,618.069
Compensation of Employees at Current Prices (Seasonally Adjusted),2005Q2,Information and Communication,130.521
Compensation of Employees at Current Prices (Seasonally Adjusted),2005Q2,Financial and Insurance Activities,1139.772
Compensation of Employees at Current Prices (Seasonally Adjusted),2005Q2,Financial and Insurance Activities,914.124
Compensation of Employees at Current Prices (Seasonally Adjusted),2005Q2,Financial and Insurance Activities,225.648
Compensation of Employees at Current Prices (Seasonally Adjusted),2005Q2,Real Estate Activities,70.856
Compensation of Employees at Current Prices (Seasonally Adjusted),2005Q2,Real Estate Activities,61.098
Compensation of Employees at Current Prices (Seasonally Adjusted),2005Q2,Real Estate Activities,9.757
Compensation of Employees at Current Prices (Seasonally Adjusted),2005Q2,"Professional, Admin and Support Services",1299.572
Compensation of Employees at Current Prices (Seasonally Adjusted),2005Q2,"Professional, Admin and Support Services",1103.213
Compensation of Employees at Current Prices (Seasonally Adjusted),2005Q2,"Professional, Admin and Support Services",196.359
Compensation of Employees at Current Prices (Seasonally Adjusted),2005Q2,"Public Admin, Education and Health",4649.444
Compensation of Employees at Current Prices (Seasonally Adjusted),2005Q2,"Public Admin, Education and Health",4027.354
Compensation of Employees at Current Prices (Seasonally Adjusted),2005Q2,"Public Admin, Education and Health",622.091
Compensation of Employees at Current Prices (Seasonally Adjusted),2005Q2,"Arts, Entertainment and Other Services",397.956
Compensation of Employees at Current Prices (Seasonally Adjusted),2005Q2,"Arts, Entertainment and Other Services",350.737
Compensation of Employees at Current Prices (Seasonally Adjusted),2005Q2,"Arts, Entertainment and Other Services",47.219
Compensation of Employees at Current Prices (Seasonally Adjusted),2005Q2,All Sectors,16227.159
Compensation of Employees at Current Prices (Seasonally Adjusted),2005Q2,All Sectors,13762.019
Compensation of Employees at Current Prices (Seasonally Adjusted),2005Q2,All Sectors,2465.14
Compensation of Employees at Current Prices (Seasonally Adjusted),2005Q3,"Agriculture, Forestry and Fishing",130.944
Compensation of Employees at Current Prices (Seasonally Adjusted),2005Q3,"Agriculture, Forestry and Fishing",106.432
Compensation of Employees at Current Prices (Seasonally Adjusted),2005Q3,"Agriculture, Forestry and Fishing",24.512
Compensation of Employees at Current Prices (Seasonally Adjusted),2005Q3,Industry (excl. Construction),2746.291
Compensation of Employees at Current Prices (Seasonally Adjusted),2005Q3,Industry (excl. Construction),2384.325
Compensation of Employees at Current Prices (Seasonally Adjusted),2005Q3,Industry (excl. Construction),361.966
Compensation of Employees at Current Prices (Seasonally Adjusted),2005Q3,Industry - of which Manufacturing,2408.138
Compensation of Employees at Current Prices (Seasonally Adjusted),2005Q3,Industry - of which Manufacturing,2090.41
Compensation of Employees at Current Prices (Seasonally Adjusted),2005Q3,Industry - of which Manufacturing,317.728
Compensation of Employees at Current Prices (Seasonally Adjusted),2005Q3,Construction,2183.336
Compensation of Employees at Current Prices (Seasonally Adjusted),2005Q3,Construction,1776.741
Compensation of Employees at Current Prices (Seasonally Adjusted),2005Q3,Construction,406.594
Compensation of Employees at Current Prices (Seasonally Adjusted),2005Q3,"Distribution, Transport, Hotels and Restaurants",3154.89
Compensation of Employees at Current Prices (Seasonally Adjusted),2005Q3,"Distribution, Transport, Hotels and Restaurants",2672.407
Compensation of Employees at Current Prices (Seasonally Adjusted),2005Q3,"Distribution, Transport, Hotels and Restaurants",482.483
Compensation of Employees at Current Prices (Seasonally Adjusted),2005Q3,Information and Communication,747.903
Compensation of Employees at Current Prices (Seasonally Adjusted),2005Q3,Information and Communication,617.502
Compensation of Employees at Current Prices (Seasonally Adjusted),2005Q3,Information and Communication,130.401
Compensation of Employees at Current Prices (Seasonally Adjusted),2005Q3,Financial and Insurance Activities,1249.348
Compensation of Employees at Current Prices (Seasonally Adjusted),2005Q3,Financial and Insurance Activities,1002.372
Compensation of Employees at Current Prices (Seasonally Adjusted),2005Q3,Financial and Insurance Activities,246.976
Compensation of Employees at Current Prices (Seasonally Adjusted),2005Q3,Real Estate Activities,78.964
Compensation of Employees at Current Prices (Seasonally Adjusted),2005Q3,Real Estate Activities,68.09
Compensation of Employees at Current Prices (Seasonally Adjusted),2005Q3,Real Estate Activities,10.873
Compensation of Employees at Current Prices (Seasonally Adjusted),2005Q3,"Professional, Admin and Support Services",1389.487
Compensation of Employees at Current Prices (Seasonally Adjusted),2005Q3,"Professional, Admin and Support Services",1179.542
Compensation of Employees at Current Prices (Seasonally Adjusted),2005Q3,"Professional, Admin and Support Services",209.945
Compensation of Employees at Current Prices (Seasonally Adjusted),2005Q3,"Public Admin, Education and Health",4717.255
Compensation of Employees at Current Prices (Seasonally Adjusted),2005Q3,"Public Admin, Education and Health",4081.853
Compensation of Employees at Current Prices (Seasonally Adjusted),2005Q3,"Public Admin, Education and Health",635.402
Compensation of Employees at Current Prices (Seasonally Adjusted),2005Q3,"Arts, Entertainment and Other Services",415.255
Compensation of Employees at Current Prices (Seasonally Adjusted),2005Q3,"Arts, Entertainment and Other Services",364.41
Compensation of Employees at Current Prices (Seasonally Adjusted),2005Q3,"Arts, Entertainment and Other Services",50.845
Compensation of Employees at Current Prices (Seasonally Adjusted),2005Q3,All Sectors,16813.673
Compensation of Employees at Current Prices (Seasonally Adjusted),2005Q3,All Sectors,14253.675
Compensation of Employees at Current Prices (Seasonally Adjusted),2005Q3,All Sectors,2559.999
Compensation of Employees at Current Prices (Seasonally Adjusted),2005Q4,"Agriculture, Forestry and Fishing",148.184
Compensation of Employees at Current Prices (Seasonally Adjusted),2005Q4,"Agriculture, Forestry and Fishing",120.999
Compensation of Employees at Current Prices (Seasonally Adjusted),2005Q4,"Agriculture, Forestry and Fishing",27.184
Compensation of Employees at Current Prices (Seasonally Adjusted),2005Q4,Industry (excl. Construction),2802.754
Compensation of Employees at Current Prices (Seasonally Adjusted),2005Q4,Industry (excl. Construction),2430.539
Compensation of Employees at Current Prices (Seasonally Adjusted),2005Q4,Industry (excl. Construction),372.216
Compensation of Employees at Current Prices (Seasonally Adjusted),2005Q4,Industry - of which Manufacturing,2477.408
Compensation of Employees at Current Prices (Seasonally Adjusted),2005Q4,Industry - of which Manufacturing,2147.542
Compensation of Employees at Current Prices (Seasonally Adjusted),2005Q4,Industry - of which Manufacturing,329.866
Compensation of Employees at Current Prices (Seasonally Adjusted),2005Q4,Construction,2323.488
Compensation of Employees at Current Prices (Seasonally Adjusted),2005Q4,Construction,1892.663
Compensation of Employees at Current Prices (Seasonally Adjusted),2005Q4,Construction,430.825
Compensation of Employees at Current Prices (Seasonally Adjusted),2005Q4,"Distribution, Transport, Hotels and Restaurants",3304.277
Compensation of Employees at Current Prices (Seasonally Adjusted),2005Q4,"Distribution, Transport, Hotels and Restaurants",2779.331
Compensation of Employees at Current Prices (Seasonally Adjusted),2005Q4,"Distribution, Transport, Hotels and Restaurants",524.946
Compensation of Employees at Current Prices (Seasonally Adjusted),2005Q4,Information and Communication,862.532
Compensation of Employees at Current Prices (Seasonally Adjusted),2005Q4,Information and Communication,712.145
Compensation of Employees at Current Prices (Seasonally Adjusted),2005Q4,Information and Communication,150.387
Compensation of Employees at Current Prices (Seasonally Adjusted),2005Q4,Financial and Insurance Activities,1252.567
Compensation of Employees at Current Prices (Seasonally Adjusted),2005Q4,Financial and Insurance Activities,1005.456
Compensation of Employees at Current Prices (Seasonally Adjusted),2005Q4,Financial and Insurance Activities,247.112
Compensation of Employees at Current Prices (Seasonally Adjusted),2005Q4,Real Estate Activities,75.825
Compensation of Employees at Current Prices (Seasonally Adjusted),2005Q4,Real Estate Activities,65.383
Compensation of Employees at Current Prices (Seasonally Adjusted),2005Q4,Real Estate Activities,10.441
Compensation of Employees at Current Prices (Seasonally Adjusted),2005Q4,"Professional, Admin and Support Services",1412.15
Compensation of Employees at Current Prices (Seasonally Adjusted),2005Q4,"Professional, Admin and Support Services",1198.781
Compensation of Employees at Current Prices (Seasonally Adjusted),2005Q4,"Professional, Admin and Support Services",213.369
Compensation of Employees at Current Prices (Seasonally Adjusted),2005Q4,"Public Admin, Education and Health",4733.775
Compensation of Employees at Current Prices (Seasonally Adjusted),2005Q4,"Public Admin, Education and Health",4095.132
Compensation of Employees at Current Prices (Seasonally Adjusted),2005Q4,"Public Admin, Education and Health",638.643
Compensation of Employees at Current Prices (Seasonally Adjusted),2005Q4,"Arts, Entertainment and Other Services",431.236
Compensation of Employees at Current Prices (Seasonally Adjusted),2005Q4,"Arts, Entertainment and Other Services",379.122
Compensation of Employees at Current Prices (Seasonally Adjusted),2005Q4,"Arts, Entertainment and Other Services",52.114
Compensation of Employees at Current Prices (Seasonally Adjusted),2005Q4,All Sectors,17346.788
Compensation of Employees at Current Prices (Seasonally Adjusted),2005Q4,All Sectors,14679.551
Compensation of Employees at Current Prices (Seasonally Adjusted),2005Q4,All Sectors,2667.237
Compensation of Employees at Current Prices (Seasonally Adjusted),2006Q1,"Agriculture, Forestry and Fishing",155.224
Compensation of Employees at Current Prices (Seasonally Adjusted),2006Q1,"Agriculture, Forestry and Fishing",126.526
Compensation of Employees at Current Prices (Seasonally Adjusted),2006Q1,"Agriculture, Forestry and Fishing",28.698
Compensation of Employees at Current Prices (Seasonally Adjusted),2006Q1,Industry (excl. Construction),2822.591
Compensation of Employees at Current Prices (Seasonally Adjusted),2006Q1,Industry (excl. Construction),2438.686
Compensation of Employees at Current Prices (Seasonally Adjusted),2006Q1,Industry (excl. Construction),383.904
Compensation of Employees at Current Prices (Seasonally Adjusted),2006Q1,Industry - of which Manufacturing,2444.169
Compensation of Employees at Current Prices (Seasonally Adjusted),2006Q1,Industry - of which Manufacturing,2129.993
Compensation of Employees at Current Prices (Seasonally Adjusted),2006Q1,Industry - of which Manufacturing,314.176
Compensation of Employees at Current Prices (Seasonally Adjusted),2006Q1,Construction,2380.617
Compensation of Employees at Current Prices (Seasonally Adjusted),2006Q1,Construction,1935.542
Compensation of Employees at Current Prices (Seasonally Adjusted),2006Q1,Construction,445.075
Compensation of Employees at Current Prices (Seasonally Adjusted),2006Q1,"Distribution, Transport, Hotels and Restaurants",3350.504
Compensation of Employees at Current Prices (Seasonally Adjusted),2006Q1,"Distribution, Transport, Hotels and Restaurants",2806.703
Compensation of Employees at Current Prices (Seasonally Adjusted),2006Q1,"Distribution, Transport, Hotels and Restaurants",543.801
Compensation of Employees at Current Prices (Seasonally Adjusted),2006Q1,Information and Communication,797.742
Compensation of Employees at Current Prices (Seasonally Adjusted),2006Q1,Information and Communication,655.465
Compensation of Employees at Current Prices (Seasonally Adjusted),2006Q1,Information and Communication,142.277
Compensation of Employees at Current Prices (Seasonally Adjusted),2006Q1,Financial and Insurance Activities,1396.628
Compensation of Employees at Current Prices (Seasonally Adjusted),2006Q1,Financial and Insurance Activities,1110.167
Compensation of Employees at Current Prices (Seasonally Adjusted),2006Q1,Financial and Insurance Activities,286.461
Compensation of Employees at Current Prices (Seasonally Adjusted),2006Q1,Real Estate Activities,81.41
Compensation of Employees at Current Prices (Seasonally Adjusted),2006Q1,Real Estate Activities,69.432
Compensation of Employees at Current Prices (Seasonally Adjusted),2006Q1,Real Estate Activities,11.978
Compensation of Employees at Current Prices (Seasonally Adjusted),2006Q1,"Professional, Admin and Support Services",1494.231
Compensation of Employees at Current Prices (Seasonally Adjusted),2006Q1,"Professional, Admin and Support Services",1268.994
Compensation of Employees at Current Prices (Seasonally Adjusted),2006Q1,"Professional, Admin and Support Services",225.237
Compensation of Employees at Current Prices (Seasonally Adjusted),2006Q1,"Public Admin, Education and Health",4964.708
Compensation of Employees at Current Prices (Seasonally Adjusted),2006Q1,"Public Admin, Education and Health",4283.42
Compensation of Employees at Current Prices (Seasonally Adjusted),2006Q1,"Public Admin, Education and Health",681.288
Compensation of Employees at Current Prices (Seasonally Adjusted),2006Q1,"Arts, Entertainment and Other Services",432.754
Compensation of Employees at Current Prices (Seasonally Adjusted),2006Q1,"Arts, Entertainment and Other Services",379.803
Compensation of Employees at Current Prices (Seasonally Adjusted),2006Q1,"Arts, Entertainment and Other Services",52.951
Compensation of Employees at Current Prices (Seasonally Adjusted),2006Q1,All Sectors,17876.409
Compensation of Employees at Current Prices (Seasonally Adjusted),2006Q1,All Sectors,15074.737
Compensation of Employees at Current Prices (Seasonally Adjusted),2006Q1,All Sectors,2801.671
Compensation of Employees at Current Prices (Seasonally Adjusted),2006Q2,"Agriculture, Forestry and Fishing",146.28
Compensation of Employees at Current Prices (Seasonally Adjusted),2006Q2,"Agriculture, Forestry and Fishing",119.006
Compensation of Employees at Current Prices (Seasonally Adjusted),2006Q2,"Agriculture, Forestry and Fishing",27.274
Compensation of Employees at Current Prices (Seasonally Adjusted),2006Q2,Industry (excl. Construction),2842.507
Compensation of Employees at Current Prices (Seasonally Adjusted),2006Q2,Industry (excl. Construction),2455.235
Compensation of Employees at Current Prices (Seasonally Adjusted),2006Q2,Industry (excl. Construction),387.271
Compensation of Employees at Current Prices (Seasonally Adjusted),2006Q2,Industry - of which Manufacturing,2438.678
Compensation of Employees at Current Prices (Seasonally Adjusted),2006Q2,Industry - of which Manufacturing,2125.022
Compensation of Employees at Current Prices (Seasonally Adjusted),2006Q2,Industry - of which Manufacturing,313.655
Compensation of Employees at Current Prices (Seasonally Adjusted),2006Q2,Construction,2442.42
Compensation of Employees at Current Prices (Seasonally Adjusted),2006Q2,Construction,1987.022
Compensation of Employees at Current Prices (Seasonally Adjusted),2006Q2,Construction,455.398
Compensation of Employees at Current Prices (Seasonally Adjusted),2006Q2,"Distribution, Transport, Hotels and Restaurants",3345.724
Compensation of Employees at Current Prices (Seasonally Adjusted),2006Q2,"Distribution, Transport, Hotels and Restaurants",2801.341
Compensation of Employees at Current Prices (Seasonally Adjusted),2006Q2,"Distribution, Transport, Hotels and Restaurants",544.384
Compensation of Employees at Current Prices (Seasonally Adjusted),2006Q2,Information and Communication,817.616
Compensation of Employees at Current Prices (Seasonally Adjusted),2006Q2,Information and Communication,671.794
Compensation of Employees at Current Prices (Seasonally Adjusted),2006Q2,Information and Communication,145.822
Compensation of Employees at Current Prices (Seasonally Adjusted),2006Q2,Financial and Insurance Activities,1433.794
Compensation of Employees at Current Prices (Seasonally Adjusted),2006Q2,Financial and Insurance Activities,1139.386
Compensation of Employees at Current Prices (Seasonally Adjusted),2006Q2,Financial and Insurance Activities,294.408
Compensation of Employees at Current Prices (Seasonally Adjusted),2006Q2,Real Estate Activities,78.062
Compensation of Employees at Current Prices (Seasonally Adjusted),2006Q2,Real Estate Activities,66.576
Compensation of Employees at Current Prices (Seasonally Adjusted),2006Q2,Real Estate Activities,11.486
Compensation of Employees at Current Prices (Seasonally Adjusted),2006Q2,"Professional, Admin and Support Services",1416.941
Compensation of Employees at Current Prices (Seasonally Adjusted),2006Q2,"Professional, Admin and Support Services",1203.354
Compensation of Employees at Current Prices (Seasonally Adjusted),2006Q2,"Professional, Admin and Support Services",213.587
Compensation of Employees at Current Prices (Seasonally Adjusted),2006Q2,"Public Admin, Education and Health",5089.761
Compensation of Employees at Current Prices (Seasonally Adjusted),2006Q2,"Public Admin, Education and Health",4390.042
Compensation of Employees at Current Prices (Seasonally Adjusted),2006Q2,"Public Admin, Education and Health",699.719
Compensation of Employees at Current Prices (Seasonally Adjusted),2006Q2,"Arts, Entertainment and Other Services",465.215
Compensation of Employees at Current Prices (Seasonally Adjusted),2006Q2,"Arts, Entertainment and Other Services",407.076
Compensation of Employees at Current Prices (Seasonally Adjusted),2006Q2,"Arts, Entertainment and Other Services",58.139
Compensation of Employees at Current Prices (Seasonally Adjusted),2006Q2,All Sectors,18078.32
Compensation of Employees at Current Prices (Seasonally Adjusted),2006Q2,All Sectors,15240.831
Compensation of Employees at Current Prices (Seasonally Adjusted),2006Q2,All Sectors,2837.489
Compensation of Employees at Current Prices (Seasonally Adjusted),2006Q3,"Agriculture, Forestry and Fishing",151.405
Compensation of Employees at Current Prices (Seasonally Adjusted),2006Q3,"Agriculture, Forestry and Fishing",122.869
Compensation of Employees at Current Prices (Seasonally Adjusted),2006Q3,"Agriculture, Forestry and Fishing",28.536
Compensation of Employees at Current Prices (Seasonally Adjusted),2006Q3,Industry (excl. Construction),2838.674
Compensation of Employees at Current Prices (Seasonally Adjusted),2006Q3,Industry (excl. Construction),2453.402
Compensation of Employees at Current Prices (Seasonally Adjusted),2006Q3,Industry (excl. Construction),385.272
Compensation of Employees at Current Prices (Seasonally Adjusted),2006Q3,Industry - of which Manufacturing,2408.144
Compensation of Employees at Current Prices (Seasonally Adjusted),2006Q3,Industry - of which Manufacturing,2096.65
Compensation of Employees at Current Prices (Seasonally Adjusted),2006Q3,Industry - of which Manufacturing,311.494
Compensation of Employees at Current Prices (Seasonally Adjusted),2006Q3,Construction,2542.835
Compensation of Employees at Current Prices (Seasonally Adjusted),2006Q3,Construction,2070.448
Compensation of Employees at Current Prices (Seasonally Adjusted),2006Q3,Construction,472.387
Compensation of Employees at Current Prices (Seasonally Adjusted),2006Q3,"Distribution, Transport, Hotels and Restaurants",3303.877
Compensation of Employees at Current Prices (Seasonally Adjusted),2006Q3,"Distribution, Transport, Hotels and Restaurants",2761.671
Compensation of Employees at Current Prices (Seasonally Adjusted),2006Q3,"Distribution, Transport, Hotels and Restaurants",542.206
Compensation of Employees at Current Prices (Seasonally Adjusted),2006Q3,Information and Communication,759.138
Compensation of Employees at Current Prices (Seasonally Adjusted),2006Q3,Information and Communication,623.745
Compensation of Employees at Current Prices (Seasonally Adjusted),2006Q3,Information and Communication,135.392
Compensation of Employees at Current Prices (Seasonally Adjusted),2006Q3,Financial and Insurance Activities,1345.117
Compensation of Employees at Current Prices (Seasonally Adjusted),2006Q3,Financial and Insurance Activities,1069.94
Compensation of Employees at Current Prices (Seasonally Adjusted),2006Q3,Financial and Insurance Activities,275.177
Compensation of Employees at Current Prices (Seasonally Adjusted),2006Q3,Real Estate Activities,79.005
Compensation of Employees at Current Prices (Seasonally Adjusted),2006Q3,Real Estate Activities,67.38
Compensation of Employees at Current Prices (Seasonally Adjusted),2006Q3,Real Estate Activities,11.624
Compensation of Employees at Current Prices (Seasonally Adjusted),2006Q3,"Professional, Admin and Support Services",1467.988
Compensation of Employees at Current Prices (Seasonally Adjusted),2006Q3,"Professional, Admin and Support Services",1246.707
Compensation of Employees at Current Prices (Seasonally Adjusted),2006Q3,"Professional, Admin and Support Services",221.281
Compensation of Employees at Current Prices (Seasonally Adjusted),2006Q3,"Public Admin, Education and Health",5210.127
Compensation of Employees at Current Prices (Seasonally Adjusted),2006Q3,"Public Admin, Education and Health",4493.977
Compensation of Employees at Current Prices (Seasonally Adjusted),2006Q3,"Public Admin, Education and Health",716.149
Compensation of Employees at Current Prices (Seasonally Adjusted),2006Q3,"Arts, Entertainment and Other Services",493.302
Compensation of Employees at Current Prices (Seasonally Adjusted),2006Q3,"Arts, Entertainment and Other Services",429.417
Compensation of Employees at Current Prices (Seasonally Adjusted),2006Q3,"Arts, Entertainment and Other Services",63.885
Compensation of Employees at Current Prices (Seasonally Adjusted),2006Q3,All Sectors,18191.468
Compensation of Employees at Current Prices (Seasonally Adjusted),2006Q3,All Sectors,15339.558
Compensation of Employees at Current Prices (Seasonally Adjusted),2006Q3,All Sectors,2851.91
Compensation of Employees at Current Prices (Seasonally Adjusted),2006Q4,"Agriculture, Forestry and Fishing",144.582
Compensation of Employees at Current Prices (Seasonally Adjusted),2006Q4,"Agriculture, Forestry and Fishing",117.913
Compensation of Employees at Current Prices (Seasonally Adjusted),2006Q4,"Agriculture, Forestry and Fishing",26.669
Compensation of Employees at Current Prices (Seasonally Adjusted),2006Q4,Industry (excl. Construction),2895.893
Compensation of Employees at Current Prices (Seasonally Adjusted),2006Q4,Industry (excl. Construction),2497.918
Compensation of Employees at Current Prices (Seasonally Adjusted),2006Q4,Industry (excl. Construction),397.975
Compensation of Employees at Current Prices (Seasonally Adjusted),2006Q4,Industry - of which Manufacturing,2429.298
Compensation of Employees at Current Prices (Seasonally Adjusted),2006Q4,Industry - of which Manufacturing,2110.585
Compensation of Employees at Current Prices (Seasonally Adjusted),2006Q4,Industry - of which Manufacturing,318.713
Compensation of Employees at Current Prices (Seasonally Adjusted),2006Q4,Construction,2642.417
Compensation of Employees at Current Prices (Seasonally Adjusted),2006Q4,Construction,2154.038
Compensation of Employees at Current Prices (Seasonally Adjusted),2006Q4,Construction,488.379
Compensation of Employees at Current Prices (Seasonally Adjusted),2006Q4,"Distribution, Transport, Hotels and Restaurants",3306.621
Compensation of Employees at Current Prices (Seasonally Adjusted),2006Q4,"Distribution, Transport, Hotels and Restaurants",2769.822
Compensation of Employees at Current Prices (Seasonally Adjusted),2006Q4,"Distribution, Transport, Hotels and Restaurants",536.799
Compensation of Employees at Current Prices (Seasonally Adjusted),2006Q4,Information and Communication,929.953
Compensation of Employees at Current Prices (Seasonally Adjusted),2006Q4,Information and Communication,764.096
Compensation of Employees at Current Prices (Seasonally Adjusted),2006Q4,Information and Communication,165.857
Compensation of Employees at Current Prices (Seasonally Adjusted),2006Q4,Financial and Insurance Activities,1356.274
Compensation of Employees at Current Prices (Seasonally Adjusted),2006Q4,Financial and Insurance Activities,1080.009
Compensation of Employees at Current Prices (Seasonally Adjusted),2006Q4,Financial and Insurance Activities,276.265
Compensation of Employees at Current Prices (Seasonally Adjusted),2006Q4,Real Estate Activities,88.173
Compensation of Employees at Current Prices (Seasonally Adjusted),2006Q4,Real Estate Activities,75.199
Compensation of Employees at Current Prices (Seasonally Adjusted),2006Q4,Real Estate Activities,12.973
Compensation of Employees at Current Prices (Seasonally Adjusted),2006Q4,"Professional, Admin and Support Services",1509.574
Compensation of Employees at Current Prices (Seasonally Adjusted),2006Q4,"Professional, Admin and Support Services",1282.024
Compensation of Employees at Current Prices (Seasonally Adjusted),2006Q4,"Professional, Admin and Support Services",227.55
Compensation of Employees at Current Prices (Seasonally Adjusted),2006Q4,"Public Admin, Education and Health",5333.554
Compensation of Employees at Current Prices (Seasonally Adjusted),2006Q4,"Public Admin, Education and Health",4596.475
Compensation of Employees at Current Prices (Seasonally Adjusted),2006Q4,"Public Admin, Education and Health",737.079
Compensation of Employees at Current Prices (Seasonally Adjusted),2006Q4,"Arts, Entertainment and Other Services",484.526
Compensation of Employees at Current Prices (Seasonally Adjusted),2006Q4,"Arts, Entertainment and Other Services",422.616
Compensation of Employees at Current Prices (Seasonally Adjusted),2006Q4,"Arts, Entertainment and Other Services",61.91
Compensation of Employees at Current Prices (Seasonally Adjusted),2006Q4,All Sectors,18691.568
Compensation of Employees at Current Prices (Seasonally Adjusted),2006Q4,All Sectors,15760.11
Compensation of Employees at Current Prices (Seasonally Adjusted),2006Q4,All Sectors,2931.458
Compensation of Employees at Current Prices (Seasonally Adjusted),2007Q1,"Agriculture, Forestry and Fishing",151.948
Compensation of Employees at Current Prices (Seasonally Adjusted),2007Q1,"Agriculture, Forestry and Fishing",123.081
Compensation of Employees at Current Prices (Seasonally Adjusted),2007Q1,"Agriculture, Forestry and Fishing",28.867
Compensation of Employees at Current Prices (Seasonally Adjusted),2007Q1,Industry (excl. Construction),2979.084
Compensation of Employees at Current Prices (Seasonally Adjusted),2007Q1,Industry (excl. Construction),2611.085
Compensation of Employees at Current Prices (Seasonally Adjusted),2007Q1,Industry (excl. Construction),367.999
Compensation of Employees at Current Prices (Seasonally Adjusted),2007Q1,Industry - of which Manufacturing,2547.452
Compensation of Employees at Current Prices (Seasonally Adjusted),2007Q1,Industry - of which Manufacturing,2236.06
Compensation of Employees at Current Prices (Seasonally Adjusted),2007Q1,Industry - of which Manufacturing,311.391
Compensation of Employees at Current Prices (Seasonally Adjusted),2007Q1,Construction,2734.817
Compensation of Employees at Current Prices (Seasonally Adjusted),2007Q1,Construction,2226.302
Compensation of Employees at Current Prices (Seasonally Adjusted),2007Q1,Construction,508.515
Compensation of Employees at Current Prices (Seasonally Adjusted),2007Q1,"Distribution, Transport, Hotels and Restaurants",3396.867
Compensation of Employees at Current Prices (Seasonally Adjusted),2007Q1,"Distribution, Transport, Hotels and Restaurants",2818.606
Compensation of Employees at Current Prices (Seasonally Adjusted),2007Q1,"Distribution, Transport, Hotels and Restaurants",578.261
Compensation of Employees at Current Prices (Seasonally Adjusted),2007Q1,Information and Communication,781.375
Compensation of Employees at Current Prices (Seasonally Adjusted),2007Q1,Information and Communication,640.655
Compensation of Employees at Current Prices (Seasonally Adjusted),2007Q1,Information and Communication,140.72
Compensation of Employees at Current Prices (Seasonally Adjusted),2007Q1,Financial and Insurance Activities,1526.496
Compensation of Employees at Current Prices (Seasonally Adjusted),2007Q1,Financial and Insurance Activities,1209.793
Compensation of Employees at Current Prices (Seasonally Adjusted),2007Q1,Financial and Insurance Activities,316.703
Compensation of Employees at Current Prices (Seasonally Adjusted),2007Q1,Real Estate Activities,88.478
Compensation of Employees at Current Prices (Seasonally Adjusted),2007Q1,Real Estate Activities,74.948
Compensation of Employees at Current Prices (Seasonally Adjusted),2007Q1,Real Estate Activities,13.53
Compensation of Employees at Current Prices (Seasonally Adjusted),2007Q1,"Professional, Admin and Support Services",1575.677
Compensation of Employees at Current Prices (Seasonally Adjusted),2007Q1,"Professional, Admin and Support Services",1341.859
Compensation of Employees at Current Prices (Seasonally Adjusted),2007Q1,"Professional, Admin and Support Services",233.818
Compensation of Employees at Current Prices (Seasonally Adjusted),2007Q1,"Public Admin, Education and Health",5557.708
Compensation of Employees at Current Prices (Seasonally Adjusted),2007Q1,"Public Admin, Education and Health",4776.968
Compensation of Employees at Current Prices (Seasonally Adjusted),2007Q1,"Public Admin, Education and Health",780.741
Compensation of Employees at Current Prices (Seasonally Adjusted),2007Q1,"Arts, Entertainment and Other Services",464.745
Compensation of Employees at Current Prices (Seasonally Adjusted),2007Q1,"Arts, Entertainment and Other Services",405.049
Compensation of Employees at Current Prices (Seasonally Adjusted),2007Q1,"Arts, Entertainment and Other Services",59.696
Compensation of Employees at Current Prices (Seasonally Adjusted),2007Q1,All Sectors,19257.195
Compensation of Employees at Current Prices (Seasonally Adjusted),2007Q1,All Sectors,16228.345
Compensation of Employees at Current Prices (Seasonally Adjusted),2007Q1,All Sectors,3028.85
Compensation of Employees at Current Prices (Seasonally Adjusted),2007Q2,"Agriculture, Forestry and Fishing",157.926
Compensation of Employees at Current Prices (Seasonally Adjusted),2007Q2,"Agriculture, Forestry and Fishing",127.723
Compensation of Employees at Current Prices (Seasonally Adjusted),2007Q2,"Agriculture, Forestry and Fishing",30.203
Compensation of Employees at Current Prices (Seasonally Adjusted),2007Q2,Industry (excl. Construction),3006.77
Compensation of Employees at Current Prices (Seasonally Adjusted),2007Q2,Industry (excl. Construction),2634.767
Compensation of Employees at Current Prices (Seasonally Adjusted),2007Q2,Industry (excl. Construction),372.003
Compensation of Employees at Current Prices (Seasonally Adjusted),2007Q2,Industry - of which Manufacturing,2576.224
Compensation of Employees at Current Prices (Seasonally Adjusted),2007Q2,Industry - of which Manufacturing,2260.45
Compensation of Employees at Current Prices (Seasonally Adjusted),2007Q2,Industry - of which Manufacturing,315.774
Compensation of Employees at Current Prices (Seasonally Adjusted),2007Q2,Construction,2737.981
Compensation of Employees at Current Prices (Seasonally Adjusted),2007Q2,Construction,2227.569
Compensation of Employees at Current Prices (Seasonally Adjusted),2007Q2,Construction,510.413
Compensation of Employees at Current Prices (Seasonally Adjusted),2007Q2,"Distribution, Transport, Hotels and Restaurants",3641.161
Compensation of Employees at Current Prices (Seasonally Adjusted),2007Q2,"Distribution, Transport, Hotels and Restaurants",3020.877
Compensation of Employees at Current Prices (Seasonally Adjusted),2007Q2,"Distribution, Transport, Hotels and Restaurants",620.284
Compensation of Employees at Current Prices (Seasonally Adjusted),2007Q2,Information and Communication,860.862
Compensation of Employees at Current Prices (Seasonally Adjusted),2007Q2,Information and Communication,705.827
Compensation of Employees at Current Prices (Seasonally Adjusted),2007Q2,Information and Communication,155.035
Compensation of Employees at Current Prices (Seasonally Adjusted),2007Q2,Financial and Insurance Activities,1328.245
Compensation of Employees at Current Prices (Seasonally Adjusted),2007Q2,Financial and Insurance Activities,1052.826
Compensation of Employees at Current Prices (Seasonally Adjusted),2007Q2,Financial and Insurance Activities,275.418
Compensation of Employees at Current Prices (Seasonally Adjusted),2007Q2,Real Estate Activities,92.255
Compensation of Employees at Current Prices (Seasonally Adjusted),2007Q2,Real Estate Activities,78.148
Compensation of Employees at Current Prices (Seasonally Adjusted),2007Q2,Real Estate Activities,14.107
Compensation of Employees at Current Prices (Seasonally Adjusted),2007Q2,"Professional, Admin and Support Services",1632.901
Compensation of Employees at Current Prices (Seasonally Adjusted),2007Q2,"Professional, Admin and Support Services",1390.59
Compensation of Employees at Current Prices (Seasonally Adjusted),2007Q2,"Professional, Admin and Support Services",242.31
Compensation of Employees at Current Prices (Seasonally Adjusted),2007Q2,"Public Admin, Education and Health",5601.701
Compensation of Employees at Current Prices (Seasonally Adjusted),2007Q2,"Public Admin, Education and Health",4814.752
Compensation of Employees at Current Prices (Seasonally Adjusted),2007Q2,"Public Admin, Education and Health",786.949
Compensation of Employees at Current Prices (Seasonally Adjusted),2007Q2,"Arts, Entertainment and Other Services",497.82
Compensation of Employees at Current Prices (Seasonally Adjusted),2007Q2,"Arts, Entertainment and Other Services",432.793
Compensation of Employees at Current Prices (Seasonally Adjusted),2007Q2,"Arts, Entertainment and Other Services",65.027
Compensation of Employees at Current Prices (Seasonally Adjusted),2007Q2,All Sectors,19557.622
Compensation of Employees at Current Prices (Seasonally Adjusted),2007Q2,All Sectors,16485.874
Compensation of Employees at Current Prices (Seasonally Adjusted),2007Q2,All Sectors,3071.749
Compensation of Employees at Current Prices (Seasonally Adjusted),2007Q3,"Agriculture, Forestry and Fishing",139.786
Compensation of Employees at Current Prices (Seasonally Adjusted),2007Q3,"Agriculture, Forestry and Fishing",112.768
Compensation of Employees at Current Prices (Seasonally Adjusted),2007Q3,"Agriculture, Forestry and Fishing",27.018
Compensation of Employees at Current Prices (Seasonally Adjusted),2007Q3,Industry (excl. Construction),3023.138
Compensation of Employees at Current Prices (Seasonally Adjusted),2007Q3,Industry (excl. Construction),2648.747
Compensation of Employees at Current Prices (Seasonally Adjusted),2007Q3,Industry (excl. Construction),374.391
Compensation of Employees at Current Prices (Seasonally Adjusted),2007Q3,Industry - of which Manufacturing,2630.651
Compensation of Employees at Current Prices (Seasonally Adjusted),2007Q3,Industry - of which Manufacturing,2306.794
Compensation of Employees at Current Prices (Seasonally Adjusted),2007Q3,Industry - of which Manufacturing,323.857
Compensation of Employees at Current Prices (Seasonally Adjusted),2007Q3,Construction,2671.297
Compensation of Employees at Current Prices (Seasonally Adjusted),2007Q3,Construction,2178.298
Compensation of Employees at Current Prices (Seasonally Adjusted),2007Q3,Construction,492.999
Compensation of Employees at Current Prices (Seasonally Adjusted),2007Q3,"Distribution, Transport, Hotels and Restaurants",3904.507
Compensation of Employees at Current Prices (Seasonally Adjusted),2007Q3,"Distribution, Transport, Hotels and Restaurants",3242.909
Compensation of Employees at Current Prices (Seasonally Adjusted),2007Q3,"Distribution, Transport, Hotels and Restaurants",661.598
Compensation of Employees at Current Prices (Seasonally Adjusted),2007Q3,Information and Communication,806.882
Compensation of Employees at Current Prices (Seasonally Adjusted),2007Q3,Information and Communication,661.569
Compensation of Employees at Current Prices (Seasonally Adjusted),2007Q3,Information and Communication,145.313
Compensation of Employees at Current Prices (Seasonally Adjusted),2007Q3,Financial and Insurance Activities,1640.654
Compensation of Employees at Current Prices (Seasonally Adjusted),2007Q3,Financial and Insurance Activities,1301.111
Compensation of Employees at Current Prices (Seasonally Adjusted),2007Q3,Financial and Insurance Activities,339.543
Compensation of Employees at Current Prices (Seasonally Adjusted),2007Q3,Real Estate Activities,98.341
Compensation of Employees at Current Prices (Seasonally Adjusted),2007Q3,Real Estate Activities,83.302
Compensation of Employees at Current Prices (Seasonally Adjusted),2007Q3,Real Estate Activities,15.038
Compensation of Employees at Current Prices (Seasonally Adjusted),2007Q3,"Professional, Admin and Support Services",1728.72
Compensation of Employees at Current Prices (Seasonally Adjusted),2007Q3,"Professional, Admin and Support Services",1472.191
Compensation of Employees at Current Prices (Seasonally Adjusted),2007Q3,"Professional, Admin and Support Services",256.529
Compensation of Employees at Current Prices (Seasonally Adjusted),2007Q3,"Public Admin, Education and Health",5688.613
Compensation of Employees at Current Prices (Seasonally Adjusted),2007Q3,"Public Admin, Education and Health",4884.844
Compensation of Employees at Current Prices (Seasonally Adjusted),2007Q3,"Public Admin, Education and Health",803.769
Compensation of Employees at Current Prices (Seasonally Adjusted),2007Q3,"Arts, Entertainment and Other Services",488.436
Compensation of Employees at Current Prices (Seasonally Adjusted),2007Q3,"Arts, Entertainment and Other Services",422.162
Compensation of Employees at Current Prices (Seasonally Adjusted),2007Q3,"Arts, Entertainment and Other Services",66.274
Compensation of Employees at Current Prices (Seasonally Adjusted),2007Q3,All Sectors,20190.373
Compensation of Employees at Current Prices (Seasonally Adjusted),2007Q3,All Sectors,17007.901
Compensation of Employees at Current Prices (Seasonally Adjusted),2007Q3,All Sectors,3182.472
Compensation of Employees at Current Prices (Seasonally Adjusted),2007Q4,"Agriculture, Forestry and Fishing",159.007
Compensation of Employees at Current Prices (Seasonally Adjusted),2007Q4,"Agriculture, Forestry and Fishing",128.79
Compensation of Employees at Current Prices (Seasonally Adjusted),2007Q4,"Agriculture, Forestry and Fishing",30.217
Compensation of Employees at Current Prices (Seasonally Adjusted),2007Q4,Industry (excl. Construction),2980.437
Compensation of Employees at Current Prices (Seasonally Adjusted),2007Q4,Industry (excl. Construction),2605.833
Compensation of Employees at Current Prices (Seasonally Adjusted),2007Q4,Industry (excl. Construction),374.604
Compensation of Employees at Current Prices (Seasonally Adjusted),2007Q4,Industry - of which Manufacturing,2565.934
Compensation of Employees at Current Prices (Seasonally Adjusted),2007Q4,Industry - of which Manufacturing,2242.697
Compensation of Employees at Current Prices (Seasonally Adjusted),2007Q4,Industry - of which Manufacturing,323.236
Compensation of Employees at Current Prices (Seasonally Adjusted),2007Q4,Construction,2602.205
Compensation of Employees at Current Prices (Seasonally Adjusted),2007Q4,Construction,2124.414
Compensation of Employees at Current Prices (Seasonally Adjusted),2007Q4,Construction,477.79
Compensation of Employees at Current Prices (Seasonally Adjusted),2007Q4,"Distribution, Transport, Hotels and Restaurants",4230.588
Compensation of Employees at Current Prices (Seasonally Adjusted),2007Q4,"Distribution, Transport, Hotels and Restaurants",3520.766
Compensation of Employees at Current Prices (Seasonally Adjusted),2007Q4,"Distribution, Transport, Hotels and Restaurants",709.822
Compensation of Employees at Current Prices (Seasonally Adjusted),2007Q4,Information and Communication,965.552
Compensation of Employees at Current Prices (Seasonally Adjusted),2007Q4,Information and Communication,791.663
Compensation of Employees at Current Prices (Seasonally Adjusted),2007Q4,Information and Communication,173.889
Compensation of Employees at Current Prices (Seasonally Adjusted),2007Q4,Financial and Insurance Activities,1772.514
Compensation of Employees at Current Prices (Seasonally Adjusted),2007Q4,Financial and Insurance Activities,1410.218
Compensation of Employees at Current Prices (Seasonally Adjusted),2007Q4,Financial and Insurance Activities,362.296
Compensation of Employees at Current Prices (Seasonally Adjusted),2007Q4,Real Estate Activities,97.975
Compensation of Employees at Current Prices (Seasonally Adjusted),2007Q4,Real Estate Activities,82.993
Compensation of Employees at Current Prices (Seasonally Adjusted),2007Q4,Real Estate Activities,14.982
Compensation of Employees at Current Prices (Seasonally Adjusted),2007Q4,"Professional, Admin and Support Services",1687.562
Compensation of Employees at Current Prices (Seasonally Adjusted),2007Q4,"Professional, Admin and Support Services",1437.141
Compensation of Employees at Current Prices (Seasonally Adjusted),2007Q4,"Professional, Admin and Support Services",250.421
Compensation of Employees at Current Prices (Seasonally Adjusted),2007Q4,"Public Admin, Education and Health",5814.135
Compensation of Employees at Current Prices (Seasonally Adjusted),2007Q4,"Public Admin, Education and Health",4986.851
Compensation of Employees at Current Prices (Seasonally Adjusted),2007Q4,"Public Admin, Education and Health",827.285
Compensation of Employees at Current Prices (Seasonally Adjusted),2007Q4,"Arts, Entertainment and Other Services",503.581
Compensation of Employees at Current Prices (Seasonally Adjusted),2007Q4,"Arts, Entertainment and Other Services",436.258
Compensation of Employees at Current Prices (Seasonally Adjusted),2007Q4,"Arts, Entertainment and Other Services",67.323
Compensation of Employees at Current Prices (Seasonally Adjusted),2007Q4,All Sectors,20813.555
Compensation of Employees at Current Prices (Seasonally Adjusted),2007Q4,All Sectors,17524.926
Compensation of Employees at Current Prices (Seasonally Adjusted),2007Q4,All Sectors,3288.629
Compensation of Employees at Current Prices (Seasonally Adjusted),2008Q1,"Agriculture, Forestry and Fishing",154.065
Compensation of Employees at Current Prices (Seasonally Adjusted),2008Q1,"Agriculture, Forestry and Fishing",124.553
Compensation of Employees at Current Prices (Seasonally Adjusted),2008Q1,"Agriculture, Forestry and Fishing",29.512
Compensation of Employees at Current Prices (Seasonally Adjusted),2008Q1,Industry (excl. Construction),2991.142
Compensation of Employees at Current Prices (Seasonally Adjusted),2008Q1,Industry (excl. Construction),2553.787
Compensation of Employees at Current Prices (Seasonally Adjusted),2008Q1,Industry (excl. Construction),437.355
Compensation of Employees at Current Prices (Seasonally Adjusted),2008Q1,Industry - of which Manufacturing,2594.206
Compensation of Employees at Current Prices (Seasonally Adjusted),2008Q1,Industry - of which Manufacturing,2218.622
Compensation of Employees at Current Prices (Seasonally Adjusted),2008Q1,Industry - of which Manufacturing,375.585
Compensation of Employees at Current Prices (Seasonally Adjusted),2008Q1,Construction,2433.119
Compensation of Employees at Current Prices (Seasonally Adjusted),2008Q1,Construction,2038.139
Compensation of Employees at Current Prices (Seasonally Adjusted),2008Q1,Construction,394.98
Compensation of Employees at Current Prices (Seasonally Adjusted),2008Q1,"Distribution, Transport, Hotels and Restaurants",4153.552
Compensation of Employees at Current Prices (Seasonally Adjusted),2008Q1,"Distribution, Transport, Hotels and Restaurants",3593.234
Compensation of Employees at Current Prices (Seasonally Adjusted),2008Q1,"Distribution, Transport, Hotels and Restaurants",560.317
Compensation of Employees at Current Prices (Seasonally Adjusted),2008Q1,Information and Communication,987.881
Compensation of Employees at Current Prices (Seasonally Adjusted),2008Q1,Information and Communication,815.232
Compensation of Employees at Current Prices (Seasonally Adjusted),2008Q1,Information and Communication,172.649
Compensation of Employees at Current Prices (Seasonally Adjusted),2008Q1,Financial and Insurance Activities,1695.383
Compensation of Employees at Current Prices (Seasonally Adjusted),2008Q1,Financial and Insurance Activities,1326.156
Compensation of Employees at Current Prices (Seasonally Adjusted),2008Q1,Financial and Insurance Activities,369.227
Compensation of Employees at Current Prices (Seasonally Adjusted),2008Q1,Real Estate Activities,88.835
Compensation of Employees at Current Prices (Seasonally Adjusted),2008Q1,Real Estate Activities,78.602
Compensation of Employees at Current Prices (Seasonally Adjusted),2008Q1,Real Estate Activities,10.233
Compensation of Employees at Current Prices (Seasonally Adjusted),2008Q1,"Professional, Admin and Support Services",1764.631
Compensation of Employees at Current Prices (Seasonally Adjusted),2008Q1,"Professional, Admin and Support Services",1516.561
Compensation of Employees at Current Prices (Seasonally Adjusted),2008Q1,"Professional, Admin and Support Services",248.07
Compensation of Employees at Current Prices (Seasonally Adjusted),2008Q1,"Public Admin, Education and Health",5889.455
Compensation of Employees at Current Prices (Seasonally Adjusted),2008Q1,"Public Admin, Education and Health",5048.487
Compensation of Employees at Current Prices (Seasonally Adjusted),2008Q1,"Public Admin, Education and Health",840.969
Compensation of Employees at Current Prices (Seasonally Adjusted),2008Q1,"Arts, Entertainment and Other Services",499.887
Compensation of Employees at Current Prices (Seasonally Adjusted),2008Q1,"Arts, Entertainment and Other Services",441.442
Compensation of Employees at Current Prices (Seasonally Adjusted),2008Q1,"Arts, Entertainment and Other Services",58.445
Compensation of Employees at Current Prices (Seasonally Adjusted),2008Q1,All Sectors,20657.951
Compensation of Employees at Current Prices (Seasonally Adjusted),2008Q1,All Sectors,17536.195
Compensation of Employees at Current Prices (Seasonally Adjusted),2008Q1,All Sectors,3121.756
Compensation of Employees at Current Prices (Seasonally Adjusted),2008Q2,"Agriculture, Forestry and Fishing",159.212
Compensation of Employees at Current Prices (Seasonally Adjusted),2008Q2,"Agriculture, Forestry and Fishing",128.37
Compensation of Employees at Current Prices (Seasonally Adjusted),2008Q2,"Agriculture, Forestry and Fishing",30.842
Compensation of Employees at Current Prices (Seasonally Adjusted),2008Q2,Industry (excl. Construction),3040.75
Compensation of Employees at Current Prices (Seasonally Adjusted),2008Q2,Industry (excl. Construction),2598.703
Compensation of Employees at Current Prices (Seasonally Adjusted),2008Q2,Industry (excl. Construction),442.047
Compensation of Employees at Current Prices (Seasonally Adjusted),2008Q2,Industry - of which Manufacturing,2588.41
Compensation of Employees at Current Prices (Seasonally Adjusted),2008Q2,Industry - of which Manufacturing,2217.889
Compensation of Employees at Current Prices (Seasonally Adjusted),2008Q2,Industry - of which Manufacturing,370.522
Compensation of Employees at Current Prices (Seasonally Adjusted),2008Q2,Construction,2308.485
Compensation of Employees at Current Prices (Seasonally Adjusted),2008Q2,Construction,1930.983
Compensation of Employees at Current Prices (Seasonally Adjusted),2008Q2,Construction,377.502
Compensation of Employees at Current Prices (Seasonally Adjusted),2008Q2,"Distribution, Transport, Hotels and Restaurants",4042.484
Compensation of Employees at Current Prices (Seasonally Adjusted),2008Q2,"Distribution, Transport, Hotels and Restaurants",3489.083
Compensation of Employees at Current Prices (Seasonally Adjusted),2008Q2,"Distribution, Transport, Hotels and Restaurants",553.401
Compensation of Employees at Current Prices (Seasonally Adjusted),2008Q2,Information and Communication,917.916
Compensation of Employees at Current Prices (Seasonally Adjusted),2008Q2,Information and Communication,757.494
Compensation of Employees at Current Prices (Seasonally Adjusted),2008Q2,Information and Communication,160.422
Compensation of Employees at Current Prices (Seasonally Adjusted),2008Q2,Financial and Insurance Activities,1702.175
Compensation of Employees at Current Prices (Seasonally Adjusted),2008Q2,Financial and Insurance Activities,1333.047
Compensation of Employees at Current Prices (Seasonally Adjusted),2008Q2,Financial and Insurance Activities,369.128
Compensation of Employees at Current Prices (Seasonally Adjusted),2008Q2,Real Estate Activities,91.931
Compensation of Employees at Current Prices (Seasonally Adjusted),2008Q2,Real Estate Activities,81.342
Compensation of Employees at Current Prices (Seasonally Adjusted),2008Q2,Real Estate Activities,10.589
Compensation of Employees at Current Prices (Seasonally Adjusted),2008Q2,"Professional, Admin and Support Services",1786.934
Compensation of Employees at Current Prices (Seasonally Adjusted),2008Q2,"Professional, Admin and Support Services",1535.729
Compensation of Employees at Current Prices (Seasonally Adjusted),2008Q2,"Professional, Admin and Support Services",251.205
Compensation of Employees at Current Prices (Seasonally Adjusted),2008Q2,"Public Admin, Education and Health",6109.541
Compensation of Employees at Current Prices (Seasonally Adjusted),2008Q2,"Public Admin, Education and Health",5238.732
Compensation of Employees at Current Prices (Seasonally Adjusted),2008Q2,"Public Admin, Education and Health",870.809
Compensation of Employees at Current Prices (Seasonally Adjusted),2008Q2,"Arts, Entertainment and Other Services",511.865
Compensation of Employees at Current Prices (Seasonally Adjusted),2008Q2,"Arts, Entertainment and Other Services",451.192
Compensation of Employees at Current Prices (Seasonally Adjusted),2008Q2,"Arts, Entertainment and Other Services",60.673
Compensation of Employees at Current Prices (Seasonally Adjusted),2008Q2,All Sectors,20671.293
Compensation of Employees at Current Prices (Seasonally Adjusted),2008Q2,All Sectors,17544.675
Compensation of Employees at Current Prices (Seasonally Adjusted),2008Q2,All Sectors,3126.618
Compensation of Employees at Current Prices (Seasonally Adjusted),2008Q3,"Agriculture, Forestry and Fishing",131.849
Compensation of Employees at Current Prices (Seasonally Adjusted),2008Q3,"Agriculture, Forestry and Fishing",106.043
Compensation of Employees at Current Prices (Seasonally Adjusted),2008Q3,"Agriculture, Forestry and Fishing",25.806
Compensation of Employees at Current Prices (Seasonally Adjusted),2008Q3,Industry (excl. Construction),3034.667
Compensation of Employees at Current Prices (Seasonally Adjusted),2008Q3,Industry (excl. Construction),2590.308
Compensation of Employees at Current Prices (Seasonally Adjusted),2008Q3,Industry (excl. Construction),444.359
Compensation of Employees at Current Prices (Seasonally Adjusted),2008Q3,Industry - of which Manufacturing,2562.07
Compensation of Employees at Current Prices (Seasonally Adjusted),2008Q3,Industry - of which Manufacturing,2191.598
Compensation of Employees at Current Prices (Seasonally Adjusted),2008Q3,Industry - of which Manufacturing,370.472
Compensation of Employees at Current Prices (Seasonally Adjusted),2008Q3,Construction,2122.647
Compensation of Employees at Current Prices (Seasonally Adjusted),2008Q3,Construction,1782.166
Compensation of Employees at Current Prices (Seasonally Adjusted),2008Q3,Construction,340.481
Compensation of Employees at Current Prices (Seasonally Adjusted),2008Q3,"Distribution, Transport, Hotels and Restaurants",4015.745
Compensation of Employees at Current Prices (Seasonally Adjusted),2008Q3,"Distribution, Transport, Hotels and Restaurants",3462.273
Compensation of Employees at Current Prices (Seasonally Adjusted),2008Q3,"Distribution, Transport, Hotels and Restaurants",553.472
Compensation of Employees at Current Prices (Seasonally Adjusted),2008Q3,Information and Communication,978.948
Compensation of Employees at Current Prices (Seasonally Adjusted),2008Q3,Information and Communication,807.86
Compensation of Employees at Current Prices (Seasonally Adjusted),2008Q3,Information and Communication,171.088
Compensation of Employees at Current Prices (Seasonally Adjusted),2008Q3,Financial and Insurance Activities,1566.911
Compensation of Employees at Current Prices (Seasonally Adjusted),2008Q3,Financial and Insurance Activities,1226.665
Compensation of Employees at Current Prices (Seasonally Adjusted),2008Q3,Financial and Insurance Activities,340.246
Compensation of Employees at Current Prices (Seasonally Adjusted),2008Q3,Real Estate Activities,92.876
Compensation of Employees at Current Prices (Seasonally Adjusted),2008Q3,Real Estate Activities,82.178
Compensation of Employees at Current Prices (Seasonally Adjusted),2008Q3,Real Estate Activities,10.698
Compensation of Employees at Current Prices (Seasonally Adjusted),2008Q3,"Professional, Admin and Support Services",1695.429
Compensation of Employees at Current Prices (Seasonally Adjusted),2008Q3,"Professional, Admin and Support Services",1457.087
Compensation of Employees at Current Prices (Seasonally Adjusted),2008Q3,"Professional, Admin and Support Services",238.342
Compensation of Employees at Current Prices (Seasonally Adjusted),2008Q3,"Public Admin, Education and Health",6183.267
Compensation of Employees at Current Prices (Seasonally Adjusted),2008Q3,"Public Admin, Education and Health",5288.936
Compensation of Employees at Current Prices (Seasonally Adjusted),2008Q3,"Public Admin, Education and Health",894.331
Compensation of Employees at Current Prices (Seasonally Adjusted),2008Q3,"Arts, Entertainment and Other Services",548.603
Compensation of Employees at Current Prices (Seasonally Adjusted),2008Q3,"Arts, Entertainment and Other Services",481.383
Compensation of Employees at Current Prices (Seasonally Adjusted),2008Q3,"Arts, Entertainment and Other Services",67.22
Compensation of Employees at Current Prices (Seasonally Adjusted),2008Q3,All Sectors,20370.942
Compensation of Employees at Current Prices (Seasonally Adjusted),2008Q3,All Sectors,17284.9
Compensation of Employees at Current Prices (Seasonally Adjusted),2008Q3,All Sectors,3086.042
Compensation of Employees at Current Prices (Seasonally Adjusted),2008Q4,"Agriculture, Forestry and Fishing",130.263
Compensation of Employees at Current Prices (Seasonally Adjusted),2008Q4,"Agriculture, Forestry and Fishing",105.291
Compensation of Employees at Current Prices (Seasonally Adjusted),2008Q4,"Agriculture, Forestry and Fishing",24.972
Compensation of Employees at Current Prices (Seasonally Adjusted),2008Q4,Industry (excl. Construction),2970.098
Compensation of Employees at Current Prices (Seasonally Adjusted),2008Q4,Industry (excl. Construction),2528.859
Compensation of Employees at Current Prices (Seasonally Adjusted),2008Q4,Industry (excl. Construction),441.239
Compensation of Employees at Current Prices (Seasonally Adjusted),2008Q4,Industry - of which Manufacturing,2484.201
Compensation of Employees at Current Prices (Seasonally Adjusted),2008Q4,Industry - of which Manufacturing,2113.167
Compensation of Employees at Current Prices (Seasonally Adjusted),2008Q4,Industry - of which Manufacturing,371.034
Compensation of Employees at Current Prices (Seasonally Adjusted),2008Q4,Construction,2003.892
Compensation of Employees at Current Prices (Seasonally Adjusted),2008Q4,Construction,1681.809
Compensation of Employees at Current Prices (Seasonally Adjusted),2008Q4,Construction,322.083
Compensation of Employees at Current Prices (Seasonally Adjusted),2008Q4,"Distribution, Transport, Hotels and Restaurants",3778.15
Compensation of Employees at Current Prices (Seasonally Adjusted),2008Q4,"Distribution, Transport, Hotels and Restaurants",3255.14
Compensation of Employees at Current Prices (Seasonally Adjusted),2008Q4,"Distribution, Transport, Hotels and Restaurants",523.011
Compensation of Employees at Current Prices (Seasonally Adjusted),2008Q4,Information and Communication,918.061
Compensation of Employees at Current Prices (Seasonally Adjusted),2008Q4,Information and Communication,757.614
Compensation of Employees at Current Prices (Seasonally Adjusted),2008Q4,Information and Communication,160.447
Compensation of Employees at Current Prices (Seasonally Adjusted),2008Q4,Financial and Insurance Activities,1622.374
Compensation of Employees at Current Prices (Seasonally Adjusted),2008Q4,Financial and Insurance Activities,1278.817
Compensation of Employees at Current Prices (Seasonally Adjusted),2008Q4,Financial and Insurance Activities,343.557
Compensation of Employees at Current Prices (Seasonally Adjusted),2008Q4,Real Estate Activities,76.128
Compensation of Employees at Current Prices (Seasonally Adjusted),2008Q4,Real Estate Activities,67.359
Compensation of Employees at Current Prices (Seasonally Adjusted),2008Q4,Real Estate Activities,8.769
Compensation of Employees at Current Prices (Seasonally Adjusted),2008Q4,"Professional, Admin and Support Services",1613.665
Compensation of Employees at Current Prices (Seasonally Adjusted),2008Q4,"Professional, Admin and Support Services",1386.818
Compensation of Employees at Current Prices (Seasonally Adjusted),2008Q4,"Professional, Admin and Support Services",226.847
Compensation of Employees at Current Prices (Seasonally Adjusted),2008Q4,"Public Admin, Education and Health",6413.766
Compensation of Employees at Current Prices (Seasonally Adjusted),2008Q4,"Public Admin, Education and Health",5492.668
Compensation of Employees at Current Prices (Seasonally Adjusted),2008Q4,"Public Admin, Education and Health",921.098
Compensation of Employees at Current Prices (Seasonally Adjusted),2008Q4,"Arts, Entertainment and Other Services",527.624
Compensation of Employees at Current Prices (Seasonally Adjusted),2008Q4,"Arts, Entertainment and Other Services",463.701
Compensation of Employees at Current Prices (Seasonally Adjusted),2008Q4,"Arts, Entertainment and Other Services",63.923
Compensation of Employees at Current Prices (Seasonally Adjusted),2008Q4,All Sectors,20054.021
Compensation of Employees at Current Prices (Seasonally Adjusted),2008Q4,All Sectors,17018.076
Compensation of Employees at Current Prices (Seasonally Adjusted),2008Q4,All Sectors,3035.945
Compensation of Employees at Current Prices (Seasonally Adjusted),2009Q1,"Agriculture, Forestry and Fishing",132.576
Compensation of Employees at Current Prices (Seasonally Adjusted),2009Q1,"Agriculture, Forestry and Fishing",107.43
Compensation of Employees at Current Prices (Seasonally Adjusted),2009Q1,"Agriculture, Forestry and Fishing",25.147
Compensation of Employees at Current Prices (Seasonally Adjusted),2009Q1,Industry (excl. Construction),2862.84
Compensation of Employees at Current Prices (Seasonally Adjusted),2009Q1,Industry (excl. Construction),2401.231
Compensation of Employees at Current Prices (Seasonally Adjusted),2009Q1,Industry (excl. Construction),461.609
Compensation of Employees at Current Prices (Seasonally Adjusted),2009Q1,Industry - of which Manufacturing,2350.473
Compensation of Employees at Current Prices (Seasonally Adjusted),2009Q1,Industry - of which Manufacturing,1977.802
Compensation of Employees at Current Prices (Seasonally Adjusted),2009Q1,Industry - of which Manufacturing,372.671
Compensation of Employees at Current Prices (Seasonally Adjusted),2009Q1,Construction,1733.365
Compensation of Employees at Current Prices (Seasonally Adjusted),2009Q1,Construction,1440.458
Compensation of Employees at Current Prices (Seasonally Adjusted),2009Q1,Construction,292.907
Compensation of Employees at Current Prices (Seasonally Adjusted),2009Q1,"Distribution, Transport, Hotels and Restaurants",3687.239
Compensation of Employees at Current Prices (Seasonally Adjusted),2009Q1,"Distribution, Transport, Hotels and Restaurants",3199.706
Compensation of Employees at Current Prices (Seasonally Adjusted),2009Q1,"Distribution, Transport, Hotels and Restaurants",487.534
Compensation of Employees at Current Prices (Seasonally Adjusted),2009Q1,Information and Communication,973.674
Compensation of Employees at Current Prices (Seasonally Adjusted),2009Q1,Information and Communication,811.867
Compensation of Employees at Current Prices (Seasonally Adjusted),2009Q1,Information and Communication,161.807
Compensation of Employees at Current Prices (Seasonally Adjusted),2009Q1,Financial and Insurance Activities,1567.501
Compensation of Employees at Current Prices (Seasonally Adjusted),2009Q1,Financial and Insurance Activities,1196.973
Compensation of Employees at Current Prices (Seasonally Adjusted),2009Q1,Financial and Insurance Activities,370.528
Compensation of Employees at Current Prices (Seasonally Adjusted),2009Q1,Real Estate Activities,66.085
Compensation of Employees at Current Prices (Seasonally Adjusted),2009Q1,Real Estate Activities,58.326
Compensation of Employees at Current Prices (Seasonally Adjusted),2009Q1,Real Estate Activities,7.759
Compensation of Employees at Current Prices (Seasonally Adjusted),2009Q1,"Professional, Admin and Support Services",1631.687
Compensation of Employees at Current Prices (Seasonally Adjusted),2009Q1,"Professional, Admin and Support Services",1408.499
Compensation of Employees at Current Prices (Seasonally Adjusted),2009Q1,"Professional, Admin and Support Services",223.188
Compensation of Employees at Current Prices (Seasonally Adjusted),2009Q1,"Public Admin, Education and Health",6285.926
Compensation of Employees at Current Prices (Seasonally Adjusted),2009Q1,"Public Admin, Education and Health",5375.772
Compensation of Employees at Current Prices (Seasonally Adjusted),2009Q1,"Public Admin, Education and Health",910.154
Compensation of Employees at Current Prices (Seasonally Adjusted),2009Q1,"Arts, Entertainment and Other Services",527.062
Compensation of Employees at Current Prices (Seasonally Adjusted),2009Q1,"Arts, Entertainment and Other Services",469.182
Compensation of Employees at Current Prices (Seasonally Adjusted),2009Q1,"Arts, Entertainment and Other Services",57.88
Compensation of Employees at Current Prices (Seasonally Adjusted),2009Q1,All Sectors,19467.956
Compensation of Employees at Current Prices (Seasonally Adjusted),2009Q1,All Sectors,16469.443
Compensation of Employees at Current Prices (Seasonally Adjusted),2009Q1,All Sectors,2998.513
Compensation of Employees at Current Prices (Seasonally Adjusted),2009Q2,"Agriculture, Forestry and Fishing",138.691
Compensation of Employees at Current Prices (Seasonally Adjusted),2009Q2,"Agriculture, Forestry and Fishing",112.139
Compensation of Employees at Current Prices (Seasonally Adjusted),2009Q2,"Agriculture, Forestry and Fishing",26.552
Compensation of Employees at Current Prices (Seasonally Adjusted),2009Q2,Industry (excl. Construction),2736.321
Compensation of Employees at Current Prices (Seasonally Adjusted),2009Q2,Industry (excl. Construction),2284.551
Compensation of Employees at Current Prices (Seasonally Adjusted),2009Q2,Industry (excl. Construction),451.77
Compensation of Employees at Current Prices (Seasonally Adjusted),2009Q2,Industry - of which Manufacturing,2253.709
Compensation of Employees at Current Prices (Seasonally Adjusted),2009Q2,Industry - of which Manufacturing,1892.417
Compensation of Employees at Current Prices (Seasonally Adjusted),2009Q2,Industry - of which Manufacturing,361.292
Compensation of Employees at Current Prices (Seasonally Adjusted),2009Q2,Construction,1381.338
Compensation of Employees at Current Prices (Seasonally Adjusted),2009Q2,Construction,1145.029
Compensation of Employees at Current Prices (Seasonally Adjusted),2009Q2,Construction,236.309
Compensation of Employees at Current Prices (Seasonally Adjusted),2009Q2,"Distribution, Transport, Hotels and Restaurants",3614.563
Compensation of Employees at Current Prices (Seasonally Adjusted),2009Q2,"Distribution, Transport, Hotels and Restaurants",3134.38
Compensation of Employees at Current Prices (Seasonally Adjusted),2009Q2,"Distribution, Transport, Hotels and Restaurants",480.183
Compensation of Employees at Current Prices (Seasonally Adjusted),2009Q2,Information and Communication,950.009
Compensation of Employees at Current Prices (Seasonally Adjusted),2009Q2,Information and Communication,792.135
Compensation of Employees at Current Prices (Seasonally Adjusted),2009Q2,Information and Communication,157.874
Compensation of Employees at Current Prices (Seasonally Adjusted),2009Q2,Financial and Insurance Activities,1548.306
Compensation of Employees at Current Prices (Seasonally Adjusted),2009Q2,Financial and Insurance Activities,1186.72
Compensation of Employees at Current Prices (Seasonally Adjusted),2009Q2,Financial and Insurance Activities,361.586
Compensation of Employees at Current Prices (Seasonally Adjusted),2009Q2,Real Estate Activities,68.851
Compensation of Employees at Current Prices (Seasonally Adjusted),2009Q2,Real Estate Activities,60.767
Compensation of Employees at Current Prices (Seasonally Adjusted),2009Q2,Real Estate Activities,8.084
Compensation of Employees at Current Prices (Seasonally Adjusted),2009Q2,"Professional, Admin and Support Services",1539.497
Compensation of Employees at Current Prices (Seasonally Adjusted),2009Q2,"Professional, Admin and Support Services",1328.919
Compensation of Employees at Current Prices (Seasonally Adjusted),2009Q2,"Professional, Admin and Support Services",210.578
Compensation of Employees at Current Prices (Seasonally Adjusted),2009Q2,"Public Admin, Education and Health",6174.536
Compensation of Employees at Current Prices (Seasonally Adjusted),2009Q2,"Public Admin, Education and Health",5273.58
Compensation of Employees at Current Prices (Seasonally Adjusted),2009Q2,"Public Admin, Education and Health",900.956
Compensation of Employees at Current Prices (Seasonally Adjusted),2009Q2,"Arts, Entertainment and Other Services",495.523
Compensation of Employees at Current Prices (Seasonally Adjusted),2009Q2,"Arts, Entertainment and Other Services",440.514
Compensation of Employees at Current Prices (Seasonally Adjusted),2009Q2,"Arts, Entertainment and Other Services",55.009
Compensation of Employees at Current Prices (Seasonally Adjusted),2009Q2,All Sectors,18647.635
Compensation of Employees at Current Prices (Seasonally Adjusted),2009Q2,All Sectors,15758.734
Compensation of Employees at Current Prices (Seasonally Adjusted),2009Q2,All Sectors,2888.901
Compensation of Employees at Current Prices (Seasonally Adjusted),2009Q3,"Agriculture, Forestry and Fishing",149.602
Compensation of Employees at Current Prices (Seasonally Adjusted),2009Q3,"Agriculture, Forestry and Fishing",120.834
Compensation of Employees at Current Prices (Seasonally Adjusted),2009Q3,"Agriculture, Forestry and Fishing",28.767
Compensation of Employees at Current Prices (Seasonally Adjusted),2009Q3,Industry (excl. Construction),2589.321
Compensation of Employees at Current Prices (Seasonally Adjusted),2009Q3,Industry (excl. Construction),2164.079
Compensation of Employees at Current Prices (Seasonally Adjusted),2009Q3,Industry (excl. Construction),425.242
Compensation of Employees at Current Prices (Seasonally Adjusted),2009Q3,Industry - of which Manufacturing,2126.104
Compensation of Employees at Current Prices (Seasonally Adjusted),2009Q3,Industry - of which Manufacturing,1786.902
Compensation of Employees at Current Prices (Seasonally Adjusted),2009Q3,Industry - of which Manufacturing,339.202
Compensation of Employees at Current Prices (Seasonally Adjusted),2009Q3,Construction,1295.307
Compensation of Employees at Current Prices (Seasonally Adjusted),2009Q3,Construction,1080.828
Compensation of Employees at Current Prices (Seasonally Adjusted),2009Q3,Construction,214.479
Compensation of Employees at Current Prices (Seasonally Adjusted),2009Q3,"Distribution, Transport, Hotels and Restaurants",3501.249
Compensation of Employees at Current Prices (Seasonally Adjusted),2009Q3,"Distribution, Transport, Hotels and Restaurants",3031.723
Compensation of Employees at Current Prices (Seasonally Adjusted),2009Q3,"Distribution, Transport, Hotels and Restaurants",469.526
Compensation of Employees at Current Prices (Seasonally Adjusted),2009Q3,Information and Communication,938.629
Compensation of Employees at Current Prices (Seasonally Adjusted),2009Q3,Information and Communication,782.646
Compensation of Employees at Current Prices (Seasonally Adjusted),2009Q3,Information and Communication,155.983
Compensation of Employees at Current Prices (Seasonally Adjusted),2009Q3,Financial and Insurance Activities,1643.315
Compensation of Employees at Current Prices (Seasonally Adjusted),2009Q3,Financial and Insurance Activities,1257.887
Compensation of Employees at Current Prices (Seasonally Adjusted),2009Q3,Financial and Insurance Activities,385.427
Compensation of Employees at Current Prices (Seasonally Adjusted),2009Q3,Real Estate Activities,73.995
Compensation of Employees at Current Prices (Seasonally Adjusted),2009Q3,Real Estate Activities,65.307
Compensation of Employees at Current Prices (Seasonally Adjusted),2009Q3,Real Estate Activities,8.688
Compensation of Employees at Current Prices (Seasonally Adjusted),2009Q3,"Professional, Admin and Support Services",1493.489
Compensation of Employees at Current Prices (Seasonally Adjusted),2009Q3,"Professional, Admin and Support Services",1289.204
Compensation of Employees at Current Prices (Seasonally Adjusted),2009Q3,"Professional, Admin and Support Services",204.285
Compensation of Employees at Current Prices (Seasonally Adjusted),2009Q3,"Public Admin, Education and Health",6162.371
Compensation of Employees at Current Prices (Seasonally Adjusted),2009Q3,"Public Admin, Education and Health",5254.413
Compensation of Employees at Current Prices (Seasonally Adjusted),2009Q3,"Public Admin, Education and Health",907.958
Compensation of Employees at Current Prices (Seasonally Adjusted),2009Q3,"Arts, Entertainment and Other Services",494.128
Compensation of Employees at Current Prices (Seasonally Adjusted),2009Q3,"Arts, Entertainment and Other Services",437.832
Compensation of Employees at Current Prices (Seasonally Adjusted),2009Q3,"Arts, Entertainment and Other Services",56.296
Compensation of Employees at Current Prices (Seasonally Adjusted),2009Q3,All Sectors,18341.405
Compensation of Employees at Current Prices (Seasonally Adjusted),2009Q3,All Sectors,15484.754
Compensation of Employees at Current Prices (Seasonally Adjusted),2009Q3,All Sectors,2856.651
Compensation of Employees at Current Prices (Seasonally Adjusted),2009Q4,"Agriculture, Forestry and Fishing",157.185
Compensation of Employees at Current Prices (Seasonally Adjusted),2009Q4,"Agriculture, Forestry and Fishing",127.368
Compensation of Employees at Current Prices (Seasonally Adjusted),2009Q4,"Agriculture, Forestry and Fishing",29.817
Compensation of Employees at Current Prices (Seasonally Adjusted),2009Q4,Industry (excl. Construction),2590.735
Compensation of Employees at Current Prices (Seasonally Adjusted),2009Q4,Industry (excl. Construction),2142.474
Compensation of Employees at Current Prices (Seasonally Adjusted),2009Q4,Industry (excl. Construction),448.261
Compensation of Employees at Current Prices (Seasonally Adjusted),2009Q4,Industry - of which Manufacturing,2162.726
Compensation of Employees at Current Prices (Seasonally Adjusted),2009Q4,Industry - of which Manufacturing,1802.929
Compensation of Employees at Current Prices (Seasonally Adjusted),2009Q4,Industry - of which Manufacturing,359.797
Compensation of Employees at Current Prices (Seasonally Adjusted),2009Q4,Construction,1178.1
Compensation of Employees at Current Prices (Seasonally Adjusted),2009Q4,Construction,979.627
Compensation of Employees at Current Prices (Seasonally Adjusted),2009Q4,Construction,198.473
Compensation of Employees at Current Prices (Seasonally Adjusted),2009Q4,"Distribution, Transport, Hotels and Restaurants",3448.898
Compensation of Employees at Current Prices (Seasonally Adjusted),2009Q4,"Distribution, Transport, Hotels and Restaurants",3001.494
Compensation of Employees at Current Prices (Seasonally Adjusted),2009Q4,"Distribution, Transport, Hotels and Restaurants",447.404
Compensation of Employees at Current Prices (Seasonally Adjusted),2009Q4,Information and Communication,962.391
Compensation of Employees at Current Prices (Seasonally Adjusted),2009Q4,Information and Communication,802.459
Compensation of Employees at Current Prices (Seasonally Adjusted),2009Q4,Information and Communication,159.932
Compensation of Employees at Current Prices (Seasonally Adjusted),2009Q4,Financial and Insurance Activities,1633.68
Compensation of Employees at Current Prices (Seasonally Adjusted),2009Q4,Financial and Insurance Activities,1263.56
Compensation of Employees at Current Prices (Seasonally Adjusted),2009Q4,Financial and Insurance Activities,370.119
Compensation of Employees at Current Prices (Seasonally Adjusted),2009Q4,Real Estate Activities,56.489
Compensation of Employees at Current Prices (Seasonally Adjusted),2009Q4,Real Estate Activities,49.857
Compensation of Employees at Current Prices (Seasonally Adjusted),2009Q4,Real Estate Activities,6.632
Compensation of Employees at Current Prices (Seasonally Adjusted),2009Q4,"Professional, Admin and Support Services",1483.992
Compensation of Employees at Current Prices (Seasonally Adjusted),2009Q4,"Professional, Admin and Support Services",1281.006
Compensation of Employees at Current Prices (Seasonally Adjusted),2009Q4,"Professional, Admin and Support Services",202.986
Compensation of Employees at Current Prices (Seasonally Adjusted),2009Q4,"Public Admin, Education and Health",5994.407
Compensation of Employees at Current Prices (Seasonally Adjusted),2009Q4,"Public Admin, Education and Health",5098.081
Compensation of Employees at Current Prices (Seasonally Adjusted),2009Q4,"Public Admin, Education and Health",896.326
Compensation of Employees at Current Prices (Seasonally Adjusted),2009Q4,"Arts, Entertainment and Other Services",506.782
Compensation of Employees at Current Prices (Seasonally Adjusted),2009Q4,"Arts, Entertainment and Other Services",449.569
Compensation of Employees at Current Prices (Seasonally Adjusted),2009Q4,"Arts, Entertainment and Other Services",57.213
Compensation of Employees at Current Prices (Seasonally Adjusted),2009Q4,All Sectors,18012.659
Compensation of Employees at Current Prices (Seasonally Adjusted),2009Q4,All Sectors,15195.495
Compensation of Employees at Current Prices (Seasonally Adjusted),2009Q4,All Sectors,2817.164
Compensation of Employees at Current Prices (Seasonally Adjusted),2010Q1,"Agriculture, Forestry and Fishing",153.06
Compensation of Employees at Current Prices (Seasonally Adjusted),2010Q1,"Agriculture, Forestry and Fishing",125.276
Compensation of Employees at Current Prices (Seasonally Adjusted),2010Q1,"Agriculture, Forestry and Fishing",27.784
Compensation of Employees at Current Prices (Seasonally Adjusted),2010Q1,Industry (excl. Construction),2467.395
Compensation of Employees at Current Prices (Seasonally Adjusted),2010Q1,Industry (excl. Construction),2091.539
Compensation of Employees at Current Prices (Seasonally Adjusted),2010Q1,Industry (excl. Construction),375.856
Compensation of Employees at Current Prices (Seasonally Adjusted),2010Q1,Industry - of which Manufacturing,2090.502
Compensation of Employees at Current Prices (Seasonally Adjusted),2010Q1,Industry - of which Manufacturing,1775.977
Compensation of Employees at Current Prices (Seasonally Adjusted),2010Q1,Industry - of which Manufacturing,314.525
Compensation of Employees at Current Prices (Seasonally Adjusted),2010Q1,Construction,1138.602
Compensation of Employees at Current Prices (Seasonally Adjusted),2010Q1,Construction,937.193
Compensation of Employees at Current Prices (Seasonally Adjusted),2010Q1,Construction,201.408
Compensation of Employees at Current Prices (Seasonally Adjusted),2010Q1,"Distribution, Transport, Hotels and Restaurants",3387.511
Compensation of Employees at Current Prices (Seasonally Adjusted),2010Q1,"Distribution, Transport, Hotels and Restaurants",2956.912
Compensation of Employees at Current Prices (Seasonally Adjusted),2010Q1,"Distribution, Transport, Hotels and Restaurants",430.599
Compensation of Employees at Current Prices (Seasonally Adjusted),2010Q1,Information and Communication,989.435
Compensation of Employees at Current Prices (Seasonally Adjusted),2010Q1,Information and Communication,841.276
Compensation of Employees at Current Prices (Seasonally Adjusted),2010Q1,Information and Communication,148.159
Compensation of Employees at Current Prices (Seasonally Adjusted),2010Q1,Financial and Insurance Activities,1687.272
Compensation of Employees at Current Prices (Seasonally Adjusted),2010Q1,Financial and Insurance Activities,1363.06
Compensation of Employees at Current Prices (Seasonally Adjusted),2010Q1,Financial and Insurance Activities,324.211
Compensation of Employees at Current Prices (Seasonally Adjusted),2010Q1,Real Estate Activities,76.45
Compensation of Employees at Current Prices (Seasonally Adjusted),2010Q1,Real Estate Activities,68.286
Compensation of Employees at Current Prices (Seasonally Adjusted),2010Q1,Real Estate Activities,8.165
Compensation of Employees at Current Prices (Seasonally Adjusted),2010Q1,"Professional, Admin and Support Services",1517.875
Compensation of Employees at Current Prices (Seasonally Adjusted),2010Q1,"Professional, Admin and Support Services",1313.518
Compensation of Employees at Current Prices (Seasonally Adjusted),2010Q1,"Professional, Admin and Support Services",204.358
Compensation of Employees at Current Prices (Seasonally Adjusted),2010Q1,"Public Admin, Education and Health",5795.98
Compensation of Employees at Current Prices (Seasonally Adjusted),2010Q1,"Public Admin, Education and Health",4927.254
Compensation of Employees at Current Prices (Seasonally Adjusted),2010Q1,"Public Admin, Education and Health",868.725
Compensation of Employees at Current Prices (Seasonally Adjusted),2010Q1,"Arts, Entertainment and Other Services",432.62
Compensation of Employees at Current Prices (Seasonally Adjusted),2010Q1,"Arts, Entertainment and Other Services",385.628
Compensation of Employees at Current Prices (Seasonally Adjusted),2010Q1,"Arts, Entertainment and Other Services",46.992
Compensation of Employees at Current Prices (Seasonally Adjusted),2010Q1,All Sectors,17646.2
Compensation of Employees at Current Prices (Seasonally Adjusted),2010Q1,All Sectors,15009.943
Compensation of Employees at Current Prices (Seasonally Adjusted),2010Q1,All Sectors,2636.257
Compensation of Employees at Current Prices (Seasonally Adjusted),2010Q2,"Agriculture, Forestry and Fishing",152.53
Compensation of Employees at Current Prices (Seasonally Adjusted),2010Q2,"Agriculture, Forestry and Fishing",125.572
Compensation of Employees at Current Prices (Seasonally Adjusted),2010Q2,"Agriculture, Forestry and Fishing",26.958
Compensation of Employees at Current Prices (Seasonally Adjusted),2010Q2,Industry (excl. Construction),2466.538
Compensation of Employees at Current Prices (Seasonally Adjusted),2010Q2,Industry (excl. Construction),2069.289
Compensation of Employees at Current Prices (Seasonally Adjusted),2010Q2,Industry (excl. Construction),397.249
Compensation of Employees at Current Prices (Seasonally Adjusted),2010Q2,Industry - of which Manufacturing,2108.321
Compensation of Employees at Current Prices (Seasonally Adjusted),2010Q2,Industry - of which Manufacturing,1772.353
Compensation of Employees at Current Prices (Seasonally Adjusted),2010Q2,Industry - of which Manufacturing,335.969
Compensation of Employees at Current Prices (Seasonally Adjusted),2010Q2,Construction,968.425
Compensation of Employees at Current Prices (Seasonally Adjusted),2010Q2,Construction,811.842
Compensation of Employees at Current Prices (Seasonally Adjusted),2010Q2,Construction,156.583
Compensation of Employees at Current Prices (Seasonally Adjusted),2010Q2,"Distribution, Transport, Hotels and Restaurants",3412.704
Compensation of Employees at Current Prices (Seasonally Adjusted),2010Q2,"Distribution, Transport, Hotels and Restaurants",2983.214
Compensation of Employees at Current Prices (Seasonally Adjusted),2010Q2,"Distribution, Transport, Hotels and Restaurants",429.489
Compensation of Employees at Current Prices (Seasonally Adjusted),2010Q2,Information and Communication,1057.686
Compensation of Employees at Current Prices (Seasonally Adjusted),2010Q2,Information and Communication,849.882
Compensation of Employees at Current Prices (Seasonally Adjusted),2010Q2,Information and Communication,207.804
Compensation of Employees at Current Prices (Seasonally Adjusted),2010Q2,Financial and Insurance Activities,1732.194
Compensation of Employees at Current Prices (Seasonally Adjusted),2010Q2,Financial and Insurance Activities,1378.102
Compensation of Employees at Current Prices (Seasonally Adjusted),2010Q2,Financial and Insurance Activities,354.092
Compensation of Employees at Current Prices (Seasonally Adjusted),2010Q2,Real Estate Activities,69.904
Compensation of Employees at Current Prices (Seasonally Adjusted),2010Q2,Real Estate Activities,62.763
Compensation of Employees at Current Prices (Seasonally Adjusted),2010Q2,Real Estate Activities,7.141
Compensation of Employees at Current Prices (Seasonally Adjusted),2010Q2,"Professional, Admin and Support Services",1461.872
Compensation of Employees at Current Prices (Seasonally Adjusted),2010Q2,"Professional, Admin and Support Services",1278.847
Compensation of Employees at Current Prices (Seasonally Adjusted),2010Q2,"Professional, Admin and Support Services",183.024
Compensation of Employees at Current Prices (Seasonally Adjusted),2010Q2,"Public Admin, Education and Health",5744.676
Compensation of Employees at Current Prices (Seasonally Adjusted),2010Q2,"Public Admin, Education and Health",4937.76
Compensation of Employees at Current Prices (Seasonally Adjusted),2010Q2,"Public Admin, Education and Health",806.916
Compensation of Employees at Current Prices (Seasonally Adjusted),2010Q2,"Arts, Entertainment and Other Services",438.032
Compensation of Employees at Current Prices (Seasonally Adjusted),2010Q2,"Arts, Entertainment and Other Services",392.291
Compensation of Employees at Current Prices (Seasonally Adjusted),2010Q2,"Arts, Entertainment and Other Services",45.741
Compensation of Employees at Current Prices (Seasonally Adjusted),2010Q2,All Sectors,17504.561
Compensation of Employees at Current Prices (Seasonally Adjusted),2010Q2,All Sectors,14889.564
Compensation of Employees at Current Prices (Seasonally Adjusted),2010Q2,All Sectors,2614.997
Compensation of Employees at Current Prices (Seasonally Adjusted),2010Q3,"Agriculture, Forestry and Fishing",151.876
Compensation of Employees at Current Prices (Seasonally Adjusted),2010Q3,"Agriculture, Forestry and Fishing",125.632
Compensation of Employees at Current Prices (Seasonally Adjusted),2010Q3,"Agriculture, Forestry and Fishing",26.244
Compensation of Employees at Current Prices (Seasonally Adjusted),2010Q3,Industry (excl. Construction),2499.947
Compensation of Employees at Current Prices (Seasonally Adjusted),2010Q3,Industry (excl. Construction),2083.677
Compensation of Employees at Current Prices (Seasonally Adjusted),2010Q3,Industry (excl. Construction),416.269
Compensation of Employees at Current Prices (Seasonally Adjusted),2010Q3,Industry - of which Manufacturing,2159.721
Compensation of Employees at Current Prices (Seasonally Adjusted),2010Q3,Industry - of which Manufacturing,1804.464
Compensation of Employees at Current Prices (Seasonally Adjusted),2010Q3,Industry - of which Manufacturing,355.257
Compensation of Employees at Current Prices (Seasonally Adjusted),2010Q3,Construction,817.144
Compensation of Employees at Current Prices (Seasonally Adjusted),2010Q3,Construction,704.384
Compensation of Employees at Current Prices (Seasonally Adjusted),2010Q3,Construction,112.76
Compensation of Employees at Current Prices (Seasonally Adjusted),2010Q3,"Distribution, Transport, Hotels and Restaurants",3391.542
Compensation of Employees at Current Prices (Seasonally Adjusted),2010Q3,"Distribution, Transport, Hotels and Restaurants",2964.327
Compensation of Employees at Current Prices (Seasonally Adjusted),2010Q3,"Distribution, Transport, Hotels and Restaurants",427.215
Compensation of Employees at Current Prices (Seasonally Adjusted),2010Q3,Information and Communication,1053.829
Compensation of Employees at Current Prices (Seasonally Adjusted),2010Q3,Information and Communication,889.223
Compensation of Employees at Current Prices (Seasonally Adjusted),2010Q3,Information and Communication,164.606
Compensation of Employees at Current Prices (Seasonally Adjusted),2010Q3,Financial and Insurance Activities,1669.852
Compensation of Employees at Current Prices (Seasonally Adjusted),2010Q3,Financial and Insurance Activities,1361.362
Compensation of Employees at Current Prices (Seasonally Adjusted),2010Q3,Financial and Insurance Activities,308.491
Compensation of Employees at Current Prices (Seasonally Adjusted),2010Q3,Real Estate Activities,80.726
Compensation of Employees at Current Prices (Seasonally Adjusted),2010Q3,Real Estate Activities,72.308
Compensation of Employees at Current Prices (Seasonally Adjusted),2010Q3,Real Estate Activities,8.418
Compensation of Employees at Current Prices (Seasonally Adjusted),2010Q3,"Professional, Admin and Support Services",1318.002
Compensation of Employees at Current Prices (Seasonally Adjusted),2010Q3,"Professional, Admin and Support Services",1149.798
Compensation of Employees at Current Prices (Seasonally Adjusted),2010Q3,"Professional, Admin and Support Services",168.204
Compensation of Employees at Current Prices (Seasonally Adjusted),2010Q3,"Public Admin, Education and Health",5944.442
Compensation of Employees at Current Prices (Seasonally Adjusted),2010Q3,"Public Admin, Education and Health",5089.509
Compensation of Employees at Current Prices (Seasonally Adjusted),2010Q3,"Public Admin, Education and Health",854.934
Compensation of Employees at Current Prices (Seasonally Adjusted),2010Q3,"Arts, Entertainment and Other Services",467.856
Compensation of Employees at Current Prices (Seasonally Adjusted),2010Q3,"Arts, Entertainment and Other Services",418.47
Compensation of Employees at Current Prices (Seasonally Adjusted),2010Q3,"Arts, Entertainment and Other Services",49.386
Compensation of Employees at Current Prices (Seasonally Adjusted),2010Q3,All Sectors,17395.216
Compensation of Employees at Current Prices (Seasonally Adjusted),2010Q3,All Sectors,14858.69
Compensation of Employees at Current Prices (Seasonally Adjusted),2010Q3,All Sectors,2536.527
Compensation of Employees at Current Prices (Seasonally Adjusted),2010Q4,"Agriculture, Forestry and Fishing",157.234
Compensation of Employees at Current Prices (Seasonally Adjusted),2010Q4,"Agriculture, Forestry and Fishing",130.324
Compensation of Employees at Current Prices (Seasonally Adjusted),2010Q4,"Agriculture, Forestry and Fishing",26.91
Compensation of Employees at Current Prices (Seasonally Adjusted),2010Q4,Industry (excl. Construction),2381.884
Compensation of Employees at Current Prices (Seasonally Adjusted),2010Q4,Industry (excl. Construction),2006.237
Compensation of Employees at Current Prices (Seasonally Adjusted),2010Q4,Industry (excl. Construction),375.647
Compensation of Employees at Current Prices (Seasonally Adjusted),2010Q4,Industry - of which Manufacturing,2045.091
Compensation of Employees at Current Prices (Seasonally Adjusted),2010Q4,Industry - of which Manufacturing,1730.36
Compensation of Employees at Current Prices (Seasonally Adjusted),2010Q4,Industry - of which Manufacturing,314.731
Compensation of Employees at Current Prices (Seasonally Adjusted),2010Q4,Construction,880.267
Compensation of Employees at Current Prices (Seasonally Adjusted),2010Q4,Construction,750.641
Compensation of Employees at Current Prices (Seasonally Adjusted),2010Q4,Construction,129.625
Compensation of Employees at Current Prices (Seasonally Adjusted),2010Q4,"Distribution, Transport, Hotels and Restaurants",3479.334
Compensation of Employees at Current Prices (Seasonally Adjusted),2010Q4,"Distribution, Transport, Hotels and Restaurants",3036.052
Compensation of Employees at Current Prices (Seasonally Adjusted),2010Q4,"Distribution, Transport, Hotels and Restaurants",443.282
Compensation of Employees at Current Prices (Seasonally Adjusted),2010Q4,Information and Communication,970.198
Compensation of Employees at Current Prices (Seasonally Adjusted),2010Q4,Information and Communication,809.347
Compensation of Employees at Current Prices (Seasonally Adjusted),2010Q4,Information and Communication,160.851
Compensation of Employees at Current Prices (Seasonally Adjusted),2010Q4,Financial and Insurance Activities,1645.61
Compensation of Employees at Current Prices (Seasonally Adjusted),2010Q4,Financial and Insurance Activities,1327.218
Compensation of Employees at Current Prices (Seasonally Adjusted),2010Q4,Financial and Insurance Activities,318.392
Compensation of Employees at Current Prices (Seasonally Adjusted),2010Q4,Real Estate Activities,86.026
Compensation of Employees at Current Prices (Seasonally Adjusted),2010Q4,Real Estate Activities,76.149
Compensation of Employees at Current Prices (Seasonally Adjusted),2010Q4,Real Estate Activities,9.877
Compensation of Employees at Current Prices (Seasonally Adjusted),2010Q4,"Professional, Admin and Support Services",1292.071
Compensation of Employees at Current Prices (Seasonally Adjusted),2010Q4,"Professional, Admin and Support Services",1130.501
Compensation of Employees at Current Prices (Seasonally Adjusted),2010Q4,"Professional, Admin and Support Services",161.57
Compensation of Employees at Current Prices (Seasonally Adjusted),2010Q4,"Public Admin, Education and Health",5797.451
Compensation of Employees at Current Prices (Seasonally Adjusted),2010Q4,"Public Admin, Education and Health",4938.854
Compensation of Employees at Current Prices (Seasonally Adjusted),2010Q4,"Public Admin, Education and Health",858.596
Compensation of Employees at Current Prices (Seasonally Adjusted),2010Q4,"Arts, Entertainment and Other Services",505.018
Compensation of Employees at Current Prices (Seasonally Adjusted),2010Q4,"Arts, Entertainment and Other Services",445.108
Compensation of Employees at Current Prices (Seasonally Adjusted),2010Q4,"Arts, Entertainment and Other Services",59.911
Compensation of Employees at Current Prices (Seasonally Adjusted),2010Q4,All Sectors,17195.093
Compensation of Employees at Current Prices (Seasonally Adjusted),2010Q4,All Sectors,14650.431
Compensation of Employees at Current Prices (Seasonally Adjusted),2010Q4,All Sectors,2544.662
Compensation of Employees at Current Prices (Seasonally Adjusted),2011Q1,"Agriculture, Forestry and Fishing",156.966
Compensation of Employees at Current Prices (Seasonally Adjusted),2011Q1,"Agriculture, Forestry and Fishing",131.994
Compensation of Employees at Current Prices (Seasonally Adjusted),2011Q1,"Agriculture, Forestry and Fishing",24.972
Compensation of Employees at Current Prices (Seasonally Adjusted),2011Q1,Industry (excl. Construction),2313.254
Compensation of Employees at Current Prices (Seasonally Adjusted),2011Q1,Industry (excl. Construction),1929.757
Compensation of Employees at Current Prices (Seasonally Adjusted),2011Q1,Industry (excl. Construction),383.497
Compensation of Employees at Current Prices (Seasonally Adjusted),2011Q1,Industry - of which Manufacturing,1983.229
Compensation of Employees at Current Prices (Seasonally Adjusted),2011Q1,Industry - of which Manufacturing,1657.259
Compensation of Employees at Current Prices (Seasonally Adjusted),2011Q1,Industry - of which Manufacturing,325.97
Compensation of Employees at Current Prices (Seasonally Adjusted),2011Q1,Construction,686.2
Compensation of Employees at Current Prices (Seasonally Adjusted),2011Q1,Construction,626.868
Compensation of Employees at Current Prices (Seasonally Adjusted),2011Q1,Construction,59.331
Compensation of Employees at Current Prices (Seasonally Adjusted),2011Q1,"Distribution, Transport, Hotels and Restaurants",3720.057
Compensation of Employees at Current Prices (Seasonally Adjusted),2011Q1,"Distribution, Transport, Hotels and Restaurants",3253.239
Compensation of Employees at Current Prices (Seasonally Adjusted),2011Q1,"Distribution, Transport, Hotels and Restaurants",466.818
Compensation of Employees at Current Prices (Seasonally Adjusted),2011Q1,Information and Communication,938.222
Compensation of Employees at Current Prices (Seasonally Adjusted),2011Q1,Information and Communication,802.927
Compensation of Employees at Current Prices (Seasonally Adjusted),2011Q1,Information and Communication,135.295
Compensation of Employees at Current Prices (Seasonally Adjusted),2011Q1,Financial and Insurance Activities,1707.97
Compensation of Employees at Current Prices (Seasonally Adjusted),2011Q1,Financial and Insurance Activities,1364.339
Compensation of Employees at Current Prices (Seasonally Adjusted),2011Q1,Financial and Insurance Activities,343.632
Compensation of Employees at Current Prices (Seasonally Adjusted),2011Q1,Real Estate Activities,109.247
Compensation of Employees at Current Prices (Seasonally Adjusted),2011Q1,Real Estate Activities,97.516
Compensation of Employees at Current Prices (Seasonally Adjusted),2011Q1,Real Estate Activities,11.731
Compensation of Employees at Current Prices (Seasonally Adjusted),2011Q1,"Professional, Admin and Support Services",1783.411
Compensation of Employees at Current Prices (Seasonally Adjusted),2011Q1,"Professional, Admin and Support Services",1558.066
Compensation of Employees at Current Prices (Seasonally Adjusted),2011Q1,"Professional, Admin and Support Services",225.345
Compensation of Employees at Current Prices (Seasonally Adjusted),2011Q1,"Public Admin, Education and Health",5912.312
Compensation of Employees at Current Prices (Seasonally Adjusted),2011Q1,"Public Admin, Education and Health",4995.455
Compensation of Employees at Current Prices (Seasonally Adjusted),2011Q1,"Public Admin, Education and Health",916.858
Compensation of Employees at Current Prices (Seasonally Adjusted),2011Q1,"Arts, Entertainment and Other Services",418.599
Compensation of Employees at Current Prices (Seasonally Adjusted),2011Q1,"Arts, Entertainment and Other Services",370.056
Compensation of Employees at Current Prices (Seasonally Adjusted),2011Q1,"Arts, Entertainment and Other Services",48.543
Compensation of Employees at Current Prices (Seasonally Adjusted),2011Q1,All Sectors,17746.237
Compensation of Employees at Current Prices (Seasonally Adjusted),2011Q1,All Sectors,15130.216
Compensation of Employees at Current Prices (Seasonally Adjusted),2011Q1,All Sectors,2616.021
Compensation of Employees at Current Prices (Seasonally Adjusted),2011Q2,"Agriculture, Forestry and Fishing",154.755
Compensation of Employees at Current Prices (Seasonally Adjusted),2011Q2,"Agriculture, Forestry and Fishing",130.352
Compensation of Employees at Current Prices (Seasonally Adjusted),2011Q2,"Agriculture, Forestry and Fishing",24.403
Compensation of Employees at Current Prices (Seasonally Adjusted),2011Q2,Industry (excl. Construction),2273.484
Compensation of Employees at Current Prices (Seasonally Adjusted),2011Q2,Industry (excl. Construction),1894.291
Compensation of Employees at Current Prices (Seasonally Adjusted),2011Q2,Industry (excl. Construction),379.193
Compensation of Employees at Current Prices (Seasonally Adjusted),2011Q2,Industry - of which Manufacturing,1967.119
Compensation of Employees at Current Prices (Seasonally Adjusted),2011Q2,Industry - of which Manufacturing,1641.433
Compensation of Employees at Current Prices (Seasonally Adjusted),2011Q2,Industry - of which Manufacturing,325.686
Compensation of Employees at Current Prices (Seasonally Adjusted),2011Q2,Construction,686.012
Compensation of Employees at Current Prices (Seasonally Adjusted),2011Q2,Construction,624.296
Compensation of Employees at Current Prices (Seasonally Adjusted),2011Q2,Construction,61.715
Compensation of Employees at Current Prices (Seasonally Adjusted),2011Q2,"Distribution, Transport, Hotels and Restaurants",3795.713
Compensation of Employees at Current Prices (Seasonally Adjusted),2011Q2,"Distribution, Transport, Hotels and Restaurants",3330.491
Compensation of Employees at Current Prices (Seasonally Adjusted),2011Q2,"Distribution, Transport, Hotels and Restaurants",465.222
Compensation of Employees at Current Prices (Seasonally Adjusted),2011Q2,Information and Communication,980.615
Compensation of Employees at Current Prices (Seasonally Adjusted),2011Q2,Information and Communication,839.797
Compensation of Employees at Current Prices (Seasonally Adjusted),2011Q2,Information and Communication,140.818
Compensation of Employees at Current Prices (Seasonally Adjusted),2011Q2,Financial and Insurance Activities,1769.871
Compensation of Employees at Current Prices (Seasonally Adjusted),2011Q2,Financial and Insurance Activities,1406.585
Compensation of Employees at Current Prices (Seasonally Adjusted),2011Q2,Financial and Insurance Activities,363.286
Compensation of Employees at Current Prices (Seasonally Adjusted),2011Q2,Real Estate Activities,126.242
Compensation of Employees at Current Prices (Seasonally Adjusted),2011Q2,Real Estate Activities,113.212
Compensation of Employees at Current Prices (Seasonally Adjusted),2011Q2,Real Estate Activities,13.03
Compensation of Employees at Current Prices (Seasonally Adjusted),2011Q2,"Professional, Admin and Support Services",1776.461
Compensation of Employees at Current Prices (Seasonally Adjusted),2011Q2,"Professional, Admin and Support Services",1568.324
Compensation of Employees at Current Prices (Seasonally Adjusted),2011Q2,"Professional, Admin and Support Services",208.137
Compensation of Employees at Current Prices (Seasonally Adjusted),2011Q2,"Public Admin, Education and Health",5860.205
Compensation of Employees at Current Prices (Seasonally Adjusted),2011Q2,"Public Admin, Education and Health",4925.94
Compensation of Employees at Current Prices (Seasonally Adjusted),2011Q2,"Public Admin, Education and Health",934.265
Compensation of Employees at Current Prices (Seasonally Adjusted),2011Q2,"Arts, Entertainment and Other Services",441.596
Compensation of Employees at Current Prices (Seasonally Adjusted),2011Q2,"Arts, Entertainment and Other Services",386.301
Compensation of Employees at Current Prices (Seasonally Adjusted),2011Q2,"Arts, Entertainment and Other Services",55.295
Compensation of Employees at Current Prices (Seasonally Adjusted),2011Q2,All Sectors,17864.954
Compensation of Employees at Current Prices (Seasonally Adjusted),2011Q2,All Sectors,15219.589
Compensation of Employees at Current Prices (Seasonally Adjusted),2011Q2,All Sectors,2645.365
Compensation of Employees at Current Prices (Seasonally Adjusted),2011Q3,"Agriculture, Forestry and Fishing",151.6
Compensation of Employees at Current Prices (Seasonally Adjusted),2011Q3,"Agriculture, Forestry and Fishing",127.585
Compensation of Employees at Current Prices (Seasonally Adjusted),2011Q3,"Agriculture, Forestry and Fishing",24.015
Compensation of Employees at Current Prices (Seasonally Adjusted),2011Q3,Industry (excl. Construction),2240.406
Compensation of Employees at Current Prices (Seasonally Adjusted),2011Q3,Industry (excl. Construction),1872.095
Compensation of Employees at Current Prices (Seasonally Adjusted),2011Q3,Industry (excl. Construction),368.311
Compensation of Employees at Current Prices (Seasonally Adjusted),2011Q3,Industry - of which Manufacturing,1908.645
Compensation of Employees at Current Prices (Seasonally Adjusted),2011Q3,Industry - of which Manufacturing,1598.027
Compensation of Employees at Current Prices (Seasonally Adjusted),2011Q3,Industry - of which Manufacturing,310.618
Compensation of Employees at Current Prices (Seasonally Adjusted),2011Q3,Construction,694.863
Compensation of Employees at Current Prices (Seasonally Adjusted),2011Q3,Construction,635.382
Compensation of Employees at Current Prices (Seasonally Adjusted),2011Q3,Construction,59.48
Compensation of Employees at Current Prices (Seasonally Adjusted),2011Q3,"Distribution, Transport, Hotels and Restaurants",3889.784
Compensation of Employees at Current Prices (Seasonally Adjusted),2011Q3,"Distribution, Transport, Hotels and Restaurants",3409.863
Compensation of Employees at Current Prices (Seasonally Adjusted),2011Q3,"Distribution, Transport, Hotels and Restaurants",479.921
Compensation of Employees at Current Prices (Seasonally Adjusted),2011Q3,Information and Communication,1040.539
Compensation of Employees at Current Prices (Seasonally Adjusted),2011Q3,Information and Communication,849.464
Compensation of Employees at Current Prices (Seasonally Adjusted),2011Q3,Information and Communication,191.076
Compensation of Employees at Current Prices (Seasonally Adjusted),2011Q3,Financial and Insurance Activities,1705.516
Compensation of Employees at Current Prices (Seasonally Adjusted),2011Q3,Financial and Insurance Activities,1362.56
Compensation of Employees at Current Prices (Seasonally Adjusted),2011Q3,Financial and Insurance Activities,342.956
Compensation of Employees at Current Prices (Seasonally Adjusted),2011Q3,Real Estate Activities,119.126
Compensation of Employees at Current Prices (Seasonally Adjusted),2011Q3,Real Estate Activities,107.902
Compensation of Employees at Current Prices (Seasonally Adjusted),2011Q3,Real Estate Activities,11.224
Compensation of Employees at Current Prices (Seasonally Adjusted),2011Q3,"Professional, Admin and Support Services",1694.329
Compensation of Employees at Current Prices (Seasonally Adjusted),2011Q3,"Professional, Admin and Support Services",1500.688
Compensation of Employees at Current Prices (Seasonally Adjusted),2011Q3,"Professional, Admin and Support Services",193.641
Compensation of Employees at Current Prices (Seasonally Adjusted),2011Q3,"Public Admin, Education and Health",5860.954
Compensation of Employees at Current Prices (Seasonally Adjusted),2011Q3,"Public Admin, Education and Health",4920.072
Compensation of Employees at Current Prices (Seasonally Adjusted),2011Q3,"Public Admin, Education and Health",940.882
Compensation of Employees at Current Prices (Seasonally Adjusted),2011Q3,"Arts, Entertainment and Other Services",418.607
Compensation of Employees at Current Prices (Seasonally Adjusted),2011Q3,"Arts, Entertainment and Other Services",376.16
Compensation of Employees at Current Prices (Seasonally Adjusted),2011Q3,"Arts, Entertainment and Other Services",42.447
Compensation of Employees at Current Prices (Seasonally Adjusted),2011Q3,All Sectors,17815.723
Compensation of Employees at Current Prices (Seasonally Adjusted),2011Q3,All Sectors,15161.771
Compensation of Employees at Current Prices (Seasonally Adjusted),2011Q3,All Sectors,2653.952
Compensation of Employees at Current Prices (Seasonally Adjusted),2011Q4,"Agriculture, Forestry and Fishing",152.566
Compensation of Employees at Current Prices (Seasonally Adjusted),2011Q4,"Agriculture, Forestry and Fishing",128.084
Compensation of Employees at Current Prices (Seasonally Adjusted),2011Q4,"Agriculture, Forestry and Fishing",24.482
Compensation of Employees at Current Prices (Seasonally Adjusted),2011Q4,Industry (excl. Construction),2344.474
Compensation of Employees at Current Prices (Seasonally Adjusted),2011Q4,Industry (excl. Construction),1917.246
Compensation of Employees at Current Prices (Seasonally Adjusted),2011Q4,Industry (excl. Construction),427.228
Compensation of Employees at Current Prices (Seasonally Adjusted),2011Q4,Industry - of which Manufacturing,2007.768
Compensation of Employees at Current Prices (Seasonally Adjusted),2011Q4,Industry - of which Manufacturing,1640.625
Compensation of Employees at Current Prices (Seasonally Adjusted),2011Q4,Industry - of which Manufacturing,367.144
Compensation of Employees at Current Prices (Seasonally Adjusted),2011Q4,Construction,649.556
Compensation of Employees at Current Prices (Seasonally Adjusted),2011Q4,Construction,594.185
Compensation of Employees at Current Prices (Seasonally Adjusted),2011Q4,Construction,55.372
Compensation of Employees at Current Prices (Seasonally Adjusted),2011Q4,"Distribution, Transport, Hotels and Restaurants",3848.414
Compensation of Employees at Current Prices (Seasonally Adjusted),2011Q4,"Distribution, Transport, Hotels and Restaurants",3382.735
Compensation of Employees at Current Prices (Seasonally Adjusted),2011Q4,"Distribution, Transport, Hotels and Restaurants",465.679
Compensation of Employees at Current Prices (Seasonally Adjusted),2011Q4,Information and Communication,1050.252
Compensation of Employees at Current Prices (Seasonally Adjusted),2011Q4,Information and Communication,880.586
Compensation of Employees at Current Prices (Seasonally Adjusted),2011Q4,Information and Communication,169.665
Compensation of Employees at Current Prices (Seasonally Adjusted),2011Q4,Financial and Insurance Activities,1768.677
Compensation of Employees at Current Prices (Seasonally Adjusted),2011Q4,Financial and Insurance Activities,1388.691
Compensation of Employees at Current Prices (Seasonally Adjusted),2011Q4,Financial and Insurance Activities,379.986
Compensation of Employees at Current Prices (Seasonally Adjusted),2011Q4,Real Estate Activities,148.535
Compensation of Employees at Current Prices (Seasonally Adjusted),2011Q4,Real Estate Activities,134.537
Compensation of Employees at Current Prices (Seasonally Adjusted),2011Q4,Real Estate Activities,13.998
Compensation of Employees at Current Prices (Seasonally Adjusted),2011Q4,"Professional, Admin and Support Services",1738.714
Compensation of Employees at Current Prices (Seasonally Adjusted),2011Q4,"Professional, Admin and Support Services",1529.736
Compensation of Employees at Current Prices (Seasonally Adjusted),2011Q4,"Professional, Admin and Support Services",208.978
Compensation of Employees at Current Prices (Seasonally Adjusted),2011Q4,"Public Admin, Education and Health",5920.468
Compensation of Employees at Current Prices (Seasonally Adjusted),2011Q4,"Public Admin, Education and Health",4957.992
Compensation of Employees at Current Prices (Seasonally Adjusted),2011Q4,"Public Admin, Education and Health",962.476
Compensation of Employees at Current Prices (Seasonally Adjusted),2011Q4,"Arts, Entertainment and Other Services",438.06
Compensation of Employees at Current Prices (Seasonally Adjusted),2011Q4,"Arts, Entertainment and Other Services",385.661
Compensation of Employees at Current Prices (Seasonally Adjusted),2011Q4,"Arts, Entertainment and Other Services",52.4
Compensation of Employees at Current Prices (Seasonally Adjusted),2011Q4,All Sectors,18059.717
Compensation of Employees at Current Prices (Seasonally Adjusted),2011Q4,All Sectors,15299.453
Compensation of Employees at Current Prices (Seasonally Adjusted),2011Q4,All Sectors,2760.263
Compensation of Employees at Current Prices (Seasonally Adjusted),2012Q1,"Agriculture, Forestry and Fishing",154.02
Compensation of Employees at Current Prices (Seasonally Adjusted),2012Q1,"Agriculture, Forestry and Fishing",129.349
Compensation of Employees at Current Prices (Seasonally Adjusted),2012Q1,"Agriculture, Forestry and Fishing",24.671
Compensation of Employees at Current Prices (Seasonally Adjusted),2012Q1,Industry (excl. Construction),2264.027
Compensation of Employees at Current Prices (Seasonally Adjusted),2012Q1,Industry (excl. Construction),1889.751
Compensation of Employees at Current Prices (Seasonally Adjusted),2012Q1,Industry (excl. Construction),374.276
Compensation of Employees at Current Prices (Seasonally Adjusted),2012Q1,Industry - of which Manufacturing,1952.994
Compensation of Employees at Current Prices (Seasonally Adjusted),2012Q1,Industry - of which Manufacturing,1635.645
Compensation of Employees at Current Prices (Seasonally Adjusted),2012Q1,Industry - of which Manufacturing,317.349
Compensation of Employees at Current Prices (Seasonally Adjusted),2012Q1,Construction,631.272
Compensation of Employees at Current Prices (Seasonally Adjusted),2012Q1,Construction,578.759
Compensation of Employees at Current Prices (Seasonally Adjusted),2012Q1,Construction,52.513
Compensation of Employees at Current Prices (Seasonally Adjusted),2012Q1,"Distribution, Transport, Hotels and Restaurants",3879.045
Compensation of Employees at Current Prices (Seasonally Adjusted),2012Q1,"Distribution, Transport, Hotels and Restaurants",3401.008
Compensation of Employees at Current Prices (Seasonally Adjusted),2012Q1,"Distribution, Transport, Hotels and Restaurants",478.038
Compensation of Employees at Current Prices (Seasonally Adjusted),2012Q1,Information and Communication,1080.15
Compensation of Employees at Current Prices (Seasonally Adjusted),2012Q1,Information and Communication,914.591
Compensation of Employees at Current Prices (Seasonally Adjusted),2012Q1,Information and Communication,165.559
Compensation of Employees at Current Prices (Seasonally Adjusted),2012Q1,Financial and Insurance Activities,1693.324
Compensation of Employees at Current Prices (Seasonally Adjusted),2012Q1,Financial and Insurance Activities,1343.965
Compensation of Employees at Current Prices (Seasonally Adjusted),2012Q1,Financial and Insurance Activities,349.359
Compensation of Employees at Current Prices (Seasonally Adjusted),2012Q1,Real Estate Activities,134.201
Compensation of Employees at Current Prices (Seasonally Adjusted),2012Q1,Real Estate Activities,121.348
Compensation of Employees at Current Prices (Seasonally Adjusted),2012Q1,Real Estate Activities,12.853
Compensation of Employees at Current Prices (Seasonally Adjusted),2012Q1,"Professional, Admin and Support Services",1784.937
Compensation of Employees at Current Prices (Seasonally Adjusted),2012Q1,"Professional, Admin and Support Services",1577.014
Compensation of Employees at Current Prices (Seasonally Adjusted),2012Q1,"Professional, Admin and Support Services",207.922
Compensation of Employees at Current Prices (Seasonally Adjusted),2012Q1,"Public Admin, Education and Health",5873.768
Compensation of Employees at Current Prices (Seasonally Adjusted),2012Q1,"Public Admin, Education and Health",4892.612
Compensation of Employees at Current Prices (Seasonally Adjusted),2012Q1,"Public Admin, Education and Health",981.156
Compensation of Employees at Current Prices (Seasonally Adjusted),2012Q1,"Arts, Entertainment and Other Services",462.063
Compensation of Employees at Current Prices (Seasonally Adjusted),2012Q1,"Arts, Entertainment and Other Services",396.614
Compensation of Employees at Current Prices (Seasonally Adjusted),2012Q1,"Arts, Entertainment and Other Services",65.45
Compensation of Employees at Current Prices (Seasonally Adjusted),2012Q1,All Sectors,17956.808
Compensation of Employees at Current Prices (Seasonally Adjusted),2012Q1,All Sectors,15245.011
Compensation of Employees at Current Prices (Seasonally Adjusted),2012Q1,All Sectors,2711.797
Compensation of Employees at Current Prices (Seasonally Adjusted),2012Q2,"Agriculture, Forestry and Fishing",153.605
Compensation of Employees at Current Prices (Seasonally Adjusted),2012Q2,"Agriculture, Forestry and Fishing",129.252
Compensation of Employees at Current Prices (Seasonally Adjusted),2012Q2,"Agriculture, Forestry and Fishing",24.352
Compensation of Employees at Current Prices (Seasonally Adjusted),2012Q2,Industry (excl. Construction),2264.173
Compensation of Employees at Current Prices (Seasonally Adjusted),2012Q2,Industry (excl. Construction),1873.221
Compensation of Employees at Current Prices (Seasonally Adjusted),2012Q2,Industry (excl. Construction),390.951
Compensation of Employees at Current Prices (Seasonally Adjusted),2012Q2,Industry - of which Manufacturing,1922.437
Compensation of Employees at Current Prices (Seasonally Adjusted),2012Q2,Industry - of which Manufacturing,1593.31
Compensation of Employees at Current Prices (Seasonally Adjusted),2012Q2,Industry - of which Manufacturing,329.127
Compensation of Employees at Current Prices (Seasonally Adjusted),2012Q2,Construction,551.642
Compensation of Employees at Current Prices (Seasonally Adjusted),2012Q2,Construction,509.727
Compensation of Employees at Current Prices (Seasonally Adjusted),2012Q2,Construction,41.915
Compensation of Employees at Current Prices (Seasonally Adjusted),2012Q2,"Distribution, Transport, Hotels and Restaurants",3854.569
Compensation of Employees at Current Prices (Seasonally Adjusted),2012Q2,"Distribution, Transport, Hotels and Restaurants",3379.189
Compensation of Employees at Current Prices (Seasonally Adjusted),2012Q2,"Distribution, Transport, Hotels and Restaurants",475.38
Compensation of Employees at Current Prices (Seasonally Adjusted),2012Q2,Information and Communication,1047.753
Compensation of Employees at Current Prices (Seasonally Adjusted),2012Q2,Information and Communication,895.471
Compensation of Employees at Current Prices (Seasonally Adjusted),2012Q2,Information and Communication,152.282
Compensation of Employees at Current Prices (Seasonally Adjusted),2012Q2,Financial and Insurance Activities,1718.863
Compensation of Employees at Current Prices (Seasonally Adjusted),2012Q2,Financial and Insurance Activities,1351.017
Compensation of Employees at Current Prices (Seasonally Adjusted),2012Q2,Financial and Insurance Activities,367.846
Compensation of Employees at Current Prices (Seasonally Adjusted),2012Q2,Real Estate Activities,133.268
Compensation of Employees at Current Prices (Seasonally Adjusted),2012Q2,Real Estate Activities,120.523
Compensation of Employees at Current Prices (Seasonally Adjusted),2012Q2,Real Estate Activities,12.745
Compensation of Employees at Current Prices (Seasonally Adjusted),2012Q2,"Professional, Admin and Support Services",1777.606
Compensation of Employees at Current Prices (Seasonally Adjusted),2012Q2,"Professional, Admin and Support Services",1559.037
Compensation of Employees at Current Prices (Seasonally Adjusted),2012Q2,"Professional, Admin and Support Services",218.568
Compensation of Employees at Current Prices (Seasonally Adjusted),2012Q2,"Public Admin, Education and Health",5912.15
Compensation of Employees at Current Prices (Seasonally Adjusted),2012Q2,"Public Admin, Education and Health",4912.657
Compensation of Employees at Current Prices (Seasonally Adjusted),2012Q2,"Public Admin, Education and Health",999.493
Compensation of Employees at Current Prices (Seasonally Adjusted),2012Q2,"Arts, Entertainment and Other Services",436.461
Compensation of Employees at Current Prices (Seasonally Adjusted),2012Q2,"Arts, Entertainment and Other Services",390.905
Compensation of Employees at Current Prices (Seasonally Adjusted),2012Q2,"Arts, Entertainment and Other Services",45.556
Compensation of Employees at Current Prices (Seasonally Adjusted),2012Q2,All Sectors,17850.089
Compensation of Employees at Current Prices (Seasonally Adjusted),2012Q2,All Sectors,15120.999
Compensation of Employees at Current Prices (Seasonally Adjusted),2012Q2,All Sectors,2729.089
Compensation of Employees at Current Prices (Seasonally Adjusted),2012Q3,"Agriculture, Forestry and Fishing",154.444
Compensation of Employees at Current Prices (Seasonally Adjusted),2012Q3,"Agriculture, Forestry and Fishing",130.197
Compensation of Employees at Current Prices (Seasonally Adjusted),2012Q3,"Agriculture, Forestry and Fishing",24.247
Compensation of Employees at Current Prices (Seasonally Adjusted),2012Q3,Industry (excl. Construction),2287.418
Compensation of Employees at Current Prices (Seasonally Adjusted),2012Q3,Industry (excl. Construction),1866.745
Compensation of Employees at Current Prices (Seasonally Adjusted),2012Q3,Industry (excl. Construction),420.673
Compensation of Employees at Current Prices (Seasonally Adjusted),2012Q3,Industry - of which Manufacturing,1975.568
Compensation of Employees at Current Prices (Seasonally Adjusted),2012Q3,Industry - of which Manufacturing,1610.306
Compensation of Employees at Current Prices (Seasonally Adjusted),2012Q3,Industry - of which Manufacturing,365.262
Compensation of Employees at Current Prices (Seasonally Adjusted),2012Q3,Construction,621.795
Compensation of Employees at Current Prices (Seasonally Adjusted),2012Q3,Construction,565.088
Compensation of Employees at Current Prices (Seasonally Adjusted),2012Q3,Construction,56.706
Compensation of Employees at Current Prices (Seasonally Adjusted),2012Q3,"Distribution, Transport, Hotels and Restaurants",3916.878
Compensation of Employees at Current Prices (Seasonally Adjusted),2012Q3,"Distribution, Transport, Hotels and Restaurants",3444.719
Compensation of Employees at Current Prices (Seasonally Adjusted),2012Q3,"Distribution, Transport, Hotels and Restaurants",472.159
Compensation of Employees at Current Prices (Seasonally Adjusted),2012Q3,Information and Communication,1045.985
Compensation of Employees at Current Prices (Seasonally Adjusted),2012Q3,Information and Communication,885.684
Compensation of Employees at Current Prices (Seasonally Adjusted),2012Q3,Information and Communication,160.301
Compensation of Employees at Current Prices (Seasonally Adjusted),2012Q3,Financial and Insurance Activities,1871.866
Compensation of Employees at Current Prices (Seasonally Adjusted),2012Q3,Financial and Insurance Activities,1483.663
Compensation of Employees at Current Prices (Seasonally Adjusted),2012Q3,Financial and Insurance Activities,388.203
Compensation of Employees at Current Prices (Seasonally Adjusted),2012Q3,Real Estate Activities,112.364
Compensation of Employees at Current Prices (Seasonally Adjusted),2012Q3,Real Estate Activities,102.809
Compensation of Employees at Current Prices (Seasonally Adjusted),2012Q3,Real Estate Activities,9.556
Compensation of Employees at Current Prices (Seasonally Adjusted),2012Q3,"Professional, Admin and Support Services",1780.318
Compensation of Employees at Current Prices (Seasonally Adjusted),2012Q3,"Professional, Admin and Support Services",1567.719
Compensation of Employees at Current Prices (Seasonally Adjusted),2012Q3,"Professional, Admin and Support Services",212.598
Compensation of Employees at Current Prices (Seasonally Adjusted),2012Q3,"Public Admin, Education and Health",5946.155
Compensation of Employees at Current Prices (Seasonally Adjusted),2012Q3,"Public Admin, Education and Health",4921.565
Compensation of Employees at Current Prices (Seasonally Adjusted),2012Q3,"Public Admin, Education and Health",1024.59
Compensation of Employees at Current Prices (Seasonally Adjusted),2012Q3,"Arts, Entertainment and Other Services",440.42
Compensation of Employees at Current Prices (Seasonally Adjusted),2012Q3,"Arts, Entertainment and Other Services",397.037
Compensation of Employees at Current Prices (Seasonally Adjusted),2012Q3,"Arts, Entertainment and Other Services",43.383
Compensation of Employees at Current Prices (Seasonally Adjusted),2012Q3,All Sectors,18177.642
Compensation of Employees at Current Prices (Seasonally Adjusted),2012Q3,All Sectors,15365.226
Compensation of Employees at Current Prices (Seasonally Adjusted),2012Q3,All Sectors,2812.416
Compensation of Employees at Current Prices (Seasonally Adjusted),2012Q4,"Agriculture, Forestry and Fishing",154.38
Compensation of Employees at Current Prices (Seasonally Adjusted),2012Q4,"Agriculture, Forestry and Fishing",129.789
Compensation of Employees at Current Prices (Seasonally Adjusted),2012Q4,"Agriculture, Forestry and Fishing",24.591
Compensation of Employees at Current Prices (Seasonally Adjusted),2012Q4,Industry (excl. Construction),2310.864
Compensation of Employees at Current Prices (Seasonally Adjusted),2012Q4,Industry (excl. Construction),1894.408
Compensation of Employees at Current Prices (Seasonally Adjusted),2012Q4,Industry (excl. Construction),416.456
Compensation of Employees at Current Prices (Seasonally Adjusted),2012Q4,Industry - of which Manufacturing,1989.242
Compensation of Employees at Current Prices (Seasonally Adjusted),2012Q4,Industry - of which Manufacturing,1627.211
Compensation of Employees at Current Prices (Seasonally Adjusted),2012Q4,Industry - of which Manufacturing,362.031
Compensation of Employees at Current Prices (Seasonally Adjusted),2012Q4,Construction,608.721
Compensation of Employees at Current Prices (Seasonally Adjusted),2012Q4,Construction,556.428
Compensation of Employees at Current Prices (Seasonally Adjusted),2012Q4,Construction,52.293
Compensation of Employees at Current Prices (Seasonally Adjusted),2012Q4,"Distribution, Transport, Hotels and Restaurants",3923.695
Compensation of Employees at Current Prices (Seasonally Adjusted),2012Q4,"Distribution, Transport, Hotels and Restaurants",3430.91
Compensation of Employees at Current Prices (Seasonally Adjusted),2012Q4,"Distribution, Transport, Hotels and Restaurants",492.785
Compensation of Employees at Current Prices (Seasonally Adjusted),2012Q4,Information and Communication,1098.552
Compensation of Employees at Current Prices (Seasonally Adjusted),2012Q4,Information and Communication,926.662
Compensation of Employees at Current Prices (Seasonally Adjusted),2012Q4,Information and Communication,171.891
Compensation of Employees at Current Prices (Seasonally Adjusted),2012Q4,Financial and Insurance Activities,1912.199
Compensation of Employees at Current Prices (Seasonally Adjusted),2012Q4,Financial and Insurance Activities,1414.391
Compensation of Employees at Current Prices (Seasonally Adjusted),2012Q4,Financial and Insurance Activities,497.808
Compensation of Employees at Current Prices (Seasonally Adjusted),2012Q4,Real Estate Activities,126.407
Compensation of Employees at Current Prices (Seasonally Adjusted),2012Q4,Real Estate Activities,113.446
Compensation of Employees at Current Prices (Seasonally Adjusted),2012Q4,Real Estate Activities,12.961
Compensation of Employees at Current Prices (Seasonally Adjusted),2012Q4,"Professional, Admin and Support Services",1832.859
Compensation of Employees at Current Prices (Seasonally Adjusted),2012Q4,"Professional, Admin and Support Services",1609.677
Compensation of Employees at Current Prices (Seasonally Adjusted),2012Q4,"Professional, Admin and Support Services",223.182
Compensation of Employees at Current Prices (Seasonally Adjusted),2012Q4,"Public Admin, Education and Health",5842.682
Compensation of Employees at Current Prices (Seasonally Adjusted),2012Q4,"Public Admin, Education and Health",4831.297
Compensation of Employees at Current Prices (Seasonally Adjusted),2012Q4,"Public Admin, Education and Health",1011.385
Compensation of Employees at Current Prices (Seasonally Adjusted),2012Q4,"Arts, Entertainment and Other Services",413.187
Compensation of Employees at Current Prices (Seasonally Adjusted),2012Q4,"Arts, Entertainment and Other Services",368.581
Compensation of Employees at Current Prices (Seasonally Adjusted),2012Q4,"Arts, Entertainment and Other Services",44.605
Compensation of Employees at Current Prices (Seasonally Adjusted),2012Q4,All Sectors,18223.545
Compensation of Employees at Current Prices (Seasonally Adjusted),2012Q4,All Sectors,15275.589
Compensation of Employees at Current Prices (Seasonally Adjusted),2012Q4,All Sectors,2947.956
Compensation of Employees at Current Prices (Seasonally Adjusted),2013Q1,"Agriculture, Forestry and Fishing",155.757
Compensation of Employees at Current Prices (Seasonally Adjusted),2013Q1,"Agriculture, Forestry and Fishing",130.6
Compensation of Employees at Current Prices (Seasonally Adjusted),2013Q1,"Agriculture, Forestry and Fishing",25.157
Compensation of Employees at Current Prices (Seasonally Adjusted),2013Q1,Industry (excl. Construction),2347.083
Compensation of Employees at Current Prices (Seasonally Adjusted),2013Q1,Industry (excl. Construction),1905.224
Compensation of Employees at Current Prices (Seasonally Adjusted),2013Q1,Industry (excl. Construction),441.858
Compensation of Employees at Current Prices (Seasonally Adjusted),2013Q1,Industry - of which Manufacturing,2047.642
Compensation of Employees at Current Prices (Seasonally Adjusted),2013Q1,Industry - of which Manufacturing,1651.57
Compensation of Employees at Current Prices (Seasonally Adjusted),2013Q1,Industry - of which Manufacturing,396.071
Compensation of Employees at Current Prices (Seasonally Adjusted),2013Q1,Construction,531.943
Compensation of Employees at Current Prices (Seasonally Adjusted),2013Q1,Construction,483.642
Compensation of Employees at Current Prices (Seasonally Adjusted),2013Q1,Construction,48.301
Compensation of Employees at Current Prices (Seasonally Adjusted),2013Q1,"Distribution, Transport, Hotels and Restaurants",3858.829
Compensation of Employees at Current Prices (Seasonally Adjusted),2013Q1,"Distribution, Transport, Hotels and Restaurants",3401.586
Compensation of Employees at Current Prices (Seasonally Adjusted),2013Q1,"Distribution, Transport, Hotels and Restaurants",457.242
Compensation of Employees at Current Prices (Seasonally Adjusted),2013Q1,Information and Communication,1169.071
Compensation of Employees at Current Prices (Seasonally Adjusted),2013Q1,Information and Communication,962.44
Compensation of Employees at Current Prices (Seasonally Adjusted),2013Q1,Information and Communication,206.631
Compensation of Employees at Current Prices (Seasonally Adjusted),2013Q1,Financial and Insurance Activities,1732.856
Compensation of Employees at Current Prices (Seasonally Adjusted),2013Q1,Financial and Insurance Activities,1352.088
Compensation of Employees at Current Prices (Seasonally Adjusted),2013Q1,Financial and Insurance Activities,380.768
Compensation of Employees at Current Prices (Seasonally Adjusted),2013Q1,Real Estate Activities,136.364
Compensation of Employees at Current Prices (Seasonally Adjusted),2013Q1,Real Estate Activities,123.502
Compensation of Employees at Current Prices (Seasonally Adjusted),2013Q1,Real Estate Activities,12.861
Compensation of Employees at Current Prices (Seasonally Adjusted),2013Q1,"Professional, Admin and Support Services",1814.429
Compensation of Employees at Current Prices (Seasonally Adjusted),2013Q1,"Professional, Admin and Support Services",1602.191
Compensation of Employees at Current Prices (Seasonally Adjusted),2013Q1,"Professional, Admin and Support Services",212.238
Compensation of Employees at Current Prices (Seasonally Adjusted),2013Q1,"Public Admin, Education and Health",5823.118
Compensation of Employees at Current Prices (Seasonally Adjusted),2013Q1,"Public Admin, Education and Health",4913.858
Compensation of Employees at Current Prices (Seasonally Adjusted),2013Q1,"Public Admin, Education and Health",909.261
Compensation of Employees at Current Prices (Seasonally Adjusted),2013Q1,"Arts, Entertainment and Other Services",473.758
Compensation of Employees at Current Prices (Seasonally Adjusted),2013Q1,"Arts, Entertainment and Other Services",400.028
Compensation of Employees at Current Prices (Seasonally Adjusted),2013Q1,"Arts, Entertainment and Other Services",73.729
Compensation of Employees at Current Prices (Seasonally Adjusted),2013Q1,All Sectors,18043.207
Compensation of Employees at Current Prices (Seasonally Adjusted),2013Q1,All Sectors,15275.16
Compensation of Employees at Current Prices (Seasonally Adjusted),2013Q1,All Sectors,2768.047
Compensation of Employees at Current Prices (Seasonally Adjusted),2013Q2,"Agriculture, Forestry and Fishing",156.56
Compensation of Employees at Current Prices (Seasonally Adjusted),2013Q2,"Agriculture, Forestry and Fishing",131.52
Compensation of Employees at Current Prices (Seasonally Adjusted),2013Q2,"Agriculture, Forestry and Fishing",25.04
Compensation of Employees at Current Prices (Seasonally Adjusted),2013Q2,Industry (excl. Construction),2369.586
Compensation of Employees at Current Prices (Seasonally Adjusted),2013Q2,Industry (excl. Construction),1937.069
Compensation of Employees at Current Prices (Seasonally Adjusted),2013Q2,Industry (excl. Construction),432.517
Compensation of Employees at Current Prices (Seasonally Adjusted),2013Q2,Industry - of which Manufacturing,2062.923
Compensation of Employees at Current Prices (Seasonally Adjusted),2013Q2,Industry - of which Manufacturing,1688.892
Compensation of Employees at Current Prices (Seasonally Adjusted),2013Q2,Industry - of which Manufacturing,374.031
Compensation of Employees at Current Prices (Seasonally Adjusted),2013Q2,Construction,614.068
Compensation of Employees at Current Prices (Seasonally Adjusted),2013Q2,Construction,562.807
Compensation of Employees at Current Prices (Seasonally Adjusted),2013Q2,Construction,51.261
Compensation of Employees at Current Prices (Seasonally Adjusted),2013Q2,"Distribution, Transport, Hotels and Restaurants",3916.083
Compensation of Employees at Current Prices (Seasonally Adjusted),2013Q2,"Distribution, Transport, Hotels and Restaurants",3452.607
Compensation of Employees at Current Prices (Seasonally Adjusted),2013Q2,"Distribution, Transport, Hotels and Restaurants",463.476
Compensation of Employees at Current Prices (Seasonally Adjusted),2013Q2,Information and Communication,1138.66
Compensation of Employees at Current Prices (Seasonally Adjusted),2013Q2,Information and Communication,976.727
Compensation of Employees at Current Prices (Seasonally Adjusted),2013Q2,Information and Communication,161.934
Compensation of Employees at Current Prices (Seasonally Adjusted),2013Q2,Financial and Insurance Activities,1737.467
Compensation of Employees at Current Prices (Seasonally Adjusted),2013Q2,Financial and Insurance Activities,1365.277
Compensation of Employees at Current Prices (Seasonally Adjusted),2013Q2,Financial and Insurance Activities,372.19
Compensation of Employees at Current Prices (Seasonally Adjusted),2013Q2,Real Estate Activities,157.075
Compensation of Employees at Current Prices (Seasonally Adjusted),2013Q2,Real Estate Activities,141.568
Compensation of Employees at Current Prices (Seasonally Adjusted),2013Q2,Real Estate Activities,15.507
Compensation of Employees at Current Prices (Seasonally Adjusted),2013Q2,"Professional, Admin and Support Services",1847.142
Compensation of Employees at Current Prices (Seasonally Adjusted),2013Q2,"Professional, Admin and Support Services",1620.804
Compensation of Employees at Current Prices (Seasonally Adjusted),2013Q2,"Professional, Admin and Support Services",226.338
Compensation of Employees at Current Prices (Seasonally Adjusted),2013Q2,"Public Admin, Education and Health",5808.977
Compensation of Employees at Current Prices (Seasonally Adjusted),2013Q2,"Public Admin, Education and Health",4901.28
Compensation of Employees at Current Prices (Seasonally Adjusted),2013Q2,"Public Admin, Education and Health",907.697
Compensation of Employees at Current Prices (Seasonally Adjusted),2013Q2,"Arts, Entertainment and Other Services",470.118
Compensation of Employees at Current Prices (Seasonally Adjusted),2013Q2,"Arts, Entertainment and Other Services",418.103
Compensation of Employees at Current Prices (Seasonally Adjusted),2013Q2,"Arts, Entertainment and Other Services",52.015
Compensation of Employees at Current Prices (Seasonally Adjusted),2013Q2,All Sectors,18215.736
Compensation of Employees at Current Prices (Seasonally Adjusted),2013Q2,All Sectors,15507.762
Compensation of Employees at Current Prices (Seasonally Adjusted),2013Q2,All Sectors,2707.974
Compensation of Employees at Current Prices (Seasonally Adjusted),2013Q3,"Agriculture, Forestry and Fishing",157.691
Compensation of Employees at Current Prices (Seasonally Adjusted),2013Q3,"Agriculture, Forestry and Fishing",132.534
Compensation of Employees at Current Prices (Seasonally Adjusted),2013Q3,"Agriculture, Forestry and Fishing",25.158
Compensation of Employees at Current Prices (Seasonally Adjusted),2013Q3,Industry (excl. Construction),2403.034
Compensation of Employees at Current Prices (Seasonally Adjusted),2013Q3,Industry (excl. Construction),1978.25
Compensation of Employees at Current Prices (Seasonally Adjusted),2013Q3,Industry (excl. Construction),424.784
Compensation of Employees at Current Prices (Seasonally Adjusted),2013Q3,Industry - of which Manufacturing,2086.22
Compensation of Employees at Current Prices (Seasonally Adjusted),2013Q3,Industry - of which Manufacturing,1716.249
Compensation of Employees at Current Prices (Seasonally Adjusted),2013Q3,Industry - of which Manufacturing,369.972
Compensation of Employees at Current Prices (Seasonally Adjusted),2013Q3,Construction,628.105
Compensation of Employees at Current Prices (Seasonally Adjusted),2013Q3,Construction,573.246
Compensation of Employees at Current Prices (Seasonally Adjusted),2013Q3,Construction,54.859
Compensation of Employees at Current Prices (Seasonally Adjusted),2013Q3,"Distribution, Transport, Hotels and Restaurants",3926.583
Compensation of Employees at Current Prices (Seasonally Adjusted),2013Q3,"Distribution, Transport, Hotels and Restaurants",3467.139
Compensation of Employees at Current Prices (Seasonally Adjusted),2013Q3,"Distribution, Transport, Hotels and Restaurants",459.444
Compensation of Employees at Current Prices (Seasonally Adjusted),2013Q3,Information and Communication,1162.016
Compensation of Employees at Current Prices (Seasonally Adjusted),2013Q3,Information and Communication,991.112
Compensation of Employees at Current Prices (Seasonally Adjusted),2013Q3,Information and Communication,170.904
Compensation of Employees at Current Prices (Seasonally Adjusted),2013Q3,Financial and Insurance Activities,1828.981
Compensation of Employees at Current Prices (Seasonally Adjusted),2013Q3,Financial and Insurance Activities,1423.308
Compensation of Employees at Current Prices (Seasonally Adjusted),2013Q3,Financial and Insurance Activities,405.673
Compensation of Employees at Current Prices (Seasonally Adjusted),2013Q3,Real Estate Activities,103.669
Compensation of Employees at Current Prices (Seasonally Adjusted),2013Q3,Real Estate Activities,93.267
Compensation of Employees at Current Prices (Seasonally Adjusted),2013Q3,Real Estate Activities,10.402
Compensation of Employees at Current Prices (Seasonally Adjusted),2013Q3,"Professional, Admin and Support Services",1959.602
Compensation of Employees at Current Prices (Seasonally Adjusted),2013Q3,"Professional, Admin and Support Services",1728.585
Compensation of Employees at Current Prices (Seasonally Adjusted),2013Q3,"Professional, Admin and Support Services",231.017
Compensation of Employees at Current Prices (Seasonally Adjusted),2013Q3,"Public Admin, Education and Health",5762.012
Compensation of Employees at Current Prices (Seasonally Adjusted),2013Q3,"Public Admin, Education and Health",4852.633
Compensation of Employees at Current Prices (Seasonally Adjusted),2013Q3,"Public Admin, Education and Health",909.378
Compensation of Employees at Current Prices (Seasonally Adjusted),2013Q3,"Arts, Entertainment and Other Services",422.76
Compensation of Employees at Current Prices (Seasonally Adjusted),2013Q3,"Arts, Entertainment and Other Services",380.742
Compensation of Employees at Current Prices (Seasonally Adjusted),2013Q3,"Arts, Entertainment and Other Services",42.018
Compensation of Employees at Current Prices (Seasonally Adjusted),2013Q3,All Sectors,18354.452
Compensation of Employees at Current Prices (Seasonally Adjusted),2013Q3,All Sectors,15620.816
Compensation of Employees at Current Prices (Seasonally Adjusted),2013Q3,All Sectors,2733.636
Compensation of Employees at Current Prices (Seasonally Adjusted),2013Q4,"Agriculture, Forestry and Fishing",161.454
Compensation of Employees at Current Prices (Seasonally Adjusted),2013Q4,"Agriculture, Forestry and Fishing",135.957
Compensation of Employees at Current Prices (Seasonally Adjusted),2013Q4,"Agriculture, Forestry and Fishing",25.497
Compensation of Employees at Current Prices (Seasonally Adjusted),2013Q4,Industry (excl. Construction),2482.491
Compensation of Employees at Current Prices (Seasonally Adjusted),2013Q4,Industry (excl. Construction),2006.223
Compensation of Employees at Current Prices (Seasonally Adjusted),2013Q4,Industry (excl. Construction),476.268
Compensation of Employees at Current Prices (Seasonally Adjusted),2013Q4,Industry - of which Manufacturing,2145.783
Compensation of Employees at Current Prices (Seasonally Adjusted),2013Q4,Industry - of which Manufacturing,1722.784
Compensation of Employees at Current Prices (Seasonally Adjusted),2013Q4,Industry - of which Manufacturing,422.999
Compensation of Employees at Current Prices (Seasonally Adjusted),2013Q4,Construction,620.638
Compensation of Employees at Current Prices (Seasonally Adjusted),2013Q4,Construction,563.476
Compensation of Employees at Current Prices (Seasonally Adjusted),2013Q4,Construction,57.161
Compensation of Employees at Current Prices (Seasonally Adjusted),2013Q4,"Distribution, Transport, Hotels and Restaurants",3990.241
Compensation of Employees at Current Prices (Seasonally Adjusted),2013Q4,"Distribution, Transport, Hotels and Restaurants",3504.941
Compensation of Employees at Current Prices (Seasonally Adjusted),2013Q4,"Distribution, Transport, Hotels and Restaurants",485.3
Compensation of Employees at Current Prices (Seasonally Adjusted),2013Q4,Information and Communication,1332.634
Compensation of Employees at Current Prices (Seasonally Adjusted),2013Q4,Information and Communication,999.918
Compensation of Employees at Current Prices (Seasonally Adjusted),2013Q4,Information and Communication,332.715
Compensation of Employees at Current Prices (Seasonally Adjusted),2013Q4,Financial and Insurance Activities,1757.166
Compensation of Employees at Current Prices (Seasonally Adjusted),2013Q4,Financial and Insurance Activities,1338.005
Compensation of Employees at Current Prices (Seasonally Adjusted),2013Q4,Financial and Insurance Activities,419.162
Compensation of Employees at Current Prices (Seasonally Adjusted),2013Q4,Real Estate Activities,137.071
Compensation of Employees at Current Prices (Seasonally Adjusted),2013Q4,Real Estate Activities,123.893
Compensation of Employees at Current Prices (Seasonally Adjusted),2013Q4,Real Estate Activities,13.178
Compensation of Employees at Current Prices (Seasonally Adjusted),2013Q4,"Professional, Admin and Support Services",2037.23
Compensation of Employees at Current Prices (Seasonally Adjusted),2013Q4,"Professional, Admin and Support Services",1782.485
Compensation of Employees at Current Prices (Seasonally Adjusted),2013Q4,"Professional, Admin and Support Services",254.745
Compensation of Employees at Current Prices (Seasonally Adjusted),2013Q4,"Public Admin, Education and Health",5817.518
Compensation of Employees at Current Prices (Seasonally Adjusted),2013Q4,"Public Admin, Education and Health",4889.48
Compensation of Employees at Current Prices (Seasonally Adjusted),2013Q4,"Public Admin, Education and Health",928.037
Compensation of Employees at Current Prices (Seasonally Adjusted),2013Q4,"Arts, Entertainment and Other Services",441.755
Compensation of Employees at Current Prices (Seasonally Adjusted),2013Q4,"Arts, Entertainment and Other Services",390.365
Compensation of Employees at Current Prices (Seasonally Adjusted),2013Q4,"Arts, Entertainment and Other Services",51.391
Compensation of Employees at Current Prices (Seasonally Adjusted),2013Q4,All Sectors,18778.198
Compensation of Employees at Current Prices (Seasonally Adjusted),2013Q4,All Sectors,15734.744
Compensation of Employees at Current Prices (Seasonally Adjusted),2013Q4,All Sectors,3043.454
Compensation of Employees at Current Prices (Seasonally Adjusted),2014Q1,"Agriculture, Forestry and Fishing",163.993
Compensation of Employees at Current Prices (Seasonally Adjusted),2014Q1,"Agriculture, Forestry and Fishing",136.89
Compensation of Employees at Current Prices (Seasonally Adjusted),2014Q1,"Agriculture, Forestry and Fishing",27.103
Compensation of Employees at Current Prices (Seasonally Adjusted),2014Q1,Industry (excl. Construction),2485.316
Compensation of Employees at Current Prices (Seasonally Adjusted),2014Q1,Industry (excl. Construction),2045.277
Compensation of Employees at Current Prices (Seasonally Adjusted),2014Q1,Industry (excl. Construction),440.039
Compensation of Employees at Current Prices (Seasonally Adjusted),2014Q1,Industry - of which Manufacturing,2160.554
Compensation of Employees at Current Prices (Seasonally Adjusted),2014Q1,Industry - of which Manufacturing,1772.585
Compensation of Employees at Current Prices (Seasonally Adjusted),2014Q1,Industry - of which Manufacturing,387.969
Compensation of Employees at Current Prices (Seasonally Adjusted),2014Q1,Construction,606.53
Compensation of Employees at Current Prices (Seasonally Adjusted),2014Q1,Construction,546.736
Compensation of Employees at Current Prices (Seasonally Adjusted),2014Q1,Construction,59.795
Compensation of Employees at Current Prices (Seasonally Adjusted),2014Q1,"Distribution, Transport, Hotels and Restaurants",3993.372
Compensation of Employees at Current Prices (Seasonally Adjusted),2014Q1,"Distribution, Transport, Hotels and Restaurants",3517.564
Compensation of Employees at Current Prices (Seasonally Adjusted),2014Q1,"Distribution, Transport, Hotels and Restaurants",475.808
Compensation of Employees at Current Prices (Seasonally Adjusted),2014Q1,Information and Communication,1242.45
Compensation of Employees at Current Prices (Seasonally Adjusted),2014Q1,Information and Communication,1067.34
Compensation of Employees at Current Prices (Seasonally Adjusted),2014Q1,Information and Communication,175.11
Compensation of Employees at Current Prices (Seasonally Adjusted),2014Q1,Financial and Insurance Activities,1719.659
Compensation of Employees at Current Prices (Seasonally Adjusted),2014Q1,Financial and Insurance Activities,1363.867
Compensation of Employees at Current Prices (Seasonally Adjusted),2014Q1,Financial and Insurance Activities,355.792
Compensation of Employees at Current Prices (Seasonally Adjusted),2014Q1,Real Estate Activities,146.24
Compensation of Employees at Current Prices (Seasonally Adjusted),2014Q1,Real Estate Activities,126.247
Compensation of Employees at Current Prices (Seasonally Adjusted),2014Q1,Real Estate Activities,19.993
Compensation of Employees at Current Prices (Seasonally Adjusted),2014Q1,"Professional, Admin and Support Services",2162.034
Compensation of Employees at Current Prices (Seasonally Adjusted),2014Q1,"Professional, Admin and Support Services",1897.434
Compensation of Employees at Current Prices (Seasonally Adjusted),2014Q1,"Professional, Admin and Support Services",264.6
Compensation of Employees at Current Prices (Seasonally Adjusted),2014Q1,"Public Admin, Education and Health",5859.974
Compensation of Employees at Current Prices (Seasonally Adjusted),2014Q1,"Public Admin, Education and Health",4892.044
Compensation of Employees at Current Prices (Seasonally Adjusted),2014Q1,"Public Admin, Education and Health",967.93
Compensation of Employees at Current Prices (Seasonally Adjusted),2014Q1,"Arts, Entertainment and Other Services",448.758
Compensation of Employees at Current Prices (Seasonally Adjusted),2014Q1,"Arts, Entertainment and Other Services",385.499
Compensation of Employees at Current Prices (Seasonally Adjusted),2014Q1,"Arts, Entertainment and Other Services",63.259
Compensation of Employees at Current Prices (Seasonally Adjusted),2014Q1,All Sectors,18828.326
Compensation of Employees at Current Prices (Seasonally Adjusted),2014Q1,All Sectors,15978.899
Compensation of Employees at Current Prices (Seasonally Adjusted),2014Q1,All Sectors,2849.427
Compensation of Employees at Current Prices (Seasonally Adjusted),2014Q2,"Agriculture, Forestry and Fishing",163.896
Compensation of Employees at Current Prices (Seasonally Adjusted),2014Q2,"Agriculture, Forestry and Fishing",136.709
Compensation of Employees at Current Prices (Seasonally Adjusted),2014Q2,"Agriculture, Forestry and Fishing",27.187
Compensation of Employees at Current Prices (Seasonally Adjusted),2014Q2,Industry (excl. Construction),2513.299
Compensation of Employees at Current Prices (Seasonally Adjusted),2014Q2,Industry (excl. Construction),2068.085
Compensation of Employees at Current Prices (Seasonally Adjusted),2014Q2,Industry (excl. Construction),445.213
Compensation of Employees at Current Prices (Seasonally Adjusted),2014Q2,Industry - of which Manufacturing,2158.212
Compensation of Employees at Current Prices (Seasonally Adjusted),2014Q2,Industry - of which Manufacturing,1775.913
Compensation of Employees at Current Prices (Seasonally Adjusted),2014Q2,Industry - of which Manufacturing,382.299
Compensation of Employees at Current Prices (Seasonally Adjusted),2014Q2,Construction,638.967
Compensation of Employees at Current Prices (Seasonally Adjusted),2014Q2,Construction,576.003
Compensation of Employees at Current Prices (Seasonally Adjusted),2014Q2,Construction,62.964
Compensation of Employees at Current Prices (Seasonally Adjusted),2014Q2,"Distribution, Transport, Hotels and Restaurants",4073.837
Compensation of Employees at Current Prices (Seasonally Adjusted),2014Q2,"Distribution, Transport, Hotels and Restaurants",3571.274
Compensation of Employees at Current Prices (Seasonally Adjusted),2014Q2,"Distribution, Transport, Hotels and Restaurants",502.562
Compensation of Employees at Current Prices (Seasonally Adjusted),2014Q2,Information and Communication,1281.423
Compensation of Employees at Current Prices (Seasonally Adjusted),2014Q2,Information and Communication,1086.473
Compensation of Employees at Current Prices (Seasonally Adjusted),2014Q2,Information and Communication,194.95
Compensation of Employees at Current Prices (Seasonally Adjusted),2014Q2,Financial and Insurance Activities,1678.899
Compensation of Employees at Current Prices (Seasonally Adjusted),2014Q2,Financial and Insurance Activities,1317.717
Compensation of Employees at Current Prices (Seasonally Adjusted),2014Q2,Financial and Insurance Activities,361.182
Compensation of Employees at Current Prices (Seasonally Adjusted),2014Q2,Real Estate Activities,132.223
Compensation of Employees at Current Prices (Seasonally Adjusted),2014Q2,Real Estate Activities,118.229
Compensation of Employees at Current Prices (Seasonally Adjusted),2014Q2,Real Estate Activities,13.995
Compensation of Employees at Current Prices (Seasonally Adjusted),2014Q2,"Professional, Admin and Support Services",2039.569
Compensation of Employees at Current Prices (Seasonally Adjusted),2014Q2,"Professional, Admin and Support Services",1793.612
Compensation of Employees at Current Prices (Seasonally Adjusted),2014Q2,"Professional, Admin and Support Services",245.957
Compensation of Employees at Current Prices (Seasonally Adjusted),2014Q2,"Public Admin, Education and Health",5892.969
Compensation of Employees at Current Prices (Seasonally Adjusted),2014Q2,"Public Admin, Education and Health",4915.361
Compensation of Employees at Current Prices (Seasonally Adjusted),2014Q2,"Public Admin, Education and Health",977.608
Compensation of Employees at Current Prices (Seasonally Adjusted),2014Q2,"Arts, Entertainment and Other Services",450.945
Compensation of Employees at Current Prices (Seasonally Adjusted),2014Q2,"Arts, Entertainment and Other Services",395.45
Compensation of Employees at Current Prices (Seasonally Adjusted),2014Q2,"Arts, Entertainment and Other Services",55.496
Compensation of Employees at Current Prices (Seasonally Adjusted),2014Q2,All Sectors,18866.027
Compensation of Employees at Current Prices (Seasonally Adjusted),2014Q2,All Sectors,15978.913
Compensation of Employees at Current Prices (Seasonally Adjusted),2014Q2,All Sectors,2887.114
Compensation of Employees at Current Prices (Seasonally Adjusted),2014Q3,"Agriculture, Forestry and Fishing",164.697
Compensation of Employees at Current Prices (Seasonally Adjusted),2014Q3,"Agriculture, Forestry and Fishing",137.231
Compensation of Employees at Current Prices (Seasonally Adjusted),2014Q3,"Agriculture, Forestry and Fishing",27.465
Compensation of Employees at Current Prices (Seasonally Adjusted),2014Q3,Industry (excl. Construction),2527.325
Compensation of Employees at Current Prices (Seasonally Adjusted),2014Q3,Industry (excl. Construction),2059.964
Compensation of Employees at Current Prices (Seasonally Adjusted),2014Q3,Industry (excl. Construction),467.361
Compensation of Employees at Current Prices (Seasonally Adjusted),2014Q3,Industry - of which Manufacturing,2227.696
Compensation of Employees at Current Prices (Seasonally Adjusted),2014Q3,Industry - of which Manufacturing,1815.744
Compensation of Employees at Current Prices (Seasonally Adjusted),2014Q3,Industry - of which Manufacturing,411.952
Compensation of Employees at Current Prices (Seasonally Adjusted),2014Q3,Construction,651.178
Compensation of Employees at Current Prices (Seasonally Adjusted),2014Q3,Construction,589.808
Compensation of Employees at Current Prices (Seasonally Adjusted),2014Q3,Construction,61.37
Compensation of Employees at Current Prices (Seasonally Adjusted),2014Q3,"Distribution, Transport, Hotels and Restaurants",4071.027
Compensation of Employees at Current Prices (Seasonally Adjusted),2014Q3,"Distribution, Transport, Hotels and Restaurants",3584.719
Compensation of Employees at Current Prices (Seasonally Adjusted),2014Q3,"Distribution, Transport, Hotels and Restaurants",486.308
Compensation of Employees at Current Prices (Seasonally Adjusted),2014Q3,Information and Communication,1232.472
Compensation of Employees at Current Prices (Seasonally Adjusted),2014Q3,Information and Communication,1055.342
Compensation of Employees at Current Prices (Seasonally Adjusted),2014Q3,Information and Communication,177.129
Compensation of Employees at Current Prices (Seasonally Adjusted),2014Q3,Financial and Insurance Activities,1770.521
Compensation of Employees at Current Prices (Seasonally Adjusted),2014Q3,Financial and Insurance Activities,1370.422
Compensation of Employees at Current Prices (Seasonally Adjusted),2014Q3,Financial and Insurance Activities,400.099
Compensation of Employees at Current Prices (Seasonally Adjusted),2014Q3,Real Estate Activities,144.024
Compensation of Employees at Current Prices (Seasonally Adjusted),2014Q3,Real Estate Activities,127.082
Compensation of Employees at Current Prices (Seasonally Adjusted),2014Q3,Real Estate Activities,16.942
Compensation of Employees at Current Prices (Seasonally Adjusted),2014Q3,"Professional, Admin and Support Services",2045.352
Compensation of Employees at Current Prices (Seasonally Adjusted),2014Q3,"Professional, Admin and Support Services",1813.124
Compensation of Employees at Current Prices (Seasonally Adjusted),2014Q3,"Professional, Admin and Support Services",232.229
Compensation of Employees at Current Prices (Seasonally Adjusted),2014Q3,"Public Admin, Education and Health",5857.555
Compensation of Employees at Current Prices (Seasonally Adjusted),2014Q3,"Public Admin, Education and Health",4877.552
Compensation of Employees at Current Prices (Seasonally Adjusted),2014Q3,"Public Admin, Education and Health",980.003
Compensation of Employees at Current Prices (Seasonally Adjusted),2014Q3,"Arts, Entertainment and Other Services",453.173
Compensation of Employees at Current Prices (Seasonally Adjusted),2014Q3,"Arts, Entertainment and Other Services",402.911
Compensation of Employees at Current Prices (Seasonally Adjusted),2014Q3,"Arts, Entertainment and Other Services",50.262
Compensation of Employees at Current Prices (Seasonally Adjusted),2014Q3,All Sectors,18917.323
Compensation of Employees at Current Prices (Seasonally Adjusted),2014Q3,All Sectors,16018.155
Compensation of Employees at Current Prices (Seasonally Adjusted),2014Q3,All Sectors,2899.168
Compensation of Employees at Current Prices (Seasonally Adjusted),2014Q4,"Agriculture, Forestry and Fishing",166.461
Compensation of Employees at Current Prices (Seasonally Adjusted),2014Q4,"Agriculture, Forestry and Fishing",138.621
Compensation of Employees at Current Prices (Seasonally Adjusted),2014Q4,"Agriculture, Forestry and Fishing",27.841
Compensation of Employees at Current Prices (Seasonally Adjusted),2014Q4,Industry (excl. Construction),2674.94
Compensation of Employees at Current Prices (Seasonally Adjusted),2014Q4,Industry (excl. Construction),2163.714
Compensation of Employees at Current Prices (Seasonally Adjusted),2014Q4,Industry (excl. Construction),511.226
Compensation of Employees at Current Prices (Seasonally Adjusted),2014Q4,Industry - of which Manufacturing,2347.575
Compensation of Employees at Current Prices (Seasonally Adjusted),2014Q4,Industry - of which Manufacturing,1888.536
Compensation of Employees at Current Prices (Seasonally Adjusted),2014Q4,Industry - of which Manufacturing,459.039
Compensation of Employees at Current Prices (Seasonally Adjusted),2014Q4,Construction,710.106
Compensation of Employees at Current Prices (Seasonally Adjusted),2014Q4,Construction,632.792
Compensation of Employees at Current Prices (Seasonally Adjusted),2014Q4,Construction,77.314
Compensation of Employees at Current Prices (Seasonally Adjusted),2014Q4,"Distribution, Transport, Hotels and Restaurants",4130.373
Compensation of Employees at Current Prices (Seasonally Adjusted),2014Q4,"Distribution, Transport, Hotels and Restaurants",3629.575
Compensation of Employees at Current Prices (Seasonally Adjusted),2014Q4,"Distribution, Transport, Hotels and Restaurants",500.798
Compensation of Employees at Current Prices (Seasonally Adjusted),2014Q4,Information and Communication,1355.943
Compensation of Employees at Current Prices (Seasonally Adjusted),2014Q4,Information and Communication,1145.214
Compensation of Employees at Current Prices (Seasonally Adjusted),2014Q4,Information and Communication,210.73
Compensation of Employees at Current Prices (Seasonally Adjusted),2014Q4,Financial and Insurance Activities,1838.878
Compensation of Employees at Current Prices (Seasonally Adjusted),2014Q4,Financial and Insurance Activities,1459.242
Compensation of Employees at Current Prices (Seasonally Adjusted),2014Q4,Financial and Insurance Activities,379.636
Compensation of Employees at Current Prices (Seasonally Adjusted),2014Q4,Real Estate Activities,192.352
Compensation of Employees at Current Prices (Seasonally Adjusted),2014Q4,Real Estate Activities,171.72
Compensation of Employees at Current Prices (Seasonally Adjusted),2014Q4,Real Estate Activities,20.632
Compensation of Employees at Current Prices (Seasonally Adjusted),2014Q4,"Professional, Admin and Support Services",2162.61
Compensation of Employees at Current Prices (Seasonally Adjusted),2014Q4,"Professional, Admin and Support Services",1905.55
Compensation of Employees at Current Prices (Seasonally Adjusted),2014Q4,"Professional, Admin and Support Services",257.06
Compensation of Employees at Current Prices (Seasonally Adjusted),2014Q4,"Public Admin, Education and Health",5914.567
Compensation of Employees at Current Prices (Seasonally Adjusted),2014Q4,"Public Admin, Education and Health",4924.594
Compensation of Employees at Current Prices (Seasonally Adjusted),2014Q4,"Public Admin, Education and Health",989.973
Compensation of Employees at Current Prices (Seasonally Adjusted),2014Q4,"Arts, Entertainment and Other Services",472.342
Compensation of Employees at Current Prices (Seasonally Adjusted),2014Q4,"Arts, Entertainment and Other Services",418.576
Compensation of Employees at Current Prices (Seasonally Adjusted),2014Q4,"Arts, Entertainment and Other Services",53.767
Compensation of Employees at Current Prices (Seasonally Adjusted),2014Q4,All Sectors,19618.572
Compensation of Employees at Current Prices (Seasonally Adjusted),2014Q4,All Sectors,16589.597
Compensation of Employees at Current Prices (Seasonally Adjusted),2014Q4,All Sectors,3028.975
Compensation of Employees at Current Prices (Seasonally Adjusted),2015Q1,"Agriculture, Forestry and Fishing",166.369
Compensation of Employees at Current Prices (Seasonally Adjusted),2015Q1,"Agriculture, Forestry and Fishing",137.68
Compensation of Employees at Current Prices (Seasonally Adjusted),2015Q1,"Agriculture, Forestry and Fishing",28.689
Compensation of Employees at Current Prices (Seasonally Adjusted),2015Q1,Industry (excl. Construction),2771.589
Compensation of Employees at Current Prices (Seasonally Adjusted),2015Q1,Industry (excl. Construction),2239.22
Compensation of Employees at Current Prices (Seasonally Adjusted),2015Q1,Industry (excl. Construction),532.369
Compensation of Employees at Current Prices (Seasonally Adjusted),2015Q1,Industry - of which Manufacturing,2406.817
Compensation of Employees at Current Prices (Seasonally Adjusted),2015Q1,Industry - of which Manufacturing,1938.838
Compensation of Employees at Current Prices (Seasonally Adjusted),2015Q1,Industry - of which Manufacturing,467.978
Compensation of Employees at Current Prices (Seasonally Adjusted),2015Q1,Construction,709.396
Compensation of Employees at Current Prices (Seasonally Adjusted),2015Q1,Construction,638.168
Compensation of Employees at Current Prices (Seasonally Adjusted),2015Q1,Construction,71.229
Compensation of Employees at Current Prices (Seasonally Adjusted),2015Q1,"Distribution, Transport, Hotels and Restaurants",4198.049
Compensation of Employees at Current Prices (Seasonally Adjusted),2015Q1,"Distribution, Transport, Hotels and Restaurants",3640.743
Compensation of Employees at Current Prices (Seasonally Adjusted),2015Q1,"Distribution, Transport, Hotels and Restaurants",557.306
Compensation of Employees at Current Prices (Seasonally Adjusted),2015Q1,Information and Communication,1436.655
Compensation of Employees at Current Prices (Seasonally Adjusted),2015Q1,Information and Communication,1230.47
Compensation of Employees at Current Prices (Seasonally Adjusted),2015Q1,Information and Communication,206.185
Compensation of Employees at Current Prices (Seasonally Adjusted),2015Q1,Financial and Insurance Activities,1847.755
Compensation of Employees at Current Prices (Seasonally Adjusted),2015Q1,Financial and Insurance Activities,1412.223
Compensation of Employees at Current Prices (Seasonally Adjusted),2015Q1,Financial and Insurance Activities,435.532
Compensation of Employees at Current Prices (Seasonally Adjusted),2015Q1,Real Estate Activities,174.835
Compensation of Employees at Current Prices (Seasonally Adjusted),2015Q1,Real Estate Activities,153.628
Compensation of Employees at Current Prices (Seasonally Adjusted),2015Q1,Real Estate Activities,21.206
Compensation of Employees at Current Prices (Seasonally Adjusted),2015Q1,"Professional, Admin and Support Services",2142.165
Compensation of Employees at Current Prices (Seasonally Adjusted),2015Q1,"Professional, Admin and Support Services",1877.838
Compensation of Employees at Current Prices (Seasonally Adjusted),2015Q1,"Professional, Admin and Support Services",264.327
Compensation of Employees at Current Prices (Seasonally Adjusted),2015Q1,"Public Admin, Education and Health",6005.931
Compensation of Employees at Current Prices (Seasonally Adjusted),2015Q1,"Public Admin, Education and Health",5021.158
Compensation of Employees at Current Prices (Seasonally Adjusted),2015Q1,"Public Admin, Education and Health",984.773
Compensation of Employees at Current Prices (Seasonally Adjusted),2015Q1,"Arts, Entertainment and Other Services",496.51
Compensation of Employees at Current Prices (Seasonally Adjusted),2015Q1,"Arts, Entertainment and Other Services",420.114
Compensation of Employees at Current Prices (Seasonally Adjusted),2015Q1,"Arts, Entertainment and Other Services",76.397
Compensation of Employees at Current Prices (Seasonally Adjusted),2015Q1,All Sectors,19949.255
Compensation of Employees at Current Prices (Seasonally Adjusted),2015Q1,All Sectors,16771.242
Compensation of Employees at Current Prices (Seasonally Adjusted),2015Q1,All Sectors,3178.013
Compensation of Employees at Current Prices (Seasonally Adjusted),2015Q2,"Agriculture, Forestry and Fishing",166.937
Compensation of Employees at Current Prices (Seasonally Adjusted),2015Q2,"Agriculture, Forestry and Fishing",138.019
Compensation of Employees at Current Prices (Seasonally Adjusted),2015Q2,"Agriculture, Forestry and Fishing",28.918
Compensation of Employees at Current Prices (Seasonally Adjusted),2015Q2,Industry (excl. Construction),2779.409
Compensation of Employees at Current Prices (Seasonally Adjusted),2015Q2,Industry (excl. Construction),2243.014
Compensation of Employees at Current Prices (Seasonally Adjusted),2015Q2,Industry (excl. Construction),536.395
Compensation of Employees at Current Prices (Seasonally Adjusted),2015Q2,Industry - of which Manufacturing,2430.161
Compensation of Employees at Current Prices (Seasonally Adjusted),2015Q2,Industry - of which Manufacturing,1960.624
Compensation of Employees at Current Prices (Seasonally Adjusted),2015Q2,Industry - of which Manufacturing,469.537
Compensation of Employees at Current Prices (Seasonally Adjusted),2015Q2,Construction,690.142
Compensation of Employees at Current Prices (Seasonally Adjusted),2015Q2,Construction,622.066
Compensation of Employees at Current Prices (Seasonally Adjusted),2015Q2,Construction,68.076
Compensation of Employees at Current Prices (Seasonally Adjusted),2015Q2,"Distribution, Transport, Hotels and Restaurants",4216.64
Compensation of Employees at Current Prices (Seasonally Adjusted),2015Q2,"Distribution, Transport, Hotels and Restaurants",3657.31
Compensation of Employees at Current Prices (Seasonally Adjusted),2015Q2,"Distribution, Transport, Hotels and Restaurants",559.33
Compensation of Employees at Current Prices (Seasonally Adjusted),2015Q2,Information and Communication,1444.775
Compensation of Employees at Current Prices (Seasonally Adjusted),2015Q2,Information and Communication,1199.566
Compensation of Employees at Current Prices (Seasonally Adjusted),2015Q2,Information and Communication,245.209
Compensation of Employees at Current Prices (Seasonally Adjusted),2015Q2,Financial and Insurance Activities,1847.544
Compensation of Employees at Current Prices (Seasonally Adjusted),2015Q2,Financial and Insurance Activities,1418.383
Compensation of Employees at Current Prices (Seasonally Adjusted),2015Q2,Financial and Insurance Activities,429.161
Compensation of Employees at Current Prices (Seasonally Adjusted),2015Q2,Real Estate Activities,183.763
Compensation of Employees at Current Prices (Seasonally Adjusted),2015Q2,Real Estate Activities,160.124
Compensation of Employees at Current Prices (Seasonally Adjusted),2015Q2,Real Estate Activities,23.639
Compensation of Employees at Current Prices (Seasonally Adjusted),2015Q2,"Professional, Admin and Support Services",2290.832
Compensation of Employees at Current Prices (Seasonally Adjusted),2015Q2,"Professional, Admin and Support Services",1991.586
Compensation of Employees at Current Prices (Seasonally Adjusted),2015Q2,"Professional, Admin and Support Services",299.246
Compensation of Employees at Current Prices (Seasonally Adjusted),2015Q2,"Public Admin, Education and Health",5951.105
Compensation of Employees at Current Prices (Seasonally Adjusted),2015Q2,"Public Admin, Education and Health",4961.249
Compensation of Employees at Current Prices (Seasonally Adjusted),2015Q2,"Public Admin, Education and Health",989.856
Compensation of Employees at Current Prices (Seasonally Adjusted),2015Q2,"Arts, Entertainment and Other Services",484.053
Compensation of Employees at Current Prices (Seasonally Adjusted),2015Q2,"Arts, Entertainment and Other Services",427.768
Compensation of Employees at Current Prices (Seasonally Adjusted),2015Q2,"Arts, Entertainment and Other Services",56.285
Compensation of Employees at Current Prices (Seasonally Adjusted),2015Q2,All Sectors,20055.199
Compensation of Employees at Current Prices (Seasonally Adjusted),2015Q2,All Sectors,16819.085
Compensation of Employees at Current Prices (Seasonally Adjusted),2015Q2,All Sectors,3236.114
Compensation of Employees at Current Prices (Seasonally Adjusted),2015Q3,"Agriculture, Forestry and Fishing",167.81
Compensation of Employees at Current Prices (Seasonally Adjusted),2015Q3,"Agriculture, Forestry and Fishing",138.51
Compensation of Employees at Current Prices (Seasonally Adjusted),2015Q3,"Agriculture, Forestry and Fishing",29.3
Compensation of Employees at Current Prices (Seasonally Adjusted),2015Q3,Industry (excl. Construction),2785.389
Compensation of Employees at Current Prices (Seasonally Adjusted),2015Q3,Industry (excl. Construction),2258.201
Compensation of Employees at Current Prices (Seasonally Adjusted),2015Q3,Industry (excl. Construction),527.188
Compensation of Employees at Current Prices (Seasonally Adjusted),2015Q3,Industry - of which Manufacturing,2434.777
Compensation of Employees at Current Prices (Seasonally Adjusted),2015Q3,Industry - of which Manufacturing,1975.406
Compensation of Employees at Current Prices (Seasonally Adjusted),2015Q3,Industry - of which Manufacturing,459.37
Compensation of Employees at Current Prices (Seasonally Adjusted),2015Q3,Construction,713.17
Compensation of Employees at Current Prices (Seasonally Adjusted),2015Q3,Construction,640.338
Compensation of Employees at Current Prices (Seasonally Adjusted),2015Q3,Construction,72.832
Compensation of Employees at Current Prices (Seasonally Adjusted),2015Q3,"Distribution, Transport, Hotels and Restaurants",4269.114
Compensation of Employees at Current Prices (Seasonally Adjusted),2015Q3,"Distribution, Transport, Hotels and Restaurants",3680.091
Compensation of Employees at Current Prices (Seasonally Adjusted),2015Q3,"Distribution, Transport, Hotels and Restaurants",589.023
Compensation of Employees at Current Prices (Seasonally Adjusted),2015Q3,Information and Communication,1464.068
Compensation of Employees at Current Prices (Seasonally Adjusted),2015Q3,Information and Communication,1226.83
Compensation of Employees at Current Prices (Seasonally Adjusted),2015Q3,Information and Communication,237.238
Compensation of Employees at Current Prices (Seasonally Adjusted),2015Q3,Financial and Insurance Activities,1838.784
Compensation of Employees at Current Prices (Seasonally Adjusted),2015Q3,Financial and Insurance Activities,1423.243
Compensation of Employees at Current Prices (Seasonally Adjusted),2015Q3,Financial and Insurance Activities,415.541
Compensation of Employees at Current Prices (Seasonally Adjusted),2015Q3,Real Estate Activities,160.51
Compensation of Employees at Current Prices (Seasonally Adjusted),2015Q3,Real Estate Activities,141.52
Compensation of Employees at Current Prices (Seasonally Adjusted),2015Q3,Real Estate Activities,18.99
Compensation of Employees at Current Prices (Seasonally Adjusted),2015Q3,"Professional, Admin and Support Services",2464.614
Compensation of Employees at Current Prices (Seasonally Adjusted),2015Q3,"Professional, Admin and Support Services",2161.674
Compensation of Employees at Current Prices (Seasonally Adjusted),2015Q3,"Professional, Admin and Support Services",302.94
Compensation of Employees at Current Prices (Seasonally Adjusted),2015Q3,"Public Admin, Education and Health",6005.477
Compensation of Employees at Current Prices (Seasonally Adjusted),2015Q3,"Public Admin, Education and Health",5002.584
Compensation of Employees at Current Prices (Seasonally Adjusted),2015Q3,"Public Admin, Education and Health",1002.893
Compensation of Employees at Current Prices (Seasonally Adjusted),2015Q3,"Arts, Entertainment and Other Services",483.753
Compensation of Employees at Current Prices (Seasonally Adjusted),2015Q3,"Arts, Entertainment and Other Services",426.344
Compensation of Employees at Current Prices (Seasonally Adjusted),2015Q3,"Arts, Entertainment and Other Services",57.409
Compensation of Employees at Current Prices (Seasonally Adjusted),2015Q3,All Sectors,20352.688
Compensation of Employees at Current Prices (Seasonally Adjusted),2015Q3,All Sectors,17099.333
Compensation of Employees at Current Prices (Seasonally Adjusted),2015Q3,All Sectors,3253.355
Compensation of Employees at Current Prices (Seasonally Adjusted),2015Q4,"Agriculture, Forestry and Fishing",168.508
Compensation of Employees at Current Prices (Seasonally Adjusted),2015Q4,"Agriculture, Forestry and Fishing",138.763
Compensation of Employees at Current Prices (Seasonally Adjusted),2015Q4,"Agriculture, Forestry and Fishing",29.745
Compensation of Employees at Current Prices (Seasonally Adjusted),2015Q4,Industry (excl. Construction),2842.062
Compensation of Employees at Current Prices (Seasonally Adjusted),2015Q4,Industry (excl. Construction),2269.581
Compensation of Employees at Current Prices (Seasonally Adjusted),2015Q4,Industry (excl. Construction),572.481
Compensation of Employees at Current Prices (Seasonally Adjusted),2015Q4,Industry - of which Manufacturing,2546.195
Compensation of Employees at Current Prices (Seasonally Adjusted),2015Q4,Industry - of which Manufacturing,2044.896
Compensation of Employees at Current Prices (Seasonally Adjusted),2015Q4,Industry - of which Manufacturing,501.299
Compensation of Employees at Current Prices (Seasonally Adjusted),2015Q4,Construction,747.324
Compensation of Employees at Current Prices (Seasonally Adjusted),2015Q4,Construction,668.693
Compensation of Employees at Current Prices (Seasonally Adjusted),2015Q4,Construction,78.631
Compensation of Employees at Current Prices (Seasonally Adjusted),2015Q4,"Distribution, Transport, Hotels and Restaurants",4362.405
Compensation of Employees at Current Prices (Seasonally Adjusted),2015Q4,"Distribution, Transport, Hotels and Restaurants",3782.498
Compensation of Employees at Current Prices (Seasonally Adjusted),2015Q4,"Distribution, Transport, Hotels and Restaurants",579.907
Compensation of Employees at Current Prices (Seasonally Adjusted),2015Q4,Information and Communication,1478.821
Compensation of Employees at Current Prices (Seasonally Adjusted),2015Q4,Information and Communication,1242.845
Compensation of Employees at Current Prices (Seasonally Adjusted),2015Q4,Information and Communication,235.975
Compensation of Employees at Current Prices (Seasonally Adjusted),2015Q4,Financial and Insurance Activities,1844.538
Compensation of Employees at Current Prices (Seasonally Adjusted),2015Q4,Financial and Insurance Activities,1435.413
Compensation of Employees at Current Prices (Seasonally Adjusted),2015Q4,Financial and Insurance Activities,409.125
Compensation of Employees at Current Prices (Seasonally Adjusted),2015Q4,Real Estate Activities,167.641
Compensation of Employees at Current Prices (Seasonally Adjusted),2015Q4,Real Estate Activities,148.352
Compensation of Employees at Current Prices (Seasonally Adjusted),2015Q4,Real Estate Activities,19.289
Compensation of Employees at Current Prices (Seasonally Adjusted),2015Q4,"Professional, Admin and Support Services",2479.188
Compensation of Employees at Current Prices (Seasonally Adjusted),2015Q4,"Professional, Admin and Support Services",2160.65
Compensation of Employees at Current Prices (Seasonally Adjusted),2015Q4,"Professional, Admin and Support Services",318.538
Compensation of Employees at Current Prices (Seasonally Adjusted),2015Q4,"Public Admin, Education and Health",6101.579
Compensation of Employees at Current Prices (Seasonally Adjusted),2015Q4,"Public Admin, Education and Health",5069.894
Compensation of Employees at Current Prices (Seasonally Adjusted),2015Q4,"Public Admin, Education and Health",1031.685
Compensation of Employees at Current Prices (Seasonally Adjusted),2015Q4,"Arts, Entertainment and Other Services",464.666
Compensation of Employees at Current Prices (Seasonally Adjusted),2015Q4,"Arts, Entertainment and Other Services",411.249
Compensation of Employees at Current Prices (Seasonally Adjusted),2015Q4,"Arts, Entertainment and Other Services",53.416
Compensation of Employees at Current Prices (Seasonally Adjusted),2015Q4,All Sectors,20656.73
Compensation of Employees at Current Prices (Seasonally Adjusted),2015Q4,All Sectors,17327.939
Compensation of Employees at Current Prices (Seasonally Adjusted),2015Q4,All Sectors,3328.79
Compensation of Employees at Current Prices (Seasonally Adjusted),2016Q1,"Agriculture, Forestry and Fishing",171.576
Compensation of Employees at Current Prices (Seasonally Adjusted),2016Q1,"Agriculture, Forestry and Fishing",142.152
Compensation of Employees at Current Prices (Seasonally Adjusted),2016Q1,"Agriculture, Forestry and Fishing",29.425
Compensation of Employees at Current Prices (Seasonally Adjusted),2016Q1,Industry (excl. Construction),2811.327
Compensation of Employees at Current Prices (Seasonally Adjusted),2016Q1,Industry (excl. Construction),2268.706
Compensation of Employees at Current Prices (Seasonally Adjusted),2016Q1,Industry (excl. Construction),542.621
Compensation of Employees at Current Prices (Seasonally Adjusted),2016Q1,Industry - of which Manufacturing,2461.192
Compensation of Employees at Current Prices (Seasonally Adjusted),2016Q1,Industry - of which Manufacturing,1984.161
Compensation of Employees at Current Prices (Seasonally Adjusted),2016Q1,Industry - of which Manufacturing,477.03
Compensation of Employees at Current Prices (Seasonally Adjusted),2016Q1,Construction,805.285
Compensation of Employees at Current Prices (Seasonally Adjusted),2016Q1,Construction,724.164
Compensation of Employees at Current Prices (Seasonally Adjusted),2016Q1,Construction,81.12
Compensation of Employees at Current Prices (Seasonally Adjusted),2016Q1,"Distribution, Transport, Hotels and Restaurants",4472.773
Compensation of Employees at Current Prices (Seasonally Adjusted),2016Q1,"Distribution, Transport, Hotels and Restaurants",3882.482
Compensation of Employees at Current Prices (Seasonally Adjusted),2016Q1,"Distribution, Transport, Hotels and Restaurants",590.291
Compensation of Employees at Current Prices (Seasonally Adjusted),2016Q1,Information and Communication,1627.824
Compensation of Employees at Current Prices (Seasonally Adjusted),2016Q1,Information and Communication,1409.24
Compensation of Employees at Current Prices (Seasonally Adjusted),2016Q1,Information and Communication,218.584
Compensation of Employees at Current Prices (Seasonally Adjusted),2016Q1,Financial and Insurance Activities,1866.391
Compensation of Employees at Current Prices (Seasonally Adjusted),2016Q1,Financial and Insurance Activities,1460.853
Compensation of Employees at Current Prices (Seasonally Adjusted),2016Q1,Financial and Insurance Activities,405.537
Compensation of Employees at Current Prices (Seasonally Adjusted),2016Q1,Real Estate Activities,188.577
Compensation of Employees at Current Prices (Seasonally Adjusted),2016Q1,Real Estate Activities,165.243
Compensation of Employees at Current Prices (Seasonally Adjusted),2016Q1,Real Estate Activities,23.333
Compensation of Employees at Current Prices (Seasonally Adjusted),2016Q1,"Professional, Admin and Support Services",2507.201
Compensation of Employees at Current Prices (Seasonally Adjusted),2016Q1,"Professional, Admin and Support Services",2201.073
Compensation of Employees at Current Prices (Seasonally Adjusted),2016Q1,"Professional, Admin and Support Services",306.128
Compensation of Employees at Current Prices (Seasonally Adjusted),2016Q1,"Public Admin, Education and Health",6065.777
Compensation of Employees at Current Prices (Seasonally Adjusted),2016Q1,"Public Admin, Education and Health",5012.288
Compensation of Employees at Current Prices (Seasonally Adjusted),2016Q1,"Public Admin, Education and Health",1053.49
Compensation of Employees at Current Prices (Seasonally Adjusted),2016Q1,"Arts, Entertainment and Other Services",506.658
Compensation of Employees at Current Prices (Seasonally Adjusted),2016Q1,"Arts, Entertainment and Other Services",441.891
Compensation of Employees at Current Prices (Seasonally Adjusted),2016Q1,"Arts, Entertainment and Other Services",64.767
Compensation of Employees at Current Prices (Seasonally Adjusted),2016Q1,All Sectors,21023.389
Compensation of Employees at Current Prices (Seasonally Adjusted),2016Q1,All Sectors,17708.093
Compensation of Employees at Current Prices (Seasonally Adjusted),2016Q1,All Sectors,3315.296
Compensation of Employees at Current Prices (Seasonally Adjusted),2016Q2,"Agriculture, Forestry and Fishing",172.96
Compensation of Employees at Current Prices (Seasonally Adjusted),2016Q2,"Agriculture, Forestry and Fishing",143.171
Compensation of Employees at Current Prices (Seasonally Adjusted),2016Q2,"Agriculture, Forestry and Fishing",29.789
Compensation of Employees at Current Prices (Seasonally Adjusted),2016Q2,Industry (excl. Construction),2896.863
Compensation of Employees at Current Prices (Seasonally Adjusted),2016Q2,Industry (excl. Construction),2361.29
Compensation of Employees at Current Prices (Seasonally Adjusted),2016Q2,Industry (excl. Construction),535.573
Compensation of Employees at Current Prices (Seasonally Adjusted),2016Q2,Industry - of which Manufacturing,2577.99
Compensation of Employees at Current Prices (Seasonally Adjusted),2016Q2,Industry - of which Manufacturing,2099.691
Compensation of Employees at Current Prices (Seasonally Adjusted),2016Q2,Industry - of which Manufacturing,478.299
Compensation of Employees at Current Prices (Seasonally Adjusted),2016Q2,Construction,854.884
Compensation of Employees at Current Prices (Seasonally Adjusted),2016Q2,Construction,770.709
Compensation of Employees at Current Prices (Seasonally Adjusted),2016Q2,Construction,84.174
Compensation of Employees at Current Prices (Seasonally Adjusted),2016Q2,"Distribution, Transport, Hotels and Restaurants",4527.962
Compensation of Employees at Current Prices (Seasonally Adjusted),2016Q2,"Distribution, Transport, Hotels and Restaurants",3927.976
Compensation of Employees at Current Prices (Seasonally Adjusted),2016Q2,"Distribution, Transport, Hotels and Restaurants",599.986
Compensation of Employees at Current Prices (Seasonally Adjusted),2016Q2,Information and Communication,1588.482
Compensation of Employees at Current Prices (Seasonally Adjusted),2016Q2,Information and Communication,1322.841
Compensation of Employees at Current Prices (Seasonally Adjusted),2016Q2,Information and Communication,265.641
Compensation of Employees at Current Prices (Seasonally Adjusted),2016Q2,Financial and Insurance Activities,1868.723
Compensation of Employees at Current Prices (Seasonally Adjusted),2016Q2,Financial and Insurance Activities,1460.596
Compensation of Employees at Current Prices (Seasonally Adjusted),2016Q2,Financial and Insurance Activities,408.127
Compensation of Employees at Current Prices (Seasonally Adjusted),2016Q2,Real Estate Activities,200.422
Compensation of Employees at Current Prices (Seasonally Adjusted),2016Q2,Real Estate Activities,171.935
Compensation of Employees at Current Prices (Seasonally Adjusted),2016Q2,Real Estate Activities,28.487
Compensation of Employees at Current Prices (Seasonally Adjusted),2016Q2,"Professional, Admin and Support Services",2577.458
Compensation of Employees at Current Prices (Seasonally Adjusted),2016Q2,"Professional, Admin and Support Services",2262.437
Compensation of Employees at Current Prices (Seasonally Adjusted),2016Q2,"Professional, Admin and Support Services",315.021
Compensation of Employees at Current Prices (Seasonally Adjusted),2016Q2,"Public Admin, Education and Health",6185.15
Compensation of Employees at Current Prices (Seasonally Adjusted),2016Q2,"Public Admin, Education and Health",5097.659
Compensation of Employees at Current Prices (Seasonally Adjusted),2016Q2,"Public Admin, Education and Health",1087.491
Compensation of Employees at Current Prices (Seasonally Adjusted),2016Q2,"Arts, Entertainment and Other Services",499.819
Compensation of Employees at Current Prices (Seasonally Adjusted),2016Q2,"Arts, Entertainment and Other Services",439.313
Compensation of Employees at Current Prices (Seasonally Adjusted),2016Q2,"Arts, Entertainment and Other Services",60.507
Compensation of Employees at Current Prices (Seasonally Adjusted),2016Q2,All Sectors,21372.723
Compensation of Employees at Current Prices (Seasonally Adjusted),2016Q2,All Sectors,17957.927
Compensation of Employees at Current Prices (Seasonally Adjusted),2016Q2,All Sectors,3414.796
Compensation of Employees at Current Prices (Seasonally Adjusted),2016Q3,"Agriculture, Forestry and Fishing",176.083
Compensation of Employees at Current Prices (Seasonally Adjusted),2016Q3,"Agriculture, Forestry and Fishing",145.844
Compensation of Employees at Current Prices (Seasonally Adjusted),2016Q3,"Agriculture, Forestry and Fishing",30.239
Compensation of Employees at Current Prices (Seasonally Adjusted),2016Q3,Industry (excl. Construction),2989.937
Compensation of Employees at Current Prices (Seasonally Adjusted),2016Q3,Industry (excl. Construction),2399.413
Compensation of Employees at Current Prices (Seasonally Adjusted),2016Q3,Industry (excl. Construction),590.524
Compensation of Employees at Current Prices (Seasonally Adjusted),2016Q3,Industry - of which Manufacturing,2635.53
Compensation of Employees at Current Prices (Seasonally Adjusted),2016Q3,Industry - of which Manufacturing,2116.091
Compensation of Employees at Current Prices (Seasonally Adjusted),2016Q3,Industry - of which Manufacturing,519.439
Compensation of Employees at Current Prices (Seasonally Adjusted),2016Q3,Construction,853.24
Compensation of Employees at Current Prices (Seasonally Adjusted),2016Q3,Construction,767.774
Compensation of Employees at Current Prices (Seasonally Adjusted),2016Q3,Construction,85.466
Compensation of Employees at Current Prices (Seasonally Adjusted),2016Q3,"Distribution, Transport, Hotels and Restaurants",4679.021
Compensation of Employees at Current Prices (Seasonally Adjusted),2016Q3,"Distribution, Transport, Hotels and Restaurants",4049.911
Compensation of Employees at Current Prices (Seasonally Adjusted),2016Q3,"Distribution, Transport, Hotels and Restaurants",629.111
Compensation of Employees at Current Prices (Seasonally Adjusted),2016Q3,Information and Communication,1629.815
Compensation of Employees at Current Prices (Seasonally Adjusted),2016Q3,Information and Communication,1373.314
Compensation of Employees at Current Prices (Seasonally Adjusted),2016Q3,Information and Communication,256.5
Compensation of Employees at Current Prices (Seasonally Adjusted),2016Q3,Financial and Insurance Activities,1891.848
Compensation of Employees at Current Prices (Seasonally Adjusted),2016Q3,Financial and Insurance Activities,1476.773
Compensation of Employees at Current Prices (Seasonally Adjusted),2016Q3,Financial and Insurance Activities,415.075
Compensation of Employees at Current Prices (Seasonally Adjusted),2016Q3,Real Estate Activities,172.205
Compensation of Employees at Current Prices (Seasonally Adjusted),2016Q3,Real Estate Activities,149.34
Compensation of Employees at Current Prices (Seasonally Adjusted),2016Q3,Real Estate Activities,22.865
Compensation of Employees at Current Prices (Seasonally Adjusted),2016Q3,"Professional, Admin and Support Services",2651.044
Compensation of Employees at Current Prices (Seasonally Adjusted),2016Q3,"Professional, Admin and Support Services",2327.241
Compensation of Employees at Current Prices (Seasonally Adjusted),2016Q3,"Professional, Admin and Support Services",323.803
Compensation of Employees at Current Prices (Seasonally Adjusted),2016Q3,"Public Admin, Education and Health",6266.907
Compensation of Employees at Current Prices (Seasonally Adjusted),2016Q3,"Public Admin, Education and Health",5158.944
Compensation of Employees at Current Prices (Seasonally Adjusted),2016Q3,"Public Admin, Education and Health",1107.963
Compensation of Employees at Current Prices (Seasonally Adjusted),2016Q3,"Arts, Entertainment and Other Services",521.119
Compensation of Employees at Current Prices (Seasonally Adjusted),2016Q3,"Arts, Entertainment and Other Services",455.556
Compensation of Employees at Current Prices (Seasonally Adjusted),2016Q3,"Arts, Entertainment and Other Services",65.563
Compensation of Employees at Current Prices (Seasonally Adjusted),2016Q3,All Sectors,21831.219
Compensation of Employees at Current Prices (Seasonally Adjusted),2016Q3,All Sectors,18304.11
Compensation of Employees at Current Prices (Seasonally Adjusted),2016Q3,All Sectors,3527.109
Compensation of Employees at Current Prices (Seasonally Adjusted),2016Q4,"Agriculture, Forestry and Fishing",176.255
Compensation of Employees at Current Prices (Seasonally Adjusted),2016Q4,"Agriculture, Forestry and Fishing",145.597
Compensation of Employees at Current Prices (Seasonally Adjusted),2016Q4,"Agriculture, Forestry and Fishing",30.657
Compensation of Employees at Current Prices (Seasonally Adjusted),2016Q4,Industry (excl. Construction),3018.154
Compensation of Employees at Current Prices (Seasonally Adjusted),2016Q4,Industry (excl. Construction),2421.048
Compensation of Employees at Current Prices (Seasonally Adjusted),2016Q4,Industry (excl. Construction),597.106
Compensation of Employees at Current Prices (Seasonally Adjusted),2016Q4,Industry - of which Manufacturing,2653.449
Compensation of Employees at Current Prices (Seasonally Adjusted),2016Q4,Industry - of which Manufacturing,2118.834
Compensation of Employees at Current Prices (Seasonally Adjusted),2016Q4,Industry - of which Manufacturing,534.615
Compensation of Employees at Current Prices (Seasonally Adjusted),2016Q4,Construction,873.744
Compensation of Employees at Current Prices (Seasonally Adjusted),2016Q4,Construction,783.861
Compensation of Employees at Current Prices (Seasonally Adjusted),2016Q4,Construction,89.883
Compensation of Employees at Current Prices (Seasonally Adjusted),2016Q4,"Distribution, Transport, Hotels and Restaurants",4718.304
Compensation of Employees at Current Prices (Seasonally Adjusted),2016Q4,"Distribution, Transport, Hotels and Restaurants",4086.747
Compensation of Employees at Current Prices (Seasonally Adjusted),2016Q4,"Distribution, Transport, Hotels and Restaurants",631.557
Compensation of Employees at Current Prices (Seasonally Adjusted),2016Q4,Information and Communication,1667.105
Compensation of Employees at Current Prices (Seasonally Adjusted),2016Q4,Information and Communication,1391.244
Compensation of Employees at Current Prices (Seasonally Adjusted),2016Q4,Information and Communication,275.861
Compensation of Employees at Current Prices (Seasonally Adjusted),2016Q4,Financial and Insurance Activities,1876.116
Compensation of Employees at Current Prices (Seasonally Adjusted),2016Q4,Financial and Insurance Activities,1457.185
Compensation of Employees at Current Prices (Seasonally Adjusted),2016Q4,Financial and Insurance Activities,418.931
Compensation of Employees at Current Prices (Seasonally Adjusted),2016Q4,Real Estate Activities,205.518
Compensation of Employees at Current Prices (Seasonally Adjusted),2016Q4,Real Estate Activities,180.118
Compensation of Employees at Current Prices (Seasonally Adjusted),2016Q4,Real Estate Activities,25.4
Compensation of Employees at Current Prices (Seasonally Adjusted),2016Q4,"Professional, Admin and Support Services",2789.758
Compensation of Employees at Current Prices (Seasonally Adjusted),2016Q4,"Professional, Admin and Support Services",2436.477
Compensation of Employees at Current Prices (Seasonally Adjusted),2016Q4,"Professional, Admin and Support Services",353.281
Compensation of Employees at Current Prices (Seasonally Adjusted),2016Q4,"Public Admin, Education and Health",6266.984
Compensation of Employees at Current Prices (Seasonally Adjusted),2016Q4,"Public Admin, Education and Health",5156.317
Compensation of Employees at Current Prices (Seasonally Adjusted),2016Q4,"Public Admin, Education and Health",1110.667
Compensation of Employees at Current Prices (Seasonally Adjusted),2016Q4,"Arts, Entertainment and Other Services",519.779
Compensation of Employees at Current Prices (Seasonally Adjusted),2016Q4,"Arts, Entertainment and Other Services",465.326
Compensation of Employees at Current Prices (Seasonally Adjusted),2016Q4,"Arts, Entertainment and Other Services",54.453
Compensation of Employees at Current Prices (Seasonally Adjusted),2016Q4,All Sectors,22111.717
Compensation of Employees at Current Prices (Seasonally Adjusted),2016Q4,All Sectors,18523.921
Compensation of Employees at Current Prices (Seasonally Adjusted),2016Q4,All Sectors,3587.795
Compensation of Employees at Current Prices (Seasonally Adjusted),2017Q1,"Agriculture, Forestry and Fishing",179.801
Compensation of Employees at Current Prices (Seasonally Adjusted),2017Q1,"Agriculture, Forestry and Fishing",148.34
Compensation of Employees at Current Prices (Seasonally Adjusted),2017Q1,"Agriculture, Forestry and Fishing",31.461
Compensation of Employees at Current Prices (Seasonally Adjusted),2017Q1,Industry (excl. Construction),3048.336
Compensation of Employees at Current Prices (Seasonally Adjusted),2017Q1,Industry (excl. Construction),2467.876
Compensation of Employees at Current Prices (Seasonally Adjusted),2017Q1,Industry (excl. Construction),580.461
Compensation of Employees at Current Prices (Seasonally Adjusted),2017Q1,Industry - of which Manufacturing,2681.824
Compensation of Employees at Current Prices (Seasonally Adjusted),2017Q1,Industry - of which Manufacturing,2171.604
Compensation of Employees at Current Prices (Seasonally Adjusted),2017Q1,Industry - of which Manufacturing,510.221
Compensation of Employees at Current Prices (Seasonally Adjusted),2017Q1,Construction,1070.453
Compensation of Employees at Current Prices (Seasonally Adjusted),2017Q1,Construction,967.751
Compensation of Employees at Current Prices (Seasonally Adjusted),2017Q1,Construction,102.701
Compensation of Employees at Current Prices (Seasonally Adjusted),2017Q1,"Distribution, Transport, Hotels and Restaurants",4750.981
Compensation of Employees at Current Prices (Seasonally Adjusted),2017Q1,"Distribution, Transport, Hotels and Restaurants",4133.596
Compensation of Employees at Current Prices (Seasonally Adjusted),2017Q1,"Distribution, Transport, Hotels and Restaurants",617.385
Compensation of Employees at Current Prices (Seasonally Adjusted),2017Q1,Information and Communication,1748.638
Compensation of Employees at Current Prices (Seasonally Adjusted),2017Q1,Information and Communication,1511.426
Compensation of Employees at Current Prices (Seasonally Adjusted),2017Q1,Information and Communication,237.212
Compensation of Employees at Current Prices (Seasonally Adjusted),2017Q1,Financial and Insurance Activities,1942.467
Compensation of Employees at Current Prices (Seasonally Adjusted),2017Q1,Financial and Insurance Activities,1491.029
Compensation of Employees at Current Prices (Seasonally Adjusted),2017Q1,Financial and Insurance Activities,451.438
Compensation of Employees at Current Prices (Seasonally Adjusted),2017Q1,Real Estate Activities,239.664
Compensation of Employees at Current Prices (Seasonally Adjusted),2017Q1,Real Estate Activities,205.278
Compensation of Employees at Current Prices (Seasonally Adjusted),2017Q1,Real Estate Activities,34.387
Compensation of Employees at Current Prices (Seasonally Adjusted),2017Q1,"Professional, Admin and Support Services",2848.118
Compensation of Employees at Current Prices (Seasonally Adjusted),2017Q1,"Professional, Admin and Support Services",2498.933
Compensation of Employees at Current Prices (Seasonally Adjusted),2017Q1,"Professional, Admin and Support Services",349.185
Compensation of Employees at Current Prices (Seasonally Adjusted),2017Q1,"Public Admin, Education and Health",6374.508
Compensation of Employees at Current Prices (Seasonally Adjusted),2017Q1,"Public Admin, Education and Health",5261.51
Compensation of Employees at Current Prices (Seasonally Adjusted),2017Q1,"Public Admin, Education and Health",1112.999
Compensation of Employees at Current Prices (Seasonally Adjusted),2017Q1,"Arts, Entertainment and Other Services",519.653
Compensation of Employees at Current Prices (Seasonally Adjusted),2017Q1,"Arts, Entertainment and Other Services",455.827
Compensation of Employees at Current Prices (Seasonally Adjusted),2017Q1,"Arts, Entertainment and Other Services",63.826
Compensation of Employees at Current Prices (Seasonally Adjusted),2017Q1,All Sectors,22722.618
Compensation of Employees at Current Prices (Seasonally Adjusted),2017Q1,All Sectors,19141.564
Compensation of Employees at Current Prices (Seasonally Adjusted),2017Q1,All Sectors,3581.054
Compensation of Employees at Current Prices (Seasonally Adjusted),2017Q2,"Agriculture, Forestry and Fishing",182.292
Compensation of Employees at Current Prices (Seasonally Adjusted),2017Q2,"Agriculture, Forestry and Fishing",150.287
Compensation of Employees at Current Prices (Seasonally Adjusted),2017Q2,"Agriculture, Forestry and Fishing",32.005
Compensation of Employees at Current Prices (Seasonally Adjusted),2017Q2,Industry (excl. Construction),3066.987
Compensation of Employees at Current Prices (Seasonally Adjusted),2017Q2,Industry (excl. Construction),2473.801
Compensation of Employees at Current Prices (Seasonally Adjusted),2017Q2,Industry (excl. Construction),593.186
Compensation of Employees at Current Prices (Seasonally Adjusted),2017Q2,Industry - of which Manufacturing,2697.686
Compensation of Employees at Current Prices (Seasonally Adjusted),2017Q2,Industry - of which Manufacturing,2169.564
Compensation of Employees at Current Prices (Seasonally Adjusted),2017Q2,Industry - of which Manufacturing,528.122
Compensation of Employees at Current Prices (Seasonally Adjusted),2017Q2,Construction,972.53
Compensation of Employees at Current Prices (Seasonally Adjusted),2017Q2,Construction,876.493
Compensation of Employees at Current Prices (Seasonally Adjusted),2017Q2,Construction,96.037
Compensation of Employees at Current Prices (Seasonally Adjusted),2017Q2,"Distribution, Transport, Hotels and Restaurants",4820.378
Compensation of Employees at Current Prices (Seasonally Adjusted),2017Q2,"Distribution, Transport, Hotels and Restaurants",4182.735
Compensation of Employees at Current Prices (Seasonally Adjusted),2017Q2,"Distribution, Transport, Hotels and Restaurants",637.643
Compensation of Employees at Current Prices (Seasonally Adjusted),2017Q2,Information and Communication,1743.694
Compensation of Employees at Current Prices (Seasonally Adjusted),2017Q2,Information and Communication,1473.987
Compensation of Employees at Current Prices (Seasonally Adjusted),2017Q2,Information and Communication,269.706
Compensation of Employees at Current Prices (Seasonally Adjusted),2017Q2,Financial and Insurance Activities,1935.539
Compensation of Employees at Current Prices (Seasonally Adjusted),2017Q2,Financial and Insurance Activities,1486.692
Compensation of Employees at Current Prices (Seasonally Adjusted),2017Q2,Financial and Insurance Activities,448.847
Compensation of Employees at Current Prices (Seasonally Adjusted),2017Q2,Real Estate Activities,201.714
Compensation of Employees at Current Prices (Seasonally Adjusted),2017Q2,Real Estate Activities,174.35
Compensation of Employees at Current Prices (Seasonally Adjusted),2017Q2,Real Estate Activities,27.364
Compensation of Employees at Current Prices (Seasonally Adjusted),2017Q2,"Professional, Admin and Support Services",2941.358
Compensation of Employees at Current Prices (Seasonally Adjusted),2017Q2,"Professional, Admin and Support Services",2549.356
Compensation of Employees at Current Prices (Seasonally Adjusted),2017Q2,"Professional, Admin and Support Services",392.002
Compensation of Employees at Current Prices (Seasonally Adjusted),2017Q2,"Public Admin, Education and Health",6509.248
Compensation of Employees at Current Prices (Seasonally Adjusted),2017Q2,"Public Admin, Education and Health",5353.249
Compensation of Employees at Current Prices (Seasonally Adjusted),2017Q2,"Public Admin, Education and Health",1155.999
Compensation of Employees at Current Prices (Seasonally Adjusted),2017Q2,"Arts, Entertainment and Other Services",533.765
Compensation of Employees at Current Prices (Seasonally Adjusted),2017Q2,"Arts, Entertainment and Other Services",470.493
Compensation of Employees at Current Prices (Seasonally Adjusted),2017Q2,"Arts, Entertainment and Other Services",63.272
Compensation of Employees at Current Prices (Seasonally Adjusted),2017Q2,All Sectors,22907.504
Compensation of Employees at Current Prices (Seasonally Adjusted),2017Q2,All Sectors,19191.443
Compensation of Employees at Current Prices (Seasonally Adjusted),2017Q2,All Sectors,3716.061
Compensation of Employees at Current Prices (Seasonally Adjusted),2017Q3,"Agriculture, Forestry and Fishing",182.826
Compensation of Employees at Current Prices (Seasonally Adjusted),2017Q3,"Agriculture, Forestry and Fishing",150.396
Compensation of Employees at Current Prices (Seasonally Adjusted),2017Q3,"Agriculture, Forestry and Fishing",32.43
Compensation of Employees at Current Prices (Seasonally Adjusted),2017Q3,Industry (excl. Construction),3144.481
Compensation of Employees at Current Prices (Seasonally Adjusted),2017Q3,Industry (excl. Construction),2568.022
Compensation of Employees at Current Prices (Seasonally Adjusted),2017Q3,Industry (excl. Construction),576.459
Compensation of Employees at Current Prices (Seasonally Adjusted),2017Q3,Industry - of which Manufacturing,2768.951
Compensation of Employees at Current Prices (Seasonally Adjusted),2017Q3,Industry - of which Manufacturing,2261.272
Compensation of Employees at Current Prices (Seasonally Adjusted),2017Q3,Industry - of which Manufacturing,507.679
Compensation of Employees at Current Prices (Seasonally Adjusted),2017Q3,Construction,971.7
Compensation of Employees at Current Prices (Seasonally Adjusted),2017Q3,Construction,877.074
Compensation of Employees at Current Prices (Seasonally Adjusted),2017Q3,Construction,94.626
Compensation of Employees at Current Prices (Seasonally Adjusted),2017Q3,"Distribution, Transport, Hotels and Restaurants",4820.953
Compensation of Employees at Current Prices (Seasonally Adjusted),2017Q3,"Distribution, Transport, Hotels and Restaurants",4167.93
Compensation of Employees at Current Prices (Seasonally Adjusted),2017Q3,"Distribution, Transport, Hotels and Restaurants",653.023
Compensation of Employees at Current Prices (Seasonally Adjusted),2017Q3,Information and Communication,1866.463
Compensation of Employees at Current Prices (Seasonally Adjusted),2017Q3,Information and Communication,1570.495
Compensation of Employees at Current Prices (Seasonally Adjusted),2017Q3,Information and Communication,295.969
Compensation of Employees at Current Prices (Seasonally Adjusted),2017Q3,Financial and Insurance Activities,1993.649
Compensation of Employees at Current Prices (Seasonally Adjusted),2017Q3,Financial and Insurance Activities,1536.8
Compensation of Employees at Current Prices (Seasonally Adjusted),2017Q3,Financial and Insurance Activities,456.849
Compensation of Employees at Current Prices (Seasonally Adjusted),2017Q3,Real Estate Activities,193.214
Compensation of Employees at Current Prices (Seasonally Adjusted),2017Q3,Real Estate Activities,170.21
Compensation of Employees at Current Prices (Seasonally Adjusted),2017Q3,Real Estate Activities,23.004
Compensation of Employees at Current Prices (Seasonally Adjusted),2017Q3,"Professional, Admin and Support Services",2910.248
Compensation of Employees at Current Prices (Seasonally Adjusted),2017Q3,"Professional, Admin and Support Services",2555.231
Compensation of Employees at Current Prices (Seasonally Adjusted),2017Q3,"Professional, Admin and Support Services",355.017
Compensation of Employees at Current Prices (Seasonally Adjusted),2017Q3,"Public Admin, Education and Health",6614.042
Compensation of Employees at Current Prices (Seasonally Adjusted),2017Q3,"Public Admin, Education and Health",5443.223
Compensation of Employees at Current Prices (Seasonally Adjusted),2017Q3,"Public Admin, Education and Health",1170.819
Compensation of Employees at Current Prices (Seasonally Adjusted),2017Q3,"Arts, Entertainment and Other Services",524.683
Compensation of Employees at Current Prices (Seasonally Adjusted),2017Q3,"Arts, Entertainment and Other Services",466.84
Compensation of Employees at Current Prices (Seasonally Adjusted),2017Q3,"Arts, Entertainment and Other Services",57.842
Compensation of Employees at Current Prices (Seasonally Adjusted),2017Q3,All Sectors,23222.261
Compensation of Employees at Current Prices (Seasonally Adjusted),2017Q3,All Sectors,19506.221
Compensation of Employees at Current Prices (Seasonally Adjusted),2017Q3,All Sectors,3716.039
Compensation of Employees at Current Prices (Seasonally Adjusted),2017Q4,"Agriculture, Forestry and Fishing",183.185
Compensation of Employees at Current Prices (Seasonally Adjusted),2017Q4,"Agriculture, Forestry and Fishing",150.385
Compensation of Employees at Current Prices (Seasonally Adjusted),2017Q4,"Agriculture, Forestry and Fishing",32.8
Compensation of Employees at Current Prices (Seasonally Adjusted),2017Q4,Industry (excl. Construction),3206.071
Compensation of Employees at Current Prices (Seasonally Adjusted),2017Q4,Industry (excl. Construction),2596.878
Compensation of Employees at Current Prices (Seasonally Adjusted),2017Q4,Industry (excl. Construction),609.194
Compensation of Employees at Current Prices (Seasonally Adjusted),2017Q4,Industry - of which Manufacturing,2822.199
Compensation of Employees at Current Prices (Seasonally Adjusted),2017Q4,Industry - of which Manufacturing,2282.841
Compensation of Employees at Current Prices (Seasonally Adjusted),2017Q4,Industry - of which Manufacturing,539.359
Compensation of Employees at Current Prices (Seasonally Adjusted),2017Q4,Construction,1009.693
Compensation of Employees at Current Prices (Seasonally Adjusted),2017Q4,Construction,910.06
Compensation of Employees at Current Prices (Seasonally Adjusted),2017Q4,Construction,99.633
Compensation of Employees at Current Prices (Seasonally Adjusted),2017Q4,"Distribution, Transport, Hotels and Restaurants",4964.442
Compensation of Employees at Current Prices (Seasonally Adjusted),2017Q4,"Distribution, Transport, Hotels and Restaurants",4283.971
Compensation of Employees at Current Prices (Seasonally Adjusted),2017Q4,"Distribution, Transport, Hotels and Restaurants",680.471
Compensation of Employees at Current Prices (Seasonally Adjusted),2017Q4,Information and Communication,1892.79
Compensation of Employees at Current Prices (Seasonally Adjusted),2017Q4,Information and Communication,1592.738
Compensation of Employees at Current Prices (Seasonally Adjusted),2017Q4,Information and Communication,300.052
Compensation of Employees at Current Prices (Seasonally Adjusted),2017Q4,Financial and Insurance Activities,1919.194
Compensation of Employees at Current Prices (Seasonally Adjusted),2017Q4,Financial and Insurance Activities,1458.057
Compensation of Employees at Current Prices (Seasonally Adjusted),2017Q4,Financial and Insurance Activities,461.137
Compensation of Employees at Current Prices (Seasonally Adjusted),2017Q4,Real Estate Activities,201.648
Compensation of Employees at Current Prices (Seasonally Adjusted),2017Q4,Real Estate Activities,176.669
Compensation of Employees at Current Prices (Seasonally Adjusted),2017Q4,Real Estate Activities,24.979
Compensation of Employees at Current Prices (Seasonally Adjusted),2017Q4,"Professional, Admin and Support Services",2962.425
Compensation of Employees at Current Prices (Seasonally Adjusted),2017Q4,"Professional, Admin and Support Services",2585.07
Compensation of Employees at Current Prices (Seasonally Adjusted),2017Q4,"Professional, Admin and Support Services",377.355
Compensation of Employees at Current Prices (Seasonally Adjusted),2017Q4,"Public Admin, Education and Health",6675.583
Compensation of Employees at Current Prices (Seasonally Adjusted),2017Q4,"Public Admin, Education and Health",5480.673
Compensation of Employees at Current Prices (Seasonally Adjusted),2017Q4,"Public Admin, Education and Health",1194.91
Compensation of Employees at Current Prices (Seasonally Adjusted),2017Q4,"Arts, Entertainment and Other Services",551.165
Compensation of Employees at Current Prices (Seasonally Adjusted),2017Q4,"Arts, Entertainment and Other Services",482.902
Compensation of Employees at Current Prices (Seasonally Adjusted),2017Q4,"Arts, Entertainment and Other Services",68.263
Compensation of Employees at Current Prices (Seasonally Adjusted),2017Q4,All Sectors,23566.195
Compensation of Employees at Current Prices (Seasonally Adjusted),2017Q4,All Sectors,19717.402
Compensation of Employees at Current Prices (Seasonally Adjusted),2017Q4,All Sectors,3848.794
Compensation of Employees at Current Prices (Seasonally Adjusted),2018Q1,"Agriculture, Forestry and Fishing",183.51
Compensation of Employees at Current Prices (Seasonally Adjusted),2018Q1,"Agriculture, Forestry and Fishing",149.896
Compensation of Employees at Current Prices (Seasonally Adjusted),2018Q1,"Agriculture, Forestry and Fishing",33.614
Compensation of Employees at Current Prices (Seasonally Adjusted),2018Q1,Industry (excl. Construction),3315.521
Compensation of Employees at Current Prices (Seasonally Adjusted),2018Q1,Industry (excl. Construction),2695.182
Compensation of Employees at Current Prices (Seasonally Adjusted),2018Q1,Industry (excl. Construction),620.339
Compensation of Employees at Current Prices (Seasonally Adjusted),2018Q1,Industry - of which Manufacturing,2936.866
Compensation of Employees at Current Prices (Seasonally Adjusted),2018Q1,Industry - of which Manufacturing,2387.922
Compensation of Employees at Current Prices (Seasonally Adjusted),2018Q1,Industry - of which Manufacturing,548.944
Compensation of Employees at Current Prices (Seasonally Adjusted),2018Q1,Construction,1058.612
Compensation of Employees at Current Prices (Seasonally Adjusted),2018Q1,Construction,952.091
Compensation of Employees at Current Prices (Seasonally Adjusted),2018Q1,Construction,106.522
Compensation of Employees at Current Prices (Seasonally Adjusted),2018Q1,"Distribution, Transport, Hotels and Restaurants",4827.314
Compensation of Employees at Current Prices (Seasonally Adjusted),2018Q1,"Distribution, Transport, Hotels and Restaurants",4170.471
Compensation of Employees at Current Prices (Seasonally Adjusted),2018Q1,"Distribution, Transport, Hotels and Restaurants",656.843
Compensation of Employees at Current Prices (Seasonally Adjusted),2018Q1,Information and Communication,1926.8
Compensation of Employees at Current Prices (Seasonally Adjusted),2018Q1,Information and Communication,1674.173
Compensation of Employees at Current Prices (Seasonally Adjusted),2018Q1,Information and Communication,252.627
Compensation of Employees at Current Prices (Seasonally Adjusted),2018Q1,Financial and Insurance Activities,1960.733
Compensation of Employees at Current Prices (Seasonally Adjusted),2018Q1,Financial and Insurance Activities,1542.929
Compensation of Employees at Current Prices (Seasonally Adjusted),2018Q1,Financial and Insurance Activities,417.804
Compensation of Employees at Current Prices (Seasonally Adjusted),2018Q1,Real Estate Activities,206.838
Compensation of Employees at Current Prices (Seasonally Adjusted),2018Q1,Real Estate Activities,182.619
Compensation of Employees at Current Prices (Seasonally Adjusted),2018Q1,Real Estate Activities,24.22
Compensation of Employees at Current Prices (Seasonally Adjusted),2018Q1,"Professional, Admin and Support Services",3057.411
Compensation of Employees at Current Prices (Seasonally Adjusted),2018Q1,"Professional, Admin and Support Services",2696.857
Compensation of Employees at Current Prices (Seasonally Adjusted),2018Q1,"Professional, Admin and Support Services",360.554
Compensation of Employees at Current Prices (Seasonally Adjusted),2018Q1,"Public Admin, Education and Health",6762.25
Compensation of Employees at Current Prices (Seasonally Adjusted),2018Q1,"Public Admin, Education and Health",5608.676
Compensation of Employees at Current Prices (Seasonally Adjusted),2018Q1,"Public Admin, Education and Health",1153.574
Compensation of Employees at Current Prices (Seasonally Adjusted),2018Q1,"Arts, Entertainment and Other Services",562.137
Compensation of Employees at Current Prices (Seasonally Adjusted),2018Q1,"Arts, Entertainment and Other Services",493.127
Compensation of Employees at Current Prices (Seasonally Adjusted),2018Q1,"Arts, Entertainment and Other Services",69.01
Compensation of Employees at Current Prices (Seasonally Adjusted),2018Q1,All Sectors,23861.126
Compensation of Employees at Current Prices (Seasonally Adjusted),2018Q1,All Sectors,20166.02
Compensation of Employees at Current Prices (Seasonally Adjusted),2018Q1,All Sectors,3695.106
Compensation of Employees at Current Prices (Seasonally Adjusted),2018Q2,"Agriculture, Forestry and Fishing",186.897
Compensation of Employees at Current Prices (Seasonally Adjusted),2018Q2,"Agriculture, Forestry and Fishing",152.618
Compensation of Employees at Current Prices (Seasonally Adjusted),2018Q2,"Agriculture, Forestry and Fishing",34.279
Compensation of Employees at Current Prices (Seasonally Adjusted),2018Q2,Industry (excl. Construction),3344.847
Compensation of Employees at Current Prices (Seasonally Adjusted),2018Q2,Industry (excl. Construction),2740.909
Compensation of Employees at Current Prices (Seasonally Adjusted),2018Q2,Industry (excl. Construction),603.938
Compensation of Employees at Current Prices (Seasonally Adjusted),2018Q2,Industry - of which Manufacturing,2963.855
Compensation of Employees at Current Prices (Seasonally Adjusted),2018Q2,Industry - of which Manufacturing,2434.42
Compensation of Employees at Current Prices (Seasonally Adjusted),2018Q2,Industry - of which Manufacturing,529.435
Compensation of Employees at Current Prices (Seasonally Adjusted),2018Q2,Construction,1102.737
Compensation of Employees at Current Prices (Seasonally Adjusted),2018Q2,Construction,991.15
Compensation of Employees at Current Prices (Seasonally Adjusted),2018Q2,Construction,111.586
Compensation of Employees at Current Prices (Seasonally Adjusted),2018Q2,"Distribution, Transport, Hotels and Restaurants",4978.479
Compensation of Employees at Current Prices (Seasonally Adjusted),2018Q2,"Distribution, Transport, Hotels and Restaurants",4308.489
Compensation of Employees at Current Prices (Seasonally Adjusted),2018Q2,"Distribution, Transport, Hotels and Restaurants",669.99
Compensation of Employees at Current Prices (Seasonally Adjusted),2018Q2,Information and Communication,1981.502
Compensation of Employees at Current Prices (Seasonally Adjusted),2018Q2,Information and Communication,1684.774
Compensation of Employees at Current Prices (Seasonally Adjusted),2018Q2,Information and Communication,296.728
Compensation of Employees at Current Prices (Seasonally Adjusted),2018Q2,Financial and Insurance Activities,2069.951
Compensation of Employees at Current Prices (Seasonally Adjusted),2018Q2,Financial and Insurance Activities,1610.654
Compensation of Employees at Current Prices (Seasonally Adjusted),2018Q2,Financial and Insurance Activities,459.297
Compensation of Employees at Current Prices (Seasonally Adjusted),2018Q2,Real Estate Activities,249.329
Compensation of Employees at Current Prices (Seasonally Adjusted),2018Q2,Real Estate Activities,215.848
Compensation of Employees at Current Prices (Seasonally Adjusted),2018Q2,Real Estate Activities,33.481
Compensation of Employees at Current Prices (Seasonally Adjusted),2018Q2,"Professional, Admin and Support Services",3212.605
Compensation of Employees at Current Prices (Seasonally Adjusted),2018Q2,"Professional, Admin and Support Services",2827.596
Compensation of Employees at Current Prices (Seasonally Adjusted),2018Q2,"Professional, Admin and Support Services",385.008
Compensation of Employees at Current Prices (Seasonally Adjusted),2018Q2,"Public Admin, Education and Health",6789.652
Compensation of Employees at Current Prices (Seasonally Adjusted),2018Q2,"Public Admin, Education and Health",5625.026
Compensation of Employees at Current Prices (Seasonally Adjusted),2018Q2,"Public Admin, Education and Health",1164.627
Compensation of Employees at Current Prices (Seasonally Adjusted),2018Q2,"Arts, Entertainment and Other Services",547.85
Compensation of Employees at Current Prices (Seasonally Adjusted),2018Q2,"Arts, Entertainment and Other Services",482.277
Compensation of Employees at Current Prices (Seasonally Adjusted),2018Q2,"Arts, Entertainment and Other Services",65.574
Compensation of Employees at Current Prices (Seasonally Adjusted),2018Q2,All Sectors,24463.849
Compensation of Employees at Current Prices (Seasonally Adjusted),2018Q2,All Sectors,20639.34
Compensation of Employees at Current Prices (Seasonally Adjusted),2018Q2,All Sectors,3824.509
Compensation of Employees at Current Prices (Seasonally Adjusted),2018Q3,"Agriculture, Forestry and Fishing",190.669
Compensation of Employees at Current Prices (Seasonally Adjusted),2018Q3,"Agriculture, Forestry and Fishing",156.049
Compensation of Employees at Current Prices (Seasonally Adjusted),2018Q3,"Agriculture, Forestry and Fishing",34.62
Compensation of Employees at Current Prices (Seasonally Adjusted),2018Q3,Industry (excl. Construction),3424.832
Compensation of Employees at Current Prices (Seasonally Adjusted),2018Q3,Industry (excl. Construction),2846.9
Compensation of Employees at Current Prices (Seasonally Adjusted),2018Q3,Industry (excl. Construction),577.932
Compensation of Employees at Current Prices (Seasonally Adjusted),2018Q3,Industry - of which Manufacturing,3049.054
Compensation of Employees at Current Prices (Seasonally Adjusted),2018Q3,Industry - of which Manufacturing,2543.435
Compensation of Employees at Current Prices (Seasonally Adjusted),2018Q3,Industry - of which Manufacturing,505.619
Compensation of Employees at Current Prices (Seasonally Adjusted),2018Q3,Construction,1170.484
Compensation of Employees at Current Prices (Seasonally Adjusted),2018Q3,Construction,1054.654
Compensation of Employees at Current Prices (Seasonally Adjusted),2018Q3,Construction,115.83
Compensation of Employees at Current Prices (Seasonally Adjusted),2018Q3,"Distribution, Transport, Hotels and Restaurants",5035.313
Compensation of Employees at Current Prices (Seasonally Adjusted),2018Q3,"Distribution, Transport, Hotels and Restaurants",4384.207
Compensation of Employees at Current Prices (Seasonally Adjusted),2018Q3,"Distribution, Transport, Hotels and Restaurants",651.106
Compensation of Employees at Current Prices (Seasonally Adjusted),2018Q3,Information and Communication,2159.822
Compensation of Employees at Current Prices (Seasonally Adjusted),2018Q3,Information and Communication,1812.387
Compensation of Employees at Current Prices (Seasonally Adjusted),2018Q3,Information and Communication,347.436
Compensation of Employees at Current Prices (Seasonally Adjusted),2018Q3,Financial and Insurance Activities,1975.689
Compensation of Employees at Current Prices (Seasonally Adjusted),2018Q3,Financial and Insurance Activities,1540.632
Compensation of Employees at Current Prices (Seasonally Adjusted),2018Q3,Financial and Insurance Activities,435.057
Compensation of Employees at Current Prices (Seasonally Adjusted),2018Q3,Real Estate Activities,193.437
Compensation of Employees at Current Prices (Seasonally Adjusted),2018Q3,Real Estate Activities,170.19
Compensation of Employees at Current Prices (Seasonally Adjusted),2018Q3,Real Estate Activities,23.247
Compensation of Employees at Current Prices (Seasonally Adjusted),2018Q3,"Professional, Admin and Support Services",3188.135
Compensation of Employees at Current Prices (Seasonally Adjusted),2018Q3,"Professional, Admin and Support Services",2809.888
Compensation of Employees at Current Prices (Seasonally Adjusted),2018Q3,"Professional, Admin and Support Services",378.247
Compensation of Employees at Current Prices (Seasonally Adjusted),2018Q3,"Public Admin, Education and Health",6917.955
Compensation of Employees at Current Prices (Seasonally Adjusted),2018Q3,"Public Admin, Education and Health",5720.664
Compensation of Employees at Current Prices (Seasonally Adjusted),2018Q3,"Public Admin, Education and Health",1197.29
Compensation of Employees at Current Prices (Seasonally Adjusted),2018Q3,"Arts, Entertainment and Other Services",588.943
Compensation of Employees at Current Prices (Seasonally Adjusted),2018Q3,"Arts, Entertainment and Other Services",519.646
Compensation of Employees at Current Prices (Seasonally Adjusted),2018Q3,"Arts, Entertainment and Other Services",69.297
Compensation of Employees at Current Prices (Seasonally Adjusted),2018Q3,All Sectors,24845.278
Compensation of Employees at Current Prices (Seasonally Adjusted),2018Q3,All Sectors,21015.218
Compensation of Employees at Current Prices (Seasonally Adjusted),2018Q3,All Sectors,3830.061
Compensation of Employees at Current Prices (Seasonally Adjusted),2018Q4,"Agriculture, Forestry and Fishing",189.896
Compensation of Employees at Current Prices (Seasonally Adjusted),2018Q4,"Agriculture, Forestry and Fishing",155.06
Compensation of Employees at Current Prices (Seasonally Adjusted),2018Q4,"Agriculture, Forestry and Fishing",34.835
Compensation of Employees at Current Prices (Seasonally Adjusted),2018Q4,Industry (excl. Construction),3435.06
Compensation of Employees at Current Prices (Seasonally Adjusted),2018Q4,Industry (excl. Construction),2826.508
Compensation of Employees at Current Prices (Seasonally Adjusted),2018Q4,Industry (excl. Construction),608.552
Compensation of Employees at Current Prices (Seasonally Adjusted),2018Q4,Industry - of which Manufacturing,3046.016
Compensation of Employees at Current Prices (Seasonally Adjusted),2018Q4,Industry - of which Manufacturing,2507.675
Compensation of Employees at Current Prices (Seasonally Adjusted),2018Q4,Industry - of which Manufacturing,538.341
Compensation of Employees at Current Prices (Seasonally Adjusted),2018Q4,Construction,1121.489
Compensation of Employees at Current Prices (Seasonally Adjusted),2018Q4,Construction,1005.362
Compensation of Employees at Current Prices (Seasonally Adjusted),2018Q4,Construction,116.126
Compensation of Employees at Current Prices (Seasonally Adjusted),2018Q4,"Distribution, Transport, Hotels and Restaurants",5124.578
Compensation of Employees at Current Prices (Seasonally Adjusted),2018Q4,"Distribution, Transport, Hotels and Restaurants",4457.594
Compensation of Employees at Current Prices (Seasonally Adjusted),2018Q4,"Distribution, Transport, Hotels and Restaurants",666.985
Compensation of Employees at Current Prices (Seasonally Adjusted),2018Q4,Information and Communication,1972.034
Compensation of Employees at Current Prices (Seasonally Adjusted),2018Q4,Information and Communication,1692.358
Compensation of Employees at Current Prices (Seasonally Adjusted),2018Q4,Information and Communication,279.677
Compensation of Employees at Current Prices (Seasonally Adjusted),2018Q4,Financial and Insurance Activities,2028.871
Compensation of Employees at Current Prices (Seasonally Adjusted),2018Q4,Financial and Insurance Activities,1568.384
Compensation of Employees at Current Prices (Seasonally Adjusted),2018Q4,Financial and Insurance Activities,460.487
Compensation of Employees at Current Prices (Seasonally Adjusted),2018Q4,Real Estate Activities,259.994
Compensation of Employees at Current Prices (Seasonally Adjusted),2018Q4,Real Estate Activities,225.694
Compensation of Employees at Current Prices (Seasonally Adjusted),2018Q4,Real Estate Activities,34.3
Compensation of Employees at Current Prices (Seasonally Adjusted),2018Q4,"Professional, Admin and Support Services",3355.817
Compensation of Employees at Current Prices (Seasonally Adjusted),2018Q4,"Professional, Admin and Support Services",2945.853
Compensation of Employees at Current Prices (Seasonally Adjusted),2018Q4,"Professional, Admin and Support Services",409.964
Compensation of Employees at Current Prices (Seasonally Adjusted),2018Q4,"Public Admin, Education and Health",7134.72
Compensation of Employees at Current Prices (Seasonally Adjusted),2018Q4,"Public Admin, Education and Health",5888.359
Compensation of Employees at Current Prices (Seasonally Adjusted),2018Q4,"Public Admin, Education and Health",1246.361
Compensation of Employees at Current Prices (Seasonally Adjusted),2018Q4,"Arts, Entertainment and Other Services",562.574
Compensation of Employees at Current Prices (Seasonally Adjusted),2018Q4,"Arts, Entertainment and Other Services",491.949
Compensation of Employees at Current Prices (Seasonally Adjusted),2018Q4,"Arts, Entertainment and Other Services",70.625
Compensation of Employees at Current Prices (Seasonally Adjusted),2018Q4,All Sectors,25185.032
Compensation of Employees at Current Prices (Seasonally Adjusted),2018Q4,All Sectors,21257.121
Compensation of Employees at Current Prices (Seasonally Adjusted),2018Q4,All Sectors,3927.912
Compensation of Employees at Current Prices (Seasonally Adjusted),2019Q1,"Agriculture, Forestry and Fishing",235.008
Compensation of Employees at Current Prices (Seasonally Adjusted),2019Q1,"Agriculture, Forestry and Fishing",197.602
Compensation of Employees at Current Prices (Seasonally Adjusted),2019Q1,"Agriculture, Forestry and Fishing",37.406
Compensation of Employees at Current Prices (Seasonally Adjusted),2019Q1,Industry (excl. Construction),3569.429
Compensation of Employees at Current Prices (Seasonally Adjusted),2019Q1,Industry (excl. Construction),2889.747
Compensation of Employees at Current Prices (Seasonally Adjusted),2019Q1,Industry (excl. Construction),679.682
Compensation of Employees at Current Prices (Seasonally Adjusted),2019Q1,Industry - of which Manufacturing,3154.989
Compensation of Employees at Current Prices (Seasonally Adjusted),2019Q1,Industry - of which Manufacturing,2547.436
Compensation of Employees at Current Prices (Seasonally Adjusted),2019Q1,Industry - of which Manufacturing,607.553
Compensation of Employees at Current Prices (Seasonally Adjusted),2019Q1,Construction,1155.194
Compensation of Employees at Current Prices (Seasonally Adjusted),2019Q1,Construction,1032.763
Compensation of Employees at Current Prices (Seasonally Adjusted),2019Q1,Construction,122.431
Compensation of Employees at Current Prices (Seasonally Adjusted),2019Q1,"Distribution, Transport, Hotels and Restaurants",5197.003
Compensation of Employees at Current Prices (Seasonally Adjusted),2019Q1,"Distribution, Transport, Hotels and Restaurants",4501.264
Compensation of Employees at Current Prices (Seasonally Adjusted),2019Q1,"Distribution, Transport, Hotels and Restaurants",695.738
Compensation of Employees at Current Prices (Seasonally Adjusted),2019Q1,Information and Communication,2188.299
Compensation of Employees at Current Prices (Seasonally Adjusted),2019Q1,Information and Communication,1870.608
Compensation of Employees at Current Prices (Seasonally Adjusted),2019Q1,Information and Communication,317.691
Compensation of Employees at Current Prices (Seasonally Adjusted),2019Q1,Financial and Insurance Activities,2095.733
Compensation of Employees at Current Prices (Seasonally Adjusted),2019Q1,Financial and Insurance Activities,1620.199
Compensation of Employees at Current Prices (Seasonally Adjusted),2019Q1,Financial and Insurance Activities,475.534
Compensation of Employees at Current Prices (Seasonally Adjusted),2019Q1,Real Estate Activities,246.253
Compensation of Employees at Current Prices (Seasonally Adjusted),2019Q1,Real Estate Activities,215.985
Compensation of Employees at Current Prices (Seasonally Adjusted),2019Q1,Real Estate Activities,30.267
Compensation of Employees at Current Prices (Seasonally Adjusted),2019Q1,"Professional, Admin and Support Services",3603.557
Compensation of Employees at Current Prices (Seasonally Adjusted),2019Q1,"Professional, Admin and Support Services",3174.953
Compensation of Employees at Current Prices (Seasonally Adjusted),2019Q1,"Professional, Admin and Support Services",428.604
Compensation of Employees at Current Prices (Seasonally Adjusted),2019Q1,"Public Admin, Education and Health",7219.551
Compensation of Employees at Current Prices (Seasonally Adjusted),2019Q1,"Public Admin, Education and Health",5916.239
Compensation of Employees at Current Prices (Seasonally Adjusted),2019Q1,"Public Admin, Education and Health",1303.312
Compensation of Employees at Current Prices (Seasonally Adjusted),2019Q1,"Arts, Entertainment and Other Services",568.777
Compensation of Employees at Current Prices (Seasonally Adjusted),2019Q1,"Arts, Entertainment and Other Services",497.591
Compensation of Employees at Current Prices (Seasonally Adjusted),2019Q1,"Arts, Entertainment and Other Services",71.186
Compensation of Employees at Current Prices (Seasonally Adjusted),2019Q1,All Sectors,26078.804
Compensation of Employees at Current Prices (Seasonally Adjusted),2019Q1,All Sectors,21916.952
Compensation of Employees at Current Prices (Seasonally Adjusted),2019Q1,All Sectors,4161.852
Compensation of Employees at Current Prices (Seasonally Adjusted),2019Q2,"Agriculture, Forestry and Fishing",222.758
Compensation of Employees at Current Prices (Seasonally Adjusted),2019Q2,"Agriculture, Forestry and Fishing",184.433
Compensation of Employees at Current Prices (Seasonally Adjusted),2019Q2,"Agriculture, Forestry and Fishing",38.325
Compensation of Employees at Current Prices (Seasonally Adjusted),2019Q2,Industry (excl. Construction),3673.852
Compensation of Employees at Current Prices (Seasonally Adjusted),2019Q2,Industry (excl. Construction),3004.84
Compensation of Employees at Current Prices (Seasonally Adjusted),2019Q2,Industry (excl. Construction),669.012
Compensation of Employees at Current Prices (Seasonally Adjusted),2019Q2,Industry - of which Manufacturing,3268.854
Compensation of Employees at Current Prices (Seasonally Adjusted),2019Q2,Industry - of which Manufacturing,2670.637
Compensation of Employees at Current Prices (Seasonally Adjusted),2019Q2,Industry - of which Manufacturing,598.216
Compensation of Employees at Current Prices (Seasonally Adjusted),2019Q2,Construction,1181.838
Compensation of Employees at Current Prices (Seasonally Adjusted),2019Q2,Construction,1054.961
Compensation of Employees at Current Prices (Seasonally Adjusted),2019Q2,Construction,126.877
Compensation of Employees at Current Prices (Seasonally Adjusted),2019Q2,"Distribution, Transport, Hotels and Restaurants",5209.601
Compensation of Employees at Current Prices (Seasonally Adjusted),2019Q2,"Distribution, Transport, Hotels and Restaurants",4530.992
Compensation of Employees at Current Prices (Seasonally Adjusted),2019Q2,"Distribution, Transport, Hotels and Restaurants",678.609
Compensation of Employees at Current Prices (Seasonally Adjusted),2019Q2,Information and Communication,2161.487
Compensation of Employees at Current Prices (Seasonally Adjusted),2019Q2,Information and Communication,1854.084
Compensation of Employees at Current Prices (Seasonally Adjusted),2019Q2,Information and Communication,307.403
Compensation of Employees at Current Prices (Seasonally Adjusted),2019Q2,Financial and Insurance Activities,2127.663
Compensation of Employees at Current Prices (Seasonally Adjusted),2019Q2,Financial and Insurance Activities,1658.022
Compensation of Employees at Current Prices (Seasonally Adjusted),2019Q2,Financial and Insurance Activities,469.641
Compensation of Employees at Current Prices (Seasonally Adjusted),2019Q2,Real Estate Activities,258.416
Compensation of Employees at Current Prices (Seasonally Adjusted),2019Q2,Real Estate Activities,227.247
Compensation of Employees at Current Prices (Seasonally Adjusted),2019Q2,Real Estate Activities,31.169
Compensation of Employees at Current Prices (Seasonally Adjusted),2019Q2,"Professional, Admin and Support Services",3673.919
Compensation of Employees at Current Prices (Seasonally Adjusted),2019Q2,"Professional, Admin and Support Services",3244.521
Compensation of Employees at Current Prices (Seasonally Adjusted),2019Q2,"Professional, Admin and Support Services",429.398
Compensation of Employees at Current Prices (Seasonally Adjusted),2019Q2,"Public Admin, Education and Health",7382.086
Compensation of Employees at Current Prices (Seasonally Adjusted),2019Q2,"Public Admin, Education and Health",6069.451
Compensation of Employees at Current Prices (Seasonally Adjusted),2019Q2,"Public Admin, Education and Health",1312.635
Compensation of Employees at Current Prices (Seasonally Adjusted),2019Q2,"Arts, Entertainment and Other Services",591.032
Compensation of Employees at Current Prices (Seasonally Adjusted),2019Q2,"Arts, Entertainment and Other Services",518.067
Compensation of Employees at Current Prices (Seasonally Adjusted),2019Q2,"Arts, Entertainment and Other Services",72.964
Compensation of Employees at Current Prices (Seasonally Adjusted),2019Q2,All Sectors,26482.652
Compensation of Employees at Current Prices (Seasonally Adjusted),2019Q2,All Sectors,22346.619
Compensation of Employees at Current Prices (Seasonally Adjusted),2019Q2,All Sectors,4136.032
Compensation of Employees at Current Prices (Seasonally Adjusted),2019Q3,"Agriculture, Forestry and Fishing",222.426
Compensation of Employees at Current Prices (Seasonally Adjusted),2019Q3,"Agriculture, Forestry and Fishing",184.279
Compensation of Employees at Current Prices (Seasonally Adjusted),2019Q3,"Agriculture, Forestry and Fishing",38.147
Compensation of Employees at Current Prices (Seasonally Adjusted),2019Q3,Industry (excl. Construction),3600.341
Compensation of Employees at Current Prices (Seasonally Adjusted),2019Q3,Industry (excl. Construction),2950.042
Compensation of Employees at Current Prices (Seasonally Adjusted),2019Q3,Industry (excl. Construction),650.3
Compensation of Employees at Current Prices (Seasonally Adjusted),2019Q3,Industry - of which Manufacturing,3184.232
Compensation of Employees at Current Prices (Seasonally Adjusted),2019Q3,Industry - of which Manufacturing,2609.196
Compensation of Employees at Current Prices (Seasonally Adjusted),2019Q3,Industry - of which Manufacturing,575.036
Compensation of Employees at Current Prices (Seasonally Adjusted),2019Q3,Construction,1192.122
Compensation of Employees at Current Prices (Seasonally Adjusted),2019Q3,Construction,1062.618
Compensation of Employees at Current Prices (Seasonally Adjusted),2019Q3,Construction,129.503
Compensation of Employees at Current Prices (Seasonally Adjusted),2019Q3,"Distribution, Transport, Hotels and Restaurants",5236.516
Compensation of Employees at Current Prices (Seasonally Adjusted),2019Q3,"Distribution, Transport, Hotels and Restaurants",4548.927
Compensation of Employees at Current Prices (Seasonally Adjusted),2019Q3,"Distribution, Transport, Hotels and Restaurants",687.589
Compensation of Employees at Current Prices (Seasonally Adjusted),2019Q3,Information and Communication,2287.178
Compensation of Employees at Current Prices (Seasonally Adjusted),2019Q3,Information and Communication,1957.131
Compensation of Employees at Current Prices (Seasonally Adjusted),2019Q3,Information and Communication,330.046
Compensation of Employees at Current Prices (Seasonally Adjusted),2019Q3,Financial and Insurance Activities,2148.702
Compensation of Employees at Current Prices (Seasonally Adjusted),2019Q3,Financial and Insurance Activities,1681.807
Compensation of Employees at Current Prices (Seasonally Adjusted),2019Q3,Financial and Insurance Activities,466.895
Compensation of Employees at Current Prices (Seasonally Adjusted),2019Q3,Real Estate Activities,241.913
Compensation of Employees at Current Prices (Seasonally Adjusted),2019Q3,Real Estate Activities,212.381
Compensation of Employees at Current Prices (Seasonally Adjusted),2019Q3,Real Estate Activities,29.532
Compensation of Employees at Current Prices (Seasonally Adjusted),2019Q3,"Professional, Admin and Support Services",3637.712
Compensation of Employees at Current Prices (Seasonally Adjusted),2019Q3,"Professional, Admin and Support Services",3208.006
Compensation of Employees at Current Prices (Seasonally Adjusted),2019Q3,"Professional, Admin and Support Services",429.706
Compensation of Employees at Current Prices (Seasonally Adjusted),2019Q3,"Public Admin, Education and Health",7313.825
Compensation of Employees at Current Prices (Seasonally Adjusted),2019Q3,"Public Admin, Education and Health",5980.439
Compensation of Employees at Current Prices (Seasonally Adjusted),2019Q3,"Public Admin, Education and Health",1333.386
Compensation of Employees at Current Prices (Seasonally Adjusted),2019Q3,"Arts, Entertainment and Other Services",583.286
Compensation of Employees at Current Prices (Seasonally Adjusted),2019Q3,"Arts, Entertainment and Other Services",508.954
Compensation of Employees at Current Prices (Seasonally Adjusted),2019Q3,"Arts, Entertainment and Other Services",74.332
Compensation of Employees at Current Prices (Seasonally Adjusted),2019Q3,All Sectors,26464.02
Compensation of Employees at Current Prices (Seasonally Adjusted),2019Q3,All Sectors,22294.585
Compensation of Employees at Current Prices (Seasonally Adjusted),2019Q3,All Sectors,4169.435
Compensation of Employees at Current Prices (Seasonally Adjusted),2019Q4,"Agriculture, Forestry and Fishing",236.121
Compensation of Employees at Current Prices (Seasonally Adjusted),2019Q4,"Agriculture, Forestry and Fishing",196.871
Compensation of Employees at Current Prices (Seasonally Adjusted),2019Q4,"Agriculture, Forestry and Fishing",39.25
Compensation of Employees at Current Prices (Seasonally Adjusted),2019Q4,Industry (excl. Construction),3765.076
Compensation of Employees at Current Prices (Seasonally Adjusted),2019Q4,Industry (excl. Construction),3083.618
Compensation of Employees at Current Prices (Seasonally Adjusted),2019Q4,Industry (excl. Construction),681.458
Compensation of Employees at Current Prices (Seasonally Adjusted),2019Q4,Industry - of which Manufacturing,3353.733
Compensation of Employees at Current Prices (Seasonally Adjusted),2019Q4,Industry - of which Manufacturing,2741.75
Compensation of Employees at Current Prices (Seasonally Adjusted),2019Q4,Industry - of which Manufacturing,611.983
Compensation of Employees at Current Prices (Seasonally Adjusted),2019Q4,Construction,1247.412
Compensation of Employees at Current Prices (Seasonally Adjusted),2019Q4,Construction,1111.331
Compensation of Employees at Current Prices (Seasonally Adjusted),2019Q4,Construction,136.081
Compensation of Employees at Current Prices (Seasonally Adjusted),2019Q4,"Distribution, Transport, Hotels and Restaurants",5281.919
Compensation of Employees at Current Prices (Seasonally Adjusted),2019Q4,"Distribution, Transport, Hotels and Restaurants",4608.85
Compensation of Employees at Current Prices (Seasonally Adjusted),2019Q4,"Distribution, Transport, Hotels and Restaurants",673.069
Compensation of Employees at Current Prices (Seasonally Adjusted),2019Q4,Information and Communication,2314.198
Compensation of Employees at Current Prices (Seasonally Adjusted),2019Q4,Information and Communication,1993.246
Compensation of Employees at Current Prices (Seasonally Adjusted),2019Q4,Information and Communication,320.952
Compensation of Employees at Current Prices (Seasonally Adjusted),2019Q4,Financial and Insurance Activities,2193.06
Compensation of Employees at Current Prices (Seasonally Adjusted),2019Q4,Financial and Insurance Activities,1727.373
Compensation of Employees at Current Prices (Seasonally Adjusted),2019Q4,Financial and Insurance Activities,465.688
Compensation of Employees at Current Prices (Seasonally Adjusted),2019Q4,Real Estate Activities,259.614
Compensation of Employees at Current Prices (Seasonally Adjusted),2019Q4,Real Estate Activities,228.869
Compensation of Employees at Current Prices (Seasonally Adjusted),2019Q4,Real Estate Activities,30.746
Compensation of Employees at Current Prices (Seasonally Adjusted),2019Q4,"Professional, Admin and Support Services",3953.8
Compensation of Employees at Current Prices (Seasonally Adjusted),2019Q4,"Professional, Admin and Support Services",3500.611
Compensation of Employees at Current Prices (Seasonally Adjusted),2019Q4,"Professional, Admin and Support Services",453.188
Compensation of Employees at Current Prices (Seasonally Adjusted),2019Q4,"Public Admin, Education and Health",7558.777
Compensation of Employees at Current Prices (Seasonally Adjusted),2019Q4,"Public Admin, Education and Health",6223.089
Compensation of Employees at Current Prices (Seasonally Adjusted),2019Q4,"Public Admin, Education and Health",1335.688
Compensation of Employees at Current Prices (Seasonally Adjusted),2019Q4,"Arts, Entertainment and Other Services",608.205
Compensation of Employees at Current Prices (Seasonally Adjusted),2019Q4,"Arts, Entertainment and Other Services",533.213
Compensation of Employees at Current Prices (Seasonally Adjusted),2019Q4,"Arts, Entertainment and Other Services",74.992
Compensation of Employees at Current Prices (Seasonally Adjusted),2019Q4,All Sectors,27418.183
Compensation of Employees at Current Prices (Seasonally Adjusted),2019Q4,All Sectors,23207.07
Compensation of Employees at Current Prices (Seasonally Adjusted),2019Q4,All Sectors,4211.112
Compensation of Employees at Current Prices (Seasonally Adjusted),2020Q1,"Agriculture, Forestry and Fishing",260.107
Compensation of Employees at Current Prices (Seasonally Adjusted),2020Q1,"Agriculture, Forestry and Fishing",220.232
Compensation of Employees at Current Prices (Seasonally Adjusted),2020Q1,"Agriculture, Forestry and Fishing",39.875
Compensation of Employees at Current Prices (Seasonally Adjusted),2020Q1,Industry (excl. Construction),3688.256
Compensation of Employees at Current Prices (Seasonally Adjusted),2020Q1,Industry (excl. Construction),3064.038
Compensation of Employees at Current Prices (Seasonally Adjusted),2020Q1,Industry (excl. Construction),624.218
Compensation of Employees at Current Prices (Seasonally Adjusted),2020Q1,Industry - of which Manufacturing,3283.526
Compensation of Employees at Current Prices (Seasonally Adjusted),2020Q1,Industry - of which Manufacturing,2728.649
Compensation of Employees at Current Prices (Seasonally Adjusted),2020Q1,Industry - of which Manufacturing,554.877
Compensation of Employees at Current Prices (Seasonally Adjusted),2020Q1,Construction,1283.003
Compensation of Employees at Current Prices (Seasonally Adjusted),2020Q1,Construction,1149.039
Compensation of Employees at Current Prices (Seasonally Adjusted),2020Q1,Construction,133.964
Compensation of Employees at Current Prices (Seasonally Adjusted),2020Q1,"Distribution, Transport, Hotels and Restaurants",5388.162
Compensation of Employees at Current Prices (Seasonally Adjusted),2020Q1,"Distribution, Transport, Hotels and Restaurants",4703.299
Compensation of Employees at Current Prices (Seasonally Adjusted),2020Q1,"Distribution, Transport, Hotels and Restaurants",684.863
Compensation of Employees at Current Prices (Seasonally Adjusted),2020Q1,Information and Communication,2472.646
Compensation of Employees at Current Prices (Seasonally Adjusted),2020Q1,Information and Communication,2126.558
Compensation of Employees at Current Prices (Seasonally Adjusted),2020Q1,Information and Communication,346.087
Compensation of Employees at Current Prices (Seasonally Adjusted),2020Q1,Financial and Insurance Activities,2185.023
Compensation of Employees at Current Prices (Seasonally Adjusted),2020Q1,Financial and Insurance Activities,1719.346
Compensation of Employees at Current Prices (Seasonally Adjusted),2020Q1,Financial and Insurance Activities,465.677
Compensation of Employees at Current Prices (Seasonally Adjusted),2020Q1,Real Estate Activities,269.93
Compensation of Employees at Current Prices (Seasonally Adjusted),2020Q1,Real Estate Activities,236.716
Compensation of Employees at Current Prices (Seasonally Adjusted),2020Q1,Real Estate Activities,33.215
Compensation of Employees at Current Prices (Seasonally Adjusted),2020Q1,"Professional, Admin and Support Services",3974.891
Compensation of Employees at Current Prices (Seasonally Adjusted),2020Q1,"Professional, Admin and Support Services",3482.421
Compensation of Employees at Current Prices (Seasonally Adjusted),2020Q1,"Professional, Admin and Support Services",492.469
Compensation of Employees at Current Prices (Seasonally Adjusted),2020Q1,"Public Admin, Education and Health",7584.53
Compensation of Employees at Current Prices (Seasonally Adjusted),2020Q1,"Public Admin, Education and Health",6194.53
Compensation of Employees at Current Prices (Seasonally Adjusted),2020Q1,"Public Admin, Education and Health",1390.0
Compensation of Employees at Current Prices (Seasonally Adjusted),2020Q1,"Arts, Entertainment and Other Services",594.593
Compensation of Employees at Current Prices (Seasonally Adjusted),2020Q1,"Arts, Entertainment and Other Services",517.418
Compensation of Employees at Current Prices (Seasonally Adjusted),2020Q1,"Arts, Entertainment and Other Services",77.175
Compensation of Employees at Current Prices (Seasonally Adjusted),2020Q1,All Sectors,27701.141
Compensation of Employees at Current Prices (Seasonally Adjusted),2020Q1,All Sectors,23413.598
Compensation of Employees at Current Prices (Seasonally Adjusted),2020Q1,All Sectors,4287.543
Compensation of Employees at Current Prices (Seasonally Adjusted),2020Q2,"Agriculture, Forestry and Fishing",251.7
Compensation of Employees at Current Prices (Seasonally Adjusted),2020Q2,"Agriculture, Forestry and Fishing",213.833
Compensation of Employees at Current Prices (Seasonally Adjusted),2020Q2,"Agriculture, Forestry and Fishing",37.867
Compensation of Employees at Current Prices (Seasonally Adjusted),2020Q2,Industry (excl. Construction),3481.035
Compensation of Employees at Current Prices (Seasonally Adjusted),2020Q2,Industry (excl. Construction),2916.215
Compensation of Employees at Current Prices (Seasonally Adjusted),2020Q2,Industry (excl. Construction),564.82
Compensation of Employees at Current Prices (Seasonally Adjusted),2020Q2,Industry - of which Manufacturing,3108.348
Compensation of Employees at Current Prices (Seasonally Adjusted),2020Q2,Industry - of which Manufacturing,2606.059
Compensation of Employees at Current Prices (Seasonally Adjusted),2020Q2,Industry - of which Manufacturing,502.289
Compensation of Employees at Current Prices (Seasonally Adjusted),2020Q2,Construction,813.922
Compensation of Employees at Current Prices (Seasonally Adjusted),2020Q2,Construction,748.865
Compensation of Employees at Current Prices (Seasonally Adjusted),2020Q2,Construction,65.057
Compensation of Employees at Current Prices (Seasonally Adjusted),2020Q2,"Distribution, Transport, Hotels and Restaurants",3808.562
Compensation of Employees at Current Prices (Seasonally Adjusted),2020Q2,"Distribution, Transport, Hotels and Restaurants",3359.56
Compensation of Employees at Current Prices (Seasonally Adjusted),2020Q2,"Distribution, Transport, Hotels and Restaurants",449.002
Compensation of Employees at Current Prices (Seasonally Adjusted),2020Q2,Information and Communication,2254.027
Compensation of Employees at Current Prices (Seasonally Adjusted),2020Q2,Information and Communication,1940.959
Compensation of Employees at Current Prices (Seasonally Adjusted),2020Q2,Information and Communication,313.068
Compensation of Employees at Current Prices (Seasonally Adjusted),2020Q2,Financial and Insurance Activities,2163.888
Compensation of Employees at Current Prices (Seasonally Adjusted),2020Q2,Financial and Insurance Activities,1691.502
Compensation of Employees at Current Prices (Seasonally Adjusted),2020Q2,Financial and Insurance Activities,472.386
Compensation of Employees at Current Prices (Seasonally Adjusted),2020Q2,Real Estate Activities,210.365
Compensation of Employees at Current Prices (Seasonally Adjusted),2020Q2,Real Estate Activities,188.937
Compensation of Employees at Current Prices (Seasonally Adjusted),2020Q2,Real Estate Activities,21.427
Compensation of Employees at Current Prices (Seasonally Adjusted),2020Q2,"Professional, Admin and Support Services",3328.175
Compensation of Employees at Current Prices (Seasonally Adjusted),2020Q2,"Professional, Admin and Support Services",2950.113
Compensation of Employees at Current Prices (Seasonally Adjusted),2020Q2,"Professional, Admin and Support Services",378.062
Compensation of Employees at Current Prices (Seasonally Adjusted),2020Q2,"Public Admin, Education and Health",7464.123
Compensation of Employees at Current Prices (Seasonally Adjusted),2020Q2,"Public Admin, Education and Health",6081.249
Compensation of Employees at Current Prices (Seasonally Adjusted),2020Q2,"Public Admin, Education and Health",1382.875
Compensation of Employees at Current Prices (Seasonally Adjusted),2020Q2,"Arts, Entertainment and Other Services",384.847
Compensation of Employees at Current Prices (Seasonally Adjusted),2020Q2,"Arts, Entertainment and Other Services",341.893
Compensation of Employees at Current Prices (Seasonally Adjusted),2020Q2,"Arts, Entertainment and Other Services",42.954
Compensation of Employees at Current Prices (Seasonally Adjusted),2020Q2,All Sectors,24160.644
Compensation of Employees at Current Prices (Seasonally Adjusted),2020Q2,All Sectors,20433.125
Compensation of Employees at Current Prices (Seasonally Adjusted),2020Q2,All Sectors,3727.519
Compensation of Employees at Current Prices (Seasonally Adjusted),2020Q3,"Agriculture, Forestry and Fishing",248.801
Compensation of Employees at Current Prices (Seasonally Adjusted),2020Q3,"Agriculture, Forestry and Fishing",209.389
Compensation of Employees at Current Prices (Seasonally Adjusted),2020Q3,"Agriculture, Forestry and Fishing",39.413
Compensation of Employees at Current Prices (Seasonally Adjusted),2020Q3,Industry (excl. Construction),3612.31
Compensation of Employees at Current Prices (Seasonally Adjusted),2020Q3,Industry (excl. Construction),3029.821
Compensation of Employees at Current Prices (Seasonally Adjusted),2020Q3,Industry (excl. Construction),582.49
Compensation of Employees at Current Prices (Seasonally Adjusted),2020Q3,Industry - of which Manufacturing,3198.129
Compensation of Employees at Current Prices (Seasonally Adjusted),2020Q3,Industry - of which Manufacturing,2685.418
Compensation of Employees at Current Prices (Seasonally Adjusted),2020Q3,Industry - of which Manufacturing,512.711
Compensation of Employees at Current Prices (Seasonally Adjusted),2020Q3,Construction,1194.631
Compensation of Employees at Current Prices (Seasonally Adjusted),2020Q3,Construction,1075.212
Compensation of Employees at Current Prices (Seasonally Adjusted),2020Q3,Construction,119.42
Compensation of Employees at Current Prices (Seasonally Adjusted),2020Q3,"Distribution, Transport, Hotels and Restaurants",4616.9
Compensation of Employees at Current Prices (Seasonally Adjusted),2020Q3,"Distribution, Transport, Hotels and Restaurants",4044.77
Compensation of Employees at Current Prices (Seasonally Adjusted),2020Q3,"Distribution, Transport, Hotels and Restaurants",572.13
Compensation of Employees at Current Prices (Seasonally Adjusted),2020Q3,Information and Communication,2404.444
Compensation of Employees at Current Prices (Seasonally Adjusted),2020Q3,Information and Communication,2067.886
Compensation of Employees at Current Prices (Seasonally Adjusted),2020Q3,Information and Communication,336.558
Compensation of Employees at Current Prices (Seasonally Adjusted),2020Q3,Financial and Insurance Activities,2202.855
Compensation of Employees at Current Prices (Seasonally Adjusted),2020Q3,Financial and Insurance Activities,1740.076
Compensation of Employees at Current Prices (Seasonally Adjusted),2020Q3,Financial and Insurance Activities,462.778
Compensation of Employees at Current Prices (Seasonally Adjusted),2020Q3,Real Estate Activities,227.961
Compensation of Employees at Current Prices (Seasonally Adjusted),2020Q3,Real Estate Activities,202.704
Compensation of Employees at Current Prices (Seasonally Adjusted),2020Q3,Real Estate Activities,25.257
Compensation of Employees at Current Prices (Seasonally Adjusted),2020Q3,"Professional, Admin and Support Services",3509.672
Compensation of Employees at Current Prices (Seasonally Adjusted),2020Q3,"Professional, Admin and Support Services",3093.677
Compensation of Employees at Current Prices (Seasonally Adjusted),2020Q3,"Professional, Admin and Support Services",415.996
Compensation of Employees at Current Prices (Seasonally Adjusted),2020Q3,"Public Admin, Education and Health",7433.812
Compensation of Employees at Current Prices (Seasonally Adjusted),2020Q3,"Public Admin, Education and Health",6033.198
Compensation of Employees at Current Prices (Seasonally Adjusted),2020Q3,"Public Admin, Education and Health",1400.614
Compensation of Employees at Current Prices (Seasonally Adjusted),2020Q3,"Arts, Entertainment and Other Services",497.448
Compensation of Employees at Current Prices (Seasonally Adjusted),2020Q3,"Arts, Entertainment and Other Services",439.523
Compensation of Employees at Current Prices (Seasonally Adjusted),2020Q3,"Arts, Entertainment and Other Services",57.925
Compensation of Employees at Current Prices (Seasonally Adjusted),2020Q3,All Sectors,25948.834
Compensation of Employees at Current Prices (Seasonally Adjusted),2020Q3,All Sectors,21936.253
Compensation of Employees at Current Prices (Seasonally Adjusted),2020Q3,All Sectors,4012.581
Compensation of Employees at Current Prices (Seasonally Adjusted),2020Q4,"Agriculture, Forestry and Fishing",261.069
Compensation of Employees at Current Prices (Seasonally Adjusted),2020Q4,"Agriculture, Forestry and Fishing",219.491
Compensation of Employees at Current Prices (Seasonally Adjusted),2020Q4,"Agriculture, Forestry and Fishing",41.577
Compensation of Employees at Current Prices (Seasonally Adjusted),2020Q4,Industry (excl. Construction),3833.501
Compensation of Employees at Current Prices (Seasonally Adjusted),2020Q4,Industry (excl. Construction),3185.58
Compensation of Employees at Current Prices (Seasonally Adjusted),2020Q4,Industry (excl. Construction),647.921
Compensation of Employees at Current Prices (Seasonally Adjusted),2020Q4,Industry - of which Manufacturing,3508.882
Compensation of Employees at Current Prices (Seasonally Adjusted),2020Q4,Industry - of which Manufacturing,2927.827
Compensation of Employees at Current Prices (Seasonally Adjusted),2020Q4,Industry - of which Manufacturing,581.056
Compensation of Employees at Current Prices (Seasonally Adjusted),2020Q4,Construction,1357.169
Compensation of Employees at Current Prices (Seasonally Adjusted),2020Q4,Construction,1207.136
Compensation of Employees at Current Prices (Seasonally Adjusted),2020Q4,Construction,150.033
Compensation of Employees at Current Prices (Seasonally Adjusted),2020Q4,"Distribution, Transport, Hotels and Restaurants",4871.789
Compensation of Employees at Current Prices (Seasonally Adjusted),2020Q4,"Distribution, Transport, Hotels and Restaurants",4230.046
Compensation of Employees at Current Prices (Seasonally Adjusted),2020Q4,"Distribution, Transport, Hotels and Restaurants",641.742
Compensation of Employees at Current Prices (Seasonally Adjusted),2020Q4,Information and Communication,2540.931
Compensation of Employees at Current Prices (Seasonally Adjusted),2020Q4,Information and Communication,2202.203
Compensation of Employees at Current Prices (Seasonally Adjusted),2020Q4,Information and Communication,338.728
Compensation of Employees at Current Prices (Seasonally Adjusted),2020Q4,Financial and Insurance Activities,2259.847
Compensation of Employees at Current Prices (Seasonally Adjusted),2020Q4,Financial and Insurance Activities,1800.631
Compensation of Employees at Current Prices (Seasonally Adjusted),2020Q4,Financial and Insurance Activities,459.215
Compensation of Employees at Current Prices (Seasonally Adjusted),2020Q4,Real Estate Activities,255.076
Compensation of Employees at Current Prices (Seasonally Adjusted),2020Q4,Real Estate Activities,225.579
Compensation of Employees at Current Prices (Seasonally Adjusted),2020Q4,Real Estate Activities,29.497
Compensation of Employees at Current Prices (Seasonally Adjusted),2020Q4,"Professional, Admin and Support Services",4168.319
Compensation of Employees at Current Prices (Seasonally Adjusted),2020Q4,"Professional, Admin and Support Services",3670.667
Compensation of Employees at Current Prices (Seasonally Adjusted),2020Q4,"Professional, Admin and Support Services",497.652
Compensation of Employees at Current Prices (Seasonally Adjusted),2020Q4,"Public Admin, Education and Health",8089.662
Compensation of Employees at Current Prices (Seasonally Adjusted),2020Q4,"Public Admin, Education and Health",6643.989
Compensation of Employees at Current Prices (Seasonally Adjusted),2020Q4,"Public Admin, Education and Health",1445.673
Compensation of Employees at Current Prices (Seasonally Adjusted),2020Q4,"Arts, Entertainment and Other Services",517.892
Compensation of Employees at Current Prices (Seasonally Adjusted),2020Q4,"Arts, Entertainment and Other Services",450.173
Compensation of Employees at Current Prices (Seasonally Adjusted),2020Q4,"Arts, Entertainment and Other Services",67.719
Compensation of Employees at Current Prices (Seasonally Adjusted),2020Q4,All Sectors,28155.253
Compensation of Employees at Current Prices (Seasonally Adjusted),2020Q4,All Sectors,23835.495
Compensation of Employees at Current Prices (Seasonally Adjusted),2020Q4,All Sectors,4319.758
Compensation of Employees at Current Prices (Seasonally Adjusted),2021Q1,"Agriculture, Forestry and Fishing",261.268
Compensation of Employees at Current Prices (Seasonally Adjusted),2021Q1,"Agriculture, Forestry and Fishing",222.426
Compensation of Employees at Current Prices (Seasonally Adjusted),2021Q1,"Agriculture, Forestry and Fishing",38.842
Compensation of Employees at Current Prices (Seasonally Adjusted),2021Q1,Industry (excl. Construction),3890.971
Compensation of Employees at Current Prices (Seasonally Adjusted),2021Q1,Industry (excl. Construction),3174.968
Compensation of Employees at Current Prices (Seasonally Adjusted),2021Q1,Industry (excl. Construction),716.003
Compensation of Employees at Current Prices (Seasonally Adjusted),2021Q1,Industry - of which Manufacturing,3434.664
Compensation of Employees at Current Prices (Seasonally Adjusted),2021Q1,Industry - of which Manufacturing,2792.026
Compensation of Employees at Current Prices (Seasonally Adjusted),2021Q1,Industry - of which Manufacturing,642.638
Compensation of Employees at Current Prices (Seasonally Adjusted),2021Q1,Construction,1244.829
Compensation of Employees at Current Prices (Seasonally Adjusted),2021Q1,Construction,1107.71
Compensation of Employees at Current Prices (Seasonally Adjusted),2021Q1,Construction,137.119
Compensation of Employees at Current Prices (Seasonally Adjusted),2021Q1,"Distribution, Transport, Hotels and Restaurants",4889.954
Compensation of Employees at Current Prices (Seasonally Adjusted),2021Q1,"Distribution, Transport, Hotels and Restaurants",4242.201
Compensation of Employees at Current Prices (Seasonally Adjusted),2021Q1,"Distribution, Transport, Hotels and Restaurants",647.753
Compensation of Employees at Current Prices (Seasonally Adjusted),2021Q1,Information and Communication,2844.013
Compensation of Employees at Current Prices (Seasonally Adjusted),2021Q1,Information and Communication,2440.294
Compensation of Employees at Current Prices (Seasonally Adjusted),2021Q1,Information and Communication,403.719
Compensation of Employees at Current Prices (Seasonally Adjusted),2021Q1,Financial and Insurance Activities,2294.4
Compensation of Employees at Current Prices (Seasonally Adjusted),2021Q1,Financial and Insurance Activities,1753.727
Compensation of Employees at Current Prices (Seasonally Adjusted),2021Q1,Financial and Insurance Activities,540.672
Compensation of Employees at Current Prices (Seasonally Adjusted),2021Q1,Real Estate Activities,233.334
Compensation of Employees at Current Prices (Seasonally Adjusted),2021Q1,Real Estate Activities,207.027
Compensation of Employees at Current Prices (Seasonally Adjusted),2021Q1,Real Estate Activities,26.307
Compensation of Employees at Current Prices (Seasonally Adjusted),2021Q1,"Professional, Admin and Support Services",3929.571
Compensation of Employees at Current Prices (Seasonally Adjusted),2021Q1,"Professional, Admin and Support Services",3452.625
Compensation of Employees at Current Prices (Seasonally Adjusted),2021Q1,"Professional, Admin and Support Services",476.946
Compensation of Employees at Current Prices (Seasonally Adjusted),2021Q1,"Public Admin, Education and Health",8016.818
Compensation of Employees at Current Prices (Seasonally Adjusted),2021Q1,"Public Admin, Education and Health",6309.764
Compensation of Employees at Current Prices (Seasonally Adjusted),2021Q1,"Public Admin, Education and Health",1707.054
Compensation of Employees at Current Prices (Seasonally Adjusted),2021Q1,"Arts, Entertainment and Other Services",466.316
Compensation of Employees at Current Prices (Seasonally Adjusted),2021Q1,"Arts, Entertainment and Other Services",397.47
Compensation of Employees at Current Prices (Seasonally Adjusted),2021Q1,"Arts, Entertainment and Other Services",68.846
Compensation of Employees at Current Prices (Seasonally Adjusted),2021Q1,All Sectors,28071.473
Compensation of Employees at Current Prices (Seasonally Adjusted),2021Q1,All Sectors,23308.212
Compensation of Employees at Current Prices (Seasonally Adjusted),2021Q1,All Sectors,4763.261
Compensation of Employees at Current Prices (Seasonally Adjusted),2021Q2,"Agriculture, Forestry and Fishing",275.902
Compensation of Employees at Current Prices (Seasonally Adjusted),2021Q2,"Agriculture, Forestry and Fishing",233.988
Compensation of Employees at Current Prices (Seasonally Adjusted),2021Q2,"Agriculture, Forestry and Fishing",41.914
Compensation of Employees at Current Prices (Seasonally Adjusted),2021Q2,Industry (excl. Construction),4013.006
Compensation of Employees at Current Prices (Seasonally Adjusted),2021Q2,Industry (excl. Construction),3296.381
Compensation of Employees at Current Prices (Seasonally Adjusted),2021Q2,Industry (excl. Construction),716.625
Compensation of Employees at Current Prices (Seasonally Adjusted),2021Q2,Industry - of which Manufacturing,3591.438
Compensation of Employees at Current Prices (Seasonally Adjusted),2021Q2,Industry - of which Manufacturing,2947.859
Compensation of Employees at Current Prices (Seasonally Adjusted),2021Q2,Industry - of which Manufacturing,643.579
Compensation of Employees at Current Prices (Seasonally Adjusted),2021Q2,Construction,1353.667
Compensation of Employees at Current Prices (Seasonally Adjusted),2021Q2,Construction,1199.959
Compensation of Employees at Current Prices (Seasonally Adjusted),2021Q2,Construction,153.708
Compensation of Employees at Current Prices (Seasonally Adjusted),2021Q2,"Distribution, Transport, Hotels and Restaurants",5042.532
Compensation of Employees at Current Prices (Seasonally Adjusted),2021Q2,"Distribution, Transport, Hotels and Restaurants",4373.022
Compensation of Employees at Current Prices (Seasonally Adjusted),2021Q2,"Distribution, Transport, Hotels and Restaurants",669.51
Compensation of Employees at Current Prices (Seasonally Adjusted),2021Q2,Information and Communication,2809.88
Compensation of Employees at Current Prices (Seasonally Adjusted),2021Q2,Information and Communication,2422.087
Compensation of Employees at Current Prices (Seasonally Adjusted),2021Q2,Information and Communication,387.793
Compensation of Employees at Current Prices (Seasonally Adjusted),2021Q2,Financial and Insurance Activities,2378.312
Compensation of Employees at Current Prices (Seasonally Adjusted),2021Q2,Financial and Insurance Activities,1822.583
Compensation of Employees at Current Prices (Seasonally Adjusted),2021Q2,Financial and Insurance Activities,555.729
Compensation of Employees at Current Prices (Seasonally Adjusted),2021Q2,Real Estate Activities,236.705
Compensation of Employees at Current Prices (Seasonally Adjusted),2021Q2,Real Estate Activities,210.769
Compensation of Employees at Current Prices (Seasonally Adjusted),2021Q2,Real Estate Activities,25.936
Compensation of Employees at Current Prices (Seasonally Adjusted),2021Q2,"Professional, Admin and Support Services",4185.364
Compensation of Employees at Current Prices (Seasonally Adjusted),2021Q2,"Professional, Admin and Support Services",3692.049
Compensation of Employees at Current Prices (Seasonally Adjusted),2021Q2,"Professional, Admin and Support Services",493.315
Compensation of Employees at Current Prices (Seasonally Adjusted),2021Q2,"Public Admin, Education and Health",8371.062
Compensation of Employees at Current Prices (Seasonally Adjusted),2021Q2,"Public Admin, Education and Health",6636.814
Compensation of Employees at Current Prices (Seasonally Adjusted),2021Q2,"Public Admin, Education and Health",1734.248
Compensation of Employees at Current Prices (Seasonally Adjusted),2021Q2,"Arts, Entertainment and Other Services",530.786
Compensation of Employees at Current Prices (Seasonally Adjusted),2021Q2,"Arts, Entertainment and Other Services",458.584
Compensation of Employees at Current Prices (Seasonally Adjusted),2021Q2,"Arts, Entertainment and Other Services",72.202
Compensation of Employees at Current Prices (Seasonally Adjusted),2021Q2,All Sectors,29197.217
Compensation of Employees at Current Prices (Seasonally Adjusted),2021Q2,All Sectors,24346.236
Compensation of Employees at Current Prices (Seasonally Adjusted),2021Q2,All Sectors,4850.981
Compensation of Employees at Current Prices (Seasonally Adjusted),2021Q3,"Agriculture, Forestry and Fishing",284.647
Compensation of Employees at Current Prices (Seasonally Adjusted),2021Q3,"Agriculture, Forestry and Fishing",242.204
Compensation of Employees at Current Prices (Seasonally Adjusted),2021Q3,"Agriculture, Forestry and Fishing",42.443
Compensation of Employees at Current Prices (Seasonally Adjusted),2021Q3,Industry (excl. Construction),4087.01
Compensation of Employees at Current Prices (Seasonally Adjusted),2021Q3,Industry (excl. Construction),3365.189
Compensation of Employees at Current Prices (Seasonally Adjusted),2021Q3,Industry (excl. Construction),721.822
Compensation of Employees at Current Prices (Seasonally Adjusted),2021Q3,Industry - of which Manufacturing,3692.108
Compensation of Employees at Current Prices (Seasonally Adjusted),2021Q3,Industry - of which Manufacturing,3043.173
Compensation of Employees at Current Prices (Seasonally Adjusted),2021Q3,Industry - of which Manufacturing,648.935
Compensation of Employees at Current Prices (Seasonally Adjusted),2021Q3,Construction,1504.345
Compensation of Employees at Current Prices (Seasonally Adjusted),2021Q3,Construction,1339.82
Compensation of Employees at Current Prices (Seasonally Adjusted),2021Q3,Construction,164.525
Compensation of Employees at Current Prices (Seasonally Adjusted),2021Q3,"Distribution, Transport, Hotels and Restaurants",5652.365
Compensation of Employees at Current Prices (Seasonally Adjusted),2021Q3,"Distribution, Transport, Hotels and Restaurants",4928.115
Compensation of Employees at Current Prices (Seasonally Adjusted),2021Q3,"Distribution, Transport, Hotels and Restaurants",724.251
Compensation of Employees at Current Prices (Seasonally Adjusted),2021Q3,Information and Communication,2976.92
Compensation of Employees at Current Prices (Seasonally Adjusted),2021Q3,Information and Communication,2571.151
Compensation of Employees at Current Prices (Seasonally Adjusted),2021Q3,Information and Communication,405.768
Compensation of Employees at Current Prices (Seasonally Adjusted),2021Q3,Financial and Insurance Activities,2373.317
Compensation of Employees at Current Prices (Seasonally Adjusted),2021Q3,Financial and Insurance Activities,1814.788
Compensation of Employees at Current Prices (Seasonally Adjusted),2021Q3,Financial and Insurance Activities,558.529
Compensation of Employees at Current Prices (Seasonally Adjusted),2021Q3,Real Estate Activities,250.591
Compensation of Employees at Current Prices (Seasonally Adjusted),2021Q3,Real Estate Activities,223.208
Compensation of Employees at Current Prices (Seasonally Adjusted),2021Q3,Real Estate Activities,27.383
Compensation of Employees at Current Prices (Seasonally Adjusted),2021Q3,"Professional, Admin and Support Services",4157.811
Compensation of Employees at Current Prices (Seasonally Adjusted),2021Q3,"Professional, Admin and Support Services",3656.174
Compensation of Employees at Current Prices (Seasonally Adjusted),2021Q3,"Professional, Admin and Support Services",501.637
Compensation of Employees at Current Prices (Seasonally Adjusted),2021Q3,"Public Admin, Education and Health",8639.659
Compensation of Employees at Current Prices (Seasonally Adjusted),2021Q3,"Public Admin, Education and Health",6891.187
Compensation of Employees at Current Prices (Seasonally Adjusted),2021Q3,"Public Admin, Education and Health",1748.472
Compensation of Employees at Current Prices (Seasonally Adjusted),2021Q3,"Arts, Entertainment and Other Services",616.506
Compensation of Employees at Current Prices (Seasonally Adjusted),2021Q3,"Arts, Entertainment and Other Services",534.002
Compensation of Employees at Current Prices (Seasonally Adjusted),2021Q3,"Arts, Entertainment and Other Services",82.504
Compensation of Employees at Current Prices (Seasonally Adjusted),2021Q3,All Sectors,30543.171
Compensation of Employees at Current Prices (Seasonally Adjusted),2021Q3,All Sectors,25565.838
Compensation of Employees at Current Prices (Seasonally Adjusted),2021Q3,All Sectors,4977.333
Compensation of Employees at Current Prices (Seasonally Adjusted),2021Q4,"Agriculture, Forestry and Fishing",286.001
Compensation of Employees at Current Prices (Seasonally Adjusted),2021Q4,"Agriculture, Forestry and Fishing",243.034
Compensation of Employees at Current Prices (Seasonally Adjusted),2021Q4,"Agriculture, Forestry and Fishing",42.967
Compensation of Employees at Current Prices (Seasonally Adjusted),2021Q4,Industry (excl. Construction),4249.497
Compensation of Employees at Current Prices (Seasonally Adjusted),2021Q4,Industry (excl. Construction),3487.157
Compensation of Employees at Current Prices (Seasonally Adjusted),2021Q4,Industry (excl. Construction),762.339
Compensation of Employees at Current Prices (Seasonally Adjusted),2021Q4,Industry - of which Manufacturing,3838.374
Compensation of Employees at Current Prices (Seasonally Adjusted),2021Q4,Industry - of which Manufacturing,3150.812
Compensation of Employees at Current Prices (Seasonally Adjusted),2021Q4,Industry - of which Manufacturing,687.562
Compensation of Employees at Current Prices (Seasonally Adjusted),2021Q4,Construction,1532.396
Compensation of Employees at Current Prices (Seasonally Adjusted),2021Q4,Construction,1354.327
Compensation of Employees at Current Prices (Seasonally Adjusted),2021Q4,Construction,178.069
Compensation of Employees at Current Prices (Seasonally Adjusted),2021Q4,"Distribution, Transport, Hotels and Restaurants",5904.921
Compensation of Employees at Current Prices (Seasonally Adjusted),2021Q4,"Distribution, Transport, Hotels and Restaurants",5161.296
Compensation of Employees at Current Prices (Seasonally Adjusted),2021Q4,"Distribution, Transport, Hotels and Restaurants",743.625
Compensation of Employees at Current Prices (Seasonally Adjusted),2021Q4,Information and Communication,3100.997
Compensation of Employees at Current Prices (Seasonally Adjusted),2021Q4,Information and Communication,2690.554
Compensation of Employees at Current Prices (Seasonally Adjusted),2021Q4,Information and Communication,410.442
Compensation of Employees at Current Prices (Seasonally Adjusted),2021Q4,Financial and Insurance Activities,2466.441
Compensation of Employees at Current Prices (Seasonally Adjusted),2021Q4,Financial and Insurance Activities,1907.301
Compensation of Employees at Current Prices (Seasonally Adjusted),2021Q4,Financial and Insurance Activities,559.14
Compensation of Employees at Current Prices (Seasonally Adjusted),2021Q4,Real Estate Activities,275.935
Compensation of Employees at Current Prices (Seasonally Adjusted),2021Q4,Real Estate Activities,246.593
Compensation of Employees at Current Prices (Seasonally Adjusted),2021Q4,Real Estate Activities,29.343
Compensation of Employees at Current Prices (Seasonally Adjusted),2021Q4,"Professional, Admin and Support Services",4660.664
Compensation of Employees at Current Prices (Seasonally Adjusted),2021Q4,"Professional, Admin and Support Services",4118.417
Compensation of Employees at Current Prices (Seasonally Adjusted),2021Q4,"Professional, Admin and Support Services",542.247
Compensation of Employees at Current Prices (Seasonally Adjusted),2021Q4,"Public Admin, Education and Health",8644.389
Compensation of Employees at Current Prices (Seasonally Adjusted),2021Q4,"Public Admin, Education and Health",6877.52
Compensation of Employees at Current Prices (Seasonally Adjusted),2021Q4,"Public Admin, Education and Health",1766.869
Compensation of Employees at Current Prices (Seasonally Adjusted),2021Q4,"Arts, Entertainment and Other Services",666.408
Compensation of Employees at Current Prices (Seasonally Adjusted),2021Q4,"Arts, Entertainment and Other Services",579.373
Compensation of Employees at Current Prices (Seasonally Adjusted),2021Q4,"Arts, Entertainment and Other Services",87.035
Compensation of Employees at Current Prices (Seasonally Adjusted),2021Q4,All Sectors,31787.647
Compensation of Employees at Current Prices (Seasonally Adjusted),2021Q4,All Sectors,26665.573
Compensation of Employees at Current Prices (Seasonally Adjusted),2021Q4,All Sectors,5122.075
Compensation of Employees at Current Prices (Seasonally Adjusted),2022Q1,"Agriculture, Forestry and Fishing",286.936
Compensation of Employees at Current Prices (Seasonally Adjusted),2022Q1,"Agriculture, Forestry and Fishing",245.117
Compensation of Employees at Current Prices (Seasonally Adjusted),2022Q1,"Agriculture, Forestry and Fishing",41.818
Compensation of Employees at Current Prices (Seasonally Adjusted),2022Q1,Industry (excl. Construction),4350.261
Compensation of Employees at Current Prices (Seasonally Adjusted),2022Q1,Industry (excl. Construction),3567.94
Compensation of Employees at Current Prices (Seasonally Adjusted),2022Q1,Industry (excl. Construction),782.321
Compensation of Employees at Current Prices (Seasonally Adjusted),2022Q1,Industry - of which Manufacturing,3884.553
Compensation of Employees at Current Prices (Seasonally Adjusted),2022Q1,Industry - of which Manufacturing,3188.402
Compensation of Employees at Current Prices (Seasonally Adjusted),2022Q1,Industry - of which Manufacturing,696.15
Compensation of Employees at Current Prices (Seasonally Adjusted),2022Q1,Construction,1583.351
Compensation of Employees at Current Prices (Seasonally Adjusted),2022Q1,Construction,1388.811
Compensation of Employees at Current Prices (Seasonally Adjusted),2022Q1,Construction,194.54
Compensation of Employees at Current Prices (Seasonally Adjusted),2022Q1,"Distribution, Transport, Hotels and Restaurants",6008.652
Compensation of Employees at Current Prices (Seasonally Adjusted),2022Q1,"Distribution, Transport, Hotels and Restaurants",5227.247
Compensation of Employees at Current Prices (Seasonally Adjusted),2022Q1,"Distribution, Transport, Hotels and Restaurants",781.405
Compensation of Employees at Current Prices (Seasonally Adjusted),2022Q1,Information and Communication,3209.976
Compensation of Employees at Current Prices (Seasonally Adjusted),2022Q1,Information and Communication,2768.991
Compensation of Employees at Current Prices (Seasonally Adjusted),2022Q1,Information and Communication,440.984
Compensation of Employees at Current Prices (Seasonally Adjusted),2022Q1,Financial and Insurance Activities,2378.573
Compensation of Employees at Current Prices (Seasonally Adjusted),2022Q1,Financial and Insurance Activities,1886.398
Compensation of Employees at Current Prices (Seasonally Adjusted),2022Q1,Financial and Insurance Activities,492.175
Compensation of Employees at Current Prices (Seasonally Adjusted),2022Q1,Real Estate Activities,287.058
Compensation of Employees at Current Prices (Seasonally Adjusted),2022Q1,Real Estate Activities,252.043
Compensation of Employees at Current Prices (Seasonally Adjusted),2022Q1,Real Estate Activities,35.015
Compensation of Employees at Current Prices (Seasonally Adjusted),2022Q1,"Professional, Admin and Support Services",4755.581
Compensation of Employees at Current Prices (Seasonally Adjusted),2022Q1,"Professional, Admin and Support Services",4179.016
Compensation of Employees at Current Prices (Seasonally Adjusted),2022Q1,"Professional, Admin and Support Services",576.565
Compensation of Employees at Current Prices (Seasonally Adjusted),2022Q1,"Public Admin, Education and Health",8860.66
Compensation of Employees at Current Prices (Seasonally Adjusted),2022Q1,"Public Admin, Education and Health",6843.126
Compensation of Employees at Current Prices (Seasonally Adjusted),2022Q1,"Public Admin, Education and Health",2017.534
Compensation of Employees at Current Prices (Seasonally Adjusted),2022Q1,"Arts, Entertainment and Other Services",682.682
Compensation of Employees at Current Prices (Seasonally Adjusted),2022Q1,"Arts, Entertainment and Other Services",592.674
Compensation of Employees at Current Prices (Seasonally Adjusted),2022Q1,"Arts, Entertainment and Other Services",90.007
Compensation of Employees at Current Prices (Seasonally Adjusted),2022Q1,All Sectors,32403.73
Compensation of Employees at Current Prices (Seasonally Adjusted),2022Q1,All Sectors,26951.365
Compensation of Employees at Current Prices (Seasonally Adjusted),2022Q1,All Sectors,5452.364
Compensation of Employees at Current Prices (Seasonally Adjusted),2022Q2,"Agriculture, Forestry and Fishing",296.158
Compensation of Employees at Current Prices (Seasonally Adjusted),2022Q2,"Agriculture, Forestry and Fishing",251.891
Compensation of Employees at Current Prices (Seasonally Adjusted),2022Q2,"Agriculture, Forestry and Fishing",44.267
Compensation of Employees at Current Prices (Seasonally Adjusted),2022Q2,Industry (excl. Construction),4452.869
Compensation of Employees at Current Prices (Seasonally Adjusted),2022Q2,Industry (excl. Construction),3689.632
Compensation of Employees at Current Prices (Seasonally Adjusted),2022Q2,Industry (excl. Construction),763.237
Compensation of Employees at Current Prices (Seasonally Adjusted),2022Q2,Industry - of which Manufacturing,3986.628
Compensation of Employees at Current Prices (Seasonally Adjusted),2022Q2,Industry - of which Manufacturing,3310.078
Compensation of Employees at Current Prices (Seasonally Adjusted),2022Q2,Industry - of which Manufacturing,676.549
Compensation of Employees at Current Prices (Seasonally Adjusted),2022Q2,Construction,1632.54
Compensation of Employees at Current Prices (Seasonally Adjusted),2022Q2,Construction,1435.141
Compensation of Employees at Current Prices (Seasonally Adjusted),2022Q2,Construction,197.399
Compensation of Employees at Current Prices (Seasonally Adjusted),2022Q2,"Distribution, Transport, Hotels and Restaurants",6177.727
Compensation of Employees at Current Prices (Seasonally Adjusted),2022Q2,"Distribution, Transport, Hotels and Restaurants",5392.582
Compensation of Employees at Current Prices (Seasonally Adjusted),2022Q2,"Distribution, Transport, Hotels and Restaurants",785.145
Compensation of Employees at Current Prices (Seasonally Adjusted),2022Q2,Information and Communication,3190.27
Compensation of Employees at Current Prices (Seasonally Adjusted),2022Q2,Information and Communication,2762.237
Compensation of Employees at Current Prices (Seasonally Adjusted),2022Q2,Information and Communication,428.033
Compensation of Employees at Current Prices (Seasonally Adjusted),2022Q2,Financial and Insurance Activities,2397.525
Compensation of Employees at Current Prices (Seasonally Adjusted),2022Q2,Financial and Insurance Activities,1896.43
Compensation of Employees at Current Prices (Seasonally Adjusted),2022Q2,Financial and Insurance Activities,501.095
Compensation of Employees at Current Prices (Seasonally Adjusted),2022Q2,Real Estate Activities,283.499
Compensation of Employees at Current Prices (Seasonally Adjusted),2022Q2,Real Estate Activities,250.016
Compensation of Employees at Current Prices (Seasonally Adjusted),2022Q2,Real Estate Activities,33.483
Compensation of Employees at Current Prices (Seasonally Adjusted),2022Q2,"Professional, Admin and Support Services",4812.812
Compensation of Employees at Current Prices (Seasonally Adjusted),2022Q2,"Professional, Admin and Support Services",4245.862
Compensation of Employees at Current Prices (Seasonally Adjusted),2022Q2,"Professional, Admin and Support Services",566.949
Compensation of Employees at Current Prices (Seasonally Adjusted),2022Q2,"Public Admin, Education and Health",8924.197
Compensation of Employees at Current Prices (Seasonally Adjusted),2022Q2,"Public Admin, Education and Health",6886.41
Compensation of Employees at Current Prices (Seasonally Adjusted),2022Q2,"Public Admin, Education and Health",2037.787
Compensation of Employees at Current Prices (Seasonally Adjusted),2022Q2,"Arts, Entertainment and Other Services",692.012
Compensation of Employees at Current Prices (Seasonally Adjusted),2022Q2,"Arts, Entertainment and Other Services",604.177
Compensation of Employees at Current Prices (Seasonally Adjusted),2022Q2,"Arts, Entertainment and Other Services",87.834
Compensation of Employees at Current Prices (Seasonally Adjusted),2022Q2,All Sectors,32859.608
Compensation of Employees at Current Prices (Seasonally Adjusted),2022Q2,All Sectors,27414.379
Compensation of Employees at Current Prices (Seasonally Adjusted),2022Q2,All Sectors,5445.229
Compensation of Employees at Current Prices (Seasonally Adjusted),2022Q3,"Agriculture, Forestry and Fishing",303.653
Compensation of Employees at Current Prices (Seasonally Adjusted),2022Q3,"Agriculture, Forestry and Fishing",258.913
Compensation of Employees at Current Prices (Seasonally Adjusted),2022Q3,"Agriculture, Forestry and Fishing",44.74
Compensation of Employees at Current Prices (Seasonally Adjusted),2022Q3,Industry (excl. Construction),4523.334
Compensation of Employees at Current Prices (Seasonally Adjusted),2022Q3,Industry (excl. Construction),3769.489
Compensation of Employees at Current Prices (Seasonally Adjusted),2022Q3,Industry (excl. Construction),753.845
Compensation of Employees at Current Prices (Seasonally Adjusted),2022Q3,Industry - of which Manufacturing,4045.039
Compensation of Employees at Current Prices (Seasonally Adjusted),2022Q3,Industry - of which Manufacturing,3377.049
Compensation of Employees at Current Prices (Seasonally Adjusted),2022Q3,Industry - of which Manufacturing,667.989
Compensation of Employees at Current Prices (Seasonally Adjusted),2022Q3,Construction,1692.835
Compensation of Employees at Current Prices (Seasonally Adjusted),2022Q3,Construction,1495.991
Compensation of Employees at Current Prices (Seasonally Adjusted),2022Q3,Construction,196.843
Compensation of Employees at Current Prices (Seasonally Adjusted),2022Q3,"Distribution, Transport, Hotels and Restaurants",6402.144
Compensation of Employees at Current Prices (Seasonally Adjusted),2022Q3,"Distribution, Transport, Hotels and Restaurants",5614.984
Compensation of Employees at Current Prices (Seasonally Adjusted),2022Q3,"Distribution, Transport, Hotels and Restaurants",787.161
Compensation of Employees at Current Prices (Seasonally Adjusted),2022Q3,Information and Communication,3299.011
Compensation of Employees at Current Prices (Seasonally Adjusted),2022Q3,Information and Communication,2857.407
Compensation of Employees at Current Prices (Seasonally Adjusted),2022Q3,Information and Communication,441.603
Compensation of Employees at Current Prices (Seasonally Adjusted),2022Q3,Financial and Insurance Activities,2480.302
Compensation of Employees at Current Prices (Seasonally Adjusted),2022Q3,Financial and Insurance Activities,1968.847
Compensation of Employees at Current Prices (Seasonally Adjusted),2022Q3,Financial and Insurance Activities,511.455
Compensation of Employees at Current Prices (Seasonally Adjusted),2022Q3,Real Estate Activities,286.079
Compensation of Employees at Current Prices (Seasonally Adjusted),2022Q3,Real Estate Activities,252.276
Compensation of Employees at Current Prices (Seasonally Adjusted),2022Q3,Real Estate Activities,33.803
Compensation of Employees at Current Prices (Seasonally Adjusted),2022Q3,"Professional, Admin and Support Services",4791.57
Compensation of Employees at Current Prices (Seasonally Adjusted),2022Q3,"Professional, Admin and Support Services",4221.355
Compensation of Employees at Current Prices (Seasonally Adjusted),2022Q3,"Professional, Admin and Support Services",570.215
Compensation of Employees at Current Prices (Seasonally Adjusted),2022Q3,"Public Admin, Education and Health",9031.659
Compensation of Employees at Current Prices (Seasonally Adjusted),2022Q3,"Public Admin, Education and Health",6979.703
Compensation of Employees at Current Prices (Seasonally Adjusted),2022Q3,"Public Admin, Education and Health",2051.956
Compensation of Employees at Current Prices (Seasonally Adjusted),2022Q3,"Arts, Entertainment and Other Services",713.179
Compensation of Employees at Current Prices (Seasonally Adjusted),2022Q3,"Arts, Entertainment and Other Services",622.637
Compensation of Employees at Current Prices (Seasonally Adjusted),2022Q3,"Arts, Entertainment and Other Services",90.542
Compensation of Employees at Current Prices (Seasonally Adjusted),2022Q3,All Sectors,33523.767
Compensation of Employees at Current Prices (Seasonally Adjusted),2022Q3,All Sectors,28041.603
Compensation of Employees at Current Prices (Seasonally Adjusted),2022Q3,All Sectors,5482.164
Compensation of Employees at Current Prices (Seasonally Adjusted),2022Q4,"Agriculture, Forestry and Fishing",303.789
Compensation of Employees at Current Prices (Seasonally Adjusted),2022Q4,"Agriculture, Forestry and Fishing",259.218
Compensation of Employees at Current Prices (Seasonally Adjusted),2022Q4,"Agriculture, Forestry and Fishing",44.571
Compensation of Employees at Current Prices (Seasonally Adjusted),2022Q4,Industry (excl. Construction),4544.915
Compensation of Employees at Current Prices (Seasonally Adjusted),2022Q4,Industry (excl. Construction),3765.458
Compensation of Employees at Current Prices (Seasonally Adjusted),2022Q4,Industry (excl. Construction),779.456
Compensation of Employees at Current Prices (Seasonally Adjusted),2022Q4,Industry - of which Manufacturing,4070.774
Compensation of Employees at Current Prices (Seasonally Adjusted),2022Q4,Industry - of which Manufacturing,3378.658
Compensation of Employees at Current Prices (Seasonally Adjusted),2022Q4,Industry - of which Manufacturing,692.116
Compensation of Employees at Current Prices (Seasonally Adjusted),2022Q4,Construction,1697.459
Compensation of Employees at Current Prices (Seasonally Adjusted),2022Q4,Construction,1489.857
Compensation of Employees at Current Prices (Seasonally Adjusted),2022Q4,Construction,207.602
Compensation of Employees at Current Prices (Seasonally Adjusted),2022Q4,"Distribution, Transport, Hotels and Restaurants",6382.417
Compensation of Employees at Current Prices (Seasonally Adjusted),2022Q4,"Distribution, Transport, Hotels and Restaurants",5586.845
Compensation of Employees at Current Prices (Seasonally Adjusted),2022Q4,"Distribution, Transport, Hotels and Restaurants",795.572
Compensation of Employees at Current Prices (Seasonally Adjusted),2022Q4,Information and Communication,3369.728
Compensation of Employees at Current Prices (Seasonally Adjusted),2022Q4,Information and Communication,2923.778
Compensation of Employees at Current Prices (Seasonally Adjusted),2022Q4,Information and Communication,445.95
Compensation of Employees at Current Prices (Seasonally Adjusted),2022Q4,Financial and Insurance Activities,2485.366
Compensation of Employees at Current Prices (Seasonally Adjusted),2022Q4,Financial and Insurance Activities,1982.977
Compensation of Employees at Current Prices (Seasonally Adjusted),2022Q4,Financial and Insurance Activities,502.389
Compensation of Employees at Current Prices (Seasonally Adjusted),2022Q4,Real Estate Activities,310.78
Compensation of Employees at Current Prices (Seasonally Adjusted),2022Q4,Real Estate Activities,275.383
Compensation of Employees at Current Prices (Seasonally Adjusted),2022Q4,Real Estate Activities,35.397
Compensation of Employees at Current Prices (Seasonally Adjusted),2022Q4,"Professional, Admin and Support Services",5088.762
Compensation of Employees at Current Prices (Seasonally Adjusted),2022Q4,"Professional, Admin and Support Services",4499.118
Compensation of Employees at Current Prices (Seasonally Adjusted),2022Q4,"Professional, Admin and Support Services",589.644
Compensation of Employees at Current Prices (Seasonally Adjusted),2022Q4,"Public Admin, Education and Health",9603.323
Compensation of Employees at Current Prices (Seasonally Adjusted),2022Q4,"Public Admin, Education and Health",7583.05
Compensation of Employees at Current Prices (Seasonally Adjusted),2022Q4,"Public Admin, Education and Health",2020.272
Compensation of Employees at Current Prices (Seasonally Adjusted),2022Q4,"Arts, Entertainment and Other Services",710.119
Compensation of Employees at Current Prices (Seasonally Adjusted),2022Q4,"Arts, Entertainment and Other Services",620.041
Compensation of Employees at Current Prices (Seasonally Adjusted),2022Q4,"Arts, Entertainment and Other Services",90.078
Compensation of Employees at Current Prices (Seasonally Adjusted),2022Q4,All Sectors,34496.658
Compensation of Employees at Current Prices (Seasonally Adjusted),2022Q4,All Sectors,28985.725
Compensation of Employees at Current Prices (Seasonally Adjusted),2022Q4,All Sectors,5510.932
Compensation of Employees at Current Prices (Seasonally Adjusted),2023Q1,"Agriculture, Forestry and Fishing",301.676
Compensation of Employees at Current Prices (Seasonally Adjusted),2023Q1,"Agriculture, Forestry and Fishing",255.259
Compensation of Employees at Current Prices (Seasonally Adjusted),2023Q1,"Agriculture, Forestry and Fishing",46.418
Compensation of Employees at Current Prices (Seasonally Adjusted),2023Q1,Industry (excl. Construction),4632.26
Compensation of Employees at Current Prices (Seasonally Adjusted),2023Q1,Industry (excl. Construction),3826.026
Compensation of Employees at Current Prices (Seasonally Adjusted),2023Q1,Industry (excl. Construction),806.234
Compensation of Employees at Current Prices (Seasonally Adjusted),2023Q1,Industry - of which Manufacturing,4154.597
Compensation of Employees at Current Prices (Seasonally Adjusted),2023Q1,Industry - of which Manufacturing,3440.751
Compensation of Employees at Current Prices (Seasonally Adjusted),2023Q1,Industry - of which Manufacturing,713.846
Compensation of Employees at Current Prices (Seasonally Adjusted),2023Q1,Construction,1721.033
Compensation of Employees at Current Prices (Seasonally Adjusted),2023Q1,Construction,1495.323
Compensation of Employees at Current Prices (Seasonally Adjusted),2023Q1,Construction,225.71
Compensation of Employees at Current Prices (Seasonally Adjusted),2023Q1,"Distribution, Transport, Hotels and Restaurants",6494.39
Compensation of Employees at Current Prices (Seasonally Adjusted),2023Q1,"Distribution, Transport, Hotels and Restaurants",5646.956
Compensation of Employees at Current Prices (Seasonally Adjusted),2023Q1,"Distribution, Transport, Hotels and Restaurants",847.434
Compensation of Employees at Current Prices (Seasonally Adjusted),2023Q1,Information and Communication,3539.292
Compensation of Employees at Current Prices (Seasonally Adjusted),2023Q1,Information and Communication,3014.285
Compensation of Employees at Current Prices (Seasonally Adjusted),2023Q1,Information and Communication,525.007
Compensation of Employees at Current Prices (Seasonally Adjusted),2023Q1,Financial and Insurance Activities,2590.149
Compensation of Employees at Current Prices (Seasonally Adjusted),2023Q1,Financial and Insurance Activities,2031.752
Compensation of Employees at Current Prices (Seasonally Adjusted),2023Q1,Financial and Insurance Activities,558.397
Compensation of Employees at Current Prices (Seasonally Adjusted),2023Q1,Real Estate Activities,303.793
Compensation of Employees at Current Prices (Seasonally Adjusted),2023Q1,Real Estate Activities,267.581
Compensation of Employees at Current Prices (Seasonally Adjusted),2023Q1,Real Estate Activities,36.212
Compensation of Employees at Current Prices (Seasonally Adjusted),2023Q1,"Professional, Admin and Support Services",5175.106
Compensation of Employees at Current Prices (Seasonally Adjusted),2023Q1,"Professional, Admin and Support Services",4500.447
Compensation of Employees at Current Prices (Seasonally Adjusted),2023Q1,"Professional, Admin and Support Services",674.659
Compensation of Employees at Current Prices (Seasonally Adjusted),2023Q1,"Public Admin, Education and Health",9268.026
Compensation of Employees at Current Prices (Seasonally Adjusted),2023Q1,"Public Admin, Education and Health",7310.996
Compensation of Employees at Current Prices (Seasonally Adjusted),2023Q1,"Public Admin, Education and Health",1957.029
Compensation of Employees at Current Prices (Seasonally Adjusted),2023Q1,"Arts, Entertainment and Other Services",695.755
Compensation of Employees at Current Prices (Seasonally Adjusted),2023Q1,"Arts, Entertainment and Other Services",606.613
Compensation of Employees at Current Prices (Seasonally Adjusted),2023Q1,"Arts, Entertainment and Other Services",89.142
Compensation of Employees at Current Prices (Seasonally Adjusted),2023Q1,All Sectors,34721.481
Compensation of Employees at Current Prices (Seasonally Adjusted),2023Q1,All Sectors,28955.237
Compensation of Employees at Current Prices (Seasonally Adjusted),2023Q1,All Sectors,5766.243
Compensation of Employees at Current Prices (Seasonally Adjusted),2023Q2,"Agriculture, Forestry and Fishing",308.466
Compensation of Employees at Current Prices (Seasonally Adjusted),2023Q2,"Agriculture, Forestry and Fishing",260.557
Compensation of Employees at Current Prices (Seasonally Adjusted),2023Q2,"Agriculture, Forestry and Fishing",47.909
Compensation of Employees at Current Prices (Seasonally Adjusted),2023Q2,Industry (excl. Construction),4782.761
Compensation of Employees at Current Prices (Seasonally Adjusted),2023Q2,Industry (excl. Construction),3963.716
Compensation of Employees at Current Prices (Seasonally Adjusted),2023Q2,Industry (excl. Construction),819.045
Compensation of Employees at Current Prices (Seasonally Adjusted),2023Q2,Industry - of which Manufacturing,4261.893
Compensation of Employees at Current Prices (Seasonally Adjusted),2023Q2,Industry - of which Manufacturing,3537.174
Compensation of Employees at Current Prices (Seasonally Adjusted),2023Q2,Industry - of which Manufacturing,724.719
Compensation of Employees at Current Prices (Seasonally Adjusted),2023Q2,Construction,1772.045
Compensation of Employees at Current Prices (Seasonally Adjusted),2023Q2,Construction,1536.429
Compensation of Employees at Current Prices (Seasonally Adjusted),2023Q2,Construction,235.616
Compensation of Employees at Current Prices (Seasonally Adjusted),2023Q2,"Distribution, Transport, Hotels and Restaurants",6718.55
Compensation of Employees at Current Prices (Seasonally Adjusted),2023Q2,"Distribution, Transport, Hotels and Restaurants",5818.003
Compensation of Employees at Current Prices (Seasonally Adjusted),2023Q2,"Distribution, Transport, Hotels and Restaurants",900.546
Compensation of Employees at Current Prices (Seasonally Adjusted),2023Q2,Information and Communication,3620.999
Compensation of Employees at Current Prices (Seasonally Adjusted),2023Q2,Information and Communication,3101.333
Compensation of Employees at Current Prices (Seasonally Adjusted),2023Q2,Information and Communication,519.666
Compensation of Employees at Current Prices (Seasonally Adjusted),2023Q2,Financial and Insurance Activities,2632.633
Compensation of Employees at Current Prices (Seasonally Adjusted),2023Q2,Financial and Insurance Activities,2058.992
Compensation of Employees at Current Prices (Seasonally Adjusted),2023Q2,Financial and Insurance Activities,573.641
Compensation of Employees at Current Prices (Seasonally Adjusted),2023Q2,Real Estate Activities,315.333
Compensation of Employees at Current Prices (Seasonally Adjusted),2023Q2,Real Estate Activities,276.755
Compensation of Employees at Current Prices (Seasonally Adjusted),2023Q2,Real Estate Activities,38.577
Compensation of Employees at Current Prices (Seasonally Adjusted),2023Q2,"Professional, Admin and Support Services",5314.856
Compensation of Employees at Current Prices (Seasonally Adjusted),2023Q2,"Professional, Admin and Support Services",4622.155
Compensation of Employees at Current Prices (Seasonally Adjusted),2023Q2,"Professional, Admin and Support Services",692.701
Compensation of Employees at Current Prices (Seasonally Adjusted),2023Q2,"Public Admin, Education and Health",9743.983
Compensation of Employees at Current Prices (Seasonally Adjusted),2023Q2,"Public Admin, Education and Health",7745.56
Compensation of Employees at Current Prices (Seasonally Adjusted),2023Q2,"Public Admin, Education and Health",1998.423
Compensation of Employees at Current Prices (Seasonally Adjusted),2023Q2,"Arts, Entertainment and Other Services",740.72
Compensation of Employees at Current Prices (Seasonally Adjusted),2023Q2,"Arts, Entertainment and Other Services",647.121
Compensation of Employees at Current Prices (Seasonally Adjusted),2023Q2,"Arts, Entertainment and Other Services",93.6
Compensation of Employees at Current Prices (Seasonally Adjusted),2023Q2,All Sectors,35950.346
Compensation of Employees at Current Prices (Seasonally Adjusted),2023Q2,All Sectors,30030.622
Compensation of Employees at Current Prices (Seasonally Adjusted),2023Q2,All Sectors,5919.724
Compensation of Employees at Current Prices (Seasonally Adjusted),2023Q3,"Agriculture, Forestry and Fishing",315.106
Compensation of Employees at Current Prices (Seasonally Adjusted),2023Q3,"Agriculture, Forestry and Fishing",265.845
Compensation of Employees at Current Prices (Seasonally Adjusted),2023Q3,"Agriculture, Forestry and Fishing",49.261
Compensation of Employees at Current Prices (Seasonally Adjusted),2023Q3,Industry (excl. Construction),4838.605
Compensation of Employees at Current Prices (Seasonally Adjusted),2023Q3,Industry (excl. Construction),3995.355
Compensation of Employees at Current Prices (Seasonally Adjusted),2023Q3,Industry (excl. Construction),843.25
Compensation of Employees at Current Prices (Seasonally Adjusted),2023Q3,Industry - of which Manufacturing,4299.724
Compensation of Employees at Current Prices (Seasonally Adjusted),2023Q3,Industry - of which Manufacturing,3553.68
Compensation of Employees at Current Prices (Seasonally Adjusted),2023Q3,Industry - of which Manufacturing,746.044
Compensation of Employees at Current Prices (Seasonally Adjusted),2023Q3,Construction,1808.036
Compensation of Employees at Current Prices (Seasonally Adjusted),2023Q3,Construction,1561.727
Compensation of Employees at Current Prices (Seasonally Adjusted),2023Q3,Construction,246.309
Compensation of Employees at Current Prices (Seasonally Adjusted),2023Q3,"Distribution, Transport, Hotels and Restaurants",6785.995
Compensation of Employees at Current Prices (Seasonally Adjusted),2023Q3,"Distribution, Transport, Hotels and Restaurants",5842.522
Compensation of Employees at Current Prices (Seasonally Adjusted),2023Q3,"Distribution, Transport, Hotels and Restaurants",943.472
Compensation of Employees at Current Prices (Seasonally Adjusted),2023Q3,Information and Communication,3623.306
Compensation of Employees at Current Prices (Seasonally Adjusted),2023Q3,Information and Communication,3086.374
Compensation of Employees at Current Prices (Seasonally Adjusted),2023Q3,Information and Communication,536.932
Compensation of Employees at Current Prices (Seasonally Adjusted),2023Q3,Financial and Insurance Activities,2689.773
Compensation of Employees at Current Prices (Seasonally Adjusted),2023Q3,Financial and Insurance Activities,2096.002
Compensation of Employees at Current Prices (Seasonally Adjusted),2023Q3,Financial and Insurance Activities,593.771
Compensation of Employees at Current Prices (Seasonally Adjusted),2023Q3,Real Estate Activities,304.3
Compensation of Employees at Current Prices (Seasonally Adjusted),2023Q3,Real Estate Activities,266.643
Compensation of Employees at Current Prices (Seasonally Adjusted),2023Q3,Real Estate Activities,37.657
Compensation of Employees at Current Prices (Seasonally Adjusted),2023Q3,"Professional, Admin and Support Services",5126.875
Compensation of Employees at Current Prices (Seasonally Adjusted),2023Q3,"Professional, Admin and Support Services",4425.23
Compensation of Employees at Current Prices (Seasonally Adjusted),2023Q3,"Professional, Admin and Support Services",701.645
Compensation of Employees at Current Prices (Seasonally Adjusted),2023Q3,"Public Admin, Education and Health",9919.023
Compensation of Employees at Current Prices (Seasonally Adjusted),2023Q3,"Public Admin, Education and Health",7906.037
Compensation of Employees at Current Prices (Seasonally Adjusted),2023Q3,"Public Admin, Education and Health",2012.985
Compensation of Employees at Current Prices (Seasonally Adjusted),2023Q3,"Arts, Entertainment and Other Services",742.626
Compensation of Employees at Current Prices (Seasonally Adjusted),2023Q3,"Arts, Entertainment and Other Services",645.749
Compensation of Employees at Current Prices (Seasonally Adjusted),2023Q3,"Arts, Entertainment and Other Services",96.877
Compensation of Employees at Current Prices (Seasonally Adjusted),2023Q3,All Sectors,36153.644
Compensation of Employees at Current Prices (Seasonally Adjusted),2023Q3,All Sectors,30091.486
Compensation of Employees at Current Prices (Seasonally Adjusted),2023Q3,All Sectors,6062.158
Compensation of Employees at Current Prices (Seasonally Adjusted),2023Q4,"Agriculture, Forestry and Fishing",326.048
Compensation of Employees at Current Prices (Seasonally Adjusted),2023Q4,"Agriculture, Forestry and Fishing",275.066
Compensation of Employees at Current Prices (Seasonally Adjusted),2023Q4,"Agriculture, Forestry and Fishing",50.982
Compensation of Employees at Current Prices (Seasonally Adjusted),2023Q4,Industry (excl. Construction),4963.239
Compensation of Employees at Current Prices (Seasonally Adjusted),2023Q4,Industry (excl. Construction),4077.89
Compensation of Employees at Current Prices (Seasonally Adjusted),2023Q4,Industry (excl. Construction),885.35
Compensation of Employees at Current Prices (Seasonally Adjusted),2023Q4,Industry - of which Manufacturing,4431.488
Compensation of Employees at Current Prices (Seasonally Adjusted),2023Q4,Industry - of which Manufacturing,3644.592
Compensation of Employees at Current Prices (Seasonally Adjusted),2023Q4,Industry - of which Manufacturing,786.896
Compensation of Employees at Current Prices (Seasonally Adjusted),2023Q4,Construction,1911.736
Compensation of Employees at Current Prices (Seasonally Adjusted),2023Q4,Construction,1616.705
Compensation of Employees at Current Prices (Seasonally Adjusted),2023Q4,Construction,295.031
Compensation of Employees at Current Prices (Seasonally Adjusted),2023Q4,"Distribution, Transport, Hotels and Restaurants",6927.953
Compensation of Employees at Current Prices (Seasonally Adjusted),2023Q4,"Distribution, Transport, Hotels and Restaurants",5964.624
Compensation of Employees at Current Prices (Seasonally Adjusted),2023Q4,"Distribution, Transport, Hotels and Restaurants",963.328
Compensation of Employees at Current Prices (Seasonally Adjusted),2023Q4,Information and Communication,3640.908
Compensation of Employees at Current Prices (Seasonally Adjusted),2023Q4,Information and Communication,3098.793
Compensation of Employees at Current Prices (Seasonally Adjusted),2023Q4,Information and Communication,542.115
Compensation of Employees at Current Prices (Seasonally Adjusted),2023Q4,Financial and Insurance Activities,2729.641
Compensation of Employees at Current Prices (Seasonally Adjusted),2023Q4,Financial and Insurance Activities,2128.82
Compensation of Employees at Current Prices (Seasonally Adjusted),2023Q4,Financial and Insurance Activities,600.821
Compensation of Employees at Current Prices (Seasonally Adjusted),2023Q4,Real Estate Activities,337.542
Compensation of Employees at Current Prices (Seasonally Adjusted),2023Q4,Real Estate Activities,290.396
Compensation of Employees at Current Prices (Seasonally Adjusted),2023Q4,Real Estate Activities,47.145
Compensation of Employees at Current Prices (Seasonally Adjusted),2023Q4,"Professional, Admin and Support Services",5536.704
Compensation of Employees at Current Prices (Seasonally Adjusted),2023Q4,"Professional, Admin and Support Services",4754.702
Compensation of Employees at Current Prices (Seasonally Adjusted),2023Q4,"Professional, Admin and Support Services",782.002
Compensation of Employees at Current Prices (Seasonally Adjusted),2023Q4,"Public Admin, Education and Health",10158.947
Compensation of Employees at Current Prices (Seasonally Adjusted),2023Q4,"Public Admin, Education and Health",8130.27
Compensation of Employees at Current Prices (Seasonally Adjusted),2023Q4,"Public Admin, Education and Health",2028.676
Compensation of Employees at Current Prices (Seasonally Adjusted),2023Q4,"Arts, Entertainment and Other Services",772.841
Compensation of Employees at Current Prices (Seasonally Adjusted),2023Q4,"Arts, Entertainment and Other Services",667.331
Compensation of Employees at Current Prices (Seasonally Adjusted),2023Q4,"Arts, Entertainment and Other Services",105.51
Compensation of Employees at Current Prices (Seasonally Adjusted),2023Q4,All Sectors,37305.558
Compensation of Employees at Current Prices (Seasonally Adjusted),2023Q4,All Sectors,31004.598
Compensation of Employees at Current Prices (Seasonally Adjusted),2023Q4,All Sectors,6300.96
Compensation of Employees at Current Prices (Seasonally Adjusted),2024Q1,"Agriculture, Forestry and Fishing",339.36
Compensation of Employees at Current Prices (Seasonally Adjusted),2024Q1,"Agriculture, Forestry and Fishing",285.749
Compensation of Employees at Current Prices (Seasonally Adjusted),2024Q1,"Agriculture, Forestry and Fishing",53.611
Compensation of Employees at Current Prices (Seasonally Adjusted),2024Q1,Industry (excl. Construction),5148.481
Compensation of Employees at Current Prices (Seasonally Adjusted),2024Q1,Industry (excl. Construction),4222.183
Compensation of Employees at Current Prices (Seasonally Adjusted),2024Q1,Industry (excl. Construction),926.298
Compensation of Employees at Current Prices (Seasonally Adjusted),2024Q1,Industry - of which Manufacturing,4625.986
Compensation of Employees at Current Prices (Seasonally Adjusted),2024Q1,Industry - of which Manufacturing,3808.396
Compensation of Employees at Current Prices (Seasonally Adjusted),2024Q1,Industry - of which Manufacturing,817.59
Compensation of Employees at Current Prices (Seasonally Adjusted),2024Q1,Construction,1926.602
Compensation of Employees at Current Prices (Seasonally Adjusted),2024Q1,Construction,1676.197
Compensation of Employees at Current Prices (Seasonally Adjusted),2024Q1,Construction,250.405
Compensation of Employees at Current Prices (Seasonally Adjusted),2024Q1,"Distribution, Transport, Hotels and Restaurants",7267.832
Compensation of Employees at Current Prices (Seasonally Adjusted),2024Q1,"Distribution, Transport, Hotels and Restaurants",6276.559
Compensation of Employees at Current Prices (Seasonally Adjusted),2024Q1,"Distribution, Transport, Hotels and Restaurants",991.273
Compensation of Employees at Current Prices (Seasonally Adjusted),2024Q1,Information and Communication,3994.539
Compensation of Employees at Current Prices (Seasonally Adjusted),2024Q1,Information and Communication,3421.093
Compensation of Employees at Current Prices (Seasonally Adjusted),2024Q1,Information and Communication,573.447
Compensation of Employees at Current Prices (Seasonally Adjusted),2024Q1,Financial and Insurance Activities,2731.192
Compensation of Employees at Current Prices (Seasonally Adjusted),2024Q1,Financial and Insurance Activities,2170.181
Compensation of Employees at Current Prices (Seasonally Adjusted),2024Q1,Financial and Insurance Activities,561.011
Compensation of Employees at Current Prices (Seasonally Adjusted),2024Q1,Real Estate Activities,337.713
Compensation of Employees at Current Prices (Seasonally Adjusted),2024Q1,Real Estate Activities,292.936
Compensation of Employees at Current Prices (Seasonally Adjusted),2024Q1,Real Estate Activities,44.777
Compensation of Employees at Current Prices (Seasonally Adjusted),2024Q1,"Professional, Admin and Support Services",5781.844
Compensation of Employees at Current Prices (Seasonally Adjusted),2024Q1,"Professional, Admin and Support Services",4976.015
Compensation of Employees at Current Prices (Seasonally Adjusted),2024Q1,"Professional, Admin and Support Services",805.829
Compensation of Employees at Current Prices (Seasonally Adjusted),2024Q1,"Public Admin, Education and Health",10487.126
Compensation of Employees at Current Prices (Seasonally Adjusted),2024Q1,"Public Admin, Education and Health",8408.43
Compensation of Employees at Current Prices (Seasonally Adjusted),2024Q1,"Public Admin, Education and Health",2078.696
Compensation of Employees at Current Prices (Seasonally Adjusted),2024Q1,"Arts, Entertainment and Other Services",808.569
Compensation of Employees at Current Prices (Seasonally Adjusted),2024Q1,"Arts, Entertainment and Other Services",696.527
Compensation of Employees at Current Prices (Seasonally Adjusted),2024Q1,"Arts, Entertainment and Other Services",112.042
Compensation of Employees at Current Prices (Seasonally Adjusted),2024Q1,All Sectors,38823.258
Compensation of Employees at Current Prices (Seasonally Adjusted),2024Q1,All Sectors,32425.87
Compensation of Employees at Current Prices (Seasonally Adjusted),2024Q1,All Sectors,6397.389
Compensation of Employees at Current Prices (Seasonally Adjusted),2024Q2,"Agriculture, Forestry and Fishing",345.136
Compensation of Employees at Current Prices (Seasonally Adjusted),2024Q2,"Agriculture, Forestry and Fishing",292.42
Compensation of Employees at Current Prices (Seasonally Adjusted),2024Q2,"Agriculture, Forestry and Fishing",52.717
Compensation of Employees at Current Prices (Seasonally Adjusted),2024Q2,Industry (excl. Construction),5101.618
Compensation of Employees at Current Prices (Seasonally Adjusted),2024Q2,Industry (excl. Construction),4205.145
Compensation of Employees at Current Prices (Seasonally Adjusted),2024Q2,Industry (excl. Construction),896.472
Compensation of Employees at Current Prices (Seasonally Adjusted),2024Q2,Industry - of which Manufacturing,4565.418
Compensation of Employees at Current Prices (Seasonally Adjusted),2024Q2,Industry - of which Manufacturing,3777.803
Compensation of Employees at Current Prices (Seasonally Adjusted),2024Q2,Industry - of which Manufacturing,787.614
Compensation of Employees at Current Prices (Seasonally Adjusted),2024Q2,Construction,1961.86
Compensation of Employees at Current Prices (Seasonally Adjusted),2024Q2,Construction,1709.599
Compensation of Employees at Current Prices (Seasonally Adjusted),2024Q2,Construction,252.261
Compensation of Employees at Current Prices (Seasonally Adjusted),2024Q2,"Distribution, Transport, Hotels and Restaurants",7217.968
Compensation of Employees at Current Prices (Seasonally Adjusted),2024Q2,"Distribution, Transport, Hotels and Restaurants",6238.917
Compensation of Employees at Current Prices (Seasonally Adjusted),2024Q2,"Distribution, Transport, Hotels and Restaurants",979.051
Compensation of Employees at Current Prices (Seasonally Adjusted),2024Q2,Information and Communication,3854.483
Compensation of Employees at Current Prices (Seasonally Adjusted),2024Q2,Information and Communication,3312.393
Compensation of Employees at Current Prices (Seasonally Adjusted),2024Q2,Information and Communication,542.09
Compensation of Employees at Current Prices (Seasonally Adjusted),2024Q2,Financial and Insurance Activities,2783.216
Compensation of Employees at Current Prices (Seasonally Adjusted),2024Q2,Financial and Insurance Activities,2209.151
Compensation of Employees at Current Prices (Seasonally Adjusted),2024Q2,Financial and Insurance Activities,574.065
Compensation of Employees at Current Prices (Seasonally Adjusted),2024Q2,Real Estate Activities,327.922
Compensation of Employees at Current Prices (Seasonally Adjusted),2024Q2,Real Estate Activities,286.174
Compensation of Employees at Current Prices (Seasonally Adjusted),2024Q2,Real Estate Activities,41.748
Compensation of Employees at Current Prices (Seasonally Adjusted),2024Q2,"Professional, Admin and Support Services",5699.429
Compensation of Employees at Current Prices (Seasonally Adjusted),2024Q2,"Professional, Admin and Support Services",4922.811
Compensation of Employees at Current Prices (Seasonally Adjusted),2024Q2,"Professional, Admin and Support Services",776.618
Compensation of Employees at Current Prices (Seasonally Adjusted),2024Q2,"Public Admin, Education and Health",10769.278
Compensation of Employees at Current Prices (Seasonally Adjusted),2024Q2,"Public Admin, Education and Health",8672.717
Compensation of Employees at Current Prices (Seasonally Adjusted),2024Q2,"Public Admin, Education and Health",2096.561
Compensation of Employees at Current Prices (Seasonally Adjusted),2024Q2,"Arts, Entertainment and Other Services",809.722
Compensation of Employees at Current Prices (Seasonally Adjusted),2024Q2,"Arts, Entertainment and Other Services",701.58
Compensation of Employees at Current Prices (Seasonally Adjusted),2024Q2,"Arts, Entertainment and Other Services",108.142
Compensation of Employees at Current Prices (Seasonally Adjusted),2024Q2,All Sectors,38870.631
Compensation of Employees at Current Prices (Seasonally Adjusted),2024Q2,All Sectors,32550.906
Compensation of Employees at Current Prices (Seasonally Adjusted),2024Q2,All Sectors,6319.725
Compensation of Employees at Current Prices (Seasonally Adjusted),2024Q3,"Agriculture, Forestry and Fishing",352.158
Compensation of Employees at Current Prices (Seasonally Adjusted),2024Q3,"Agriculture, Forestry and Fishing",296.709
Compensation of Employees at Current Prices (Seasonally Adjusted),2024Q3,"Agriculture, Forestry and Fishing",55.449
Compensation of Employees at Current Prices (Seasonally Adjusted),2024Q3,Industry (excl. Construction),5272.805
Compensation of Employees at Current Prices (Seasonally Adjusted),2024Q3,Industry (excl. Construction),4350.355
Compensation of Employees at Current Prices (Seasonally Adjusted),2024Q3,Industry (excl. Construction),922.45
Compensation of Employees at Current Prices (Seasonally Adjusted),2024Q3,Industry - of which Manufacturing,4677.392
Compensation of Employees at Current Prices (Seasonally Adjusted),2024Q3,Industry - of which Manufacturing,3868.998
Compensation of Employees at Current Prices (Seasonally Adjusted),2024Q3,Industry - of which Manufacturing,808.394
Compensation of Employees at Current Prices (Seasonally Adjusted),2024Q3,Construction,2017.058
Compensation of Employees at Current Prices (Seasonally Adjusted),2024Q3,Construction,1741.883
Compensation of Employees at Current Prices (Seasonally Adjusted),2024Q3,Construction,275.175
Compensation of Employees at Current Prices (Seasonally Adjusted),2024Q3,"Distribution, Transport, Hotels and Restaurants",7293.785
Compensation of Employees at Current Prices (Seasonally Adjusted),2024Q3,"Distribution, Transport, Hotels and Restaurants",6264.162
Compensation of Employees at Current Prices (Seasonally Adjusted),2024Q3,"Distribution, Transport, Hotels and Restaurants",1029.623
Compensation of Employees at Current Prices (Seasonally Adjusted),2024Q3,Information and Communication,3701.313
Compensation of Employees at Current Prices (Seasonally Adjusted),2024Q3,Information and Communication,3160.994
Compensation of Employees at Current Prices (Seasonally Adjusted),2024Q3,Information and Communication,540.32
Compensation of Employees at Current Prices (Seasonally Adjusted),2024Q3,Financial and Insurance Activities,2810.011
Compensation of Employees at Current Prices (Seasonally Adjusted),2024Q3,Financial and Insurance Activities,2221.109
Compensation of Employees at Current Prices (Seasonally Adjusted),2024Q3,Financial and Insurance Activities,588.902
Compensation of Employees at Current Prices (Seasonally Adjusted),2024Q3,Real Estate Activities,324.669
Compensation of Employees at Current Prices (Seasonally Adjusted),2024Q3,Real Estate Activities,277.725
Compensation of Employees at Current Prices (Seasonally Adjusted),2024Q3,Real Estate Activities,46.944
Compensation of Employees at Current Prices (Seasonally Adjusted),2024Q3,"Professional, Admin and Support Services",5505.887
Compensation of Employees at Current Prices (Seasonally Adjusted),2024Q3,"Professional, Admin and Support Services",4708.285
Compensation of Employees at Current Prices (Seasonally Adjusted),2024Q3,"Professional, Admin and Support Services",797.602
Compensation of Employees at Current Prices (Seasonally Adjusted),2024Q3,"Public Admin, Education and Health",10961.553
Compensation of Employees at Current Prices (Seasonally Adjusted),2024Q3,"Public Admin, Education and Health",8816.0
Compensation of Employees at Current Prices (Seasonally Adjusted),2024Q3,"Public Admin, Education and Health",2145.553
Compensation of Employees at Current Prices (Seasonally Adjusted),2024Q3,"Arts, Entertainment and Other Services",813.59
Compensation of Employees at Current Prices (Seasonally Adjusted),2024Q3,"Arts, Entertainment and Other Services",702.853
Compensation of Employees at Current Prices (Seasonally Adjusted),2024Q3,"Arts, Entertainment and Other Services",110.737
Compensation of Employees at Current Prices (Seasonally Adjusted),2024Q3,All Sectors,39052.829
Compensation of Employees at Current Prices (Seasonally Adjusted),2024Q3,All Sectors,32540.074
Compensation of Employees at Current Prices (Seasonally Adjusted),2024Q3,All Sectors,6512.755
Compensation of Employees at Current Prices (Seasonally Adjusted),2024Q4,"Agriculture, Forestry and Fishing",371.696
Compensation of Employees at Current Prices (Seasonally Adjusted),2024Q4,"Agriculture, Forestry and Fishing",302.332
Compensation of Employees at Current Prices (Seasonally Adjusted),2024Q4,"Agriculture, Forestry and Fishing",69.364
Compensation of Employees at Current Prices (Seasonally Adjusted),2024Q4,Industry (excl. Construction),5646.651
Compensation of Employees at Current Prices (Seasonally Adjusted),2024Q4,Industry (excl. Construction),4507.715
Compensation of Employees at Current Prices (Seasonally Adjusted),2024Q4,Industry (excl. Construction),1138.936
Compensation of Employees at Current Prices (Seasonally Adjusted),2024Q4,Industry - of which Manufacturing,5012.296
Compensation of Employees at Current Prices (Seasonally Adjusted),2024Q4,Industry - of which Manufacturing,4005.362
Compensation of Employees at Current Prices (Seasonally Adjusted),2024Q4,Industry - of which Manufacturing,1006.934
Compensation of Employees at Current Prices (Seasonally Adjusted),2024Q4,Construction,2232.46
Compensation of Employees at Current Prices (Seasonally Adjusted),2024Q4,Construction,1777.706
Compensation of Employees at Current Prices (Seasonally Adjusted),2024Q4,Construction,454.754
Compensation of Employees at Current Prices (Seasonally Adjusted),2024Q4,"Distribution, Transport, Hotels and Restaurants",7785.315
Compensation of Employees at Current Prices (Seasonally Adjusted),2024Q4,"Distribution, Transport, Hotels and Restaurants",6371.485
Compensation of Employees at Current Prices (Seasonally Adjusted),2024Q4,"Distribution, Transport, Hotels and Restaurants",1413.831
Compensation of Employees at Current Prices (Seasonally Adjusted),2024Q4,Information and Communication,4060.395
Compensation of Employees at Current Prices (Seasonally Adjusted),2024Q4,Information and Communication,3426.952
Compensation of Employees at Current Prices (Seasonally Adjusted),2024Q4,Information and Communication,633.443
Compensation of Employees at Current Prices (Seasonally Adjusted),2024Q4,Financial and Insurance Activities,2956.519
Compensation of Employees at Current Prices (Seasonally Adjusted),2024Q4,Financial and Insurance Activities,2262.052
Compensation of Employees at Current Prices (Seasonally Adjusted),2024Q4,Financial and Insurance Activities,694.468
Compensation of Employees at Current Prices (Seasonally Adjusted),2024Q4,Real Estate Activities,389.821
Compensation of Employees at Current Prices (Seasonally Adjusted),2024Q4,Real Estate Activities,311.398
Compensation of Employees at Current Prices (Seasonally Adjusted),2024Q4,Real Estate Activities,78.423
Compensation of Employees at Current Prices (Seasonally Adjusted),2024Q4,"Professional, Admin and Support Services",6150.577
Compensation of Employees at Current Prices (Seasonally Adjusted),2024Q4,"Professional, Admin and Support Services",5055.708
Compensation of Employees at Current Prices (Seasonally Adjusted),2024Q4,"Professional, Admin and Support Services",1094.87
Compensation of Employees at Current Prices (Seasonally Adjusted),2024Q4,"Public Admin, Education and Health",11234.215
Compensation of Employees at Current Prices (Seasonally Adjusted),2024Q4,"Public Admin, Education and Health",8986.946
Compensation of Employees at Current Prices (Seasonally Adjusted),2024Q4,"Public Admin, Education and Health",2247.269
Compensation of Employees at Current Prices (Seasonally Adjusted),2024Q4,"Arts, Entertainment and Other Services",870.143
Compensation of Employees at Current Prices (Seasonally Adjusted),2024Q4,"Arts, Entertainment and Other Services",731.369
Compensation of Employees at Current Prices (Seasonally Adjusted),2024Q4,"Arts, Entertainment and Other Services",138.774
Compensation of Employees at Current Prices (Seasonally Adjusted),2024Q4,All Sectors,41697.793
Compensation of Employees at Current Prices (Seasonally Adjusted),2024Q4,All Sectors,33733.663
Compensation of Employees at Current Prices (Seasonally Adjusted),2024Q4,All Sectors,7964.13
Compensation of Employees at Current Prices (Seasonally Adjusted),2025Q1,"Agriculture, Forestry and Fishing",382.812
Compensation of Employees at Current Prices (Seasonally Adjusted),2025Q1,"Agriculture, Forestry and Fishing",327.617
Compensation of Employees at Current Prices (Seasonally Adjusted),2025Q1,"Agriculture, Forestry and Fishing",55.195
Compensation of Employees at Current Prices (Seasonally Adjusted),2025Q1,Industry (excl. Construction),5555.067
Compensation of Employees at Current Prices (Seasonally Adjusted),2025Q1,Industry (excl. Construction),4593.426
Compensation of Employees at Current Prices (Seasonally Adjusted),2025Q1,Industry (excl. Construction),961.64
Compensation of Employees at Current Prices (Seasonally Adjusted),2025Q1,Industry - of which Manufacturing,4942.845
Compensation of Employees at Current Prices (Seasonally Adjusted),2025Q1,Industry - of which Manufacturing,4098.687
Compensation of Employees at Current Prices (Seasonally Adjusted),2025Q1,Industry - of which Manufacturing,844.158
Compensation of Employees at Current Prices (Seasonally Adjusted),2025Q1,Construction,2095.126
Compensation of Employees at Current Prices (Seasonally Adjusted),2025Q1,Construction,1860.401
Compensation of Employees at Current Prices (Seasonally Adjusted),2025Q1,Construction,234.725
Compensation of Employees at Current Prices (Seasonally Adjusted),2025Q1,"Distribution, Transport, Hotels and Restaurants",7472.055
Compensation of Employees at Current Prices (Seasonally Adjusted),2025Q1,"Distribution, Transport, Hotels and Restaurants",6513.462
Compensation of Employees at Current Prices (Seasonally Adjusted),2025Q1,"Distribution, Transport, Hotels and Restaurants",958.593
Compensation of Employees at Current Prices (Seasonally Adjusted),2025Q1,Information and Communication,4121.976
Compensation of Employees at Current Prices (Seasonally Adjusted),2025Q1,Information and Communication,3547.609
Compensation of Employees at Current Prices (Seasonally Adjusted),2025Q1,Information and Communication,574.368
Compensation of Employees at Current Prices (Seasonally Adjusted),2025Q1,Financial and Insurance Activities,2941.085
Compensation of Employees at Current Prices (Seasonally Adjusted),2025Q1,Financial and Insurance Activities,2367.129
Compensation of Employees at Current Prices (Seasonally Adjusted),2025Q1,Financial and Insurance Activities,573.956
Compensation of Employees at Current Prices (Seasonally Adjusted),2025Q1,Real Estate Activities,359.745
Compensation of Employees at Current Prices (Seasonally Adjusted),2025Q1,Real Estate Activities,319.477
Compensation of Employees at Current Prices (Seasonally Adjusted),2025Q1,Real Estate Activities,40.268
Compensation of Employees at Current Prices (Seasonally Adjusted),2025Q1,"Professional, Admin and Support Services",6090.854
Compensation of Employees at Current Prices (Seasonally Adjusted),2025Q1,"Professional, Admin and Support Services",5302.7
Compensation of Employees at Current Prices (Seasonally Adjusted),2025Q1,"Professional, Admin and Support Services",788.154
Compensation of Employees at Current Prices (Seasonally Adjusted),2025Q1,"Public Admin, Education and Health",11268.025
Compensation of Employees at Current Prices (Seasonally Adjusted),2025Q1,"Public Admin, Education and Health",9196.944
Compensation of Employees at Current Prices (Seasonally Adjusted),2025Q1,"Public Admin, Education and Health",2071.08
Compensation of Employees at Current Prices (Seasonally Adjusted),2025Q1,"Arts, Entertainment and Other Services",856.553
Compensation of Employees at Current Prices (Seasonally Adjusted),2025Q1,"Arts, Entertainment and Other Services",745.46
Compensation of Employees at Current Prices (Seasonally Adjusted),2025Q1,"Arts, Entertainment and Other Services",111.093
Compensation of Employees at Current Prices (Seasonally Adjusted),2025Q1,All Sectors,41143.296
Compensation of Employees at Current Prices (Seasonally Adjusted),2025Q1,All Sectors,34774.224
Compensation of Employees at Current Prices (Seasonally Adjusted),2025Q1,All Sectors,6369.072
Compensation of Employees at Current Prices (Seasonally Adjusted),2025Q2,"Agriculture, Forestry and Fishing",391.337
Compensation of Employees at Current Prices (Seasonally Adjusted),2025Q2,"Agriculture, Forestry and Fishing",334.407
Compensation of Employees at Current Prices (Seasonally Adjusted),2025Q2,"Agriculture, Forestry and Fishing",56.93
Compensation of Employees at Current Prices (Seasonally Adjusted),2025Q2,Industry (excl. Construction),5448.677
Compensation of Employees at Current Prices (Seasonally Adjusted),2025Q2,Industry (excl. Construction),4532.425
Compensation of Employees at Current Prices (Seasonally Adjusted),2025Q2,Industry (excl. Construction),916.253
Compensation of Employees at Current Prices (Seasonally Adjusted),2025Q2,Industry - of which Manufacturing,4811.421
Compensation of Employees at Current Prices (Seasonally Adjusted),2025Q2,Industry - of which Manufacturing,4009.276
Compensation of Employees at Current Prices (Seasonally Adjusted),2025Q2,Industry - of which Manufacturing,802.144
Compensation of Employees at Current Prices (Seasonally Adjusted),2025Q2,Construction,2097.009
Compensation of Employees at Current Prices (Seasonally Adjusted),2025Q2,Construction,1859.735
Compensation of Employees at Current Prices (Seasonally Adjusted),2025Q2,Construction,237.275
Compensation of Employees at Current Prices (Seasonally Adjusted),2025Q2,"Distribution, Transport, Hotels and Restaurants",7501.207
Compensation of Employees at Current Prices (Seasonally Adjusted),2025Q2,"Distribution, Transport, Hotels and Restaurants",6546.213
Compensation of Employees at Current Prices (Seasonally Adjusted),2025Q2,"Distribution, Transport, Hotels and Restaurants",954.994
Compensation of Employees at Current Prices (Seasonally Adjusted),2025Q2,Information and Communication,3895.138
Compensation of Employees at Current Prices (Seasonally Adjusted),2025Q2,Information and Communication,3357.665
Compensation of Employees at Current Prices (Seasonally Adjusted),2025Q2,Information and Communication,537.473
Compensation of Employees at Current Prices (Seasonally Adjusted),2025Q2,Financial and Insurance Activities,2934.095
Compensation of Employees at Current Prices (Seasonally Adjusted),2025Q2,Financial and Insurance Activities,2357.377
Compensation of Employees at Current Prices (Seasonally Adjusted),2025Q2,Financial and Insurance Activities,576.718
Compensation of Employees at Current Prices (Seasonally Adjusted),2025Q2,Real Estate Activities,347.502
Compensation of Employees at Current Prices (Seasonally Adjusted),2025Q2,Real Estate Activities,308.948
Compensation of Employees at Current Prices (Seasonally Adjusted),2025Q2,Real Estate Activities,38.555
Compensation of Employees at Current Prices (Seasonally Adjusted),2025Q2,"Professional, Admin and Support Services",6078.255
Compensation of Employees at Current Prices (Seasonally Adjusted),2025Q2,"Professional, Admin and Support Services",5313.548
Compensation of Employees at Current Prices (Seasonally Adjusted),2025Q2,"Professional, Admin and Support Services",764.707
Compensation of Employees at Current Prices (Seasonally Adjusted),2025Q2,"Public Admin, Education and Health",11353.836
Compensation of Employees at Current Prices (Seasonally Adjusted),2025Q2,"Public Admin, Education and Health",9262.131
Compensation of Employees at Current Prices (Seasonally Adjusted),2025Q2,"Public Admin, Education and Health",2091.705
Compensation of Employees at Current Prices (Seasonally Adjusted),2025Q2,"Arts, Entertainment and Other Services",852.55
Compensation of Employees at Current Prices (Seasonally Adjusted),2025Q2,"Arts, Entertainment and Other Services",747.523
Compensation of Employees at Current Prices (Seasonally Adjusted),2025Q2,"Arts, Entertainment and Other Services",105.028
Compensation of Employees at Current Prices (Seasonally Adjusted),2025Q2,All Sectors,40899.607
Compensation of Employees at Current Prices (Seasonally Adjusted),2025Q2,All Sectors,34619.971
Compensation of Employees at Current Prices (Seasonally Adjusted),2025Q2,All Sectors,6279.636
Compensation of Employees at Current Prices (Seasonally Adjusted),2025Q3,"Agriculture, Forestry and Fishing",395.916
Compensation of Employees at Current Prices (Seasonally Adjusted),2025Q3,"Agriculture, Forestry and Fishing",339.028
Compensation of Employees at Current Prices (Seasonally Adjusted),2025Q3,"Agriculture, Forestry and Fishing",56.888
Compensation of Employees at Current Prices (Seasonally Adjusted),2025Q3,Industry (excl. Construction),5468.428
Compensation of Employees at Current Prices (Seasonally Adjusted),2025Q3,Industry (excl. Construction),4573.702
Compensation of Employees at Current Prices (Seasonally Adjusted),2025Q3,Industry (excl. Construction),894.726
Compensation of Employees at Current Prices (Seasonally Adjusted),2025Q3,Industry - of which Manufacturing,4850.099
Compensation of Employees at Current Prices (Seasonally Adjusted),2025Q3,Industry - of which Manufacturing,4066.835
Compensation of Employees at Current Prices (Seasonally Adjusted),2025Q3,Industry - of which Manufacturing,783.264
Compensation of Employees at Current Prices (Seasonally Adjusted),2025Q3,Construction,2136.528
Compensation of Employees at Current Prices (Seasonally Adjusted),2025Q3,Construction,1898.327
Compensation of Employees at Current Prices (Seasonally Adjusted),2025Q3,Construction,238.2
Compensation of Employees at Current Prices (Seasonally Adjusted),2025Q3,"Distribution, Transport, Hotels and Restaurants",7561.302
Compensation of Employees at Current Prices (Seasonally Adjusted),2025Q3,"Distribution, Transport, Hotels and Restaurants",6614.838
Compensation of Employees at Current Prices (Seasonally Adjusted),2025Q3,"Distribution, Transport, Hotels and Restaurants",946.464
Compensation of Employees at Current Prices (Seasonally Adjusted),2025Q3,Information and Communication,3926.38
Compensation of Employees at Current Prices (Seasonally Adjusted),2025Q3,Information and Communication,3381.274
Compensation of Employees at Current Prices (Seasonally Adjusted),2025Q3,Information and Communication,545.105
Compensation of Employees at Current Prices (Seasonally Adjusted),2025Q3,Financial and Insurance Activities,2953.816
Compensation of Employees at Current Prices (Seasonally Adjusted),2025Q3,Financial and Insurance Activities,2382.807
Compensation of Employees at Current Prices (Seasonally Adjusted),2025Q3,Financial and Insurance Activities,571.008
Compensation of Employees at Current Prices (Seasonally Adjusted),2025Q3,Real Estate Activities,342.491
Compensation of Employees at Current Prices (Seasonally Adjusted),2025Q3,Real Estate Activities,304.43
Compensation of Employees at Current Prices (Seasonally Adjusted),2025Q3,Real Estate Activities,38.061
Compensation of Employees at Current Prices (Seasonally Adjusted),2025Q3,"Professional, Admin and Support Services",5784.996
Compensation of Employees at Current Prices (Seasonally Adjusted),2025Q3,"Professional, Admin and Support Services",5035.538
Compensation of Employees at Current Prices (Seasonally Adjusted),2025Q3,"Professional, Admin and Support Services",749.458
Compensation of Employees at Current Prices (Seasonally Adjusted),2025Q3,"Public Admin, Education and Health",11536.441
Compensation of Employees at Current Prices (Seasonally Adjusted),2025Q3,"Public Admin, Education and Health",9432.079
Compensation of Employees at Current Prices (Seasonally Adjusted),2025Q3,"Public Admin, Education and Health",2104.362
Compensation of Employees at Current Prices (Seasonally Adjusted),2025Q3,"Arts, Entertainment and Other Services",867.188
Compensation of Employees at Current Prices (Seasonally Adjusted),2025Q3,"Arts, Entertainment and Other Services",758.906
Compensation of Employees at Current Prices (Seasonally Adjusted),2025Q3,"Arts, Entertainment and Other Services",108.282
Compensation of Employees at Current Prices (Seasonally Adjusted),2025Q3,All Sectors,40973.484
Compensation of Employees at Current Prices (Seasonally Adjusted),2025Q3,All Sectors,34720.931
Compensation of Employees at Current Prices (Seasonally Adjusted),2025Q3,All Sectors,6252.553
Compensation of Employees at Current Prices (Seasonally Adjusted),2025Q4,"Agriculture, Forestry and Fishing",402.715
Compensation of Employees at Current Prices (Seasonally Adjusted),2025Q4,"Agriculture, Forestry and Fishing",344.112
Compensation of Employees at Current Prices (Seasonally Adjusted),2025Q4,"Agriculture, Forestry and Fishing",58.603
Compensation of Employees at Current Prices (Seasonally Adjusted),2025Q4,Industry (excl. Construction),5609.386
Compensation of Employees at Current Prices (Seasonally Adjusted),2025Q4,Industry (excl. Construction),4665.418
Compensation of Employees at Current Prices (Seasonally Adjusted),2025Q4,Industry (excl. Construction),943.968
Compensation of Employees at Current Prices (Seasonally Adjusted),2025Q4,Industry - of which Manufacturing,4934.03
Compensation of Employees at Current Prices (Seasonally Adjusted),2025Q4,Industry - of which Manufacturing,4107.34
Compensation of Employees at Current Prices (Seasonally Adjusted),2025Q4,Industry - of which Manufacturing,826.69
Compensation of Employees at Current Prices (Seasonally Adjusted),2025Q4,Construction,2234.055
Compensation of Employees at Current Prices (Seasonally Adjusted),2025Q4,Construction,1980.41
Compensation of Employees at Current Prices (Seasonally Adjusted),2025Q4,Construction,253.645
Compensation of Employees at Current Prices (Seasonally Adjusted),2025Q4,"Distribution, Transport, Hotels and Restaurants",7766.904
Compensation of Employees at Current Prices (Seasonally Adjusted),2025Q4,"Distribution, Transport, Hotels and Restaurants",6797.541
Compensation of Employees at Current Prices (Seasonally Adjusted),2025Q4,"Distribution, Transport, Hotels and Restaurants",969.363
Compensation of Employees at Current Prices (Seasonally Adjusted),2025Q4,Information and Communication,4139.368
Compensation of Employees at Current Prices (Seasonally Adjusted),2025Q4,Information and Communication,3580.606
Compensation of Employees at Current Prices (Seasonally Adjusted),2025Q4,Information and Communication,558.762
Compensation of Employees at Current Prices (Seasonally Adjusted),2025Q4,Financial and Insurance Activities,3003.715
Compensation of Employees at Current Prices (Seasonally Adjusted),2025Q4,Financial and Insurance Activities,2448.001
Compensation of Employees at Current Prices (Seasonally Adjusted),2025Q4,Financial and Insurance Activities,555.714
Compensation of Employees at Current Prices (Seasonally Adjusted),2025Q4,Real Estate Activities,371.95
Compensation of Employees at Current Prices (Seasonally Adjusted),2025Q4,Real Estate Activities,331.617
Compensation of Employees at Current Prices (Seasonally Adjusted),2025Q4,Real Estate Activities,40.333
Compensation of Employees at Current Prices (Seasonally Adjusted),2025Q4,"Professional, Admin and Support Services",6152.682
Compensation of Employees at Current Prices (Seasonally Adjusted),2025Q4,"Professional, Admin and Support Services",5376.791
Compensation of Employees at Current Prices (Seasonally Adjusted),2025Q4,"Professional, Admin and Support Services",775.891
Compensation of Employees at Current Prices (Seasonally Adjusted),2025Q4,"Public Admin, Education and Health",11688.836
Compensation of Employees at Current Prices (Seasonally Adjusted),2025Q4,"Public Admin, Education and Health",9598.068
Compensation of Employees at Current Prices (Seasonally Adjusted),2025Q4,"Public Admin, Education and Health",2090.768
Compensation of Employees at Current Prices (Seasonally Adjusted),2025Q4,"Arts, Entertainment and Other Services",882.315
Compensation of Employees at Current Prices (Seasonally Adjusted),2025Q4,"Arts, Entertainment and Other Services",771.545
Compensation of Employees at Current Prices (Seasonally Adjusted),2025Q4,"Arts, Entertainment and Other Services",110.77
Compensation of Employees at Current Prices (Seasonally Adjusted),2025Q4,All Sectors,42251.927
Compensation of Employees at Current Prices (Seasonally Adjusted),2025Q4,All Sectors,35894.109
Compensation of Employees at Current Prices (Seasonally Adjusted),2025Q4,All Sectors,6357.817
Compensation of Employees at Current Prices (Seasonally Adjusted),2026Q1,"Agriculture, Forestry and Fishing",382.455
Compensation of Employees at Current Prices (Seasonally Adjusted),2026Q1,"Agriculture, Forestry and Fishing",325.277
Compensation of Employees at Current Prices (Seasonally Adjusted),2026Q1,"Agriculture, Forestry and Fishing",57.178
Compensation of Employees at Current Prices (Seasonally Adjusted),2026Q1,Industry (excl. Construction),5786.664
Compensation of Employees at Current Prices (Seasonally Adjusted),2026Q1,Industry (excl. Construction),4820.611
Compensation of Employees at Current Prices (Seasonally Adjusted),2026Q1,Industry (excl. Construction),966.054
Compensation of Employees at Current Prices (Seasonally Adjusted),2026Q1,Industry - of which Manufacturing,5103.995
Compensation of Employees at Current Prices (Seasonally Adjusted),2026Q1,Industry - of which Manufacturing,4251.563
Compensation of Employees at Current Prices (Seasonally Adjusted),2026Q1,Industry - of which Manufacturing,852.432
Compensation of Employees at Current Prices (Seasonally Adjusted),2026Q1,Construction,2301.861
Compensation of Employees at Current Prices (Seasonally Adjusted),2026Q1,Construction,2034.119
Compensation of Employees at Current Prices (Seasonally Adjusted),2026Q1,Construction,267.742
Compensation of Employees at Current Prices (Seasonally Adjusted),2026Q1,"Distribution, Transport, Hotels and Restaurants",7820.384
Compensation of Employees at Current Prices (Seasonally Adjusted),2026Q1,"Distribution, Transport, Hotels and Restaurants",6848.871
Compensation of Employees at Current Prices (Seasonally Adjusted),2026Q1,"Distribution, Transport, Hotels and Restaurants",971.512
Compensation of Employees at Current Prices (Seasonally Adjusted),2026Q1,Information and Communication,4292.871
Compensation of Employees at Current Prices (Seasonally Adjusted),2026Q1,Information and Communication,3677.739
Compensation of Employees at Current Prices (Seasonally Adjusted),2026Q1,Information and Communication,615.132
Compensation of Employees at Current Prices (Seasonally Adjusted),2026Q1,Financial and Insurance Activities,3166.746
Compensation of Employees at Current Prices (Seasonally Adjusted),2026Q1,Financial and Insurance Activities,2560.155
Compensation of Employees at Current Prices (Seasonally Adjusted),2026Q1,Financial and Insurance Activities,606.591
Compensation of Employees at Current Prices (Seasonally Adjusted),2026Q1,Real Estate Activities,351.017
Compensation of Employees at Current Prices (Seasonally Adjusted),2026Q1,Real Estate Activities,310.868
Compensation of Employees at Current Prices (Seasonally Adjusted),2026Q1,Real Estate Activities,40.149
Compensation of Employees at Current Prices (Seasonally Adjusted),2026Q1,"Professional, Admin and Support Services",6404.483
Compensation of Employees at Current Prices (Seasonally Adjusted),2026Q1,"Professional, Admin and Support Services",5619.597
Compensation of Employees at Current Prices (Seasonally Adjusted),2026Q1,"Professional, Admin and Support Services",784.886
Compensation of Employees at Current Prices (Seasonally Adjusted),2026Q1,"Public Admin, Education and Health",12007.103
Compensation of Employees at Current Prices (Seasonally Adjusted),2026Q1,"Public Admin, Education and Health",9896.66
Compensation of Employees at Current Prices (Seasonally Adjusted),2026Q1,"Public Admin, Education and Health",2110.443
Compensation of Employees at Current Prices (Seasonally Adjusted),2026Q1,"Arts, Entertainment and Other Services",894.309
Compensation of Employees at Current Prices (Seasonally Adjusted),2026Q1,"Arts, Entertainment and Other Services",779.031
Compensation of Employees at Current Prices (Seasonally Adjusted),2026Q1,"Arts, Entertainment and Other Services",115.278
Compensation of Employees at Current Prices (Seasonally Adjusted),2026Q1,All Sectors,43407.892
Compensation of Employees at Current Prices (Seasonally Adjusted),2026Q1,All Sectors,36872.927
Compensation of Employees at Current Prices (Seasonally Adjusted),2026Q1,All Sectors,6534.964
Compensation of Employees at Current Prices (Seasonally Adjusted),2026Q2,"Agriculture, Forestry and Fishing",395.879
Compensation of Employees at Current Prices (Seasonally Adjusted),2026Q2,"Agriculture, Forestry and Fishing",336.617
Compensation of Employees at Current Prices (Seasonally Adjusted),2026Q2,"Agriculture, Forestry and Fishing",59.262
Compensation of Employees at Current Prices (Seasonally Adjusted),2026Q2,Industry (excl. Construction),5936.453
Compensation of Employees at Current Prices (Seasonally Adjusted),2026Q2,Industry (excl. Construction),4990.669
Compensation of Employees at Current Prices (Seasonally Adjusted),2026Q2,Industry (excl. Construction),945.784
Compensation of Employees at Current Prices (Seasonally Adjusted),2026Q2,Industry - of which Manufacturing,5252.266
Compensation of Employees at Current Prices (Seasonally Adjusted),2026Q2,Industry - of which Manufacturing,4417.307
Compensation of Employees at Current Prices (Seasonally Adjusted),2026Q2,Industry - of which Manufacturing,834.958
Compensation of Employees at Current Prices (Seasonally Adjusted),2026Q2,Construction,2382.225
Compensation of Employees at Current Prices (Seasonally Adjusted),2026Q2,Construction,2107.023
Compensation of Employees at Current Prices (Seasonally Adjusted),2026Q2,Construction,275.202
Compensation of Employees at Current Prices (Seasonally Adjusted),2026Q2,"Distribution, Transport, Hotels and Restaurants",7909.463
Compensation of Employees at Current Prices (Seasonally Adjusted),2026Q2,"Distribution, Transport, Hotels and Restaurants",6927.83
Compensation of Employees at Current Prices (Seasonally Adjusted),2026Q2,"Distribution, Transport, Hotels and Restaurants",981.633
Compensation of Employees at Current Prices (Seasonally Adjusted),2026Q2,Information and Communication,4100.562
Compensation of Employees at Current Prices (Seasonally Adjusted),2026Q2,Information and Communication,3518.21
Compensation of Employees at Current Prices (Seasonally Adjusted),2026Q2,Information and Communication,582.352
Compensation of Employees at Current Prices (Seasonally Adjusted),2026Q2,Financial and Insurance Activities,3125.049
Compensation of Employees at Current Prices (Seasonally Adjusted),2026Q2,Financial and Insurance Activities,2514.42
Compensation of Employees at Current Prices (Seasonally Adjusted),2026Q2,Financial and Insurance Activities,610.63
Compensation of Employees at Current Prices (Seasonally Adjusted),2026Q2,Real Estate Activities,353.749
Compensation of Employees at Current Prices (Seasonally Adjusted),2026Q2,Real Estate Activities,314.177
Compensation of Employees at Current Prices (Seasonally Adjusted),2026Q2,Real Estate Activities,39.572
Compensation of Employees at Current Prices (Seasonally Adjusted),2026Q2,"Professional, Admin and Support Services",6409.118
Compensation of Employees at Current Prices (Seasonally Adjusted),2026Q2,"Professional, Admin and Support Services",5629.5
Compensation of Employees at Current Prices (Seasonally Adjusted),2026Q2,"Professional, Admin and Support Services",779.618
Compensation of Employees at Current Prices (Seasonally Adjusted),2026Q2,"Public Admin, Education and Health",12021.262
Compensation of Employees at Current Prices (Seasonally Adjusted),2026Q2,"Public Admin, Education and Health",9883.775
Compensation of Employees at Current Prices (Seasonally Adjusted),2026Q2,"Public Admin, Education and Health",2137.487
Compensation of Employees at Current Prices (Seasonally Adjusted),2026Q2,"Arts, Entertainment and Other Services",905.868
Compensation of Employees at Current Prices (Seasonally Adjusted),2026Q2,"Arts, Entertainment and Other Services",793.112
Compensation of Employees at Current Prices (Seasonally Adjusted),2026Q2,"Arts, Entertainment and Other Services",112.756
Compensation of Employees at Current Prices (Seasonally Adjusted),2026Q2,All Sectors,43539.629
Compensation of Employees at Current Prices (Seasonally Adjusted),2026Q2,All Sectors,37015.333
Compensation of Employees at Current Prices (Seasonally Adjusted),2026Q2,All Sectors,6524.296
